timestamp,heat_demand_mw
2025-09-01 01:00:00+00:00,21.63777212543554
2025-09-01 02:00:00+00:00,21.630803484320552
2025-09-01 03:00:00+00:00,21.62383484320557
2025-09-01 04:00:00+00:00,21.616866202090588
2025-09-01 05:00:00+00:00,21.609897560975607
2025-09-01 06:00:00+00:00,21.663281535069682
2025-09-01 07:00:00+00:00,20.809142989999998
2025-09-01 08:00:00+00:00,20.28092592583333
2025-09-01 09:00:00+00:00,19.68271368333333
2025-09-01 10:00:00+00:00,19.831393642499997
2025-09-01 11:00:00+00:00,19.631512439999998
2025-09-01 12:00:00+00:00,19.557630495
2025-09-01 13:00:00+00:00,19.484096629999993
2025-09-01 14:00:00+00:00,20.058305612499996
2025-09-01 15:00:00+00:00,20.208963344999994
2025-09-01 16:00:00+00:00,20.709641359999996
2025-09-01 17:00:00+00:00,20.557714522499996
2025-09-01 18:00:00+00:00,20.683830059999995
2025-09-01 19:00:00+00:00,21.136014774999992
2025-09-01 20:00:00+00:00,20.960041214999997
2025-09-01 21:00:00+00:00,20.13814359833333
2025-09-01 22:00:00+00:00,19.35943479833333
2025-09-01 23:00:00+00:00,18.959169447499995
2025-09-02 00:00:00+00:00,18.68328197333333
2025-09-02 01:00:00+00:00,19.032792295833328
2025-09-02 02:00:00+00:00,18.90765031833333
2025-09-02 03:00:00+00:00,19.783930633333323
2025-09-02 04:00:00+00:00,20.559198042499993
2025-09-02 05:00:00+00:00,22.184800722499997
2025-09-02 06:00:00+00:00,21.642934004999997
2025-09-02 07:00:00+00:00,22.387115825
2025-09-02 08:00:00+00:00,21.85854031
2025-09-02 09:00:00+00:00,20.434542844999996
2025-09-02 10:00:00+00:00,20.20749347333333
2025-09-02 11:00:00+00:00,19.93443769583333
2025-09-02 12:00:00+00:00,19.334160375
2025-09-02 13:00:00+00:00,18.93205305333333
2025-09-02 14:00:00+00:00,18.833204579999997
2025-09-02 15:00:00+00:00,18.657853982499997
2025-09-02 16:00:00+00:00,19.40924066583333
2025-09-02 17:00:00+00:00,20.133556016666663
2025-09-02 18:00:00+00:00,20.436121982499994
2025-09-02 19:00:00+00:00,20.90928207
2025-09-02 20:00:00+00:00,21.007865192499995
2025-09-02 21:00:00+00:00,20.184229914999996
2025-09-02 22:00:00+00:00,19.284502279999998
2025-09-02 23:00:00+00:00,19.183476944999995
2025-09-03 00:00:00+00:00,19.009347873333326
2025-09-03 01:00:00+00:00,18.75874931
2025-09-03 02:00:00+00:00,19.133453764999995
2025-09-03 03:00:00+00:00,19.909323854166665
2025-09-03 04:00:00+00:00,20.958789494999994
2025-09-03 05:00:00+00:00,22.637704017499996
2025-09-03 06:00:00+00:00,23.21878297249999
2025-09-03 07:00:00+00:00,22.261200215
2025-09-03 08:00:00+00:00,21.433592465
2025-09-03 09:00:00+00:00,20.408472828333327
2025-09-03 10:00:00+00:00,19.88268508833333
2025-09-03 11:00:00+00:00,19.75875098833333
2025-09-03 12:00:00+00:00,19.409015499999995
2025-09-03 13:00:00+00:00,18.957401972499994
2025-09-03 14:00:00+00:00,18.808219067499994
2025-09-03 15:00:00+00:00,19.4101889875
2025-09-03 16:00:00+00:00,19.906353916666664
2025-09-03 17:00:00+00:00,20.635464249999995
2025-09-03 18:00:00+00:00,20.78517945583333
2025-09-03 19:00:00+00:00,20.158423570833328
2025-09-03 20:00:00+00:00,19.637382394999996
2025-09-03 21:00:00+00:00,19.307447952499995
2025-09-03 22:00:00+00:00,18.563263234999997
2025-09-03 23:00:00+00:00,18.334577615
2025-09-04 00:00:00+00:00,18.058511714999995
2025-09-04 01:00:00+00:00,17.88275462833333
2025-09-04 02:00:00+00:00,17.858019139999996
2025-09-04 03:00:00+00:00,18.409415355
2025-09-04 04:00:00+00:00,19.237640272499995
2025-09-04 05:00:00+00:00,20.811136469999994
2025-09-04 06:00:00+00:00,21.316850339999995
2025-09-04 07:00:00+00:00,21.085930747499997
2025-09-04 08:00:00+00:00,20.309177759999997
2025-09-04 09:00:00+00:00,20.483105684999995
2025-09-04 10:00:00+00:00,19.707514594999996
2025-09-04 11:00:00+00:00,19.256341107500003
2025-09-04 12:00:00+00:00,19.430521494999997
2025-09-04 13:00:00+00:00,19.130677959999996
2025-09-04 14:00:00+00:00,18.481767039999998
2025-09-04 15:00:00+00:00,18.831485143333328
2025-09-04 16:00:00+00:00,19.556458226666667
2025-09-04 17:00:00+00:00,19.981806765833333
2025-09-04 18:00:00+00:00,20.50689369083333
2025-09-04 19:00:00+00:00,20.560107018333326
2025-09-04 20:00:00+00:00,20.162286777499997
2025-09-04 21:00:00+00:00,19.958827162499997
2025-09-04 22:00:00+00:00,19.13502588833333
2025-09-04 23:00:00+00:00,18.783635468333333
2025-09-05 00:00:00+00:00,18.30718344083333
2025-09-05 01:00:00+00:00,18.083479842499997
2025-09-05 02:00:00+00:00,18.081097258333333
2025-09-05 03:00:00+00:00,18.457509179999995
2025-09-05 04:00:00+00:00,19.858311407499997
2025-09-05 05:00:00+00:00,21.809444329999998
2025-09-05 06:00:00+00:00,22.117348709999995
2025-09-05 07:00:00+00:00,21.760927849999998
2025-09-05 08:00:00+00:00,21.18336645999999
2025-09-05 09:00:00+00:00,21.032456644999996
2025-09-05 10:00:00+00:00,20.821599527499995
2025-09-05 11:00:00+00:00,20.132781164999997
2025-09-05 12:00:00+00:00,19.582729389999997
2025-09-05 13:00:00+00:00,19.232771633333332
2025-09-05 14:00:00+00:00,19.560608285833332
2025-09-05 15:00:00+00:00,19.55795417583333
2025-09-05 16:00:00+00:00,19.73384165
2025-09-05 17:00:00+00:00,20.634855775
2025-09-05 18:00:00+00:00,20.634641359999996
2025-09-05 19:00:00+00:00,20.984276274999996
2025-09-05 20:00:00+00:00,20.809583409999995
2025-09-05 21:00:00+00:00,20.385371529999993
2025-09-05 22:00:00+00:00,20.085310682499998
2025-09-05 23:00:00+00:00,19.88393063333333
2025-09-06 00:00:00+00:00,19.33444554916666
2025-09-06 01:00:00+00:00,19.411419585833332
2025-09-06 02:00:00+00:00,19.886423322499994
2025-09-06 03:00:00+00:00,20.41027301499999
2025-09-06 04:00:00+00:00,21.009296557499997
2025-09-06 05:00:00+00:00,22.288976019999996
2025-09-06 06:00:00+00:00,23.819150954999998
2025-09-06 07:00:00+00:00,23.763199489999998
2025-09-06 08:00:00+00:00,22.985713434999997
2025-09-06 09:00:00+00:00,22.133569284999997
2025-09-06 10:00:00+00:00,21.409044474999995
2025-09-06 11:00:00+00:00,21.23447620249999
2025-09-06 12:00:00+00:00,20.433108582499994
2025-09-06 13:00:00+00:00,19.55865453166666
2025-09-06 14:00:00+00:00,19.35875678333333
2025-09-06 15:00:00+00:00,19.183938486666662
2025-09-06 16:00:00+00:00,19.68351918833333
2025-09-06 17:00:00+00:00,20.159508074999998
2025-09-06 18:00:00+00:00,20.908806879999993
2025-09-06 19:00:00+00:00,21.184351609999993
2025-09-06 20:00:00+00:00,21.135429479999996
2025-09-06 21:00:00+00:00,20.50923570999999
2025-09-06 22:00:00+00:00,20.285632304999996
2025-09-06 23:00:00+00:00,19.710365735
2025-09-07 00:00:00+00:00,19.81130658333333
2025-09-07 01:00:00+00:00,19.56211208833333
2025-09-07 02:00:00+00:00,19.457636289999993
2025-09-07 03:00:00+00:00,20.060719229999993
2025-09-07 04:00:00+00:00,21.010785872499998
2025-09-07 05:00:00+00:00,22.257726112499995
2025-09-07 06:00:00+00:00,23.268304884999996
2025-09-07 07:00:00+00:00,23.410985799999995
2025-09-07 08:00:00+00:00,22.359444329999995
2025-09-07 09:00:00+00:00,21.459218324999995
2025-09-07 10:00:00+00:00,20.884508075
2025-09-07 11:00:00+00:00,20.757500107499993
2025-09-07 12:00:00+00:00,20.1101252425
2025-09-07 13:00:00+00:00,19.908660326666663
2025-09-07 14:00:00+00:00,20.183268324999993
2025-09-07 15:00:00+00:00,19.935348729999994
2025-09-07 16:00:00+00:00,20.983757622499994
2025-09-07 17:00:00+00:00,22.33465874499999
2025-09-07 18:00:00+00:00,22.734867364999992
2025-09-07 19:00:00+00:00,22.284948494999995
2025-09-07 20:00:00+00:00,21.53527011749999
2025-09-07 21:00:00+00:00,20.785261424999995
2025-09-07 22:00:00+00:00,19.809403765
2025-09-07 23:00:00+00:00,19.282823788333328
2025-09-08 00:00:00+00:00,19.00886437083333
2025-09-08 01:00:00+00:00,19.20908458083333
2025-09-08 02:00:00+00:00,19.657795193333328
2025-09-08 03:00:00+00:00,19.810648850833324
2025-09-08 04:00:00+00:00,21.760693152499993
2025-09-08 05:00:00+00:00,23.936391449999995
2025-09-08 06:00:00+00:00,24.270072359999993
2025-09-08 07:00:00+00:00,22.91204049
2025-09-08 08:00:00+00:00,21.597825169999997
2025-09-08 09:00:00+00:00,20.508427307499996
2025-09-08 10:00:00+00:00,19.832040624166662
2025-09-08 11:00:00+00:00,19.45716026083333
2025-09-08 12:00:00+00:00,19.006266152499997
2025-09-08 13:00:00+00:00,18.606938372499997
2025-09-08 14:00:00+00:00,18.89218038083333
2025-09-08 15:00:00+00:00,18.957332432499996
2025-09-08 16:00:00+00:00,19.632833319999996
2025-09-08 17:00:00+00:00,20.558401229999994
2025-09-08 18:00:00+00:00,21.061465945833326
2025-09-08 19:00:00+00:00,20.615160258333333
2025-09-08 20:00:00+00:00,20.284021294999995
2025-09-08 21:00:00+00:00,19.581836769999995
2025-09-08 22:00:00+00:00,18.909018397499995
2025-09-08 23:00:00+00:00,18.558830439999998
2025-09-09 00:00:00+00:00,18.659060181666664
2025-09-09 01:00:00+00:00,18.28331674333333
2025-09-09 02:00:00+00:00,18.319437533333332
2025-09-09 03:00:00+00:00,19.308592844999993
2025-09-09 04:00:00+00:00,20.920669429999997
2025-09-09 05:00:00+00:00,23.334942699999996
2025-09-09 06:00:00+00:00,23.318301239999993
2025-09-09 07:00:00+00:00,22.18832268
2025-09-09 08:00:00+00:00,21.1595588275
2025-09-09 09:00:00+00:00,19.684008682499993
2025-09-09 10:00:00+00:00,19.536712797499998
2025-09-09 11:00:00+00:00,19.281187539999994
2025-09-09 12:00:00+00:00,19.132500107499997
2025-09-09 13:00:00+00:00,18.756141559999996
2025-09-09 14:00:00+00:00,18.407041843333328
2025-09-09 15:00:00+00:00,19.00580461083333
2025-09-09 16:00:00+00:00,19.531867613333333
2025-09-09 17:00:00+00:00,20.607210357499998
2025-09-09 18:00:00+00:00,21.157277
2025-09-09 19:00:00+00:00,21.107326257499995
2025-09-09 20:00:00+00:00,20.183739398333334
2025-09-09 21:00:00+00:00,19.67060774333333
2025-09-09 22:00:00+00:00,18.583652473333327
2025-09-09 23:00:00+00:00,18.958706686666662
2025-09-10 00:00:00+00:00,18.332482263333333
2025-09-10 01:00:00+00:00,18.433053909999995
2025-09-10 02:00:00+00:00,18.43377996333333
2025-09-10 03:00:00+00:00,18.808158219999996
2025-09-10 04:00:00+00:00,20.285316477499997
2025-09-10 05:00:00+00:00,22.334913724999993
2025-09-10 06:00:00+00:00,22.880152947499997
2025-09-10 07:00:00+00:00,22.460603329999998
2025-09-10 08:00:00+00:00,21.309705104999995
2025-09-10 09:00:00+00:00,20.657923142499996
2025-09-10 10:00:00+00:00,20.13335486999999
2025-09-10 11:00:00+00:00,20.093847092499992
2025-09-10 12:00:00+00:00,19.409948494999995
2025-09-10 13:00:00+00:00,19.407389163333324
2025-09-10 14:00:00+00:00,19.306081551666665
2025-09-10 15:00:00+00:00,19.58300633083333
2025-09-10 16:00:00+00:00,20.781811721666664
2025-09-10 17:00:00+00:00,21.409276274999996
2025-09-10 18:00:00+00:00,21.934490689999997
2025-09-10 19:00:00+00:00,21.310099164999997
2025-09-10 20:00:00+00:00,20.897019665
2025-09-10 21:00:00+00:00,20.361487067499993
2025-09-10 22:00:00+00:00,19.935904669999996
2025-09-10 23:00:00+00:00,19.53438264333333
2025-09-11 00:00:00+00:00,19.258529099999993
2025-09-11 01:00:00+00:00,19.534705104999997
2025-09-11 02:00:00+00:00,19.711232087499994
2025-09-11 03:00:00+00:00,20.583583772499992
2025-09-11 04:00:00+00:00,22.234493587499994
2025-09-11 05:00:00+00:00,24.20851712999999
2025-09-11 06:00:00+00:00,24.944611657499994
2025-09-11 07:00:00+00:00,23.56167662416666
2025-09-11 08:00:00+00:00,22.27125678333333
2025-09-11 09:00:00+00:00,21.334803619999995
2025-09-11 10:00:00+00:00,20.484815209999997
2025-09-11 11:00:00+00:00,21.108914087499993
2025-09-11 12:00:00+00:00,20.281949582499994
2025-09-11 13:00:00+00:00,20.159061859999994
2025-09-11 14:00:00+00:00,19.909560229999997
2025-09-11 15:00:00+00:00,20.133496847499995
2025-09-11 16:00:00+00:00,21.156929299999994
2025-09-11 17:00:00+00:00,21.8594008675
2025-09-11 18:00:00+00:00,23.009560229999995
2025-09-11 19:00:00+00:00,22.460058599999993
2025-09-11 20:00:00+00:00,21.784461714999996
2025-09-11 21:00:00+00:00,20.985672869999995
2025-09-11 22:00:00+00:00,20.610791667499996
2025-09-11 23:00:00+00:00,20.108992319999995
2025-09-12 00:00:00+00:00,19.958209994999994
2025-09-12 01:00:00+00:00,19.8592096325
2025-09-12 02:00:00+00:00,20.685574354999993
2025-09-12 03:00:00+00:00,19.10870256999999
2025-09-12 04:00:00+00:00,20.985475839999992
2025-09-12 05:00:00+00:00,22.884502279999992
2025-09-12 06:00:00+00:00,23.671231359999993
2025-09-12 07:00:00+00:00,22.711484169999995
2025-09-12 08:00:00+00:00,21.850172206666663
2025-09-12 09:00:00+00:00,20.782334888333327
2025-09-12 10:00:00+00:00,20.459545742499994
2025-09-12 11:00:00+00:00,20.485186089999996
2025-09-12 12:00:00+00:00,20.058911189999996
2025-09-12 13:00:00+00:00,19.584508075
2025-09-12 14:00:00+00:00,19.409432739999996
2025-09-12 15:00:00+00:00,19.985446864999993
2025-09-12 16:00:00+00:00,20.485588842499993
2025-09-12 17:00:00+00:00,21.085838027499996
2025-09-12 18:00:00+00:00,21.986727559999995
2025-09-12 19:00:00+00:00,21.659160374999992
2025-09-12 20:00:00+00:00,20.760241142499996
2025-09-12 21:00:00+00:00,20.010504814999997
2025-09-12 22:00:00+00:00,19.809229915
2025-09-12 23:00:00+00:00,20.13690141
2025-09-13 00:00:00+00:00,21.734971674999993
2025-09-13 01:00:00+00:00,21.910188987499996
2025-09-13 02:00:00+00:00,22.285814847499996
2025-09-13 03:00:00+00:00,22.834484894999996
2025-09-13 04:00:00+00:00,22.285087574999995
2025-09-13 05:00:00+00:00,23.685084677499994
2025-09-13 06:00:00+00:00,25.221865912499993
2025-09-13 07:00:00+00:00,26.11620877333333
2025-09-13 08:00:00+00:00,25.560565282499994
2025-09-13 09:00:00+00:00,24.35999279666666
2025-09-13 10:00:00+00:00,23.034618179999992
2025-09-13 11:00:00+00:00,22.735554072499998
2025-09-13 12:00:00+00:00,21.821020027499998
2025-09-13 13:00:00+00:00,21.0873041625
2025-09-13 14:00:00+00:00,21.009647154999996
2025-09-13 15:00:00+00:00,20.808372255
2025-09-13 16:00:00+00:00,21.361689892499992
2025-09-13 17:00:00+00:00,22.38515131999999
2025-09-13 18:00:00+00:00,23.085513507499993
2025-09-13 19:00:00+00:00,22.809934007499997
2025-09-13 20:00:00+00:00,21.9607568975
2025-09-13 21:00:00+00:00,21.2969066625
2025-09-13 22:00:00+00:00,20.88496588
2025-09-13 23:00:00+00:00,20.486301627499994
2025-09-14 00:00:00+00:00,20.109765952499995
2025-09-14 01:00:00+00:00,20.135200577499997
2025-09-14 02:00:00+00:00,20.385087575
2025-09-14 03:00:00+00:00,21.160467147499993
2025-09-14 04:00:00+00:00,22.033546105
2025-09-14 05:00:00+00:00,23.48857036999999
2025-09-14 06:00:00+00:00,24.82090973749999
2025-09-14 07:00:00+00:00,25.61493760999999
2025-09-14 08:00:00+00:00,25.135568179999996
2025-09-14 09:00:00+00:00,25.386863742499994
2025-09-14 10:00:00+00:00,25.936023467499993
2025-09-14 11:00:00+00:00,24.436779714999993
2025-09-14 12:00:00+00:00,24.287266494999997
2025-09-14 13:00:00+00:00,24.636124879999993
2025-09-14 14:00:00+00:00,24.459922417499996
2025-09-14 15:00:00+00:00,23.98507019
2025-09-14 16:00:00+00:00,24.410368632499996
2025-09-14 17:00:00+00:00,26.215015003333328
2025-09-14 18:00:00+00:00,26.91594136416666
2025-09-14 19:00:00+00:00,26.315471969166662
2025-09-14 20:00:00+00:00,25.389074534999992
2025-09-14 21:00:00+00:00,24.48611039249999
2025-09-14 22:00:00+00:00,23.78523245
2025-09-14 23:00:00+00:00,22.947037049999995
2025-09-15 00:00:00+00:00,22.711220497499994
2025-09-15 01:00:00+00:00,22.786093007499996
2025-09-15 02:00:00+00:00,23.31106693
2025-09-15 03:00:00+00:00,24.186249472499995
2025-09-15 04:00:00+00:00,26.309891384166665
2025-09-15 05:00:00+00:00,28.688181724999993
2025-09-15 06:00:00+00:00,29.2735866475
2025-09-15 07:00:00+00:00,28.39773568333333
2025-09-15 08:00:00+00:00,26.58011147666666
2025-09-15 09:00:00+00:00,25.210183192499994
2025-09-15 10:00:00+00:00,24.535467147499993
2025-09-15 11:00:00+00:00,24.785730819999998
2025-09-15 12:00:00+00:00,25.088213977499993
2025-09-15 13:00:00+00:00,25.287136107499993
2025-09-15 14:00:00+00:00,25.386058237499995
2025-09-15 15:00:00+00:00,25.261130674999993
2025-09-15 16:00:00+00:00,26.46164063499999
2025-09-15 17:00:00+00:00,28.262191999166667
2025-09-15 18:00:00+00:00,28.737342289166662
2025-09-15 19:00:00+00:00,28.34078777811594
2025-09-15 20:00:00+00:00,27.548436626195645
2025-09-15 21:00:00+00:00,25.67905345503623
2025-09-15 22:00:00+00:00,24.81327065721014
2025-09-15 23:00:00+00:00,24.272084267717386
2025-09-16 00:00:00+00:00,23.8552931398913
2025-09-16 01:00:00+00:00,23.724776369565213
2025-09-16 02:00:00+00:00,24.272701829239125
2025-09-16 03:00:00+00:00,25.58199726391304
2025-09-16 04:00:00+00:00,27.66855816358695
2025-09-16 05:00:00+00:00,29.17409637992753
2025-09-16 06:00:00+00:00,29.795164357101445
2025-09-16 07:00:00+00:00,28.467443947499998
2025-09-16 08:00:00+00:00,26.610187768333326
2025-09-16 09:00:00+00:00,25.760962619999994
2025-09-16 10:00:00+00:00,25.334821004999995
2025-09-16 11:00:00+00:00,25.15949358749999
2025-09-16 12:00:00+00:00,23.810064394999994
2025-09-16 13:00:00+00:00,20.446301084999995
2025-09-16 14:00:00+00:00,20.884965879999996
2025-09-16 15:00:00+00:00,21.461826074999994
2025-09-16 16:00:00+00:00,22.61256203999999
2025-09-16 17:00:00+00:00,24.36164437166666
2025-09-16 18:00:00+00:00,25.26108599333333
2025-09-16 19:00:00+00:00,24.43837295999999
2025-09-16 20:00:00+00:00,23.837819917499996
2025-09-16 21:00:00+00:00,22.986110392499995
2025-09-16 22:00:00+00:00,21.710215064999996
2025-09-16 23:00:00+00:00,21.235606227499996
2025-09-17 00:00:00+00:00,21.01090177249999
2025-09-17 01:00:00+00:00,21.586014775
2025-09-17 02:00:00+00:00,21.648306154999997
2025-09-17 03:00:00+00:00,23.059667437499993
2025-09-17 04:00:00+00:00,24.73508177999999
2025-09-17 05:00:00+00:00,26.94138636
2025-09-17 06:00:00+00:00,27.487420336666666
2025-09-17 07:00:00+00:00,26.356076869999995
2025-09-17 08:00:00+00:00,25.887584000833332
2025-09-17 09:00:00+00:00,24.374469730833326
2025-09-17 10:00:00+00:00,23.611692789999992
2025-09-17 11:00:00+00:00,22.934801561666657
2025-09-17 12:00:00+00:00,23.23465668666666
2025-09-17 13:00:00+00:00,22.164045559999995
2025-09-17 14:00:00+00:00,21.660354144999996
2025-09-17 15:00:00+00:00,22.184942699999993
2025-09-17 16:00:00+00:00,23.16098869749999
2025-09-17 17:00:00+00:00,24.78691299999999
2025-09-17 18:00:00+00:00,25.387760748333328
2025-09-17 19:00:00+00:00,25.613968166666663
2025-09-17 20:00:00+00:00,24.18644406416666
2025-09-17 21:00:00+00:00,22.763913114166662
2025-09-17 22:00:00+00:00,21.93790974
2025-09-17 23:00:00+00:00,21.536101699999996
2025-09-18 00:00:00+00:00,21.036553709999996
2025-09-18 01:00:00+00:00,20.462023104999997
2025-09-18 02:00:00+00:00,20.711545017499994
2025-09-18 03:00:00+00:00,21.311875332499994
2025-09-18 04:00:00+00:00,23.036686994999993
2025-09-18 05:00:00+00:00,24.910671650833326
2025-09-18 06:00:00+00:00,24.66824693499999
2025-09-18 07:00:00+00:00,24.68584671999999
2025-09-18 08:00:00+00:00,23.359090834999993
2025-09-18 09:00:00+00:00,21.659325532499995
2025-09-18 10:00:00+00:00,22.058569284999994
2025-09-18 11:00:00+00:00,22.763495034999995
2025-09-18 12:00:00+00:00,22.811008979999997
2025-09-18 13:00:00+00:00,22.686020569999997
2025-09-18 14:00:00+00:00,22.686101699999995
2025-09-18 15:00:00+00:00,23.213947044999994
2025-09-18 16:00:00+00:00,24.187388189999993
2025-09-18 17:00:00+00:00,25.23567286999999
2025-09-18 18:00:00+00:00,25.560759794999992
2025-09-18 19:00:00+00:00,24.660794564999993
2025-09-18 20:00:00+00:00,23.911339295
2025-09-18 21:00:00+00:00,22.809797824999997
2025-09-18 22:00:00+00:00,21.836223394999998
2025-09-18 23:00:00+00:00,20.885357042499997
2025-09-19 00:00:00+00:00,20.810794565
2025-09-19 01:00:00+00:00,20.785777179999997
2025-09-19 02:00:00+00:00,20.686872434999998
2025-09-19 03:00:00+00:00,21.887144799999994
2025-09-19 04:00:00+00:00,23.412709812499994
2025-09-19 05:00:00+00:00,24.935464249999992
2025-09-19 06:00:00+00:00,25.59284708
2025-09-19 07:00:00+00:00,24.636959359999995
2025-09-19 08:00:00+00:00,24.909137194999992
2025-09-19 09:00:00+00:00,24.08423570999999
2025-09-19 10:00:00+00:00,23.184983264999996
2025-09-19 11:00:00+00:00,22.884983264999995
2025-09-19 12:00:00+00:00,22.559554434999995
2025-09-19 13:00:00+00:00,22.233893804999994
2025-09-19 14:00:00+00:00,21.608940164999996
2025-09-19 15:00:00+00:00,21.446637194999994
2025-09-19 16:00:00+00:00,22.0086475175
2025-09-19 17:00:00+00:00,22.884780439999997
2025-09-19 18:00:00+00:00,23.28588149
2025-09-19 19:00:00+00:00,23.13544107
2025-09-19 20:00:00+00:00,22.60986157
2025-09-19 21:00:00+00:00,22.236174137499997
2025-09-19 22:00:00+00:00,21.934531254999996
2025-09-19 23:00:00+00:00,21.1599050325
2025-09-20 00:00:00+00:00,21.010464249999995
2025-09-20 01:00:00+00:00,20.959922417499996
2025-09-20 02:00:00+00:00,21.111524735
2025-09-20 03:00:00+00:00,21.586284242499996
2025-09-20 04:00:00+00:00,22.559525459999993
2025-09-20 05:00:00+00:00,24.43610749499999
2025-09-20 06:00:00+00:00,25.11900607999999
2025-09-20 07:00:00+00:00,26.287370804999995
2025-09-20 08:00:00+00:00,25.583841649999993
2025-09-20 09:00:00+00:00,24.559403764999992
2025-09-20 10:00:00+00:00,23.359548639999993
2025-09-20 11:00:00+00:00,22.458974934999993
2025-09-20 12:00:00+00:00,21.008879317499993
2025-09-20 13:00:00+00:00,19.933641722499996
2025-09-20 14:00:00+00:00,19.181584497499998
2025-09-20 15:00:00+00:00,19.884809415
2025-09-20 16:00:00+00:00,21.336356679999998
2025-09-20 17:00:00+00:00,22.310614919999995
2025-09-20 18:00:00+00:00,21.960481634999997
2025-09-20 19:00:00+00:00,21.634803619999996
2025-09-20 20:00:00+00:00,20.784629769999995
2025-09-20 21:00:00+00:00,20.460058599999993
2025-09-20 22:00:00+00:00,20.661026364999998
2025-09-20 23:00:00+00:00,20.834815209999995
2025-09-21 00:00:00+00:00,20.359479099999998
2025-09-21 01:00:00+00:00,19.971260519999998
2025-09-21 02:00:00+00:00,19.834454241666663
2025-09-21 03:00:00+00:00,20.559951392499993
2025-09-21 04:00:00+00:00,21.134537049999995
2025-09-21 05:00:00+00:00,21.810139729999996
2025-09-21 06:00:00+00:00,22.892125602499995
2025-09-21 07:00:00+00:00,24.41148127249999
2025-09-21 08:00:00+00:00,24.70940376499999
2025-09-21 09:00:00+00:00,24.684200939999997
2025-09-21 10:00:00+00:00,24.785310682499997
2025-09-21 11:00:00+00:00,24.484374789999993
2025-09-21 12:00:00+00:00,24.159571819999996
2025-09-21 13:00:00+00:00,24.459681924999995
2025-09-21 14:00:00+00:00,25.761605864999993
2025-09-21 15:00:00+00:00,25.835136832499995
2025-09-21 16:00:00+00:00,27.009989059999995
2025-09-21 17:00:00+00:00,27.611110012499996
2025-09-21 18:00:00+00:00,28.137538479999996
2025-09-21 19:00:00+00:00,26.88661829416666
2025-09-21 20:00:00+00:00,26.01357410666666
2025-09-21 21:00:00+00:00,25.261547914999994
2025-09-21 22:00:00+00:00,24.736006082499998
2025-09-21 23:00:00+00:00,24.26058015
2025-09-22 00:00:00+00:00,23.8360408525
2025-09-22 01:00:00+00:00,24.41192458999999
2025-09-22 02:00:00+00:00,25.01195935999999
2025-09-22 03:00:00+00:00,26.585116549999995
2025-09-22 04:00:00+00:00,29.264213234999993
2025-09-22 05:00:00+00:00,31.47546235416666
2025-09-22 06:00:00+00:00,31.297364741666662
2025-09-22 07:00:00+00:00,30.26631476166666
2025-09-22 08:00:00+00:00,29.048442796666663
2025-09-22 09:00:00+00:00,28.262246671666663
2025-09-22 10:00:00+00:00,27.09137309166666
2025-09-22 11:00:00+00:00,26.490103147499998
2025-09-22 12:00:00+00:00,26.686831869999992
2025-09-22 13:00:00+00:00,26.235620714999996
2025-09-22 14:00:00+00:00,25.66150155499999
2025-09-22 15:00:00+00:00,25.684487792499993
2025-09-22 16:00:00+00:00,27.56220069166666
2025-09-22 17:00:00+00:00,29.71254343583333
2025-09-22 18:00:00+00:00,30.762264056666663
2025-09-22 19:00:00+00:00,30.062698681666664
2025-09-22 20:00:00+00:00,28.48759437166666
2025-09-22 21:00:00+00:00,27.262473895833327
2025-09-22 22:00:00+00:00,25.910778019166663
2025-09-22 23:00:00+00:00,26.362260699999993
2025-09-23 00:00:00+00:00,26.362086849999994
2025-09-23 01:00:00+00:00,26.361368269999996
2025-09-23 02:00:00+00:00,26.811872434999994
2025-09-23 03:00:00+00:00,28.687423799166663
2025-09-23 04:00:00+00:00,32.06377944916666
2025-09-23 05:00:00+00:00,35.58989170916665
2025-09-23 06:00:00+00:00,36.27177700833332
2025-09-23 07:00:00+00:00,33.318569855833324
2025-09-23 08:00:00+00:00,30.374819109166662
2025-09-23 09:00:00+00:00,28.737208165
2025-09-23 10:00:00+00:00,27.485484532499992
2025-09-23 11:00:00+00:00,26.63636247499999
2025-09-23 12:00:00+00:00,23.81128713999999
2025-09-23 13:00:00+00:00,23.048752369999995
2025-09-23 14:00:00+00:00,22.686194419999993
2025-09-23 15:00:00+00:00,23.335910464999994
2025-09-23 16:00:00+00:00,24.611915517499995
2025-09-23 17:00:00+00:00,26.21242921416666
2025-09-23 18:00:00+00:00,28.437307519166662
2025-09-23 19:00:00+00:00,28.111872894166662
2025-09-23 20:00:00+00:00,26.588417261666667
2025-09-23 21:00:00+00:00,25.313365106666662
2025-09-23 22:00:00+00:00,24.66195150666666
2025-09-23 23:00:00+00:00,26.986912999999994
2025-09-24 00:00:00+00:00,27.662395663333324
2025-09-24 01:00:00+00:00,28.187330239999998
2025-09-24 02:00:00+00:00,28.862828229999995
2025-09-24 03:00:00+00:00,31.13839408166666
2025-09-24 04:00:00+00:00,34.88819415416666
2025-09-24 05:00:00+00:00,37.91472777083332
2025-09-24 06:00:00+00:00,39.048669075833324
2025-09-24 07:00:00+00:00,35.22029966333333
2025-09-24 08:00:00+00:00,28.06326079666666
2025-09-24 09:00:00+00:00,25.81399965916666
2025-09-24 10:00:00+00:00,28.57633739916666
2025-09-24 11:00:00+00:00,28.085718849999992
2025-09-24 12:00:00+00:00,27.761901409999993
2025-09-24 13:00:00+00:00,27.28727518749999
2025-09-24 14:00:00+00:00,26.96064389499999
2025-09-24 15:00:00+00:00,27.536382757499997
2025-09-24 16:00:00+00:00,29.3875819425
2025-09-24 17:00:00+00:00,31.890323816666662
2025-09-24 18:00:00+00:00,32.28554294166666
2025-09-24 19:00:00+00:00,31.688324541666663
2025-09-24 20:00:00+00:00,30.386812046666666
2025-09-24 21:00:00+00:00,28.738608876666664
2025-09-24 22:00:00+00:00,27.687515679999994
2025-09-24 23:00:00+00:00,27.087434549999998
2025-09-25 00:00:00+00:00,27.38654211999999
2025-09-25 01:00:00+00:00,27.637017309999994
2025-09-25 02:00:00+00:00,28.06127928666666
2025-09-25 03:00:00+00:00,30.06268129666666
2025-09-25 04:00:00+00:00,33.11235677666666
2025-09-25 05:00:00+00:00,34.86518435666665
2025-09-25 06:00:00+00:00,34.67423240999999
2025-09-25 07:00:00+00:00,33.10654794333332
2025-09-25 08:00:00+00:00,31.736313676666658
2025-09-25 09:00:00+00:00,29.66208151416666
2025-09-25 10:00:00+00:00,26.439385026666663
2025-09-25 11:00:00+00:00,25.73942848916666
2025-09-25 12:00:00+00:00,24.385884846666663
2025-09-25 13:00:00+00:00,24.637912257499995
2025-09-25 14:00:00+00:00,25.161449399999995
2025-09-25 15:00:00+00:00,24.965879677499995
2025-09-25 16:00:00+00:00,26.313769078333333
2025-09-25 17:00:00+00:00,28.413572887499996
2025-09-25 18:00:00+00:00,29.290138376666658
2025-09-25 19:00:00+00:00,28.41521950666666
2025-09-25 20:00:00+00:00,28.189269126666662
2025-09-25 21:00:00+00:00,26.289416059999997
2025-09-25 22:00:00+00:00,24.339219409999995
2025-09-25 23:00:00+00:00,24.037735889999997
2025-09-26 00:00:00+00:00,23.76231864999999
2025-09-26 01:00:00+00:00,23.862422959999996
2025-09-26 02:00:00+00:00,24.862156389999996
2025-09-26 03:00:00+00:00,26.138303419999996
2025-09-26 04:00:00+00:00,28.96518473666666
2025-09-26 05:00:00+00:00,28.67038864666666
2025-09-26 06:00:00+00:00,27.10821522499999
2025-09-26 07:00:00+00:00,29.90676441666665
2025-09-26 08:00:00+00:00,29.39230037083332
2025-09-26 09:00:00+00:00,28.43940614833333
2025-09-26 10:00:00+00:00,28.238237616666662
2025-09-26 11:00:00+00:00,26.61372439666666
2025-09-26 12:00:00+00:00,25.264619724166664
2025-09-26 13:00:00+00:00,24.76247267666666
2025-09-26 14:00:00+00:00,24.41292216916666
2025-09-26 15:00:00+00:00,24.938386608333328
2025-09-26 16:00:00+00:00,26.288016567499994
2025-09-26 17:00:00+00:00,28.213533161666657
2025-09-26 18:00:00+00:00,29.81285514666666
2025-09-26 19:00:00+00:00,28.062446599166663
2025-09-26 20:00:00+00:00,26.715454204166665
2025-09-26 21:00:00+00:00,25.212600546666664
2025-09-26 22:00:00+00:00,24.412127414999993
2025-09-26 23:00:00+00:00,23.587144799999994
2025-09-27 00:00:00+00:00,23.162634477499996
2025-09-27 01:00:00+00:00,23.538999199999992
2025-09-27 02:00:00+00:00,23.438880402499993
2025-09-27 03:00:00+00:00,24.687699900833326
2025-09-27 04:00:00+00:00,24.909556952499997
2025-09-27 05:00:00+00:00,26.937768221666662
2025-09-27 06:00:00+00:00,29.498920699166653
2025-09-27 07:00:00+00:00,30.695930479166655
2025-09-27 08:00:00+00:00,29.689245946666656
2025-09-27 09:00:00+00:00,27.83810143416666
2025-09-27 10:00:00+00:00,27.263437544166663
2025-09-27 11:00:00+00:00,27.662608859166667
2025-09-27 12:00:00+00:00,27.26263493666666
2025-09-27 13:00:00+00:00,26.08863167666666
2025-09-27 14:00:00+00:00,25.03723797916666
2025-09-27 15:00:00+00:00,24.786233765833323
2025-09-27 16:00:00+00:00,26.038281079166662
2025-09-27 17:00:00+00:00,27.988081151666663
2025-09-27 18:00:00+00:00,28.81432417916666
2025-09-27 19:00:00+00:00,27.33812461416666
2025-09-27 20:00:00+00:00,26.286759891666666
2025-09-27 21:00:00+00:00,25.25881930916666
2025-09-27 22:00:00+00:00,23.810675767499994
2025-09-27 23:00:00+00:00,23.21060622749999
2025-09-28 00:00:00+00:00,22.713115462499992
2025-09-28 01:00:00+00:00,23.110649689999992
2025-09-28 02:00:00+00:00,23.386458092499993
2025-09-28 03:00:00+00:00,24.284910827499992
2025-09-28 04:00:00+00:00,25.237486324999995
2025-09-28 05:00:00+00:00,26.487872531666664
2025-09-28 06:00:00+00:00,28.674123524166657
2025-09-28 07:00:00+00:00,30.666340839166654
2025-09-28 08:00:00+00:00,28.81214525916666
2025-09-28 09:00:00+00:00,27.03969505916666
2025-09-28 10:00:00+00:00,25.56239154666666
2025-09-28 11:00:00+00:00,24.513461943333326
2025-09-28 12:00:00+00:00,24.011136089999994
2025-09-28 13:00:00+00:00,23.235359939999995
2025-09-28 14:00:00+00:00,23.085278809999995
2025-09-28 15:00:00+00:00,23.610133934999993
2025-09-28 16:00:00+00:00,25.53665763999999
2025-09-28 17:00:00+00:00,27.76340277416666
2025-09-28 18:00:00+00:00,28.512298826666658
2025-09-28 19:00:00+00:00,27.661951126666665
2025-09-28 20:00:00+00:00,25.663272386666662
2025-09-28 21:00:00+00:00,24.27354832583333
2025-09-28 22:00:00+00:00,23.661626986666665
2025-09-28 23:00:00+00:00,23.38882534999999
2025-09-29 00:00:00+00:00,23.488361749999992
2025-09-29 01:00:00+00:00,23.86195935999999
2025-09-29 02:00:00+00:00,23.960116549999995
2025-09-29 03:00:00+00:00,26.011916736666663
2025-09-29 04:00:00+00:00,28.58836220916666
2025-09-29 05:00:00+00:00,31.112449496666652
2025-09-29 06:00:00+00:00,32.04709901083332
2025-09-29 07:00:00+00:00,32.79318037166666
2025-09-29 08:00:00+00:00,31.49831240916666
2025-09-29 09:00:00+00:00,29.637411829166663
2025-09-29 10:00:00+00:00,27.685634822499996
2025-09-29 11:00:00+00:00,26.584786234999992
2025-09-29 12:00:00+00:00,26.259652949999996
2025-09-29 13:00:00+00:00,26.81160006999999
2025-09-29 14:00:00+00:00,26.70996587999999
2025-09-29 15:00:00+00:00,27.284960084999994
2025-09-29 16:00:00+00:00,28.760272634999993
2025-09-29 17:00:00+00:00,31.410963079166656
2025-09-29 18:00:00+00:00,31.863602701666657
2025-09-29 19:00:00+00:00,31.08718582416666
2025-09-29 20:00:00+00:00,29.812151054166662
2025-09-29 21:00:00+00:00,28.236582305
2025-09-29 22:00:00+00:00,27.211275549999993
2025-09-29 23:00:00+00:00,26.81108431499999
2025-09-30 00:00:00+00:00,26.18495428999999
2025-09-30 01:00:00+00:00,26.258963344999994
2025-09-30 02:00:00+00:00,27.136301627499993
2025-09-30 03:00:00+00:00,28.811965994166663
2025-09-30 04:00:00+00:00,31.513490538333325
2025-09-30 05:00:00+00:00,34.26258072333332
2025-09-30 06:00:00+00:00,34.99846167499999
2025-09-30 07:00:00+00:00,34.16978764499999
2025-09-30 08:00:00+00:00,33.061177494166664
2025-09-30 09:00:00+00:00,31.36252772916666
2025-09-30 10:00:00+00:00,31.16287542916666
2025-09-30 11:00:00+00:00,30.36145855166666
2025-09-30 12:00:00+00:00,29.885369091666664
2025-09-30 13:00:00+00:00,29.862098899166664
2025-09-30 14:00:00+00:00,30.210131876666665
2025-09-30 15:00:00+00:00,30.559756879999995
2025-09-30 16:00:00+00:00,33.313014509166656
2025-09-30 17:00:00+00:00,35.538124614166655
2025-09-30 18:00:00+00:00,36.51337959416666
2025-09-30 19:00:00+00:00,35.73786673666665
2025-09-30 20:00:00+00:00,33.78685840666666
2025-09-30 21:00:00+00:00,32.01240313666666
2025-09-30 22:00:00+00:00,30.412264056666665
2025-09-30 23:00:00+00:00,30.064101071666663
2025-10-01 00:00:00+00:00,30.211904766666663
2025-10-01 01:00:00+00:00,30.713127511666663
2025-10-01 02:00:00+00:00,32.06380262916666
2025-10-01 03:00:00+00:00,34.08899386416665
2025-10-01 04:00:00+00:00,37.16532633416666
2025-10-01 05:00:00+00:00,40.266798723333316
2025-10-01 06:00:00+00:00,41.87406938999998
2025-10-01 07:00:00+00:00,40.67024674833332
2025-10-01 08:00:00+00:00,40.289263790833324
2025-10-01 09:00:00+00:00,36.887812523333324
2025-10-01 10:00:00+00:00,34.05169958666666
2025-10-01 11:00:00+00:00,33.114350256666654
2025-10-01 12:00:00+00:00,32.36428940916666
2025-10-01 13:00:00+00:00,31.43808984416666
2025-10-01 14:00:00+00:00,31.410873256666658
2025-10-01 15:00:00+00:00,32.562455291666666
2025-10-01 16:00:00+00:00,35.06133685666665
2025-10-01 17:00:00+00:00,38.41338828666665
2025-10-01 18:00:00+00:00,39.43802899666665
2025-10-01 19:00:00+00:00,37.7631031125
2025-10-01 20:00:00+00:00,36.32525541249999
2025-10-01 21:00:00+00:00,33.712802991666656
2025-10-01 22:00:00+00:00,32.41313620416666
2025-10-01 23:00:00+00:00,32.213683831666664
2025-10-02 00:00:00+00:00,32.41333902916666
2025-10-02 01:00:00+00:00,32.63799132916666
2025-10-02 02:00:00+00:00,32.83713656666666
2025-10-02 03:00:00+00:00,34.88809274166666
2025-10-02 04:00:00+00:00,40.26482216916665
2025-10-02 05:00:00+00:00,44.24159421999998
2025-10-02 06:00:00+00:00,45.37552972999999
2025-10-02 07:00:00+00:00,41.96852273583332
2025-10-02 08:00:00+00:00,37.837794758333324
2025-10-02 09:00:00+00:00,35.689738980833326
2025-10-02 10:00:00+00:00,34.42536990833332
2025-10-02 11:00:00+00:00,33.28843838333332
2025-10-02 12:00:00+00:00,32.11206992416666
2025-10-02 13:00:00+00:00,31.513820014166658
2025-10-02 14:00:00+00:00,31.287081514166662
2025-10-02 15:00:00+00:00,32.56209020666666
2025-10-02 16:00:00+00:00,35.40991997916665
2025-10-02 17:00:00+00:00,38.88722311166666
2025-10-02 18:00:00+00:00,39.14267330916665
2025-10-02 19:00:00+00:00,37.69083919166666
2025-10-02 20:00:00+00:00,36.275715924999986
2025-10-02 21:00:00+00:00,34.56247847166666
2025-10-02 22:00:00+00:00,33.55056563499999
2025-10-02 23:00:00+00:00,32.83954522833333
2025-10-03 00:00:00+00:00,32.889335769166664
2025-10-03 01:00:00+00:00,33.51346941666666
2025-10-03 02:00:00+00:00,34.515027891666655
2025-10-03 03:00:00+00:00,36.314707108333316
2025-10-03 04:00:00+00:00,38.26615006333333
2025-10-03 05:00:00+00:00,41.02510623583332
2025-10-03 06:00:00+00:00,43.67129274583332
2025-10-03 07:00:00+00:00,44.07091401249998
2025-10-03 08:00:00+00:00,41.69199407499999
2025-10-03 09:00:00+00:00,38.83891609083332
2025-10-03 10:00:00+00:00,37.19045466333332
2025-10-03 11:00:00+00:00,35.08643209416666
2025-10-03 12:00:00+00:00,34.513141999166656
2025-10-03 13:00:00+00:00,35.03876785916666
2025-10-03 14:00:00+00:00,34.51263783416666
2025-10-03 15:00:00+00:00,36.41308115166665
2025-10-03 16:00:00+00:00,38.412986373333325
2025-10-03 17:00:00+00:00,39.74454303583332
2025-10-03 18:00:00+00:00,39.31528081333332
2025-10-03 19:00:00+00:00,37.54180489833332
2025-10-03 20:00:00+00:00,36.09113763416666
2025-10-03 21:00:00+00:00,33.96708549666666
2025-10-03 22:00:00+00:00,32.73896778666666
2025-10-03 23:00:00+00:00,32.18872149916666
2025-10-04 00:00:00+00:00,32.915642541666664
2025-10-04 01:00:00+00:00,33.43794786666666
2025-10-04 02:00:00+00:00,34.01423725416666
2025-10-04 03:00:00+00:00,36.41313910166666
2025-10-04 04:00:00+00:00,37.516033324166656
2025-10-04 05:00:00+00:00,39.77418193333333
2025-10-04 06:00:00+00:00,42.46944162333332
2025-10-04 07:00:00+00:00,43.940718335833324
2025-10-04 08:00:00+00:00,43.839029093333316
2025-10-04 09:00:00+00:00,43.265533734999984
2025-10-04 10:00:00+00:00,41.864215372499984
2025-10-04 11:00:00+00:00,41.61474187833332
2025-10-04 12:00:00+00:00,42.864796930833315
2025-10-04 13:00:00+00:00,42.47840667333332
2025-10-04 14:00:00+00:00,38.54061982083332
2025-10-04 15:00:00+00:00,39.91632970833333
2025-10-04 16:00:00+00:00,43.09092695583331
2025-10-04 17:00:00+00:00,44.490675712499986
2025-10-04 18:00:00+00:00,43.72740086083332
2025-10-04 19:00:00+00:00,42.118838943333316
2025-10-04 20:00:00+00:00,39.99048653583332
2025-10-04 21:00:00+00:00,38.18870167583332
2025-10-04 22:00:00+00:00,35.84108342083333
2025-10-04 23:00:00+00:00,34.98789655083332
2025-10-05 00:00:00+00:00,35.01371570416666
2025-10-05 01:00:00+00:00,34.862484266666655
2025-10-05 02:00:00+00:00,35.26674938666665
2025-10-05 03:00:00+00:00,35.861560803333326
2025-10-05 04:00:00+00:00,37.58975346833333
2025-10-05 05:00:00+00:00,40.27505118333332
2025-10-05 06:00:00+00:00,41.91963575583332
2025-10-05 07:00:00+00:00,44.69466145333332
2025-10-05 08:00:00+00:00,43.47108496499999
2025-10-05 09:00:00+00:00,39.32061762833333
2025-10-05 10:00:00+00:00,38.12021815333332
2025-10-05 11:00:00+00:00,39.56876940333332
2025-10-05 12:00:00+00:00,40.542488708333316
2025-10-05 13:00:00+00:00,40.017042493333314
2025-10-05 14:00:00+00:00,39.43885524333332
2025-10-05 15:00:00+00:00,40.61395086083332
2025-10-05 16:00:00+00:00,43.24512543333332
2025-10-05 17:00:00+00:00,42.19257357499998
2025-10-05 18:00:00+00:00,39.76879715916665
2025-10-05 19:00:00+00:00,37.66683471249999
2025-10-05 20:00:00+00:00,35.51730037083332
2025-10-05 21:00:00+00:00,33.21654991833332
2025-10-05 22:00:00+00:00,31.590083783333327
2025-10-05 23:00:00+00:00,31.114330813333325
2025-10-06 00:00:00+00:00,30.988701216666655
2025-10-06 01:00:00+00:00,31.039589529999994
2025-10-06 02:00:00+00:00,31.213554283333323
2025-10-06 03:00:00+00:00,33.465240248333316
2025-10-06 04:00:00+00:00,36.63928986833332
2025-10-06 05:00:00+00:00,39.77865155666665
2025-10-06 06:00:00+00:00,40.29742856583332
2025-10-06 07:00:00+00:00,38.991578513333316
2025-10-06 08:00:00+00:00,37.368149338333325
2025-10-06 09:00:00+00:00,37.51575020833332
2025-10-06 10:00:00+00:00,36.18649667833333
2025-10-06 11:00:00+00:00,35.03748762333332
2025-10-06 12:00:00+00:00,35.11260680083332
2025-10-06 13:00:00+00:00,35.53699458916665
2025-10-06 14:00:00+00:00,35.01447195166665
2025-10-06 15:00:00+00:00,37.33676858416665
2025-10-06 16:00:00+00:00,39.087214799166645
2025-10-06 17:00:00+00:00,40.43770119916665
2025-10-06 18:00:00+00:00,39.91465205583332
2025-10-06 19:00:00+00:00,38.01825654583332
2025-10-06 20:00:00+00:00,35.961873353333324
2025-10-06 21:00:00+00:00,34.091628530833326
2025-10-06 22:00:00+00:00,31.79258386666666
2025-10-06 23:00:00+00:00,30.76484862666666
2025-10-07 00:00:00+00:00,31.014269126666665
2025-10-07 01:00:00+00:00,31.263324541666663
2025-10-07 02:00:00+00:00,31.814089481666663
2025-10-07 03:00:00+00:00,33.18802404083333
2025-10-07 04:00:00+00:00,36.39030109583332
2025-10-07 05:00:00+00:00,38.37855136333333
2025-10-07 06:00:00+00:00,39.97202909083332
2025-10-07 07:00:00+00:00,38.78840902833332
2025-10-07 08:00:00+00:00,37.03686176333333
2025-10-07 09:00:00+00:00,36.24191790083332
2025-10-07 10:00:00+00:00,36.14003452583332
2025-10-07 11:00:00+00:00,35.66925618333332
2025-10-07 12:00:00+00:00,35.70323861833332
2025-10-07 13:00:00+00:00,33.015937706666655
2025-10-07 14:00:00+00:00,32.766511411666656
2025-10-07 15:00:00+00:00,33.84142532583332
2025-10-07 16:00:00+00:00,35.31730037083332
2025-10-07 17:00:00+00:00,36.59150598985929
2025-10-07 18:00:00+00:00,35.83355581748916
2025-10-07 19:00:00+00:00,33.32917063396103
2025-10-07 20:00:00+00:00,31.671171887932893
2025-10-07 21:00:00+00:00,30.168437440238087
2025-10-07 22:00:00+00:00,28.586576572543287
2025-10-07 23:00:00+00:00,27.734038774848482
2025-10-08 00:00:00+00:00,27.32766758465368
2025-10-08 01:00:00+00:00,27.93257364945887
2025-10-08 02:00:00+00:00,28.49171006426407
2025-10-08 03:00:00+00:00,30.11143702656926
2025-10-08 04:00:00+00:00,32.83283836387445
2025-10-08 05:00:00+00:00,35.33877079784631
2025-10-08 06:00:00+00:00,35.39778280515151
2025-10-08 07:00:00+00:00,34.9150729699567
2025-10-08 08:00:00+00:00,33.88760471226188
2025-10-08 09:00:00+00:00,32.98212595206709
2025-10-08 10:00:00+00:00,31.70244316520562
2025-10-08 11:00:00+00:00,32.34439432251081
2025-10-08 12:00:00+00:00,32.48736387680735
2025-10-08 13:00:00+00:00,31.71386347666666
2025-10-08 14:00:00+00:00,32.76338538916666
2025-10-08 15:00:00+00:00,33.914289409166656
2025-10-08 16:00:00+00:00,37.00224683416666
2025-10-08 17:00:00+00:00,38.791152960833315
2025-10-08 18:00:00+00:00,38.04200772333333
2025-10-08 19:00:00+00:00,36.93943474333332
2025-10-08 20:00:00+00:00,35.239848246666654
2025-10-08 21:00:00+00:00,32.63977908666666
2025-10-08 22:00:00+00:00,31.28940820666666
2025-10-08 23:00:00+00:00,30.665173146666667
2025-10-09 00:00:00+00:00,30.814454566666665
2025-10-09 01:00:00+00:00,30.612866736666664
2025-10-09 02:00:00+00:00,31.214906576666664
2025-10-09 03:00:00+00:00,33.56524642333333
2025-10-09 04:00:00+00:00,36.69044886833332
2025-10-09 05:00:00+00:00,40.42446299083333
2025-10-09 06:00:00+00:00,41.67157997833332
2025-10-09 07:00:00+00:00,39.114457923333326
2025-10-09 08:00:00+00:00,35.614659909166654
2025-10-09 09:00:00+00:00,34.565289046666656
2025-10-09 10:00:00+00:00,34.100958665833325
2025-10-09 11:00:00+00:00,34.46633756166665
2025-10-09 12:00:00+00:00,34.01477496999998
2025-10-09 13:00:00+00:00,34.715071734166656
2025-10-09 14:00:00+00:00,35.83769372583332
2025-10-09 15:00:00+00:00,36.864283234166656
2025-10-09 16:00:00+00:00,38.23919920666665
2025-10-09 17:00:00+00:00,39.46345828583332
2025-10-09 18:00:00+00:00,38.46428986833332
2025-10-09 19:00:00+00:00,36.815544485833314
2025-10-09 20:00:00+00:00,34.488817575833316
2025-10-09 21:00:00+00:00,32.713125453333326
2025-10-09 22:00:00+00:00,31.23956467166666
2025-10-09 23:00:00+00:00,30.763423056666664
2025-10-10 00:00:00+00:00,30.962994226666666
2025-10-10 01:00:00+00:00,30.710896436666662
2025-10-10 02:00:00+00:00,31.98862008666666
2025-10-10 03:00:00+00:00,34.26292468666666
2025-10-10 04:00:00+00:00,37.06653459166666
2025-10-10 05:00:00+00:00,39.45347602833332
2025-10-10 06:00:00+00:00,40.39623227833332
2025-10-10 07:00:00+00:00,38.91549522833332
2025-10-10 08:00:00+00:00,36.63977954583332
2025-10-10 09:00:00+00:00,34.83844501749999
2025-10-10 10:00:00+00:00,35.49022697999999
2025-10-10 11:00:00+00:00,36.08862923833332
2025-10-10 12:00:00+00:00,35.03777363666666
2025-10-10 13:00:00+00:00,34.79870357166666
2025-10-10 14:00:00+00:00,35.93920500166666
2025-10-10 15:00:00+00:00,36.664825905833325
2025-10-10 16:00:00+00:00,38.062496315833314
2025-10-10 17:00:00+00:00,39.08961728583332
2025-10-10 18:00:00+00:00,38.64078787583332
2025-10-10 19:00:00+00:00,37.14083339666666
2025-10-10 20:00:00+00:00,35.21619268666666
2025-10-10 21:00:00+00:00,32.989443815833326
2025-10-10 22:00:00+00:00,31.53823761666666
2025-10-10 23:00:00+00:00,30.914344461666666
2025-10-11 00:00:00+00:00,30.565149966666663
2025-10-11 01:00:00+00:00,30.539628416666663
2025-10-11 02:00:00+00:00,30.763924324166663
2025-10-11 03:00:00+00:00,32.21377944916666
2025-10-11 04:00:00+00:00,33.69181107333332
2025-10-11 05:00:00+00:00,35.90121308083332
2025-10-11 06:00:00+00:00,38.271707468333325
2025-10-11 07:00:00+00:00,39.75172902083332
2025-10-11 08:00:00+00:00,37.51925038833332
2025-10-11 09:00:00+00:00,34.25699088083333
2025-10-11 10:00:00+00:00,32.94676252083332
2025-10-11 11:00:00+00:00,31.895110106666657
2025-10-11 12:00:00+00:00,30.443766046666656
2025-10-11 13:00:00+00:00,30.34477147916666
2025-10-11 14:00:00+00:00,30.270507444166658
2025-10-11 15:00:00+00:00,31.420710269166655
2025-10-11 16:00:00+00:00,34.12460534833332
2025-10-11 17:00:00+00:00,35.062186098333314
2025-10-11 18:00:00+00:00,34.57513810833332
2025-10-11 19:00:00+00:00,33.73310062333332
2025-10-11 20:00:00+00:00,31.398758898333323
2025-10-11 21:00:00+00:00,29.87361318416666
2025-10-11 22:00:00+00:00,29.222860214166662
2025-10-11 23:00:00+00:00,27.998706284166662
2025-10-12 00:00:00+00:00,27.848665719166664
2025-10-12 01:00:00+00:00,27.522440076666662
2025-10-12 02:00:00+00:00,28.072132941666663
2025-10-12 03:00:00+00:00,28.997442974166663
2025-10-12 04:00:00+00:00,29.94872656666666
2025-10-12 05:00:00+00:00,31.747051811666655
2025-10-12 06:00:00+00:00,34.219374141666655
2025-10-12 07:00:00+00:00,36.06565169333332
2025-10-12 08:00:00+00:00,35.46702221083331
2025-10-12 09:00:00+00:00,33.314278278333326
2025-10-12 10:00:00+00:00,30.81386973083333
2025-10-12 11:00:00+00:00,31.339747673333328
2025-10-12 12:00:00+00:00,30.33884113583333
2025-10-12 13:00:00+00:00,29.58901994166666
2025-10-12 14:00:00+00:00,29.76282037666666
2025-10-12 15:00:00+00:00,30.913014509166658
2025-10-12 16:00:00+00:00,32.68951793166665
2025-10-12 17:00:00+00:00,34.838834960833324
2025-10-12 18:00:00+00:00,34.42841826333332
2025-10-12 19:00:00+00:00,32.94027044249999
2025-10-12 20:00:00+00:00,30.939151168333325
2025-10-12 21:00:00+00:00,29.112959456666662
2025-10-12 22:00:00+00:00,27.563101434166665
2025-10-12 23:00:00+00:00,27.388802629166662
2025-10-13 00:00:00+00:00,27.238092741666666
2025-10-13 01:00:00+00:00,27.364732726666666
2025-10-13 02:00:00+00:00,28.589373436666662
2025-10-13 03:00:00+00:00,30.466100346666657
2025-10-13 04:00:00+00:00,33.36607099166666
2025-10-13 05:00:00+00:00,36.55211710083333
2025-10-13 06:00:00+00:00,38.624484112499985
2025-10-13 07:00:00+00:00,38.015611967499986
2025-10-13 08:00:00+00:00,36.39246842583333
2025-10-13 09:00:00+00:00,34.26708305833332
2025-10-13 10:00:00+00:00,32.66552458333332
2025-10-13 11:00:00+00:00,30.139512516666663
2025-10-13 12:00:00+00:00,28.500668076666663
2025-10-13 13:00:00+00:00,28.488620086666664
2025-10-13 14:00:00+00:00,29.614489336666658
2025-10-13 15:00:00+00:00,31.139700854166655
2025-10-13 16:00:00+00:00,33.263489699166655
2025-10-13 17:00:00+00:00,35.270651939166655
2025-10-13 18:00:00+00:00,35.64044597083331
2025-10-13 19:00:00+00:00,33.41460981249999
2025-10-13 20:00:00+00:00,31.789556438333324
2025-10-13 21:00:00+00:00,29.289145373333326
2025-10-13 22:00:00+00:00,28.338999659166664
2025-10-13 23:00:00+00:00,27.388605599166663
2025-10-14 00:00:00+00:00,27.263269489166664
2025-10-14 01:00:00+00:00,27.213556341666667
2025-10-14 02:00:00+00:00,27.790346996666663
2025-10-14 03:00:00+00:00,30.26530063666666
2025-10-14 04:00:00+00:00,33.24093892583332
2025-10-14 05:00:00+00:00,36.00224748833332
2025-10-14 06:00:00+00:00,37.04731884083332
2025-10-14 07:00:00+00:00,36.71614716583332
2025-10-14 08:00:00+00:00,35.46657889333331
2025-10-14 09:00:00+00:00,33.96340902833332
2025-10-14 10:00:00+00:00,33.44048859416665
2025-10-14 11:00:00+00:00,32.815508876666655
2025-10-14 12:00:00+00:00,32.53896656749998
2025-10-14 13:00:00+00:00,36.015210434166654
2025-10-14 14:00:00+00:00,36.83601980999999
2025-10-14 15:00:00+00:00,37.76289533166665
2025-10-14 16:00:00+00:00,39.340162015833315
2025-10-14 17:00:00+00:00,40.26505191083332
2025-10-14 18:00:00+00:00,39.99934437833332
2025-10-14 19:00:00+00:00,39.13585053583331
2025-10-14 20:00:00+00:00,37.439814315833324
2025-10-14 21:00:00+00:00,34.93708403166666
2025-10-14 22:00:00+00:00,33.83727274916666
2025-10-14 23:00:00+00:00,33.46328397666666
2025-10-15 00:00:00+00:00,33.46311012666666
2025-10-15 01:00:00+00:00,33.11312171666666
2025-10-15 02:00:00+00:00,32.92329212666667
2025-10-15 03:00:00+00:00,34.81419463083332
2025-10-15 04:00:00+00:00,38.26506433999999
2025-10-15 05:00:00+00:00,38.076674622499986
2025-10-15 06:00:00+00:00,38.547315943333324
2025-10-15 07:00:00+00:00,37.81395543666665
2025-10-15 08:00:00+00:00,38.06404358083332
2025-10-15 09:00:00+00:00,38.43800048083331
2025-10-15 10:00:00+00:00,37.71353941583332
2025-10-15 11:00:00+00:00,37.56415368583332
2025-10-15 12:00:00+00:00,37.66548363833332
2025-10-15 13:00:00+00:00,38.76313086833332
2025-10-15 14:00:00+00:00,39.13883496083332
2025-10-15 15:00:00+00:00,40.188661110833316
2025-10-15 16:00:00+00:00,41.66532427583332
2025-10-15 17:00:00+00:00,43.41456802833332
2025-10-15 18:00:00+00:00,42.115251838333315
2025-10-15 19:00:00+00:00,41.01364372583332
2025-10-15 20:00:00+00:00,37.591752743333316
2025-10-15 21:00:00+00:00,35.16176530666666
2025-10-15 22:00:00+00:00,33.46378234666666
2025-10-15 23:00:00+00:00,32.486481731666665
2025-10-16 00:00:00+00:00,32.83698010166666
2025-10-16 01:00:00+00:00,32.86413004666666
2025-10-16 02:00:00+00:00,33.539072096666665
2025-10-16 03:00:00+00:00,35.76584910333332
2025-10-16 04:00:00+00:00,39.06205299833332
2025-10-16 05:00:00+00:00,41.577704074166654
2025-10-16 06:00:00+00:00,40.720864295833316
2025-10-16 07:00:00+00:00,38.265330070833315
2025-10-16 08:00:00+00:00,36.31392768083332
2025-10-16 09:00:00+00:00,34.013338649166656
2025-10-16 10:00:00+00:00,35.313684670833325
2025-10-16 11:00:00+00:00,35.73911312083332
2025-10-16 12:00:00+00:00,34.68786345916666
2025-10-16 13:00:00+00:00,33.83603261916666
2025-10-16 14:00:00+00:00,34.86240893166666
2025-10-16 15:00:00+00:00,36.41277691416665
2025-10-16 16:00:00+00:00,39.16396161166666
2025-10-16 17:00:00+00:00,40.488878423333325
2025-10-16 18:00:00+00:00,39.81434492083333
2025-10-16 19:00:00+00:00,38.34130652833332
2025-10-16 20:00:00+00:00,36.826505913333314
2025-10-16 21:00:00+00:00,34.86594182333332
2025-10-16 22:00:00+00:00,33.311951126666656
2025-10-16 23:00:00+00:00,32.41266970666666
2025-10-17 00:00:00+00:00,32.21327238666666
2025-10-17 01:00:00+00:00,33.08885188666666
2025-10-17 02:00:00+00:00,32.38921079666666
2025-10-17 03:00:00+00:00,34.56407255583331
2025-10-17 04:00:00+00:00,38.11513967499999
2025-10-17 05:00:00+00:00,41.300448599999974
2025-10-17 06:00:00+00:00,42.92031422999999
2025-10-17 07:00:00+00:00,42.079384809166655
2025-10-17 08:00:00+00:00,40.116619078333315
2025-10-17 09:00:00+00:00,38.81436520333332
2025-10-17 10:00:00+00:00,38.36442315333332
2025-10-17 11:00:00+00:00,38.66647458333332
2025-10-17 12:00:00+00:00,38.84141373583332
2025-10-17 13:00:00+00:00,39.19173246083332
2025-10-17 14:00:00+00:00,37.214660748333316
2025-10-17 15:00:00+00:00,37.964933113333316
2025-10-17 16:00:00+00:00,42.36680863499999
2025-10-17 17:00:00+00:00,44.46634755249998
2025-10-17 18:00:00+00:00,45.71984193749999
2025-10-17 19:00:00+00:00,46.59142288749999
2025-10-17 20:00:00+00:00,46.59226895749998
2025-10-17 21:00:00+00:00,44.11754917583332
2025-10-17 22:00:00+00:00,41.99141045833331
2025-10-17 23:00:00+00:00,41.99239766666665
2025-10-18 00:00:00+00:00,41.86666375999998
2025-10-18 01:00:00+00:00,42.666173243333326
2025-10-18 02:00:00+00:00,43.768075681666645
2025-10-18 03:00:00+00:00,46.39280537499998
2025-10-18 04:00:00+00:00,50.14378808666665
2025-10-18 05:00:00+00:00,54.628013346666656
2025-10-18 06:00:00+00:00,60.275978921666656
2025-10-18 07:00:00+00:00,62.29670015333332
2025-10-18 08:00:00+00:00,55.344602743333326
2025-10-18 09:00:00+00:00,45.91935599666665
2025-10-18 10:00:00+00:00,40.992783873333316
2025-10-18 11:00:00+00:00,42.191361580833316
2025-10-18 12:00:00+00:00,41.11572413083332
2025-10-18 13:00:00+00:00,38.51849703833331
2025-10-18 14:00:00+00:00,38.81664843333332
2025-10-18 15:00:00+00:00,40.76653543083332
2025-10-18 16:00:00+00:00,45.99386174333331
2025-10-18 17:00:00+00:00,48.819353938333315
2025-10-18 18:00:00+00:00,48.71915606916665
2025-10-18 19:00:00+00:00,48.121648758333315
2025-10-18 20:00:00+00:00,46.76973724749998
2025-10-18 21:00:00+00:00,44.62013916083332
2025-10-18 22:00:00+00:00,42.643958199999986
2025-10-18 23:00:00+00:00,41.843836504999985
2025-10-19 00:00:00+00:00,41.544458628333324
2025-10-19 01:00:00+00:00,42.518519838333326
2025-10-19 02:00:00+00:00,43.09693972749998
2025-10-19 03:00:00+00:00,44.74357283249998
2025-10-19 04:00:00+00:00,47.19472313999999
2025-10-19 05:00:00+00:00,50.11489076416666
2025-10-19 06:00:00+00:00,54.62633073833333
2025-10-19 07:00:00+00:00,58.31879723833332
2025-10-19 08:00:00+00:00,55.193450377499985
2025-10-19 09:00:00+00:00,48.54278722999998
2025-10-19 10:00:00+00:00,44.779328537499985
2025-10-19 11:00:00+00:00,43.816301192499985
2025-10-19 12:00:00+00:00,42.01758974083332
2025-10-19 13:00:00+00:00,41.96557635833332
2025-10-19 14:00:00+00:00,41.989823008333325
2025-10-19 15:00:00+00:00,44.46787659333332
2025-10-19 16:00:00+00:00,48.146290687499985
2025-10-19 17:00:00+00:00,50.81825578583332
2025-10-19 18:00:00+00:00,50.569034374166655
2025-10-19 19:00:00+00:00,48.868024824999985
2025-10-19 20:00:00+00:00,46.64333401833332
2025-10-19 21:00:00+00:00,43.75635388999999
2025-10-19 22:00:00+00:00,42.293091847499994
2025-10-19 23:00:00+00:00,41.44319036249999
2025-10-20 00:00:00+00:00,41.91774162999999
2025-10-20 01:00:00+00:00,42.74376033083332
2025-10-20 02:00:00+00:00,44.01815848999998
2025-10-20 03:00:00+00:00,46.11853226749998
2025-10-20 04:00:00+00:00,51.22894550249999
2025-10-20 05:00:00+00:00,54.87701370916666
2025-10-20 06:00:00+00:00,56.45303324916665
2025-10-20 07:00:00+00:00,54.81600352869047
2025-10-20 08:00:00+00:00,53.03033598297618
2025-10-20 09:00:00+00:00,51.34519128559523
2025-10-20 10:00:00+00:00,47.66084344607141
2025-10-20 11:00:00+00:00,47.94490857999998
2025-10-20 12:00:00+00:00,48.04521571499998
2025-10-20 13:00:00+00:00,48.11870032249999
2025-10-20 14:00:00+00:00,48.97116899249998
2025-10-20 15:00:00+00:00,50.528419376666655
2025-10-20 16:00:00+00:00,51.65134438666665
2025-10-20 17:00:00+00:00,50.072965901666656
2025-10-20 18:00:00+00:00,48.82164006583333
2025-10-20 19:00:00+00:00,46.42116403666665
2025-10-20 20:00:00+00:00,45.370450412499984
2025-10-20 21:00:00+00:00,42.417292137499985
2025-10-20 22:00:00+00:00,39.429569409999985
2025-10-20 23:00:00+00:00,38.44336085583332
2025-10-21 00:00:00+00:00,37.665663283333316
2025-10-21 01:00:00+00:00,37.51590957083332
2025-10-21 02:00:00+00:00,37.965332968333314
2025-10-21 03:00:00+00:00,39.965715438333326
2025-10-21 04:00:00+00:00,43.37022067083332
2025-10-21 05:00:00+00:00,46.15834138999998
2025-10-21 06:00:00+00:00,46.69984675916665
2025-10-21 07:00:00+00:00,46.21816390499998
2025-10-21 08:00:00+00:00,44.77227583749998
2025-10-21 09:00:00+00:00,42.693888659999985
2025-10-21 10:00:00+00:00,42.49406250999999
2025-10-21 11:00:00+00:00,43.24760904999998
2025-10-21 12:00:00+00:00,43.29484193749998
2025-10-21 13:00:00+00:00,43.76889735249999
2025-10-21 14:00:00+00:00,44.643320749999994
2025-10-21 15:00:00+00:00,46.09226605999999
2025-10-21 16:00:00+00:00,46.616848819999994
2025-10-21 17:00:00+00:00,47.24345982999999
2025-10-21 18:00:00+00:00,45.91880173499999
2025-10-21 19:00:00+00:00,44.01969706249999
2025-10-21 20:00:00+00:00,40.91769321166666
2025-10-21 21:00:00+00:00,37.79265180749998
2025-10-21 22:00:00+00:00,35.71695556833332
2025-10-21 23:00:00+00:00,34.94282481833332
2025-10-22 00:00:00+00:00,34.54114426833332
2025-10-22 01:00:00+00:00,34.81872594083332
2025-10-22 02:00:00+00:00,34.89140794083332
2025-10-22 03:00:00+00:00,37.340558973333316
2025-10-22 04:00:00+00:00,40.86655075749999
2025-10-22 05:00:00+00:00,43.23026424499999
2025-10-22 06:00:00+00:00,44.89842614499999
2025-10-22 07:00:00+00:00,44.717248674999986
2025-10-22 08:00:00+00:00,43.46591002999998
2025-10-22 09:00:00+00:00,42.48992404083332
2025-10-22 10:00:00+00:00,42.11934272833332
2025-10-22 11:00:00+00:00,41.77012795083332
2025-10-22 12:00:00+00:00,39.764391280833316
2025-10-22 13:00:00+00:00,38.46586321083332
2025-10-22 14:00:00+00:00,38.96267016583332
2025-10-22 15:00:00+00:00,41.26613267833332
2025-10-22 16:00:00+00:00,43.200777777777766
2025-10-22 17:00:00+00:00,44.31188888888888
2025-10-22 18:00:00+00:00,44.768329822499986
2025-10-22 19:00:00+00:00,43.44191462333332
2025-10-22 20:00:00+00:00,40.74062271833332
2025-10-22 21:00:00+00:00,38.19457201083331
2025-10-22 22:00:00+00:00,37.04048943333331
2025-10-22 23:00:00+00:00,36.86576469583331
2025-10-23 00:00:00+00:00,37.19047494583332
2025-10-23 01:00:00+00:00,37.81533007083332
2025-10-23 02:00:00+00:00,38.29304502833332
2025-10-23 03:00:00+00:00,40.364446333333326
2025-10-23 04:00:00+00:00,44.02926395333333
2025-10-23 05:00:00+00:00,45.87708278999998
2025-10-23 06:00:00+00:00,47.121529960833314
2025-10-23 07:00:00+00:00,46.369755012499986
2025-10-23 08:00:00+00:00,45.37045620749998
2025-10-23 09:00:00+00:00,44.94143157999998
2025-10-23 10:00:00+00:00,45.066835171666646
2025-10-23 11:00:00+00:00,44.790956389999984
2025-10-23 12:00:00+00:00,43.96624613999999
2025-10-23 13:00:00+00:00,43.96836421249999
2025-10-23 14:00:00+00:00,44.16794986999999
2025-10-23 15:00:00+00:00,43.516374009999986
2025-10-23 16:00:00+00:00,44.41558756833333
2025-10-23 17:00:00+00:00,45.21643157999999
2025-10-23 18:00:00+00:00,44.265473726666656
2025-10-23 19:00:00+00:00,41.441722549166656
2025-10-23 20:00:00+00:00,38.316934905833314
2025-10-23 21:00:00+00:00,35.58919135333331
2025-10-23 22:00:00+00:00,38.264724493333325
2025-10-23 23:00:00+00:00,37.11456223333332
2025-10-24 00:00:00+00:00,36.21512145083333
2025-10-24 01:00:00+00:00,35.689512975833324
2025-10-24 02:00:00+00:00,36.25593039583332
2025-10-24 03:00:00+00:00,38.440356148333315
2025-10-24 04:00:00+00:00,42.71680741583332
2025-10-24 05:00:00+00:00,44.499760214166656
2025-10-24 06:00:00+00:00,46.02210366583331
2025-10-24 07:00:00+00:00,46.21553914999999
2025-10-24 08:00:00+00:00,46.21869162999999
2025-10-24 09:00:00+00:00,44.78986692999998
2025-10-24 10:00:00+00:00,45.016083879999975
2025-10-24 11:00:00+00:00,46.77008616666665
2025-10-24 12:00:00+00:00,46.99106443666665
2025-10-24 13:00:00+00:00,47.59312829583332
2025-10-24 14:00:00+00:00,47.64505345499998
2025-10-24 15:00:00+00:00,48.44168739916665
2025-10-24 16:00:00+00:00,49.443269054166656
2025-10-24 17:00:00+00:00,49.243360934999984
2025-10-24 18:00:00+00:00,48.46719156416665
2025-10-24 19:00:00+00:00,47.22112804749998
2025-10-24 20:00:00+00:00,44.59265432499999
2025-10-24 21:00:00+00:00,41.74177844083332
2025-10-24 22:00:00+00:00,40.31726438166665
2025-10-24 23:00:00+00:00,40.14162777083332
2025-10-25 00:00:00+00:00,39.64607375499999
2025-10-25 01:00:00+00:00,39.09054738333332
2025-10-25 02:00:00+00:00,39.36556187083332
2025-10-25 03:00:00+00:00,40.96550392083332
2025-10-25 04:00:00+00:00,43.942702743333314
2025-10-25 05:00:00+00:00,46.62837881166665
2025-10-25 06:00:00+00:00,52.07756133666665
2025-10-25 07:00:00+00:00,53.66822559166666
2025-10-25 08:00:00+00:00,54.19313866666667
2025-10-25 09:00:00+00:00,52.84283442916666
2025-10-25 10:00:00+00:00,51.746537434166655
2025-10-25 11:00:00+00:00,51.34340813416665
2025-10-25 12:00:00+00:00,49.719317949166644
2025-10-25 13:00:00+00:00,48.31633680166666
2025-10-25 14:00:00+00:00,51.34206323499999
2025-10-25 15:00:00+00:00,52.74386921666665
2025-10-25 16:00:00+00:00,53.86897024916665
2025-10-25 17:00:00+00:00,54.69329139499999
2025-10-25 18:00:00+00:00,53.36962920083331
2025-10-25 19:00:00+00:00,51.87358260999999
2025-10-25 20:00:00+00:00,49.69671082499998
2025-10-25 21:00:00+00:00,47.31817007999999
2025-10-25 22:00:00+00:00,45.644323284999984
2025-10-25 23:00:00+00:00,44.71886464083332
2025-10-26 00:00:00+00:00,44.04470117916665
2025-10-26 01:00:00+00:00,45.18435585333332
2025-10-26 02:00:00+00:00,45.778259771666654
2025-10-26 03:00:00+00:00,46.96867424499998
2025-10-26 04:00:00+00:00,49.470599024166646
2025-10-26 05:00:00+00:00,52.10398149166665
2025-10-26 06:00:00+00:00,55.66395944749999
2025-10-26 07:00:00+00:00,59.24796468249999
2025-10-26 08:00:00+00:00,59.69545338916666
2025-10-26 09:00:00+00:00,55.54457208999999
2025-10-26 10:00:00+00:00,53.66691835999999
2025-10-26 11:00:00+00:00,50.11719072499999
2025-10-26 12:00:00+00:00,49.018275229166655
2025-10-26 13:00:00+00:00,51.46850908749998
2025-10-26 14:00:00+00:00,51.969178409999984
2025-10-26 15:00:00+00:00,52.216924994166654
2025-10-26 16:00:00+00:00,54.01162779916665
2025-10-26 17:00:00+00:00,55.14368919166665
2025-10-26 18:00:00+00:00,54.69369788416665
2025-10-26 19:00:00+00:00,54.81902530166665
2025-10-26 20:00:00+00:00,53.993679659999984
2025-10-26 21:00:00+00:00,50.79437132333331
2025-10-26 22:00:00+00:00,47.89736004999998
2025-10-26 23:00:00+00:00,45.99435225999998
2025-10-27 00:00:00+00:00,45.36858152499999
2025-10-27 01:00:00+00:00,45.06747216249998
2025-10-27 02:00:00+00:00,44.793143543333315
2025-10-27 03:00:00+00:00,46.418483389999984
2025-10-27 04:00:00+00:00,48.56704005499999
2025-10-27 05:00:00+00:00,52.75035382166665
2025-10-27 06:00:00+00:00,56.275362134166656
2025-10-27 07:00:00+00:00,58.324705240833325
2025-10-27 08:00:00+00:00,57.33916019027777
2025-10-27 09:00:00+00:00,52.84791233212962
2025-10-27 10:00:00+00:00,48.832190979814804
2025-10-27 11:00:00+00:00,47.29445077499999
2025-10-27 12:00:00+00:00,46.979224515185166
2025-10-27 13:00:00+00:00,47.71380991787036
2025-10-27 14:00:00+00:00,45.92396528888887
2025-10-27 15:00:00+00:00,46.16698995833332
2025-10-27 16:00:00+00:00,49.81775825499999
2025-10-27 17:00:00+00:00,50.819834923333325
2025-10-27 18:00:00+00:00,51.14129249999999
2025-10-27 19:00:00+00:00,50.242274752499995
2025-10-27 20:00:00+00:00,48.56788322749999
2025-10-27 21:00:00+00:00,45.31706239583331
2025-10-27 22:00:00+00:00,42.414489795833326
2025-10-27 23:00:00+00:00,40.71498237083332
2025-10-28 00:00:00+00:00,40.59034455833332
2025-10-28 01:00:00+00:00,40.440542427499985
2025-10-28 02:00:00+00:00,40.941121927499985
2025-10-28 03:00:00+00:00,43.04476576333332
2025-10-28 04:00:00+00:00,46.16881500333332
2025-10-28 05:00:00+00:00,49.451687510833324
2025-10-28 06:00:00+00:00,52.026909399166655
2025-10-28 07:00:00+00:00,53.94365442166666
2025-10-28 08:00:00+00:00,54.32053657749999
2025-10-28 09:00:00+00:00,53.396012986666655
2025-10-28 10:00:00+00:00,54.41759103916666
2025-10-28 11:00:00+00:00,54.46690555083332
2025-10-28 12:00:00+00:00,55.943037254166654
2025-10-28 13:00:00+00:00,52.49504148499998
2025-10-28 14:00:00+00:00,51.169879604999984
2025-10-28 15:00:00+00:00,54.22017804749999
2025-10-28 16:00:00+00:00,56.421388822499985
2025-10-28 17:00:00+00:00,57.16959321166666
2025-10-28 18:00:00+00:00,56.14406876416666
2025-10-28 19:00:00+00:00,54.171661187499986
2025-10-28 20:00:00+00:00,52.041712637499984
2025-10-28 21:00:00+00:00,48.89186330749999
2025-10-28 22:00:00+00:00,45.091958085833326
2025-10-28 23:00:00+00:00,43.74130073333332
2025-10-29 00:00:00+00:00,43.16937787833332
2025-10-29 01:00:00+00:00,43.140721233333316
2025-10-29 02:00:00+00:00,43.71695556833332
2025-10-29 03:00:00+00:00,44.367007723333316
2025-10-29 04:00:00+00:00,47.268044648333316
2025-10-29 05:00:00+00:00,50.60451089499998
2025-10-29 06:00:00+00:00,52.89771297999999
2025-10-29 07:00:00+00:00,52.04419625416666
2025-10-29 08:00:00+00:00,51.822551559166655
2025-10-29 09:00:00+00:00,49.59429598833332
2025-10-29 10:00:00+00:00,48.59383734416665
2025-10-29 11:00:00+00:00,49.27021159833332
2025-10-29 12:00:00+00:00,49.44370573749999
2025-10-29 13:00:00+00:00,49.06778265416665
2025-10-29 14:00:00+00:00,49.01811792499998
2025-10-29 15:00:00+00:00,49.37118058249999
2025-10-29 16:00:00+00:00,50.242544219999985
2025-10-29 17:00:00+00:00,50.58354999999998
2025-10-29 18:00:00+00:00,50.082916666666655
2025-10-29 19:00:00+00:00,45.055066666666654
2025-10-29 20:00:00+00:00,46.158549999999984
2025-10-29 21:00:00+00:00,41.65791666666666
2025-10-29 22:00:00+00:00,38.50712499999998
2025-10-29 23:00:00+00:00,40.78259999999998
2025-10-30 00:00:00+00:00,40.23164999999998
2025-10-30 01:00:00+00:00,40.60633333333331
2025-10-30 02:00:00+00:00,40.88133333333331
2025-10-30 03:00:00+00:00,40.98164999999998
2025-10-30 04:00:00+00:00,43.68259999999999
2025-10-30 05:00:00+00:00,46.78275833333331
2025-10-30 06:00:00+00:00,50.48386666666665
2025-10-30 07:00:00+00:00,52.45886666666665
2025-10-30 08:00:00+00:00,52.95886666666665
2025-10-30 09:00:00+00:00,50.43323333333332
2025-10-30 10:00:00+00:00,46.883549999999985
2025-10-30 11:00:00+00:00,45.53259999999998
2025-10-30 12:00:00+00:00,44.50759999999998
2025-10-30 13:00:00+00:00,44.05759999999999
2025-10-30 14:00:00+00:00,44.656649999999985
2025-10-30 15:00:00+00:00,45.406649999999985
2025-10-30 16:00:00+00:00,49.03259999999998
2025-10-30 17:00:00+00:00,49.85854999999999
2025-10-30 18:00:00+00:00,49.63291666666665
2025-10-30 19:00:00+00:00,49.307599999999994
2025-10-30 20:00:00+00:00,47.482599999999984
2025-10-30 21:00:00+00:00,45.582599999999985
2025-10-30 22:00:00+00:00,43.08196666666665
2025-10-30 23:00:00+00:00,42.15759999999998
2025-10-31 00:00:00+00:00,43.13259999999998
2025-10-31 01:00:00+00:00,43.50759999999998
2025-10-31 02:00:00+00:00,42.832599999999985
2025-10-31 03:00:00+00:00,42.38259999999998
2025-10-31 04:00:00+00:00,45.082599999999985
2025-10-31 05:00:00+00:00,48.357916666666654
2025-10-31 06:00:00+00:00,51.10886666666666
2025-10-31 07:00:00+00:00,54.95949999999999
2025-10-31 08:00:00+00:00,54.68386666666665
2025-10-31 09:00:00+00:00,53.383866666666655
2025-10-31 10:00:00+00:00,51.008866666666655
2025-10-31 11:00:00+00:00,48.50791666666665
2025-10-31 12:00:00+00:00,47.40759999999998
2025-10-31 13:00:00+00:00,46.43259999999998
2025-10-31 14:00:00+00:00,47.50759999999998
2025-10-31 15:00:00+00:00,49.90791666666665
2025-10-31 16:00:00+00:00,51.98323333333332
2025-10-31 17:00:00+00:00,51.55886666666665
2025-10-31 18:00:00+00:00,51.258866666666655
2025-10-31 19:00:00+00:00,50.508233333333315
2025-10-31 20:00:00+00:00,48.133549999999985
2025-10-31 21:00:00+00:00,45.63259999999999
2025-10-31 22:00:00+00:00,43.332599999999985
2025-10-31 23:00:00+00:00,42.332599999999985
2025-11-01 00:00:00+00:00,42.482599999999984
2025-11-01 01:00:00+00:00,42.53259999999998
2025-11-01 02:00:00+00:00,42.758757407407394
2025-11-01 03:00:00+00:00,43.93560925925924
2025-11-01 04:00:00+00:00,45.83777777777776
2025-11-01 05:00:00+00:00,48.07744629629628
2025-11-01 06:00:00+00:00,50.31743148148147
2025-11-01 07:00:00+00:00,53.59428333333332
2025-11-01 08:00:00+00:00,53.246135185185175
2025-11-01 09:00:00+00:00,51.84798703703703
2025-11-01 10:00:00+00:00,50.849838888888875
2025-11-01 11:00:00+00:00,50.026690740740726
2025-11-01 12:00:00+00:00,49.42854259259258
2025-11-01 13:00:00+00:00,47.90444444444443
2025-11-01 14:00:00+00:00,48.630979629629614
2025-11-01 15:00:00+00:00,49.407831481481466
2025-11-01 16:00:00+00:00,49.910633333333315
2025-11-01 17:00:00+00:00,50.36280185185184
2025-11-01 18:00:00+00:00,50.53933703703702
2025-11-01 19:00:00+00:00,48.74118888888887
2025-11-01 20:00:00+00:00,46.80490740740739
2025-11-01 21:00:00+00:00,44.88144259259258
2025-11-01 22:00:00+00:00,42.370477777777765
2025-11-01 23:00:00+00:00,40.322012962962944
2025-11-02 00:00:00+00:00,39.09823148148147
2025-11-02 01:00:00+00:00,38.87508333333332
2025-11-02 02:00:00+00:00,39.07693518518517
2025-11-02 03:00:00+00:00,39.60378703703703
2025-11-02 04:00:00+00:00,41.68063888888887
2025-11-02 05:00:00+00:00,43.008440740740724
2025-11-02 06:00:00+00:00,45.160609259259246
2025-11-02 07:00:00+00:00,49.288411111111095
2025-11-02 08:00:00+00:00,50.91557962962962
2025-11-02 09:00:00+00:00,50.86743148148147
2025-11-02 10:00:00+00:00,48.86833333333332
2025-11-02 11:00:00+00:00,47.7198685185185
2025-11-02 12:00:00+00:00,45.796720370370366
2025-11-02 13:00:00+00:00,45.77357222222221
2025-11-02 14:00:00+00:00,46.30042407407406
2025-11-02 15:00:00+00:00,47.60227592592591
2025-11-02 16:00:00+00:00,50.167736111111104
2025-11-02 17:00:00+00:00,51.28224629629628
2025-11-02 18:00:00+00:00,52.18409814814814
2025-11-02 19:00:00+00:00,52.01094999999999
2025-11-02 20:00:00+00:00,49.587485185185166
2025-11-02 21:00:00+00:00,46.83838703703702
2025-11-02 22:00:00+00:00,44.19023888888887
2025-11-02 23:00:00+00:00,42.21709074074072
2025-11-03 00:00:00+00:00,41.29394259259257
2025-11-03 01:00:00+00:00,41.395161111111086
2025-11-03 02:00:00+00:00,41.622646296296274
2025-11-03 03:00:00+00:00,42.749498148148135
2025-11-03 04:00:00+00:00,45.451349999999984
2025-11-03 05:00:00+00:00,50.20415185185183
2025-11-03 06:00:00+00:00,54.68163703703703
2025-11-03 07:00:00+00:00,55.00943888888889
2025-11-03 08:00:00+00:00,52.284183333333324
2025-11-03 09:00:00+00:00,48.60823333333332
2025-11-03 10:00:00+00:00,46.30791666666666
2025-11-03 11:00:00+00:00,45.107599999999984
2025-11-03 12:00:00+00:00,46.13259999999998
2025-11-03 13:00:00+00:00,48.332599999999985
2025-11-03 14:00:00+00:00,50.657599999999995
2025-11-03 15:00:00+00:00,51.63291666666666
2025-11-03 16:00:00+00:00,52.98386666666666
2025-11-03 17:00:00+00:00,52.85886666666666
2025-11-03 18:00:00+00:00,51.80886666666665
2025-11-03 19:00:00+00:00,50.85886666666666
2025-11-03 20:00:00+00:00,48.332916666666655
2025-11-03 21:00:00+00:00,45.28259999999998
2025-11-03 22:00:00+00:00,42.607599999999984
2025-11-03 23:00:00+00:00,40.30728333333332
2025-11-04 00:00:00+00:00,39.73164999999998
2025-11-04 01:00:00+00:00,39.656649999999985
2025-11-04 02:00:00+00:00,39.706333333333326
2025-11-04 03:00:00+00:00,40.45633333333331
2025-11-04 04:00:00+00:00,42.58228333333332
2025-11-04 05:00:00+00:00,46.857916666666654
2025-11-04 06:00:00+00:00,49.55886666666665
2025-11-04 07:00:00+00:00,49.45791666666665
2025-11-04 08:00:00+00:00,48.33354999999998
2025-11-04 09:00:00+00:00,47.457916666666655
2025-11-04 10:00:00+00:00,44.832599999999985
2025-11-04 11:00:00+00:00,43.88259999999998
2025-11-04 12:00:00+00:00,43.40759999999998
2025-11-04 13:00:00+00:00,42.83228333333332
2025-11-04 14:00:00+00:00,43.33228333333332
2025-11-04 15:00:00+00:00,44.732599999999984
2025-11-04 16:00:00+00:00,46.25759999999998
2025-11-04 17:00:00+00:00,46.832599999999985
2025-11-04 18:00:00+00:00,46.90759999999998
2025-11-04 19:00:00+00:00,46.1076
2025-11-04 20:00:00+00:00,44.05759999999999
2025-11-04 21:00:00+00:00,41.531649999999985
2025-11-04 22:00:00+00:00,38.656333333333315
2025-11-04 23:00:00+00:00,37.00633333333331
2025-11-05 00:00:00+00:00,36.48133333333332
2025-11-05 01:00:00+00:00,36.33133333333331
2025-11-05 02:00:00+00:00,36.35633333333332
2025-11-05 03:00:00+00:00,37.85633333333331
2025-11-05 04:00:00+00:00,40.60664999999998
2025-11-05 05:00:00+00:00,44.38259999999998
2025-11-05 06:00:00+00:00,47.908549999999984
2025-11-05 07:00:00+00:00,48.93354999999998
2025-11-05 08:00:00+00:00,47.55759999999998
2025-11-05 09:00:00+00:00,45.25759999999998
2025-11-05 10:00:00+00:00,43.68259999999999
2025-11-05 11:00:00+00:00,43.13259999999998
2025-11-05 12:00:00+00:00,42.63259999999998
2025-11-05 13:00:00+00:00,42.58660724249998
2025-11-05 14:00:00+00:00,40.21681031333332
2025-11-05 15:00:00+00:00,42.56694191999999
2025-11-05 16:00:00+00:00,45.74993863999998
2025-11-05 17:00:00+00:00,46.391871999999985
2025-11-05 18:00:00+00:00,46.74238775499999
2025-11-05 19:00:00+00:00,45.11654747999999
2025-11-05 20:00:00+00:00,43.44139307333332
2025-11-05 21:00:00+00:00,40.86530361333332
2025-11-05 22:00:00+00:00,37.41597415499999
2025-11-05 23:00:00+00:00,35.915254735833315
2025-11-06 00:00:00+00:00,35.44052420333332
2025-11-06 01:00:00+00:00,35.614817213333325
2025-11-06 02:00:00+00:00,36.17644198333332
2025-11-06 03:00:00+00:00,37.145499210833314
2025-11-06 04:00:00+00:00,40.11586862583332
2025-11-06 05:00:00+00:00,44.94458489916666
2025-11-06 06:00:00+00:00,49.09474967666665
2025-11-06 07:00:00+00:00,49.89247224166666
2025-11-06 08:00:00+00:00,47.16742214499998
2025-11-06 09:00:00+00:00,43.56572458999998
2025-11-06 10:00:00+00:00,39.16378364499998
2025-11-06 11:00:00+00:00,37.08904358083331
2025-11-06 12:00:00+00:00,35.438087405833315
2025-11-06 13:00:00+00:00,34.79105154833332
2025-11-06 14:00:00+00:00,36.61577049083333
2025-11-06 15:00:00+00:00,40.515852459999984
2025-11-06 16:00:00+00:00,43.91980716749999
2025-11-06 17:00:00+00:00,46.09371480999999
2025-11-06 18:00:00+00:00,46.91824541499998
2025-11-06 19:00:00+00:00,46.519471057499985
2025-11-06 20:00:00+00:00,44.994048022499975
2025-11-06 21:00:00+00:00,43.51639886833332
2025-11-06 22:00:00+00:00,41.11528660833331
2025-11-06 23:00:00+00:00,40.24212530166665
2025-11-07 00:00:00+00:00,40.12665040833331
2025-11-07 01:00:00+00:00,40.74206735166665
2025-11-07 02:00:00+00:00,41.051372902499985
2025-11-07 03:00:00+00:00,42.070596506666654
2025-11-07 04:00:00+00:00,45.36845777166665
2025-11-07 05:00:00+00:00,51.87044012083332
2025-11-07 06:00:00+00:00,57.12713296583332
2025-11-07 07:00:00+00:00,58.99878345583332
2025-11-07 08:00:00+00:00,57.52337406916666
2025-11-07 09:00:00+00:00,53.444538159166655
2025-11-07 10:00:00+00:00,47.19230456666664
2025-11-07 11:00:00+00:00,44.016006027499984
2025-11-07 12:00:00+00:00,43.32013122833331
2025-11-07 13:00:00+00:00,45.39996677583332
2025-11-07 14:00:00+00:00,49.371095335833324
2025-11-07 15:00:00+00:00,51.61873760999998
2025-11-07 16:00:00+00:00,53.194332436666656
2025-11-07 17:00:00+00:00,53.220236456666655
2025-11-07 18:00:00+00:00,52.17887324999998
2025-11-07 19:00:00+00:00,51.14631348749999
2025-11-07 20:00:00+00:00,48.84306950666665
2025-11-07 21:00:00+00:00,46.24336131499999
2025-11-07 22:00:00+00:00,43.71834392999998
2025-11-07 23:00:00+00:00,41.94301651249999
2025-11-08 00:00:00+00:00,41.342404300833316
2025-11-08 01:00:00+00:00,41.57749666833332
2025-11-08 02:00:00+00:00,41.727458625833314
2025-11-08 03:00:00+00:00,42.62229611999999
2025-11-08 04:00:00+00:00,44.51713856999998
2025-11-08 05:00:00+00:00,46.493879967499986
2025-11-08 06:00:00+00:00,49.26944292166665
2025-11-08 07:00:00+00:00,52.64635778916666
2025-11-08 08:00:00+00:00,54.795146634166656
2025-11-08 09:00:00+00:00,54.77330780666665
2025-11-08 10:00:00+00:00,53.79437589916665
2025-11-08 11:00:00+00:00,52.897667459166655
2025-11-08 12:00:00+00:00,53.094060071666654
2025-11-08 13:00:00+00:00,53.118454494166656
2025-11-08 14:00:00+00:00,53.244819216666656
2025-11-08 15:00:00+00:00,53.370769596666655
2025-11-08 16:00:00+00:00,54.26992352666665
2025-11-08 17:00:00+00:00,54.21940655249999
2025-11-08 18:00:00+00:00,53.294259999166655
2025-11-08 19:00:00+00:00,52.144483106666655
2025-11-08 20:00:00+00:00,50.40430787499998
2025-11-08 21:00:00+00:00,47.20339264499999
2025-11-08 22:00:00+00:00,44.76803099999999
2025-11-08 23:00:00+00:00,43.39394081499998
2025-11-09 00:00:00+00:00,42.41907989499999
2025-11-09 01:00:00+00:00,42.80532237999998
2025-11-09 02:00:00+00:00,42.82653226499998
2025-11-09 03:00:00+00:00,43.42293067249998
2025-11-09 04:00:00+00:00,45.493465624999985
2025-11-09 05:00:00+00:00,47.77186728999998
2025-11-09 06:00:00+00:00,50.24445618999999
2025-11-09 07:00:00+00:00,54.06945413166666
2025-11-09 08:00:00+00:00,57.243929304166656
2025-11-09 09:00:00+00:00,56.41911016833332
2025-11-09 10:00:00+00:00,54.84324587416665
2025-11-09 11:00:00+00:00,53.84375377583333
2025-11-09 12:00:00+00:00,53.54601588416666
2025-11-09 13:00:00+00:00,52.84440777166666
2025-11-09 14:00:00+00:00,53.11848636666666
2025-11-09 15:00:00+00:00,53.394488901666655
2025-11-09 16:00:00+00:00,54.293958659166655
2025-11-09 17:00:00+00:00,54.444549749166654
2025-11-09 18:00:00+00:00,54.01917597166666
2025-11-09 19:00:00+00:00,52.46957872416665
2025-11-09 20:00:00+00:00,49.46816390499998
2025-11-09 21:00:00+00:00,46.81658224999998
2025-11-09 22:00:00+00:00,43.893146899999984
2025-11-09 23:00:00+00:00,41.51893501999999
2025-11-10 00:00:00+00:00,40.99216792499998
2025-11-10 01:00:00+00:00,41.16574441333332
2025-11-10 02:00:00+00:00,41.30114643833332
2025-11-10 03:00:00+00:00,42.14643594249998
2025-11-10 04:00:00+00:00,44.842654324999984
2025-11-10 05:00:00+00:00,49.74280583416666
2025-11-10 06:00:00+00:00,52.89885253666665
2025-11-10 07:00:00+00:00,53.07008540666666
2025-11-10 08:00:00+00:00,52.619577504999995
2025-11-10 09:00:00+00:00,51.67323910583332
2025-11-10 10:00:00+00:00,48.694946706666656
2025-11-10 11:00:00+00:00,47.82328172916665
2025-11-10 12:00:00+00:00,48.498284626666646
2025-11-10 13:00:00+00:00,47.82306769416665
2025-11-10 14:00:00+00:00,48.66722923166665
2025-11-10 15:00:00+00:00,51.693616754166655
2025-11-10 16:00:00+00:00,53.92124478666666
2025-11-10 17:00:00+00:00,55.26977575416665
2025-11-10 18:00:00+00:00,54.767805454166655
2025-11-10 19:00:00+00:00,54.39368339666666
2025-11-10 20:00:00+00:00,51.79363909499999
2025-11-10 21:00:00+00:00,48.92711774499999
2025-11-10 22:00:00+00:00,46.04139680999999
2025-11-10 23:00:00+00:00,43.64159673749998
2025-11-11 00:00:00+00:00,43.591898077499984
2025-11-11 01:00:00+00:00,43.49224287999998
2025-11-11 02:00:00+00:00,44.20228851249998
2025-11-11 03:00:00+00:00,45.32219470749999
2025-11-11 04:00:00+00:00,47.76934440666665
2025-11-11 05:00:00+00:00,53.49433823166665
2025-11-11 06:00:00+00:00,56.572058604166656
2025-11-11 07:00:00+00:00,57.24718983083332
2025-11-11 08:00:00+00:00,56.69410315416666
2025-11-11 09:00:00+00:00,54.42149107416666
2025-11-11 10:00:00+00:00,52.64614337416665
2025-11-11 11:00:00+00:00,52.04685615916665
2025-11-11 12:00:00+00:00,52.32166408499999
2025-11-11 13:00:00+00:00,53.59540694999998
2025-11-11 14:00:00+00:00,54.59055653499998
2025-11-11 15:00:00+00:00,53.26786873999998
2025-11-11 16:00:00+00:00,53.1730114225
2025-11-11 17:00:00+00:00,53.77109411666666
2025-11-11 18:00:00+00:00,53.993135769166656
2025-11-11 19:00:00+00:00,53.36943674666665
2025-11-11 20:00:00+00:00,51.819711169999984
2025-11-11 21:00:00+00:00,48.54392510833332
2025-11-11 22:00:00+00:00,44.992857149999985
2025-11-11 23:00:00+00:00,43.51783976499998
2025-11-12 00:00:00+00:00,43.14299622999999
2025-11-12 01:00:00+00:00,43.31814895833331
2025-11-12 02:00:00+00:00,43.85359734333332
2025-11-12 03:00:00+00:00,44.372803182499986
2025-11-12 04:00:00+00:00,47.243817061666654
2025-11-12 05:00:00+00:00,51.29495372083332
2025-11-12 06:00:00+00:00,54.97637587916666
2025-11-12 07:00:00+00:00,55.369996423333326
2025-11-12 08:00:00+00:00,55.021934391666655
2025-11-12 09:00:00+00:00,53.02012840999999
2025-11-12 10:00:00+00:00,50.06974266249999
2025-11-12 11:00:00+00:00,48.96948432583332
2025-11-12 12:00:00+00:00,47.89375911166665
2025-11-12 13:00:00+00:00,48.56858236416665
2025-11-12 14:00:00+00:00,48.59733752416665
2025-11-12 15:00:00+00:00,50.018505809999986
2025-11-12 16:00:00+00:00,51.56901081416665
2025-11-12 17:00:00+00:00,52.21902240416665
2025-11-12 18:00:00+00:00,51.96932374416666
2025-11-12 19:00:00+00:00,50.56658392833332
2025-11-12 20:00:00+00:00,48.09478070999998
2025-11-12 21:00:00+00:00,45.418740887499986
2025-11-12 22:00:00+00:00,42.34190303333332
2025-11-12 23:00:00+00:00,40.39254048333332
2025-11-13 00:00:00+00:00,40.066907149999984
2025-11-13 01:00:00+00:00,40.292122404166655
2025-11-13 02:00:00+00:00,40.22773968333332
2025-11-13 03:00:00+00:00,42.071164416666655
2025-11-13 04:00:00+00:00,45.24313614916666
2025-11-13 05:00:00+00:00,50.547583431666645
2025-11-13 06:00:00+00:00,54.896151686666656
2025-11-13 07:00:00+00:00,55.297082623333324
2025-11-13 08:00:00+00:00,51.89451170166666
2025-11-13 09:00:00+00:00,47.84598149416666
2025-11-13 10:00:00+00:00,46.97352755749998
2025-11-13 11:00:00+00:00,47.51854095999998
2025-11-13 12:00:00+00:00,51.244995504999984
2025-11-13 13:00:00+00:00,50.943398982499986
2025-11-13 14:00:00+00:00,51.16756739999999
2025-11-13 15:00:00+00:00,52.64177927999999
2025-11-13 16:00:00+00:00,54.092567399999986
2025-11-13 17:00:00+00:00,54.73105834499999
2025-11-13 18:00:00+00:00,54.56893463999998
2025-11-13 19:00:00+00:00,53.46938870833332
2025-11-13 20:00:00+00:00,52.59417223499998
2025-11-13 21:00:00+00:00,50.24175609999998
2025-11-13 22:00:00+00:00,46.49287453499998
2025-11-13 23:00:00+00:00,44.39206323499998
2025-11-14 00:00:00+00:00,43.842008562499984
2025-11-14 01:00:00+00:00,44.01694191999999
2025-11-14 02:00:00+00:00,44.42705671249998
2025-11-14 03:00:00+00:00,45.79638172916665
2025-11-14 04:00:00+00:00,48.717840604166646
2025-11-14 05:00:00+00:00,50.34479435833332
2025-11-14 06:00:00+00:00,54.02469654833333
2025-11-14 07:00:00+00:00,56.14583669833332
2025-11-14 08:00:00+00:00,55.54381050666666
2025-11-14 09:00:00+00:00,53.34363413916666
2025-11-14 10:00:00+00:00,51.993622549166645
2025-11-14 11:00:00+00:00,51.96818464666666
2025-11-14 12:00:00+00:00,53.09512429333332
2025-11-14 13:00:00+00:00,56.87335416666665
2025-11-14 14:00:00+00:00,58.77557449083332
2025-11-14 15:00:00+00:00,60.24471658499999
2025-11-14 16:00:00+00:00,61.418983517499996
2025-11-14 17:00:00+00:00,60.64532010416666
2025-11-14 18:00:00+00:00,59.86888042666666
2025-11-14 19:00:00+00:00,59.49436720666666
2025-11-14 20:00:00+00:00,57.19424551166665
2025-11-14 21:00:00+00:00,54.84308689166666
2025-11-14 22:00:00+00:00,52.39369041083332
2025-11-14 23:00:00+00:00,50.99359647166665
2025-11-15 00:00:00+00:00,50.61819120166665
2025-11-15 01:00:00+00:00,49.719143639999984
2025-11-15 02:00:00+00:00,49.752552184999985
2025-11-15 03:00:00+00:00,50.87389843749998
2025-11-15 04:00:00+00:00,53.67122778166665
2025-11-15 05:00:00+00:00,56.24422644833332
2025-11-15 06:00:00+00:00,60.096445553333325
2025-11-15 07:00:00+00:00,64.80009396499999
2025-11-15 08:00:00+00:00,68.2972341325
2025-11-15 09:00:00+00:00,67.14716085583332
2025-11-15 10:00:00+00:00,62.74732227666666
2025-11-15 11:00:00+00:00,55.469608538333325
2025-11-15 12:00:00+00:00,56.321511815833325
2025-11-15 13:00:00+00:00,56.725546354999985
2025-11-15 14:00:00+00:00,59.52271138083333
2025-11-15 15:00:00+00:00,61.721734923333315
2025-11-15 16:00:00+00:00,63.67254912083331
2025-11-15 17:00:00+00:00,63.12162481833331
2025-11-15 18:00:00+00:00,62.271940645833325
2025-11-15 19:00:00+00:00,61.22201887833332
2025-11-15 20:00:00+00:00,58.07338360083332
2025-11-15 21:00:00+00:00,54.89679325333333
2025-11-15 22:00:00+00:00,52.39597821666665
2025-11-15 23:00:00+00:00,49.743393646666654
2025-11-16 00:00:00+00:00,48.89527450416665
2025-11-16 01:00:00+00:00,49.422592504166644
2025-11-16 02:00:00+00:00,50.10698292166665
2025-11-16 03:00:00+00:00,50.85056206166666
2025-11-16 04:00:00+00:00,54.471641744166654
2025-11-16 05:00:00+00:00,58.14623319666666
2025-11-16 06:00:00+00:00,63.97337696666665
2025-11-16 07:00:00+00:00,69.44893664333333
2025-11-16 08:00:00+00:00,72.0232362875
2025-11-16 09:00:00+00:00,68.93087858916665
2025-11-16 10:00:00+00:00,66.27200027416666
2025-11-16 11:00:00+00:00,59.99567939416665
2025-11-16 12:00:00+00:00,54.29374424416665
2025-11-16 13:00:00+00:00,54.469309256666655
2025-11-16 14:00:00+00:00,59.42070379333332
2025-11-16 15:00:00+00:00,62.397291243333314
2025-11-16 16:00:00+00:00,64.1709873683333
2025-11-16 17:00:00+00:00,64.09640918416665
2025-11-16 18:00:00+00:00,64.09860091333331
2025-11-16 19:00:00+00:00,62.44870774083331
2025-11-16 20:00:00+00:00,58.47073734416666
2025-11-16 21:00:00+00:00,54.97872921416666
2025-11-16 22:00:00+00:00,51.54517850666666
2025-11-16 23:00:00+00:00,50.36924673083332
2025-11-17 00:00:00+00:00,51.29596952416666
2025-11-17 01:00:00+00:00,52.14743565916666
2025-11-17 02:00:00+00:00,52.02921291166666
2025-11-17 03:00:00+00:00,53.37439726666666
2025-11-17 04:00:00+00:00,56.09562266333332
2025-11-17 05:00:00+00:00,62.19736451999999
2025-11-17 06:00:00+00:00,67.35155766166666
2025-11-17 07:00:00+00:00,69.02570251916664
2025-11-17 08:00:00+00:00,68.69939406833332
2025-11-17 09:00:00+00:00,65.77247798166665
2025-11-17 10:00:00+00:00,60.29681567333332
2025-11-17 11:00:00+00:00,58.42066864333332
2025-11-17 12:00:00+00:00,57.097093374166654
2025-11-17 13:00:00+00:00,57.40110351416665
2025-11-17 14:00:00+00:00,59.62461503833332
2025-11-17 15:00:00+00:00,64.45179685583331
2025-11-17 16:00:00+00:00,69.65337561333331
2025-11-17 17:00:00+00:00,70.30325475749999
2025-11-17 18:00:00+00:00,69.40351179583331
2025-11-17 19:00:00+00:00,67.49919535999999
2025-11-17 20:00:00+00:00,65.24954427916666
2025-11-17 21:00:00+00:00,60.47470402166665
2025-11-17 22:00:00+00:00,56.39665333416666
2025-11-17 23:00:00+00:00,54.849203134166665
2025-11-18 00:00:00+00:00,54.29709375416666
2025-11-18 01:00:00+00:00,53.89621291416666
2025-11-18 02:00:00+00:00,55.52864210416666
2025-11-18 03:00:00+00:00,57.04960878416666
2025-11-18 04:00:00+00:00,59.972661284166655
2025-11-18 05:00:00+00:00,65.59876942749999
2025-11-18 06:00:00+00:00,69.58208693083333
2025-11-18 07:00:00+00:00,70.80444235249999
2025-11-18 08:00:00+00:00,68.782314155
2025-11-18 09:00:00+00:00,63.98885381249999
2025-11-18 10:00:00+00:00,61.60632069249999
2025-11-18 11:00:00+00:00,61.75463930333333
2025-11-18 12:00:00+00:00,63.250774038333326
2025-11-18 13:00:00+00:00,63.58284477749998
2025-11-18 14:00:00+00:00,64.32568589416664
2025-11-18 15:00:00+00:00,67.12816493499999
2025-11-18 16:00:00+00:00,70.67857927749999
2025-11-18 17:00:00+00:00,72.67770712999999
2025-11-18 18:00:00+00:00,73.07724642749997
2025-11-18 19:00:00+00:00,73.70208127
2025-11-18 20:00:00+00:00,71.17928253083333
2025-11-18 21:00:00+00:00,67.69686820833331
2025-11-18 22:00:00+00:00,64.02150891833332
2025-11-18 23:00:00+00:00,61.19677091249999
2025-11-19 00:00:00+00:00,61.69654986333332
2025-11-19 01:00:00+00:00,62.14533207416665
2025-11-19 02:00:00+00:00,62.730327229999986
2025-11-19 03:00:00+00:00,64.85568735916665
2025-11-19 04:00:00+00:00,69.25488810833332
2025-11-19 05:00:00+00:00,75.78043451666666
2025-11-19 06:00:00+00:00,78.75750584916666
2025-11-19 07:00:00+00:00,79.63975641833332
2025-11-19 08:00:00+00:00,78.67451164666666
2025-11-19 09:00:00+00:00,77.17433901583331
2025-11-19 10:00:00+00:00,75.27405795833333
2025-11-19 11:00:00+00:00,76.55512700166665
2025-11-19 12:00:00+00:00,77.81299100166666
2025-11-19 13:00:00+00:00,78.30599045666665
2025-11-19 14:00:00+00:00,77.79929723166666
2025-11-19 15:00:00+00:00,77.89865436666666
2025-11-19 16:00:00+00:00,79.17474672416665
2025-11-19 17:00:00+00:00,80.50160943666666
2025-11-19 18:00:00+00:00,79.20001329416665
2025-11-19 19:00:00+00:00,77.25094133333332
2025-11-19 20:00:00+00:00,73.92532248749998
2025-11-19 21:00:00+00:00,69.02389150249999
2025-11-19 22:00:00+00:00,65.72295187333332
2025-11-19 23:00:00+00:00,64.64916302833332
2025-11-20 00:00:00+00:00,64.50094209333332
2025-11-20 01:00:00+00:00,65.37387907333331
2025-11-20 02:00:00+00:00,66.13145893333332
2025-11-20 03:00:00+00:00,68.50140073749998
2025-11-20 04:00:00+00:00,72.42579935583332
2025-11-20 05:00:00+00:00,79.40228950999999
2025-11-20 06:00:00+00:00,84.78522911916664
2025-11-20 07:00:00+00:00,88.17875694333331
2025-11-20 08:00:00+00:00,87.1523951183333
2025-11-20 09:00:00+00:00,81.4785602933333
2025-11-20 10:00:00+00:00,76.36073488333332
2025-11-20 11:00:00+00:00,72.98085755166666
2025-11-20 12:00:00+00:00,71.34987215583332
2025-11-20 13:00:00+00:00,72.67992455666665
2025-11-20 14:00:00+00:00,74.75390837333332
2025-11-20 15:00:00+00:00,78.45259664499997
2025-11-20 16:00:00+00:00,81.42700639416664
2025-11-20 17:00:00+00:00,83.0045570333333
2025-11-20 18:00:00+00:00,84.68074089166664
2025-11-20 19:00:00+00:00,83.70273946166664
2025-11-20 20:00:00+00:00,80.70129940416663
2025-11-20 21:00:00+00:00,76.32755607999998
2025-11-20 22:00:00+00:00,72.626507565
2025-11-20 23:00:00+00:00,73.27690452249999
2025-11-21 00:00:00+00:00,69.87847206999999
2025-11-21 01:00:00+00:00,70.76904209965052
2025-11-21 02:00:00+00:00,73.34020292790322
2025-11-21 03:00:00+00:00,74.77277575798387
2025-11-21 04:00:00+00:00,82.2323967405645
2025-11-21 05:00:00+00:00,88.9981641598118
2025-11-21 06:00:00+00:00,94.26308383072579
2025-11-21 07:00:00+00:00,95.94638645080641
2025-11-21 08:00:00+00:00,97.05604670005374
2025-11-21 09:00:00+00:00,89.95208592499998
2025-11-21 10:00:00+00:00,82.9823328383333
2025-11-21 11:00:00+00:00,76.75743920666665
2025-11-21 12:00:00+00:00,73.24901159833333
2025-11-21 13:00:00+00:00,73.65532646999998
2025-11-21 14:00:00+00:00,76.27377232499998
2025-11-21 15:00:00+00:00,80.80059569166663
2025-11-21 16:00:00+00:00,85.33543232416663
2025-11-21 17:00:00+00:00,85.60278917833331
2025-11-21 18:00:00+00:00,86.5783628833333
2025-11-21 19:00:00+00:00,87.9787540458333
2025-11-21 20:00:00+00:00,85.5291397933333
2025-11-21 21:00:00+00:00,81.70617010166664
2025-11-21 22:00:00+00:00,78.66026137166665
2025-11-21 23:00:00+00:00,76.25899554416665
2025-11-22 00:00:00+00:00,75.75326924499998
2025-11-22 01:00:00+00:00,73.99989075999999
2025-11-22 02:00:00+00:00,72.23102972333331
2025-11-22 03:00:00+00:00,71.45228737249997
2025-11-22 04:00:00+00:00,72.57518050999998
2025-11-22 05:00:00+00:00,75.27551661999999
2025-11-22 06:00:00+00:00,78.92986127083331
2025-11-22 07:00:00+00:00,83.1813936683333
2025-11-22 08:00:00+00:00,87.0296899383333
2025-11-22 09:00:00+00:00,85.4042263383333
2025-11-22 10:00:00+00:00,83.3288293808333
2025-11-22 11:00:00+00:00,80.6273636258333
2025-11-22 12:00:00+00:00,78.05347542666664
2025-11-22 13:00:00+00:00,77.42845140749996
2025-11-22 14:00:00+00:00,80.47877013249996
2025-11-22 15:00:00+00:00,82.98340407416664
2025-11-22 16:00:00+00:00,85.21226933916664
2025-11-22 17:00:00+00:00,84.51080114583331
2025-11-22 18:00:00+00:00,84.34017945333332
2025-11-22 19:00:00+00:00,82.85139212416664
2025-11-22 20:00:00+00:00,80.37815380416664
2025-11-22 21:00:00+00:00,76.80180356916664
2025-11-22 22:00:00+00:00,73.45253122166665
2025-11-22 23:00:00+00:00,71.47559691083332
2025-11-23 00:00:00+00:00,70.70115117249998
2025-11-23 01:00:00+00:00,71.50148728249998
2025-11-23 02:00:00+00:00,75.68335725499998
2025-11-23 03:00:00+00:00,76.60477098916664
2025-11-23 04:00:00+00:00,79.12673402916666
2025-11-23 05:00:00+00:00,81.55328419166665
2025-11-23 06:00:00+00:00,85.90468330416664
2025-11-23 07:00:00+00:00,92.23297074749996
2025-11-23 08:00:00+00:00,97.106802675
2025-11-23 09:00:00+00:00,93.83568532499997
2025-11-23 10:00:00+00:00,91.78856665916663
2025-11-23 11:00:00+00:00,90.08273894749998
2025-11-23 12:00:00+00:00,89.0022473458333
2025-11-23 13:00:00+00:00,87.77694310833331
2025-11-23 14:00:00+00:00,85.17779123666664
2025-11-23 15:00:00+00:00,87.05263682999997
2025-11-23 16:00:00+00:00,88.30366048666664
2025-11-23 17:00:00+00:00,89.85492173833332
2025-11-23 18:00:00+00:00,88.7046146033333
2025-11-23 19:00:00+00:00,85.72937494999995
2025-11-23 20:00:00+00:00,82.5535110358333
2025-11-23 21:00:00+00:00,80.70237063999998
2025-11-23 22:00:00+00:00,76.87731642666664
2025-11-23 23:00:00+00:00,73.8262728675
2025-11-24 00:00:00+00:00,73.02637717749998
2025-11-24 01:00:00+00:00,72.62609901749998
2025-11-24 02:00:00+00:00,73.01391176249999
2025-11-24 03:00:00+00:00,74.21228626499999
2025-11-24 04:00:00+00:00,77.3568377458333
2025-11-24 05:00:00+00:00,83.4014509133333
2025-11-24 06:00:00+00:00,87.62860879083331
2025-11-24 07:00:00+00:00,88.67849372999997
2025-11-24 08:00:00+00:00,87.77885050249996
2025-11-24 09:00:00+00:00,85.0256309208333
2025-11-24 10:00:00+00:00,82.97791209249996
2025-11-24 11:00:00+00:00,83.33118131166664
2025-11-24 12:00:00+00:00,81.2287920933333
2025-11-24 13:00:00+00:00,80.78953190666664
2025-11-24 14:00:00+00:00,80.59945060916664
2025-11-24 15:00:00+00:00,80.72678038916665
2025-11-24 16:00:00+00:00,81.02666738666663
2025-11-24 17:00:00+00:00,81.10299444166662
2025-11-24 18:00:00+00:00,81.17739176166664
2025-11-24 19:00:00+00:00,79.08032730916663
2025-11-24 20:00:00+00:00,75.9836950433333
2025-11-24 21:00:00+00:00,71.43319415583333
2025-11-24 22:00:00+00:00,66.94815637666665
2025-11-24 23:00:00+00:00,64.49989609583331
2025-11-25 00:00:00+00:00,63.69804749083332
2025-11-25 01:00:00+00:00,64.34858352833332
2025-11-25 02:00:00+00:00,64.53175158083332
2025-11-25 03:00:00+00:00,65.55179769499998
2025-11-25 04:00:00+00:00,68.99963577999999
2025-11-25 05:00:00+00:00,75.8254467
2025-11-25 06:00:00+00:00,79.40748724499997
2025-11-25 07:00:00+00:00,80.04222302999997
2025-11-25 08:00:00+00:00,79.72879377166664
2025-11-25 09:00:00+00:00,77.00935360999998
2025-11-25 10:00:00+00:00,74.74921815999998
2025-11-25 11:00:00+00:00,75.22385223583332
2025-11-25 12:00:00+00:00,72.34597204166666
2025-11-25 13:00:00+00:00,74.87638716833332
2025-11-25 14:00:00+00:00,76.57895351416666
2025-11-25 15:00:00+00:00,78.77406954833332
2025-11-25 16:00:00+00:00,80.37523022666666
2025-11-25 17:00:00+00:00,79.92578654666664
2025-11-25 18:00:00+00:00,79.12933888166665
2025-11-25 19:00:00+00:00,77.30555537249998
2025-11-25 20:00:00+00:00,73.82754113333333
2025-11-25 21:00:00+00:00,69.67145096833332
2025-11-25 22:00:00+00:00,65.64720142083333
2025-11-25 23:00:00+00:00,63.84626758666665
2025-11-26 00:00:00+00:00,63.82357811333331
2025-11-26 01:00:00+00:00,63.023460994166655
2025-11-26 02:00:00+00:00,62.73386666666666
2025-11-26 03:00:00+00:00,64.68481666666665
2025-11-26 04:00:00+00:00,68.33544999999998
2025-11-26 05:00:00+00:00,75.91234999999998
2025-11-26 06:00:00+00:00,80.36329999999998
2025-11-26 07:00:00+00:00,81.99253446666665
2025-11-26 08:00:00+00:00,82.4035544983333
2025-11-26 09:00:00+00:00,79.68113617083331
2025-11-26 10:00:00+00:00,77.50262440083334
2025-11-26 11:00:00+00:00,71.85160112416666
2025-11-26 12:00:00+00:00,69.33024861749998
2025-11-26 13:00:00+00:00,69.78237706083331
2025-11-26 14:00:00+00:00,72.23378982166666
2025-11-26 15:00:00+00:00,77.63127646999997
2025-11-26 16:00:00+00:00,79.27487299499997
2025-11-26 17:00:00+00:00,79.57143964749997
2025-11-26 18:00:00+00:00,79.63559766666664
2025-11-26 19:00:00+00:00,78.77707883166664
2025-11-26 20:00:00+00:00,77.05184992916664
2025-11-26 21:00:00+00:00,72.59835882166665
2025-11-26 22:00:00+00:00,67.94953063083331
2025-11-26 23:00:00+00:00,65.24883850833332
2025-11-27 00:00:00+00:00,63.94372442083332
2025-11-27 01:00:00+00:00,62.03513333333332
2025-11-27 02:00:00+00:00,61.06013333333332
2025-11-27 03:00:00+00:00,62.83513333333332
2025-11-27 04:00:00+00:00,67.58639999999998
2025-11-27 05:00:00+00:00,75.6129833333333
2025-11-27 06:00:00+00:00,80.13893333333331
2025-11-27 07:00:00+00:00,81.7889333333333
2025-11-27 08:00:00+00:00,82.6639333333333
2025-11-27 09:00:00+00:00,80.8639333333333
2025-11-27 10:00:00+00:00,78.58798333333331
2025-11-27 11:00:00+00:00,78.73766666666666
2025-11-27 12:00:00+00:00,79.86266666666666
2025-11-27 13:00:00+00:00,78.76923819666665
2025-11-27 14:00:00+00:00,79.30869961916665
2025-11-27 15:00:00+00:00,79.10388976916664
2025-11-27 16:00:00+00:00,79.22744101916665
2025-11-27 17:00:00+00:00,78.35158915416665
2025-11-27 18:00:00+00:00,77.70235737166664
2025-11-27 19:00:00+00:00,75.46203333333331
2025-11-27 20:00:00+00:00,71.8614
2025-11-27 21:00:00+00:00,67.06044999999999
2025-11-27 22:00:00+00:00,61.78513333333333
2025-11-27 23:00:00+00:00,58.759183333333326
2025-11-28 00:00:00+00:00,58.08386666666665
2025-11-28 01:00:00+00:00,59.358866666666664
2025-11-28 02:00:00+00:00,59.65886666666666
2025-11-28 03:00:00+00:00,59.55886666666665
2025-11-28 04:00:00+00:00,62.809816666666656
2025-11-28 05:00:00+00:00,68.31108333333331
2025-11-28 06:00:00+00:00,71.16139999999999
2025-11-28 07:00:00+00:00,71.98421098333331
2025-11-28 08:00:00+00:00,70.39916432666665
2025-11-28 09:00:00+00:00,68.54799373666664
2025-11-28 10:00:00+00:00,68.921674535
2025-11-28 11:00:00+00:00,70.25461780166664
2025-11-28 12:00:00+00:00,70.47020260499998
2025-11-28 13:00:00+00:00,70.34688605249998
2025-11-28 14:00:00+00:00,71.09809926583331
2025-11-28 15:00:00+00:00,72.14859885499999
2025-11-28 16:00:00+00:00,72.23042498499998
2025-11-28 17:00:00+00:00,71.40147569249997
2025-11-28 18:00:00+00:00,70.27250238083333
2025-11-28 19:00:00+00:00,69.0710482158333
2025-11-28 20:00:00+00:00,66.62326770083332
2025-11-28 21:00:00+00:00,63.77807793083332
2025-11-28 22:00:00+00:00,59.569213639166655
2025-11-28 23:00:00+00:00,57.695077094166656
2025-11-29 00:00:00+00:00,56.995511719166664
2025-11-29 01:00:00+00:00,55.24539292166666
2025-11-29 02:00:00+00:00,55.20562399416666
2025-11-29 03:00:00+00:00,57.32904775416666
2025-11-29 04:00:00+00:00,60.10300465416666
2025-11-29 05:00:00+00:00,62.976767041666655
2025-11-29 06:00:00+00:00,66.72430584499999
2025-11-29 07:00:00+00:00,70.09993711999999
2025-11-29 08:00:00+00:00,73.67442426249998
2025-11-29 09:00:00+00:00,71.25258543499999
2025-11-29 10:00:00+00:00,69.23754180999998
2025-11-29 11:00:00+00:00,69.79952773333332
2025-11-29 12:00:00+00:00,68.57363240583334
2025-11-29 13:00:00+00:00,67.52240218749998
2025-11-29 14:00:00+00:00,67.87062601999997
2025-11-29 15:00:00+00:00,68.17201392249999
2025-11-29 16:00:00+00:00,68.87224862
2025-11-29 17:00:00+00:00,68.59787364083331
2025-11-29 18:00:00+00:00,67.64651471333332
2025-11-29 19:00:00+00:00,66.74693774833332
2025-11-29 20:00:00+00:00,64.82193980666665
2025-11-29 21:00:00+00:00,62.52202215583333
2025-11-29 22:00:00+00:00,59.501136605833324
2025-11-29 23:00:00+00:00,57.02142443166665
2025-11-30 00:00:00+00:00,55.770752211666654
2025-11-30 01:00:00+00:00,53.520650799166646
2025-11-30 02:00:00+00:00,51.40486027333333
2025-11-30 03:00:00+00:00,51.89965720249998
2025-11-30 04:00:00+00:00,53.294838659999996
2025-11-30 05:00:00+00:00,55.67160697416666
2025-11-30 06:00:00+00:00,58.373655126666655
2025-11-30 07:00:00+00:00,63.37224572249998
2025-11-30 08:00:00+00:00,67.62402440749999
2025-11-30 09:00:00+00:00,68.09878391499998
2025-11-30 10:00:00+00:00,66.67304794999998
2025-11-30 11:00:00+00:00,65.14922349583333
2025-11-30 12:00:00+00:00,63.90031913083332
2025-11-30 13:00:00+00:00,65.09739845083332
2025-11-30 14:00:00+00:00,66.22320685333331
2025-11-30 15:00:00+00:00,67.89878017833331
2025-11-30 16:00:00+00:00,68.08146228999999
2025-11-30 17:00:00+00:00,68.78098709999998
2025-11-30 18:00:00+00:00,70.60324896249999
2025-11-30 19:00:00+00:00,69.22500086499997
2025-11-30 20:00:00+00:00,64.94772670749998
2025-11-30 21:00:00+00:00,60.944061559999994
2025-11-30 22:00:00+00:00,56.971967942499994
2025-11-30 23:00:00+00:00,54.995598644166655
2025-12-01 00:00:00+00:00,55.27193439166666
2025-12-01 01:00:00+00:00,55.12325565166666
2025-12-01 02:00:00+00:00,55.305638481666655
2025-12-01 03:00:00+00:00,56.47587872833332
2025-12-01 04:00:00+00:00,60.599853472499994
2025-12-01 05:00:00+00:00,66.82605555499998
2025-12-01 06:00:00+00:00,70.07686479666667
2025-12-01 07:00:00+00:00,71.98074996416665
2025-12-01 08:00:00+00:00,73.12544753916666
2025-12-01 09:00:00+00:00,72.72557045333332
2025-12-01 10:00:00+00:00,70.45311857499999
2025-12-01 11:00:00+00:00,65.29854258333332
2025-12-01 12:00:00+00:00,64.78068575999998
2025-12-01 13:00:00+00:00,67.33031571916666
2025-12-01 14:00:00+00:00,67.92757674249998
2025-12-01 15:00:00+00:00,69.62964265999999
2025-12-01 16:00:00+00:00,70.82471401249998
2025-12-01 17:00:00+00:00,70.55160607999998
2025-12-01 18:00:00+00:00,70.22471111499999
2025-12-01 19:00:00+00:00,68.57451987999998
2025-12-01 20:00:00+00:00,65.84992758833332
2025-12-01 21:00:00+00:00,62.50802956333332
2025-12-01 22:00:00+00:00,58.976339050833325
2025-12-01 23:00:00+00:00,56.32341547333333
2025-12-02 00:00:00+00:00,55.67316377083333
2025-12-02 01:00:00+00:00,55.48015749666665
2025-12-02 02:00:00+00:00,56.61356398333332
2025-12-02 03:00:00+00:00,57.67951013499999
2025-12-02 04:00:00+00:00,61.37273539999999
2025-12-02 05:00:00+00:00,67.09981252749999
2025-12-02 06:00:00+00:00,71.28461728749998
2025-12-02 07:00:00+00:00,71.56196528666666
2025-12-02 08:00:00+00:00,71.45786803666665
2025-12-02 09:00:00+00:00,68.97359641666665
2025-12-02 10:00:00+00:00,66.39990524749999
2025-12-02 11:00:00+00:00,65.82703201249998
2025-12-02 12:00:00+00:00,65.12940506499999
2025-12-02 13:00:00+00:00,66.38226199999998
2025-12-02 14:00:00+00:00,68.17743354583331
2025-12-02 15:00:00+00:00,70.27541520749998
2025-12-02 16:00:00+00:00,70.07743934083332
2025-12-02 17:00:00+00:00,69.27500955749998
2025-12-02 18:00:00+00:00,69.45060644249999
2025-12-02 19:00:00+00:00,67.72469784666664
2025-12-02 20:00:00+00:00,64.29988328666666
2025-12-02 21:00:00+00:00,60.35318186083332
2025-12-02 22:00:00+00:00,56.177466178333326
2025-12-02 23:00:00+00:00,54.19819564333333
2025-12-03 00:00:00+00:00,53.42160407666666
2025-12-03 01:00:00+00:00,53.271676514166664
2025-12-03 02:00:00+00:00,53.38297676416666
2025-12-03 03:00:00+00:00,53.976353079166664
2025-12-03 04:00:00+00:00,57.198446506666656
2025-12-03 05:00:00+00:00,62.977422335833324
2025-12-03 06:00:00+00:00,66.62969069833332
2025-12-03 07:00:00+00:00,66.65293023749997
2025-12-03 08:00:00+00:00,66.89938369749999
2025-12-03 09:00:00+00:00,64.77477196249998
2025-12-03 10:00:00+00:00,62.62141871583332
2025-12-03 11:00:00+00:00,60.84666706166665
2025-12-03 12:00:00+00:00,61.07414854083332
2025-12-03 13:00:00+00:00,61.62595078583331
2025-12-03 14:00:00+00:00,63.249107595833316
2025-12-03 15:00:00+00:00,64.32295355166666
2025-12-03 16:00:00+00:00,65.30044250416664
2025-12-03 17:00:00+00:00,65.85001245499998
2025-12-03 18:00:00+00:00,66.17609322249997
2025-12-03 19:00:00+00:00,64.42322797499997
2025-12-03 20:00:00+00:00,61.322627353333324
2025-12-03 21:00:00+00:00,57.86876227833333
2025-12-03 22:00:00+00:00,54.27232845166666
2025-12-03 23:00:00+00:00,52.27138676416666
2025-12-04 00:00:00+00:00,51.720679774166655
2025-12-04 01:00:00+00:00,51.42054069416666
2025-12-04 02:00:00+00:00,51.53055735166666
2025-12-04 03:00:00+00:00,52.59979422416666
2025-12-04 04:00:00+00:00,55.54584866833333
2025-12-04 05:00:00+00:00,61.42347594083332
2025-12-04 06:00:00+00:00,65.22529351249999
2025-12-04 07:00:00+00:00,65.82651335999999
2025-12-04 08:00:00+00:00,65.82758833249999
2025-12-04 09:00:00+00:00,65.17738260999998
2025-12-04 10:00:00+00:00,65.40090488499999
2025-12-04 11:00:00+00:00,63.84958979999998
2025-12-04 12:00:00+00:00,62.42968360499999
2025-12-04 13:00:00+00:00,63.254115314999986
2025-12-04 14:00:00+00:00,64.52621987333332
2025-12-04 15:00:00+00:00,64.80687121749999
2025-12-04 16:00:00+00:00,65.47267744999999
2025-12-04 17:00:00+00:00,65.55004369925021
2025-12-04 18:00:00+00:00,66.07333744550134
2025-12-04 19:00:00+00:00,65.19786981400254
2025-12-04 20:00:00+00:00,64.54488303583707
2025-12-04 21:00:00+00:00,60.99297992267163
2025-12-04 22:00:00+00:00,57.88943682450617
2025-12-04 23:00:00+00:00,56.26362279134071
2025-12-05 00:00:00+00:00,56.48780418234191
2025-12-05 01:00:00+00:00,56.50996807417644
2025-12-05 02:00:00+00:00,57.015993360177646
2025-12-05 03:00:00+00:00,58.90877211534552
2025-12-05 04:00:00+00:00,61.90389410884672
2025-12-05 05:00:00+00:00,68.40377341734792
2025-12-05 06:00:00+00:00,71.6116680500158
2025-12-05 07:00:00+00:00,72.63583869018366
2025-12-05 08:00:00+00:00,72.65803837618488
2025-12-05 09:00:00+00:00,71.49582783135274
2025-12-05 10:00:00+00:00,70.14016936818727
2025-12-05 11:00:00+00:00,68.81823649668848
2025-12-05 12:00:00+00:00,68.46052073018967
2025-12-05 13:00:00+00:00,69.47398354119089
2025-12-05 14:00:00+00:00,70.1851663996921
2025-12-05 15:00:00+00:00,70.47048168652664
2025-12-05 16:00:00+00:00,70.50922265752784
2025-12-05 17:00:00+00:00,69.79334537102905
2025-12-05 18:00:00+00:00,69.83304903953024
2025-12-05 19:00:00+00:00,68.73212612053145
2025-12-05 20:00:00+00:00,66.35312643653266
2025-12-05 21:00:00+00:00,63.44952828586719
2025-12-05 22:00:00+00:00,60.487331009368404
2025-12-05 23:00:00+00:00,58.43264695036961
2025-12-06 00:00:00+00:00,57.34789245137081
2025-12-06 01:00:00+00:00,56.81444098820535
2025-12-06 02:00:00+00:00,56.79623159420655
2025-12-06 03:00:00+00:00,57.56470285187442
2025-12-06 04:00:00+00:00,60.8605351920423
2025-12-06 05:00:00+00:00,63.68522158721016
2025-12-06 06:00:00+00:00,68.08409546321137
2025-12-06 07:00:00+00:00,72.46110031754591
2025-12-06 08:00:00+00:00,75.58465127271376
2025-12-06 09:00:00+00:00,75.97855219954832
2025-12-06 10:00:00+00:00,73.97479964221618
2025-12-06 11:00:00+00:00,72.64667462321738
2025-12-06 12:00:00+00:00,71.7677730742186
2025-12-06 13:00:00+00:00,71.97062971438646
2025-12-06 14:00:00+00:00,71.24379034622099
2025-12-06 15:00:00+00:00,71.84322671722221
2025-12-06 16:00:00+00:00,71.93989597572342
2025-12-06 17:00:00+00:00,71.11221717172461
2025-12-06 18:00:00+00:00,70.06053510772581
2025-12-06 19:00:00+00:00,68.03601084206035
2025-12-06 20:00:00+00:00,65.4303931338949
2025-12-06 21:00:00+00:00,62.5770801573961
2025-12-06 22:00:00+00:00,58.07555166089731
2025-12-06 23:00:00+00:00,55.69297337439852
2025-12-07 00:00:00+00:00,54.39508928373305
2025-12-07 01:00:00+00:00,53.92770548223426
2025-12-07 02:00:00+00:00,53.70056253073547
2025-12-07 03:00:00+00:00,53.893262214236664
2025-12-07 04:00:00+00:00,55.58893763023787
2025-12-07 05:00:00+00:00,57.270233222905745
2025-12-07 06:00:00+00:00,59.76889558140694
2025-12-07 07:00:00+00:00,62.385108467408145
2025-12-07 08:00:00+00:00,65.69299497257602
2025-12-07 09:00:00+00:00,66.15824608357723
2025-12-07 10:00:00+00:00,64.85447202457843
2025-12-07 11:00:00+00:00,63.85220756307963
2025-12-07 12:00:00+00:00,63.65026472408083
2025-12-07 13:00:00+00:00,63.24602744508204
2025-12-07 14:00:00+00:00,63.09514425191658
2025-12-07 15:00:00+00:00,62.342776319584445
2025-12-07 16:00:00+00:00,62.86674329558565
2025-12-07 17:00:00+00:00,63.140660174920185
2025-12-07 18:00:00+00:00,62.53722222592139
2025-12-07 19:00:00+00:00,61.6978431319226
2025-12-07 20:00:00+00:00,59.107933795423804
2025-12-07 21:00:00+00:00,54.95571027892501
2025-12-07 22:00:00+00:00,51.602868375759556
2025-12-07 23:00:00+00:00,49.42652821676075
2025-12-08 00:00:00+00:00,49.09812831526196
2025-12-08 01:00:00+00:00,48.64700173209649
2025-12-08 02:00:00+00:00,50.15507638976437
2025-12-08 03:00:00+00:00,53.77193663743223
2025-12-08 04:00:00+00:00,57.09325575760011
2025-12-08 05:00:00+00:00,60.468303121101314
2025-12-08 06:00:00+00:00,61.71987456960252
2025-12-08 07:00:00+00:00,62.06535875060372
2025-12-08 08:00:00+00:00,62.16258181160492
2025-12-08 09:00:00+00:00,60.50878083593946
2025-12-08 10:00:00+00:00,58.886558024440674
2025-12-08 11:00:00+00:00,58.180189863775205
2025-12-08 12:00:00+00:00,58.97948715477641
2025-12-08 13:00:00+00:00,59.278596947444285
2025-12-08 14:00:00+00:00,59.97550959594549
2025-12-08 15:00:00+00:00,58.89806259194669
2025-12-08 16:00:00+00:00,59.645052633781226
2025-12-08 17:00:00+00:00,60.3936615389491
2025-12-08 18:00:00+00:00,61.342514293283635
2025-12-08 19:00:00+00:00,63.21356966178484
2025-12-08 20:00:00+00:00,60.23905203028605
2025-12-08 21:00:00+00:00,55.435398827120586
2025-12-08 22:00:00+00:00,52.507537860621795
2025-12-08 23:00:00+00:00,50.05569643412299
2025-12-09 00:00:00+00:00,49.3791215776242
2025-12-09 01:00:00+00:00,48.87694114362541
2025-12-09 02:00:00+00:00,49.0348411121266
2025-12-09 03:00:00+00:00,49.65281316062781
2025-12-09 04:00:00+00:00,52.831658302462344
2025-12-09 05:00:00+00:00,58.096404219296886
2025-12-09 06:00:00+00:00,61.17259983196476
2025-12-09 07:00:00+00:00,60.99298839546596
2025-12-09 08:00:00+00:00,60.517837889800504
2025-12-09 09:00:00+00:00,58.889861023301705
2025-12-09 10:00:00+00:00,57.80443617763625
2025-12-09 11:00:00+00:00,56.81096993030412
2025-12-09 12:00:00+00:00,56.85903868130532
2025-12-09 13:00:00+00:00,57.43138015980652
2025-12-09 14:00:00+00:00,57.00540508580773
2025-12-09 15:00:00+00:00,57.61236355180893
2025-12-09 16:00:00+00:00,57.85107319281014
2025-12-09 17:00:00+00:00,57.94803509881134
2025-12-09 18:00:00+00:00,58.049537387312554
2025-12-09 19:00:00+00:00,57.504053260813755
2025-12-09 20:00:00+00:00,55.642733926814955
2025-12-09 21:00:00+00:00,51.964836971149495
2025-12-09 22:00:00+00:00,48.410985059650685
2025-12-09 23:00:00+00:00,46.3081555856519
2025-12-10 00:00:00+00:00,45.6350258566531
2025-12-10 01:00:00+00:00,45.93155725432097
2025-12-10 02:00:00+00:00,46.191475561155514
2025-12-10 03:00:00+00:00,47.60832627715671
2025-12-10 04:00:00+00:00,50.75362791565792
2025-12-10 05:00:00+00:00,56.35300100082579
2025-12-10 06:00:00+00:00,59.20203218099367
2025-12-10 07:00:00+00:00,59.47849886032821
2025-12-10 08:00:00+00:00,59.54638810049608
2025-12-10 09:00:00+00:00,59.39499662566396
2025-12-10 10:00:00+00:00,58.217644399998484
2025-12-10 11:00:00+00:00,56.311305214333025
2025-12-10 12:00:00+00:00,56.314012862834225
2025-12-10 13:00:00+00:00,55.73784945133543
2025-12-10 14:00:00+00:00,56.88621084983664
2025-12-10 15:00:00+00:00,58.06020969833784
2025-12-10 16:00:00+00:00,59.95709337183904
2025-12-10 17:00:00+00:00,60.23043616617358
2025-12-10 18:00:00+00:00,59.879360898841455
2025-12-10 19:00:00+00:00,59.22764696234266
2025-12-10 20:00:00+00:00,57.19977982084386
2025-12-10 21:00:00+00:00,54.321639475178394
2025-12-10 22:00:00+00:00,51.22019332784627
2025-12-10 23:00:00+00:00,49.06856631634747
2025-12-11 00:00:00+00:00,48.68966682568201
2025-12-11 01:00:00+00:00,48.564334996683215
2025-12-11 02:00:00+00:00,49.09687277768442
2025-12-11 03:00:00+00:00,50.58946815118562
2025-12-11 04:00:00+00:00,53.80887118468683
2025-12-11 05:00:00+00:00,59.05921035652136
2025-12-11 06:00:00+00:00,62.53371878502257
2025-12-11 07:00:00+00:00,62.25463301519045
2025-12-11 08:00:00+00:00,62.20430492285832
2025-12-11 09:00:00+00:00,61.05024317219284
2025-12-11 10:00:00+00:00,59.62219844402739
2025-12-11 11:00:00+00:00,59.99584553734341
2025-12-11 12:00:00+00:00,60.44860954325202
2025-12-11 13:00:00+00:00,60.447910072256086
2025-12-11 14:00:00+00:00,62.122144689999985
2025-12-11 15:00:00+00:00,62.49575510916666
2025-12-11 16:00:00+00:00,62.99583006416666
2025-12-11 17:00:00+00:00,62.79678418083332
2025-12-11 18:00:00+00:00,62.846337126666654
2025-12-11 19:00:00+00:00,61.54559574666665
2025-12-11 20:00:00+00:00,59.319804729166655
2025-12-11 21:00:00+00:00,56.12117356833332
2025-12-11 22:00:00+00:00,52.52031796666665
2025-12-11 23:00:00+00:00,50.61865685999998
2025-12-12 00:00:00+00:00,50.06877855499998
2025-12-12 01:00:00+00:00,50.168929224999985
2025-12-12 02:00:00+00:00,50.07867061999998
2025-12-12 03:00:00+00:00,51.22309003499998
2025-12-12 04:00:00+00:00,55.19646705499999
2025-12-12 05:00:00+00:00,60.74872176916666
2025-12-12 06:00:00+00:00,65.77386252749999
2025-12-12 07:00:00+00:00,69.65867906249998
2025-12-12 08:00:00+00:00,68.52341882999998
2025-12-12 09:00:00+00:00,65.04700728833332
2025-12-12 10:00:00+00:00,64.80271826083332
2025-12-12 11:00:00+00:00,64.33241510833332
2025-12-12 12:00:00+00:00,65.32960079666665
2025-12-12 13:00:00+00:00,66.73110711666666
2025-12-12 14:00:00+00:00,66.90468566333331
2025-12-12 15:00:00+00:00,67.90416411333332
2025-12-12 16:00:00+00:00,68.32139675499998
2025-12-12 17:00:00+00:00,68.62297177583332
2025-12-12 18:00:00+00:00,67.49978888833331
2025-12-12 19:00:00+00:00,65.3969443825
2025-12-12 20:00:00+00:00,62.848955247499994
2025-12-12 21:00:00+00:00,60.14776849166666
2025-12-12 22:00:00+00:00,56.44599560166666
2025-12-12 23:00:00+00:00,54.39470331666665
2025-12-13 00:00:00+00:00,53.346777926666654
2025-12-13 01:00:00+00:00,52.506244244166645
2025-12-13 02:00:00+00:00,52.48038555999999
2025-12-13 03:00:00+00:00,52.52605379749998
2025-12-13 04:00:00+00:00,54.20330599416665
2025-12-13 05:00:00+00:00,56.77726868916666
2025-12-13 06:00:00+00:00,59.25236102916666
2025-12-13 07:00:00+00:00,60.84926154333332
2025-12-13 08:00:00+00:00,64.950685055
2025-12-13 09:00:00+00:00,66.80119753249998
2025-12-13 10:00:00+00:00,67.09930004999998
2025-12-13 11:00:00+00:00,64.4723793875
2025-12-13 12:00:00+00:00,62.67361250333332
2025-12-13 13:00:00+00:00,61.94757230083333
2025-12-13 14:00:00+00:00,62.62298702333332
2025-12-13 15:00:00+00:00,63.372568564166656
2025-12-13 16:00:00+00:00,64.59769979083332
2025-12-13 17:00:00+00:00,64.72390804833331
2025-12-13 18:00:00+00:00,64.03410743333332
2025-12-13 19:00:00+00:00,62.471563131666656
2025-12-13 20:00:00+00:00,60.697544545
2025-12-13 21:00:00+00:00,58.47287028416666
2025-12-13 22:00:00+00:00,56.23071381666666
2025-12-13 23:00:00+00:00,54.12783370166666
2025-12-14 00:00:00+00:00,53.502309254166654
2025-12-14 01:00:00+00:00,53.121789516666645
2025-12-14 02:00:00+00:00,53.681354164166656
2025-12-14 03:00:00+00:00,54.51101063166665
2025-12-14 04:00:00+00:00,56.59749650666666
2025-12-14 05:00:00+00:00,59.59838108333332
2025-12-14 06:00:00+00:00,64.55192808249998
2025-12-14 07:00:00+00:00,69.2717151
2025-12-14 08:00:00+00:00,71.40128987249999
2025-12-14 09:00:00+00:00,71.25979440999998
2025-12-14 10:00:00+00:00,71.17732465999998
2025-12-14 11:00:00+00:00,68.19969372999996
2025-12-14 12:00:00+00:00,65.42394121916665
2025-12-14 13:00:00+00:00,64.79824124333331
2025-12-14 14:00:00+00:00,65.10171534583331
2025-12-14 15:00:00+00:00,65.35463312833332
2025-12-14 16:00:00+00:00,65.21949225833332
2025-12-14 17:00:00+00:00,65.35233373249999
2025-12-14 18:00:00+00:00,63.998223019166645
2025-12-14 19:00:00+00:00,62.69842088833332
2025-12-14 20:00:00+00:00,59.94765548916664
2025-12-14 21:00:00+00:00,56.571715020833324
2025-12-14 22:00:00+00:00,53.197584270833325
2025-12-14 23:00:00+00:00,50.94762399666665
2025-12-15 00:00:00+00:00,50.44685615916666
2025-12-15 01:00:00+00:00,49.84659538416665
2025-12-15 02:00:00+00:00,49.93038929666665
2025-12-15 03:00:00+00:00,50.75027520916666
2025-12-15 04:00:00+00:00,54.04796384333332
2025-12-15 05:00:00+00:00,59.44922387583331
2025-12-15 06:00:00+00:00,62.77476944499998
2025-12-15 07:00:00+00:00,63.53000690583332
2025-12-15 08:00:00+00:00,63.378946420833316
2025-12-15 09:00:00+00:00,62.43127349333332
2025-12-15 10:00:00+00:00,61.852185959999986
2025-12-15 11:00:00+00:00,61.79587642416666
2025-12-15 12:00:00+00:00,62.12477150333332
2025-12-15 13:00:00+00:00,61.395874365833315
2025-12-15 14:00:00+00:00,63.799423423333316
2025-12-15 15:00:00+00:00,64.52311581166666
2025-12-15 16:00:00+00:00,64.14736040333331
2025-12-15 17:00:00+00:00,65.44921396416666
2025-12-15 18:00:00+00:00,67.25013704749998
2025-12-15 19:00:00+00:00,66.04806823249999
2025-12-15 20:00:00+00:00,62.35311483833332
2025-12-15 21:00:00+00:00,59.30301006916665
2025-12-15 22:00:00+00:00,55.202739762499995
2025-12-15 23:00:00+00:00,51.6241932225
2025-12-16 00:00:00+00:00,49.74540740916665
2025-12-16 01:00:00+00:00,50.39630563416666
2025-12-16 02:00:00+00:00,51.00494308166666
2025-12-16 03:00:00+00:00,51.698539606666664
2025-12-16 04:00:00+00:00,54.321966723333325
2025-12-16 05:00:00+00:00,59.87376401249998
2025-12-16 06:00:00+00:00,65.30152289166665
2025-12-16 07:00:00+00:00,67.376924425
2025-12-16 08:00:00+00:00,67.176692625
2025-12-16 09:00:00+00:00,64.97996512166665
2025-12-16 10:00:00+00:00,59.99760790999999
2025-12-16 11:00:00+00:00,57.14590829666665
2025-12-16 12:00:00+00:00,54.11435111452381
2025-12-16 13:00:00+00:00,54.43365819630951
2025-12-16 14:00:00+00:00,57.50448199916665
2025-12-16 15:00:00+00:00,60.57665609749998
2025-12-16 16:00:00+00:00,61.69921228583331
2025-12-16 17:00:00+00:00,63.32322217999998
2025-12-16 18:00:00+00:00,64.02338985499999
2025-12-16 19:00:00+00:00,62.87306281749998
2025-12-16 20:00:00+00:00,59.39820685333332
2025-12-16 21:00:00+00:00,56.296797829166664
2025-12-16 22:00:00+00:00,52.84692569916666
2025-12-16 23:00:00+00:00,49.62201841916665
2025-12-17 00:00:00+00:00,48.24617234916664
2025-12-17 01:00:00+00:00,48.54742406916665
2025-12-17 02:00:00+00:00,48.90664391416665
2025-12-17 03:00:00+00:00,49.549081439166656
2025-12-17 04:00:00+00:00,52.84787859666666
2025-12-17 05:00:00+00:00,59.12494619249998
2025-12-17 06:00:00+00:00,63.50470930249998
2025-12-17 07:00:00+00:00,64.10687952999999
2025-12-17 08:00:00+00:00,63.77807221499999
2025-12-17 09:00:00+00:00,61.63741020333332
2025-12-17 10:00:00+00:00,60.520222048333316
2025-12-17 11:00:00+00:00,59.99834387499998
2025-12-17 12:00:00+00:00,58.92329088083332
2025-12-17 13:00:00+00:00,59.77432818583332
2025-12-17 14:00:00+00:00,59.82077874833332
2025-12-17 15:00:00+00:00,60.24634955583331
2025-12-17 16:00:00+00:00,61.52327639333331
2025-12-17 17:00:00+00:00,61.27252098499997
2025-12-17 18:00:00+00:00,61.19708635999998
2025-12-17 19:00:00+00:00,59.650336515833324
2025-12-17 20:00:00+00:00,56.65422991666665
2025-12-17 21:00:00+00:00,53.574794224166666
2025-12-17 22:00:00+00:00,50.724250333333316
2025-12-17 23:00:00+00:00,50.02140704666665
2025-12-18 00:00:00+00:00,49.654682491666655
2025-12-18 01:00:00+00:00,48.24623609416665
2025-12-18 02:00:00+00:00,47.93044434916665
2025-12-18 03:00:00+00:00,50.19607093666665
2025-12-18 04:00:00+00:00,53.27206561833332
2025-12-18 05:00:00+00:00,59.473900194999985
2025-12-18 06:00:00+00:00,64.70261608833331
2025-12-18 07:00:00+00:00,65.97748196416666
2025-12-18 08:00:00+00:00,65.04910263999999
2025-12-18 09:00:00+00:00,62.62564990499998
2025-12-18 10:00:00+00:00,60.14729208249999
2025-12-18 11:00:00+00:00,60.09764763583332
2025-12-18 12:00:00+00:00,61.922956449166655
2025-12-18 13:00:00+00:00,62.00353658652048
2025-12-18 14:00:00+00:00,61.454158436953286
2025-12-18 15:00:00+00:00,62.15235424071942
2025-12-18 16:00:00+00:00,61.32954653615223
2025-12-18 17:00:00+00:00,61.27419663908503
2025-12-18 18:00:00+00:00,60.62311186201783
2025-12-18 19:00:00+00:00,60.12314551995063
2025-12-18 20:00:00+00:00,57.722580614550104
2025-12-18 21:00:00+00:00,54.24599868664957
2025-12-18 22:00:00+00:00,50.485624339582365
2025-12-18 23:00:00+00:00,47.54676346084851
2025-12-19 00:00:00+00:00,47.29660626378131
2025-12-19 01:00:00+00:00,46.999204209214106
2025-12-19 02:00:00+00:00,46.432947752146916
2025-12-19 03:00:00+00:00,47.00200676507971
2025-12-19 04:00:00+00:00,50.45034790301251
2025-12-19 05:00:00+00:00,53.502563837611994
2025-12-19 06:00:00+00:00,56.23110141221146
2025-12-19 07:00:00+00:00,57.582239017644255
2025-12-19 08:00:00+00:00,57.904485280577056
2025-12-19 09:00:00+00:00,57.30539688100986
2025-12-19 10:00:00+00:00,56.503899819775995
2025-12-19 11:00:00+00:00,56.0269197152088
2025-12-19 12:00:00+00:00,56.9753394656416
2025-12-19 13:00:00+00:00,56.825057296074405
2025-12-19 14:00:00+00:00,56.9044806665072
2025-12-19 15:00:00+00:00,57.75454162110667
2025-12-19 16:00:00+00:00,59.27926486653948
2025-12-19 17:00:00+00:00,59.854284036972274
2025-12-19 18:00:00+00:00,60.03093449990508
2025-12-19 19:00:00+00:00,59.230009085337876
2025-12-19 20:00:00+00:00,57.63037305827068
2025-12-19 21:00:00+00:00,53.50364419703681
2025-12-19 22:00:00+00:00,49.20140079996961
2025-12-19 23:00:00+00:00,47.40239063290241
2025-12-20 00:00:00+00:00,47.00419176583521
2025-12-20 01:00:00+00:00,46.35434460126801
2025-12-20 02:00:00+00:00,46.71115467253414
2025-12-20 03:00:00+00:00,47.60671916630029
2025-12-20 04:00:00+00:00,49.65352874589976
2025-12-20 05:00:00+00:00,53.15571524633257
2025-12-20 06:00:00+00:00,56.08212857343203
2025-12-20 07:00:00+00:00,59.4604687380315
2025-12-20 08:00:00+00:00,62.660862525130966
2025-12-20 09:00:00+00:00,63.0605882088971
2025-12-20 10:00:00+00:00,61.357492946829915
2025-12-20 11:00:00+00:00,60.43192102726272
2025-12-20 12:00:00+00:00,60.582664572695506
2025-12-20 13:00:00+00:00,60.958517003961646
2025-12-20 14:00:00+00:00,60.89496821606111
2025-12-20 15:00:00+00:00,60.60750477149391
2025-12-20 16:00:00+00:00,60.90912336192672
2025-12-20 17:00:00+00:00,61.18389914235952
2025-12-20 18:00:00+00:00,60.98394149279232
2025-12-20 19:00:00+00:00,61.51021200322512
2025-12-20 20:00:00+00:00,59.910861150324585
2025-12-20 21:00:00+00:00,56.58297946409073
2025-12-20 22:00:00+00:00,53.3117951986902
2025-12-20 23:00:00+00:00,51.60550773078967
2025-12-21 00:00:00+00:00,50.46021795372247
2025-12-21 01:00:00+00:00,50.33660764165526
2025-12-21 02:00:00+00:00,50.09301869708807
2025-12-21 03:00:00+00:00,51.11354384502087
2025-12-21 04:00:00+00:00,52.53424574045367
2025-12-21 05:00:00+00:00,55.284891610053144
2025-12-21 06:00:00+00:00,58.71206034548594
2025-12-21 07:00:00+00:00,62.87366249675208
2025-12-21 08:00:00+00:00,66.48818281051821
2025-12-21 09:00:00+00:00,68.31650597011769
2025-12-21 10:00:00+00:00,67.01481935221715
2025-12-21 11:00:00+00:00,66.2144456818166
2025-12-21 12:00:00+00:00,66.23883029974941
2025-12-21 13:00:00+00:00,66.49012726768221
2025-12-21 14:00:00+00:00,66.64136628561502
2025-12-21 15:00:00+00:00,67.24041189604782
2025-12-21 16:00:00+00:00,66.37033363648062
2025-12-21 17:00:00+00:00,65.69930209941342
2025-12-21 18:00:00+00:00,65.97475299734623
2025-12-21 19:00:00+00:00,64.98824283027902
2025-12-21 20:00:00+00:00,62.52450654404516
2025-12-21 21:00:00+00:00,59.27432616697797
2025-12-21 22:00:00+00:00,56.050501439910775
2025-12-21 23:00:00+00:00,53.57616301617691
2025-12-22 00:00:00+00:00,53.34902103160971
2025-12-22 01:00:00+00:00,53.774567547042516
2025-12-22 02:00:00+00:00,54.501605055808646
2025-12-22 03:00:00+00:00,55.34602831457479
2025-12-22 04:00:00+00:00,58.718955110007585
2025-12-22 05:00:00+00:00,63.64820425044038
2025-12-22 06:00:00+00:00,67.44465827670652
2025-12-22 07:00:00+00:00,69.78613196963931
2025-12-22 08:00:00+00:00,72.18103705257212
2025-12-22 09:00:00+00:00,72.60431772300493
2025-12-22 10:00:00+00:00,71.93321786510438
2025-12-22 11:00:00+00:00,71.65367225387052
2025-12-22 12:00:00+00:00,71.80024339930333
2025-12-22 13:00:00+00:00,71.42289241473613
2025-12-22 14:00:00+00:00,71.00270115266893
2025-12-22 15:00:00+00:00,72.0720482372684
2025-12-22 16:00:00+00:00,72.42430016103454
2025-12-22 17:00:00+00:00,71.44929904896733
2025-12-22 18:00:00+00:00,70.37502231190014
2025-12-22 19:00:00+00:00,69.49907989233294
2025-12-22 20:00:00+00:00,67.7751346894324
2025-12-22 21:00:00+00:00,64.4980564498652
2025-12-22 22:00:00+00:00,60.901095654464676
2025-12-22 23:00:00+00:00,57.898423047397486
2025-12-23 00:00:00+00:00,56.89932221866361
2025-12-23 01:00:00+00:00,56.724860041596415
2025-12-23 02:00:00+00:00,56.557641614529224
2025-12-23 03:00:00+00:00,58.682032027462014
2025-12-23 04:00:00+00:00,61.52749426956149
2025-12-23 05:00:00+00:00,65.67850690249429
2025-12-23 06:00:00+00:00,69.65602745459375
2025-12-23 07:00:00+00:00,73.27977797919323
2025-12-23 08:00:00+00:00,74.32875404962601
2025-12-23 09:00:00+00:00,73.40330878089217
2025-12-23 10:00:00+00:00,71.90343515882498
2025-12-23 11:00:00+00:00,70.70154487675777
2025-12-23 12:00:00+00:00,70.07812579969057
2025-12-23 13:00:00+00:00,69.92799551929004
2025-12-23 14:00:00+00:00,72.10341912055617
2025-12-23 15:00:00+00:00,73.25486965598897
2025-12-23 16:00:00+00:00,73.00518437142178
2025-12-23 17:00:00+00:00,71.37960292018792
2025-12-23 18:00:00+00:00,70.70396267978738
2025-12-23 19:00:00+00:00,70.43393657522017
2025-12-23 20:00:00+00:00,67.68763183398632
2025-12-23 21:00:00+00:00,64.76152014025246
2025-12-23 22:00:00+00:00,61.354029370685254
2025-12-23 23:00:00+00:00,59.77912677361805
2025-12-24 00:00:00+00:00,59.73010791405086
2025-12-24 01:00:00+00:00,59.104643201983656
2025-12-24 02:00:00+00:00,61.16362433991647
2025-12-24 03:00:00+00:00,64.18582096534927
2025-12-24 04:00:00+00:00,66.88341576744874
2025-12-24 05:00:00+00:00,70.08385217788154
2025-12-24 06:00:00+00:00,73.235126424981
2025-12-24 07:00:00+00:00,76.2861767254138
2025-12-24 08:00:00+00:00,81.23467844501327
2025-12-24 09:00:00+00:00,83.48555237794608
2025-12-24 10:00:00+00:00,82.78600701254553
2025-12-24 11:00:00+00:00,81.68666942797833
2025-12-24 12:00:00+00:00,81.58646465174446
2025-12-24 13:00:00+00:00,80.76361142634394
2025-12-24 14:00:00+00:00,80.16481155761008
2025-12-24 15:00:00+00:00,80.61606834054288
2025-12-24 16:00:00+00:00,79.54615523847568
2025-12-24 17:00:00+00:00,77.49618142307516
2025-12-24 18:00:00+00:00,76.58692447684128
2025-12-24 19:00:00+00:00,75.93819452810743
2025-12-24 20:00:00+00:00,73.68875011604023
2025-12-24 21:00:00+00:00,70.91166775980636
2025-12-24 22:00:00+00:00,67.5615759860725
2025-12-24 23:00:00+00:00,65.06157029817196
2025-12-25 00:00:00+00:00,63.96224140610477
2025-12-25 01:00:00+00:00,63.36074556403757
2025-12-25 02:00:00+00:00,63.49312644280371
2025-12-25 03:00:00+00:00,64.26504033240317
2025-12-25 04:00:00+00:00,66.02109666866932
2025-12-25 05:00:00+00:00,68.81319285993544
2025-12-25 06:00:00+00:00,71.11420671203493
2025-12-25 07:00:00+00:00,74.76453179830104
2025-12-25 08:00:00+00:00,78.91615000873384
2025-12-25 09:00:00+00:00,79.54121058333331
2025-12-25 10:00:00+00:00,78.29721888626611
2025-12-25 11:00:00+00:00,76.27013691003224
2025-12-25 12:00:00+00:00,74.08386723546508
2025-12-25 13:00:00+00:00,72.75543529839787
2025-12-25 14:00:00+00:00,74.02696298133066
2025-12-25 15:00:00+00:00,77.24704481176344
2025-12-25 16:00:00+00:00,79.52316175469625
2025-12-25 17:00:00+00:00,80.22387136929572
2025-12-25 18:00:00+00:00,79.79889923222854
2025-12-25 19:00:00+00:00,78.99883643349466
2025-12-25 20:00:00+00:00,77.35708179142746
2025-12-25 21:00:00+00:00,74.32402956102695
2025-12-25 22:00:00+00:00,72.07400648812643
2025-12-25 23:00:00+00:00,69.61043947605921
2025-12-26 00:00:00+00:00,68.82281956649202
2025-12-26 01:00:00+00:00,69.70135050692483
2025-12-26 02:00:00+00:00,69.82409513985762
2025-12-26 03:00:00+00:00,71.0464610394571
2025-12-26 04:00:00+00:00,73.2761534973899
2025-12-26 05:00:00+00:00,76.32933673782267
2025-12-26 06:00:00+00:00,79.17174501492214
2025-12-26 07:00:00+00:00,82.70849680702162
2025-12-26 08:00:00+00:00,87.95202501245441
2025-12-26 09:00:00+00:00,87.44926837788722
2025-12-26 10:00:00+00:00,85.52380030915334
2025-12-26 11:00:00+00:00,82.15592124708616
2025-12-26 12:00:00+00:00,79.27185965751895
2025-12-26 13:00:00+00:00,78.17313924045176
2025-12-26 14:00:00+00:00,79.62335955755123
2025-12-26 15:00:00+00:00,83.32143656381734
2025-12-26 16:00:00+00:00,80.8515747775835
2025-12-26 17:00:00+00:00,78.6486149380163
2025-12-26 18:00:00+00:00,77.34916435094911
2025-12-26 19:00:00+00:00,75.72515746138191
2025-12-26 20:00:00+00:00,71.59819184431473
2025-12-26 21:00:00+00:00,68.74649813308085
2025-12-26 22:00:00+00:00,64.60950903934699
2025-12-26 23:00:00+00:00,61.825124798113116
2025-12-27 00:00:00+00:00,60.405620243545926
2025-12-27 01:00:00+00:00,59.73002636314539
2025-12-27 02:00:00+00:00,59.603605476078194
2025-12-27 03:00:00+00:00,60.299918744010995
2025-12-27 04:00:00+00:00,61.69684048694379
2025-12-27 05:00:00+00:00,64.2740327823766
2025-12-27 06:00:00+00:00,67.1235474078094
2025-12-27 07:00:00+00:00,69.65366373990886
2025-12-27 08:00:00+00:00,72.55193076200834
2025-12-27 09:00:00+00:00,73.71245355494115
2025-12-27 10:00:00+00:00,77.45263263037396
2025-12-27 11:00:00+00:00,74.92464457580674
2025-12-27 12:00:00+00:00,72.7249634079062
2025-12-27 13:00:00+00:00,71.57365964000567
2025-12-27 14:00:00+00:00,73.82438663960515
2025-12-27 15:00:00+00:00,77.22729339837127
2025-12-27 16:00:00+00:00,79.50003475380409
2025-12-27 17:00:00+00:00,80.47645715340356
2025-12-27 18:00:00+00:00,80.00465198383637
2025-12-27 19:00:00+00:00,79.70672837926915
2025-12-27 20:00:00+00:00,77.53016177803529
2025-12-27 21:00:00+00:00,74.7687852759681
2025-12-27 22:00:00+00:00,71.4536068739009
2025-12-27 23:00:00+00:00,70.1047386843337
2025-12-28 00:00:00+00:00,69.5815166372665
2025-12-28 01:00:00+00:00,70.40554608186596
2025-12-28 02:00:00+00:00,71.1895723606321
2025-12-28 03:00:00+00:00,71.81690953106491
2025-12-28 04:00:00+00:00,73.83201139816438
2025-12-28 05:00:00+00:00,74.02996465109717
2025-12-28 06:00:00+00:00,78.80800347569664
2025-12-28 07:00:00+00:00,86.63178335529611
2025-12-28 08:00:00+00:00,90.95955934656223
2025-12-28 09:00:00+00:00,89.2357934086617
2025-12-28 10:00:00+00:00,83.38276478909451
2025-12-28 11:00:00+00:00,77.78050110952732
2025-12-28 12:00:00+00:00,73.05438316162679
2025-12-28 13:00:00+00:00,72.27985723955959
2025-12-28 14:00:00+00:00,74.35713645999239
2025-12-28 15:00:00+00:00,77.20792514625852
2025-12-28 16:00:00+00:00,77.10909256585799
2025-12-28 17:00:00+00:00,77.73276150129078
2025-12-28 18:00:00+00:00,76.28375301255693
2025-12-28 19:00:00+00:00,73.13256926132306
2025-12-28 20:00:00+00:00,68.90743860092255
2025-12-28 21:00:00+00:00,65.86464143385534
2025-12-28 22:00:00+00:00,62.23791836762146
2025-12-28 23:00:00+00:00,61.50930117555427
2025-12-29 00:00:00+00:00,60.33291795598708
2025-12-29 01:00:00+00:00,59.23149996641988
2025-12-29 02:00:00+00:00,58.190164437686015
2025-12-29 03:00:00+00:00,58.685004097285486
2025-12-29 04:00:00+00:00,60.93164440271829
2025-12-29 05:00:00+00:00,64.68252702815109
2025-12-29 06:00:00+00:00,67.18367294608389
2025-12-29 07:00:00+00:00,69.81041285151669
2025-12-29 08:00:00+00:00,73.85896215028282
2025-12-29 09:00:00+00:00,74.43418582404897
2025-12-29 10:00:00+00:00,73.28291308948177
2025-12-29 11:00:00+00:00,72.55726499574789
2025-12-29 12:00:00+00:00,72.7827361761807
2025-12-29 13:00:00+00:00,72.28394995578017
2025-12-29 14:00:00+00:00,74.58462106371299
2025-12-29 15:00:00+00:00,77.81004298664577
2025-12-29 16:00:00+00:00,79.06317079457858
2025-12-29 17:00:00+00:00,79.06596660917805
2025-12-29 18:00:00+00:00,80.24155574794418
2025-12-29 19:00:00+00:00,79.59045358587699
2025-12-29 20:00:00+00:00,78.16598309630979
2025-12-29 21:00:00+00:00,75.73967231424258
2025-12-29 22:00:00+00:00,72.56765936384205
2025-12-29 23:00:00+00:00,70.61595844844153
2025-12-30 00:00:00+00:00,69.91690912554098
2025-12-30 01:00:00+00:00,70.46290077097379
2025-12-30 02:00:00+00:00,71.79482430390658
2025-12-30 03:00:00+00:00,73.61821218183938
2025-12-30 04:00:00+00:00,76.48997334310553
2025-12-30 05:00:00+00:00,81.59128068187165
2025-12-30 06:00:00+00:00,84.77922372647112
2025-12-30 07:00:00+00:00,89.02002538440392
2025-12-30 08:00:00+00:00,93.74525607233672
2025-12-30 09:00:00+00:00,93.54613747860286
2025-12-30 10:00:00+00:00,90.81850665570234
2025-12-30 11:00:00+00:00,85.44452836113514
2025-12-30 12:00:00+00:00,81.49404664406792
2025-12-30 13:00:00+00:00,80.72037754283407
2025-12-30 14:00:00+00:00,82.59793614243354
2025-12-30 15:00:00+00:00,87.83065275119966
2025-12-30 16:00:00+00:00,91.29424773329913
2025-12-30 17:00:00+00:00,91.70260861123194
2025-12-30 18:00:00+00:00,90.64310369916474
2025-12-30 19:00:00+00:00,90.02355278459754
2025-12-30 20:00:00+00:00,87.12061978253035
2025-12-30 21:00:00+00:00,83.07114807379648
2025-12-30 22:00:00+00:00,77.6199767517293
2025-12-30 23:00:00+00:00,75.6449698446621
2025-12-31 00:00:00+00:00,72.49606894342823
2025-12-31 01:00:00+00:00,71.47076854969437
2025-12-31 02:00:00+00:00,70.52559795012716
2025-12-31 03:00:00+00:00,71.04769148472664
2025-12-31 04:00:00+00:00,72.37167586765945
2025-12-31 05:00:00+00:00,74.97183411809225
2025-12-31 06:00:00+00:00,76.72305453185838
2025-12-31 07:00:00+00:00,81.00851591229116
2025-12-31 08:00:00+00:00,85.95797007022396
2025-12-31 09:00:00+00:00,85.0530912464901
2025-12-31 10:00:00+00:00,83.27569474108958
2025-12-31 11:00:00+00:00,81.19191664235571
2025-12-31 12:00:00+00:00,79.52616724778852
2025-12-31 13:00:00+00:00,79.33829531738797
2025-12-31 14:00:00+00:00,79.70453493948746
2025-12-31 15:00:00+00:00,80.45031906075359
2025-12-31 16:00:00+00:00,81.5271943095197
2025-12-31 17:00:00+00:00,79.17735255995252
2025-12-31 18:00:00+00:00,76.72730798538532
2025-12-31 19:00:00+00:00,73.55729674831815
2025-12-31 20:00:00+00:00,71.67591739958428
2025-12-31 21:00:00+00:00,68.88762069418374
2025-12-31 22:00:00+00:00,66.35001153544987
2025-12-31 23:00:00+00:00,65.899154821716
2026-01-01 00:00:00+00:00,65.0261384971488
2026-01-01 01:00:00+00:00,64.54978631091494
2026-01-01 02:00:00+00:00,63.50591173301441
2026-01-01 03:00:00+00:00,63.00336044094722
2026-01-01 04:00:00+00:00,65.29980989138002
2026-01-01 05:00:00+00:00,68.05100918347948
2026-01-01 06:00:00+00:00,69.00136820057895
2026-01-01 07:00:00+00:00,71.8115274018451
2026-01-01 08:00:00+00:00,77.58510903227788
2026-01-01 09:00:00+00:00,78.92861835937735
2026-01-01 10:00:00+00:00,78.55130793981016
2026-01-01 11:00:00+00:00,77.79952345607629
2026-01-01 12:00:00+00:00,78.12658013900908
2026-01-01 13:00:00+00:00,77.73574419444189
2026-01-01 14:00:00+00:00,78.3778441223747
2026-01-01 15:00:00+00:00,79.05113760197416
2026-01-01 16:00:00+00:00,78.42803107490697
2026-01-01 17:00:00+00:00,81.65508512950642
2026-01-01 18:00:00+00:00,79.87857769743923
2026-01-01 19:00:00+00:00,76.2058871120387
2026-01-01 20:00:00+00:00,72.9812858549715
2026-01-01 21:00:00+00:00,70.10404619457098
2026-01-01 22:00:00+00:00,68.25264680917046
2026-01-01 23:00:00+00:00,66.47689524460326
2026-01-02 00:00:00+00:00,66.02733455253605
2026-01-02 01:00:00+00:00,64.52823456296885
2026-01-02 02:00:00+00:00,63.98723308590165
2026-01-02 03:00:00+00:00,64.98225406883446
2026-01-02 04:00:00+00:00,69.55858832426726
2026-01-02 05:00:00+00:00,73.7133552780334
2026-01-02 06:00:00+00:00,76.71115374429952
2026-01-02 07:00:00+00:00,78.161074858899
2026-01-02 08:00:00+00:00,82.18315802266513
2026-01-02 09:00:00+00:00,82.33291268143125
2026-01-02 10:00:00+00:00,81.98452341853073
2026-01-02 11:00:00+00:00,80.20904543813019
2026-01-02 12:00:00+00:00,79.78716905022966
2026-01-02 13:00:00+00:00,81.23858275732913
2026-01-02 14:00:00+00:00,83.76488719859528
2026-01-02 15:00:00+00:00,85.64078972652807
2026-01-02 16:00:00+00:00,87.15872450946088
2026-01-02 17:00:00+00:00,87.88535468989367
2026-01-02 18:00:00+00:00,86.66921366865982
2026-01-02 19:00:00+00:00,85.93594645325928
2026-01-02 20:00:00+00:00,84.33473044952541
2026-01-02 21:00:00+00:00,80.25992384995821
2026-01-02 22:00:00+00:00,76.78622661289101
2026-01-02 23:00:00+00:00,74.64279161582382
2026-01-03 00:00:00+00:00,73.79763428458996
2026-01-03 01:00:00+00:00,73.91618623502276
2026-01-03 02:00:00+00:00,75.49414347045557
2026-01-03 03:00:00+00:00,78.39132393005505
2026-01-03 04:00:00+00:00,80.64070816798782
2026-01-03 05:00:00+00:00,84.24111850092062
2026-01-03 06:00:00+00:00,88.76840481468676
2026-01-03 07:00:00+00:00,94.14470140261956
2026-01-03 08:00:00+00:00,101.67144542471904
2026-01-03 09:00:00+00:00,102.79699735515186
2026-01-03 10:00:00+00:00,97.39525980141796
2026-01-03 11:00:00+00:00,95.96906819685077
2026-01-03 12:00:00+00:00,97.04487258978358
2026-01-03 13:00:00+00:00,98.39423113021638
2026-01-03 14:00:00+00:00,97.15290223564918
2026-01-03 15:00:00+00:00,97.46675715358198
2026-01-03 16:00:00+00:00,97.97132848151479
2026-01-03 17:00:00+00:00,97.69697930694758
2026-01-03 18:00:00+00:00,97.7223751523804
2026-01-03 19:00:00+00:00,96.0000136628132
2026-01-03 20:00:00+00:00,93.87328274324598
2026-01-03 21:00:00+00:00,91.44765325367878
2026-01-03 22:00:00+00:00,88.39722247244492
2026-01-03 23:00:00+00:00,85.85022027287773
2026-01-04 00:00:00+00:00,84.99598049831053
2026-01-04 01:00:00+00:00,84.82253740207666
2026-01-04 02:00:00+00:00,85.11547181500947
2026-01-04 03:00:00+00:00,85.88927693294227
2026-01-04 04:00:00+00:00,86.18205776837506
2026-01-04 05:00:00+00:00,87.32677825047453
2026-01-04 06:00:00+00:00,91.42497573257401
2026-01-04 07:00:00+00:00,96.8054530330068
2026-01-04 08:00:00+00:00,102.85501234010626
2026-01-04 09:00:00+00:00,104.10321439803907
2026-01-04 10:00:00+00:00,100.70318179347187
2026-01-04 11:00:00+00:00,96.77704981723802
2026-01-04 12:00:00+00:00,93.77361554767083
2026-01-04 13:00:00+00:00,92.59673395810363
2026-01-04 14:00:00+00:00,94.28577329186976
2026-01-04 15:00:00+00:00,97.31401737980255
2026-01-04 16:00:00+00:00,99.06410654940203
2026-01-04 17:00:00+00:00,99.28270775733483
2026-01-04 18:00:00+00:00,99.25443826526764
2026-01-04 19:00:00+00:00,97.34990938986711
2026-01-04 20:00:00+00:00,92.6062539927999
2026-01-04 21:00:00+00:00,87.27695916573269
2026-01-04 22:00:00+00:00,82.2767382236655
2026-01-04 23:00:00+00:00,79.52575234159829
2026-01-05 00:00:00+00:00,78.65255347453109
2026-01-05 01:00:00+00:00,77.9253531599639
2026-01-05 02:00:00+00:00,77.56095110289672
2026-01-05 03:00:00+00:00,79.03931398832951
2026-01-05 04:00:00+00:00,81.56123535126231
2026-01-05 05:00:00+00:00,86.63907957919511
2026-01-05 06:00:00+00:00,91.18654156046125
2026-01-05 07:00:00+00:00,93.48270415839407
2026-01-05 08:00:00+00:00,95.28247170549353
2026-01-05 09:00:00+00:00,93.47945757342633
2026-01-05 10:00:00+00:00,92.10817311469246
2026-01-05 11:00:00+00:00,91.67814194262526
2026-01-05 12:00:00+00:00,90.50709134222471
2026-01-05 13:00:00+00:00,91.80854065849088
2026-01-05 14:00:00+00:00,92.85623313642367
2026-01-05 15:00:00+00:00,93.4103079676898
2026-01-05 16:00:00+00:00,95.4170087731226
2026-01-05 17:00:00+00:00,95.59082342272207
2026-01-05 18:00:00+00:00,93.85886457398821
2026-01-05 19:00:00+00:00,92.13054788275436
2026-01-05 20:00:00+00:00,88.85748519818713
2026-01-05 21:00:00+00:00,84.2807439077866
2026-01-05 22:00:00+00:00,79.52936564405275
2026-01-05 23:00:00+00:00,76.87871587198555
2026-01-06 00:00:00+00:00,76.50352062741837
2026-01-06 01:00:00+00:00,76.00441484285116
2026-01-06 02:00:00+00:00,75.98448145828395
2026-01-06 03:00:00+00:00,77.30691605871675
2026-01-06 04:00:00+00:00,80.58038964248288
2026-01-06 05:00:00+00:00,86.48234396291568
2026-01-06 06:00:00+00:00,90.7710766208485
2026-01-06 07:00:00+00:00,92.62117570211464
2026-01-06 08:00:00+00:00,94.41515938004744
2026-01-06 09:00:00+00:00,93.30924858714691
2026-01-06 10:00:00+00:00,92.20699238091305
2026-01-06 11:00:00+00:00,89.96221546134585
2026-01-06 12:00:00+00:00,87.38136223844529
2026-01-06 13:00:00+00:00,88.43316916637811
2026-01-06 14:00:00+00:00,91.48993081931091
2026-01-06 15:00:00+00:00,91.86009088224374
2026-01-06 16:00:00+00:00,92.7863356951765
2026-01-06 17:00:00+00:00,92.88633748060933
2026-01-06 18:00:00+00:00,90.9632756352088
2026-01-06 19:00:00+00:00,88.77500089064158
2026-01-06 20:00:00+00:00,86.11128031107437
2026-01-06 21:00:00+00:00,81.66115086984053
2026-01-06 22:00:00+00:00,76.69619203360666
2026-01-06 23:00:00+00:00,74.71741296153945
2026-01-07 00:00:00+00:00,74.6133338478056
2026-01-07 01:00:00+00:00,74.38642328323839
2026-01-07 02:00:00+00:00,75.24224614617121
2026-01-07 03:00:00+00:00,76.489277994104
2026-01-07 04:00:00+00:00,80.0121787120368
2026-01-07 05:00:00+00:00,87.0137244849696
2026-01-07 06:00:00+00:00,92.2927269579024
2026-01-07 07:00:00+00:00,95.0176248133352
2026-01-07 08:00:00+00:00,96.366667146268
2026-01-07 09:00:00+00:00,94.99117551753413
2026-01-07 10:00:00+00:00,93.82120362630029
2026-01-07 11:00:00+00:00,91.86417729589976
2026-01-07 12:00:00+00:00,91.96686506383254
2026-01-07 13:00:00+00:00,92.99647181593203
2026-01-07 14:00:00+00:00,94.52838581719816
2026-01-07 15:00:00+00:00,95.14897219263096
2026-01-07 16:00:00+00:00,96.71895261056375
2026-01-07 17:00:00+00:00,95.79323291849656
2026-01-07 18:00:00+00:00,95.59303477642936
2026-01-07 19:00:00+00:00,93.81926510186216
2026-01-07 20:00:00+00:00,90.0928926331283
2026-01-07 21:00:00+00:00,86.74233436189442
2026-01-07 22:00:00+00:00,81.21737503399389
2026-01-07 23:00:00+00:00,78.56612631859336
2026-01-08 00:00:00+00:00,78.14166040485951
2026-01-08 01:00:00+00:00,78.76604418362564
2026-01-08 02:00:00+00:00,78.72236251905844
2026-01-08 03:00:00+00:00,79.67776608365791
2026-01-08 04:00:00+00:00,83.15521008159071
2026-01-08 05:00:00+00:00,90.17783096119018
2026-01-08 06:00:00+00:00,94.44990840912298
2026-01-08 07:00:00+00:00,94.92396355122246
2026-01-08 08:00:00+00:00,96.49691138915524
2026-01-08 09:00:00+00:00,94.76976528792139
2026-01-08 10:00:00+00:00,93.07010028585418
2026-01-08 11:00:00+00:00,89.34262219128698
2026-01-08 12:00:00+00:00,89.99410917505313
2026-01-08 13:00:00+00:00,91.5980118346526
2026-01-08 14:00:00+00:00,92.0256851150854
2026-01-08 15:00:00+00:00,93.2966159130182
2026-01-08 16:00:00+00:00,94.57360828095102
2026-01-08 17:00:00+00:00,94.72303346388381
2026-01-08 18:00:00+00:00,93.97529735764994
2026-01-08 19:00:00+00:00,92.03163307808273
2026-01-08 20:00:00+00:00,88.65633474268222
2026-01-08 21:00:00+00:00,84.57232941978167
2026-01-08 22:00:00+00:00,79.84361119521448
2026-01-08 23:00:00+00:00,77.76939240814727
2026-01-09 00:00:00+00:00,77.24685417108009
2026-01-09 01:00:00+00:00,77.14571434151289
2026-01-09 02:00:00+00:00,77.70192546944568
2026-01-09 03:00:00+00:00,79.3990413448785
2026-01-09 04:00:00+00:00,82.69641593697794
2026-01-09 05:00:00+00:00,90.92357018491076
2026-01-09 06:00:00+00:00,97.37598398867691
2026-01-09 07:00:00+00:00,100.9038539191097
2026-01-09 08:00:00+00:00,104.1790643245425
2026-01-09 09:00:00+00:00,103.78098715247529
2026-01-09 10:00:00+00:00,100.68478877957477
2026-01-09 11:00:00+00:00,99.05489295084088
2026-01-09 12:00:00+00:00,98.60093011710704
2026-01-09 13:00:00+00:00,100.17775526920651
2026-01-09 14:00:00+00:00,101.40191761880597
2026-01-09 15:00:00+00:00,102.57975895423878
2026-01-09 16:00:00+00:00,103.45489570300492
2026-01-09 17:00:00+00:00,102.07724048093772
2026-01-09 18:00:00+00:00,100.10588480387051
2026-01-09 19:00:00+00:00,98.57932110013667
2026-01-09 20:00:00+00:00,96.3044408439028
2026-01-09 21:00:00+00:00,91.70754623183558
2026-01-09 22:00:00+00:00,88.06218401726838
2026-01-09 23:00:00+00:00,85.51043861020119
2026-01-10 00:00:00+00:00,84.30488337063399
2026-01-10 01:00:00+00:00,84.42818348440012
2026-01-10 02:00:00+00:00,83.93420337733292
2026-01-10 03:00:00+00:00,85.25622073776573
2026-01-10 04:00:00+00:00,87.30453000319854
2026-01-10 05:00:00+00:00,90.805819117798
2026-01-10 06:00:00+00:00,94.35886869323079
2026-01-10 07:00:00+00:00,98.74517754783028
2026-01-10 08:00:00+00:00,103.11869871076306
2026-01-10 09:00:00+00:00,105.03349203869587
2026-01-10 10:00:00+00:00,104.28339035329533
2026-01-10 11:00:00+00:00,101.70655428456148
2026-01-10 12:00:00+00:00,97.19080153332762
2026-01-10 13:00:00+00:00,93.98994771709374
2026-01-10 14:00:00+00:00,95.53319664919323
2026-01-10 15:00:00+00:00,99.35665368712603
2026-01-10 16:00:00+00:00,101.7110692042255
2026-01-10 17:00:00+00:00,101.46180405715829
2026-01-10 18:00:00+00:00,101.30961243509108
2026-01-10 19:00:00+00:00,99.7466419280239
2026-01-10 20:00:00+00:00,98.1843001784567
2026-01-10 21:00:00+00:00,94.83466620972283
2026-01-10 22:00:00+00:00,90.28529423515563
2026-01-10 23:00:00+00:00,89.36141651392177
2026-01-11 00:00:00+00:00,89.4896742501879
2026-01-11 01:00:00+00:00,90.74560805728737
2026-01-11 02:00:00+00:00,91.50337018688684
2026-01-11 03:00:00+00:00,93.04272076231965
2026-01-11 04:00:00+00:00,95.36228973525245
2026-01-11 05:00:00+00:00,98.96379326485193
2026-01-11 06:00:00+00:00,100.61583824695137
2026-01-11 07:00:00+00:00,102.44357862905085
2026-01-11 08:00:00+00:00,108.19405110781697
2026-01-11 09:00:00+00:00,108.62108899658311
2026-01-11 10:00:00+00:00,103.81765099034925
2026-01-11 11:00:00+00:00,99.29263165411538
2026-01-11 12:00:00+00:00,96.78982698121486
2026-01-11 13:00:00+00:00,96.67568943581433
2026-01-11 14:00:00+00:00,97.69643517374713
2026-01-11 15:00:00+00:00,99.44422326917993
2026-01-11 16:00:00+00:00,101.46562597961274
2026-01-11 17:00:00+00:00,102.56728803254553
2026-01-11 18:00:00+00:00,102.66803821214499
2026-01-11 19:00:00+00:00,101.39339349257781
2026-01-11 20:00:00+00:00,96.82145709634395
2026-01-11 21:00:00+00:00,92.97048570177674
2026-01-11 22:00:00+00:00,88.67007520304287
2026-01-11 23:00:00+00:00,86.46667570347569
2026-01-12 00:00:00+00:00,85.95144206390849
2026-01-12 01:00:00+00:00,85.72658003184128
2026-01-12 02:00:00+00:00,86.08213632477408
2026-01-12 03:00:00+00:00,86.07086683520687
2026-01-12 04:00:00+00:00,89.31814459063969
2026-01-12 05:00:00+00:00,95.82152074440582
2026-01-12 06:00:00+00:00,99.5711657573386
2026-01-12 07:00:00+00:00,99.64996326777141
2026-01-12 08:00:00+00:00,100.02183285570422
2026-01-12 09:00:00+00:00,100.51962964363702
2026-01-12 10:00:00+00:00,99.79512400406982
2026-01-12 11:00:00+00:00,98.00007761700263
2026-01-12 12:00:00+00:00,96.74667110326877
2026-01-12 13:00:00+00:00,96.86309012370157
2026-01-12 14:00:00+00:00,97.23449695080106
2026-01-12 15:00:00+00:00,97.30750815373385
2026-01-12 16:00:00+00:00,97.62162067499997
2026-01-12 17:00:00+00:00,96.86965795543277
2026-01-12 18:00:00+00:00,95.52012623836559
2026-01-12 19:00:00+00:00,93.47031636129837
2026-01-12 20:00:00+00:00,90.04599326423117
2026-01-12 21:00:00+00:00,88.67153642299732
2026-01-12 22:00:00+00:00,84.56805083759679
2026-01-12 23:00:00+00:00,80.59360146969625
2026-01-13 00:00:00+00:00,80.86745416679572
2026-01-13 01:00:00+00:00,77.1438649763952
2026-01-13 02:00:00+00:00,76.87708033516132
2026-01-13 03:00:00+00:00,78.65898770226079
2026-01-13 04:00:00+00:00,81.35412916102692
2026-01-13 05:00:00+00:00,87.62649673895973
2026-01-13 06:00:00+00:00,91.6993349310592
2026-01-13 07:00:00+00:00,92.02386899982534
2026-01-13 08:00:00+00:00,94.6469679669248
2026-01-13 09:00:00+00:00,92.7982508273576
2026-01-13 10:00:00+00:00,89.47421084612374
2026-01-13 11:00:00+00:00,86.69770593155653
2026-01-13 12:00:00+00:00,85.04699493198933
2026-01-13 13:00:00+00:00,83.44748845325547
2026-01-13 14:00:00+00:00,84.22131507285495
2026-01-13 15:00:00+00:00,87.17291589828774
2026-01-13 16:00:00+00:00,87.30081518372056
2026-01-13 17:00:00+00:00,86.84844139915334
2026-01-13 18:00:00+00:00,85.8963300679195
2026-01-13 19:00:00+00:00,83.87333860168563
2026-01-13 20:00:00+00:00,80.47208035461843
2026-01-13 21:00:00+00:00,75.37102950838457
2026-01-13 22:00:00+00:00,69.91997202798404
2026-01-13 23:00:00+00:00,67.32460112091684
2026-01-14 00:00:00+00:00,66.02956960134964
2026-01-14 01:00:00+00:00,65.37596895511578
2026-01-14 02:00:00+00:00,65.93085096971524
2026-01-14 03:00:00+00:00,67.12558761764805
2026-01-14 04:00:00+00:00,69.87682167974752
2026-01-14 05:00:00+00:00,77.04894007268032
2026-01-14 06:00:00+00:00,84.3062460756131
2026-01-14 07:00:00+00:00,86.19949173021259
2026-01-14 08:00:00+00:00,85.74888336231204
2026-01-14 09:00:00+00:00,85.55118660191151
2026-01-14 10:00:00+00:00,81.17533979984432
2026-01-14 11:00:00+00:00,71.39777935611046
2026-01-14 12:00:00+00:00,68.22586362237661
2026-01-14 13:00:00+00:00,68.85209516697607
2026-01-14 14:00:00+00:00,70.88763000907554
2026-01-14 15:00:00+00:00,76.09941573200834
2026-01-14 16:00:00+00:00,81.5305697491078
2026-01-14 17:00:00+00:00,82.18333948620727
2026-01-14 18:00:00+00:00,82.08170334497339
2026-01-14 19:00:00+00:00,84.52617753957286
2026-01-14 20:00:00+00:00,82.17985625250567
2026-01-14 21:00:00+00:00,78.20691564293848
2026-01-14 22:00:00+00:00,74.77726732087127
2026-01-14 23:00:00+00:00,66.72852662130408
2026-01-15 00:00:00+00:00,66.15404705923689
2026-01-15 01:00:00+00:00,67.6289561246697
2026-01-15 02:00:00+00:00,68.8106569301025
2026-01-15 03:00:00+00:00,71.08151033470195
2026-01-15 04:00:00+00:00,75.72933861513478
2026-01-15 05:00:00+00:00,82.80708974806755
2026-01-15 06:00:00+00:00,88.8604282343337
2026-01-15 07:00:00+00:00,89.03476237559981
2026-01-15 08:00:00+00:00,88.53337374103262
2026-01-15 09:00:00+00:00,85.25925674646543
2026-01-15 10:00:00+00:00,79.73062422773157
2026-01-15 11:00:00+00:00,79.28032757066435
2026-01-15 12:00:00+00:00,76.38251117359718
2026-01-15 13:00:00+00:00,74.81087985402998
2026-01-15 14:00:00+00:00,74.64730376946278
2026-01-15 15:00:00+00:00,75.03949866572893
2026-01-15 16:00:00+00:00,75.73806245199503
2026-01-15 17:00:00+00:00,74.80916046576118
2026-01-15 18:00:00+00:00,73.60734925536066
2026-01-15 19:00:00+00:00,71.9830948591268
2026-01-15 20:00:00+00:00,68.40718515122626
2026-01-15 21:00:00+00:00,65.43010980915905
2026-01-15 22:00:00+00:00,61.50624619542519
2026-01-15 23:00:00+00:00,59.13101740002467
2026-01-16 00:00:00+00:00,58.70545127545746
2026-01-16 01:00:00+00:00,59.58161495839027
2026-01-16 02:00:00+00:00,60.71539616882307
2026-01-16 03:00:00+00:00,60.93567213175587
2026-01-16 04:00:00+00:00,64.55802811968867
2026-01-16 05:00:00+00:00,69.8102742484548
2026-01-16 06:00:00+00:00,72.7857218688876
2026-01-16 07:00:00+00:00,72.68345780932042
2026-01-16 08:00:00+00:00,72.06243702308655
2026-01-16 09:00:00+00:00,69.93320845851935
2026-01-16 10:00:00+00:00,68.15764355311882
2026-01-16 11:00:00+00:00,73.25840738105163
2026-01-16 12:00:00+00:00,75.78815405231775
2026-01-16 13:00:00+00:00,76.48691654691723
2026-01-16 14:00:00+00:00,76.76634860985003
2026-01-16 15:00:00+00:00,75.54349164778283
2026-01-16 16:00:00+00:00,76.13953750654896
2026-01-16 17:00:00+00:00,78.31022529448177
2026-01-16 18:00:00+00:00,79.41206119741457
2026-01-16 19:00:00+00:00,77.78586883284737
2026-01-16 20:00:00+00:00,74.08523896328016
2026-01-16 21:00:00+00:00,71.38500353371298
2026-01-16 22:00:00+00:00,65.91093457747911
2026-01-16 23:00:00+00:00,62.360141608745245
2026-01-17 00:00:00+00:00,59.93601965834471
2026-01-17 01:00:00+00:00,59.58560130627751
2026-01-17 02:00:00+00:00,59.920712469210315
2026-01-17 03:00:00+00:00,61.06428470214311
2026-01-17 04:00:00+00:00,63.86211214340925
2026-01-17 05:00:00+00:00,66.76335611717538
2026-01-17 06:00:00+00:00,69.8383893951082
2026-01-17 07:00:00+00:00,73.340164070541
2026-01-17 08:00:00+00:00,77.24011164264046
2026-01-17 09:00:00+00:00,78.21569582557325
2026-01-17 10:00:00+00:00,74.43957833683939
2026-01-17 11:00:00+00:00,69.61146568977219
2026-01-17 12:00:00+00:00,67.93971267520499
2026-01-17 13:00:00+00:00,69.01244861563781
2026-01-17 14:00:00+00:00,71.73809486523727
2026-01-17 15:00:00+00:00,75.61638287483673
2026-01-17 16:00:00+00:00,78.72097803693619
2026-01-17 17:00:00+00:00,78.55367931903567
2026-01-17 18:00:00+00:00,79.12057763613512
2026-01-17 19:00:00+00:00,77.89478718490126
2026-01-17 20:00:00+00:00,73.9666736986674
2026-01-17 21:00:00+00:00,69.06624993160021
2026-01-17 22:00:00+00:00,65.89062501786634
2026-01-17 23:00:00+00:00,63.790270790799156
2026-01-18 00:00:00+00:00,63.367316992065284
2026-01-18 01:00:00+00:00,62.89330224916475
2026-01-18 02:00:00+00:00,64.02543767959756
2026-01-18 03:00:00+00:00,64.74488495753036
2026-01-18 04:00:00+00:00,66.51790858962983
2026-01-18 05:00:00+00:00,68.82023379006263
2026-01-18 06:00:00+00:00,71.3695410146621
2026-01-18 07:00:00+00:00,75.2204841075949
2026-01-18 08:00:00+00:00,79.07308289219435
2026-01-18 09:00:00+00:00,81.79863810012716
2026-01-18 10:00:00+00:00,81.87511471305996
2026-01-18 11:00:00+00:00,80.49555003849277
2026-01-18 12:00:00+00:00,78.9251203422589
2026-01-18 13:00:00+00:00,77.4463959426917
2026-01-18 14:00:00+00:00,77.74499010562451
2026-01-18 15:00:00+00:00,79.83783282355729
2026-01-18 16:00:00+00:00,82.40898383149009
2026-01-18 17:00:00+00:00,82.43279848108958
2026-01-18 18:00:00+00:00,81.94484461152237
2026-01-18 19:00:00+00:00,81.02434761778852
2026-01-18 20:00:00+00:00,78.39952119488798
2026-01-18 21:00:00+00:00,74.57510743615411
2026-01-18 22:00:00+00:00,70.34787189242026
2026-01-18 23:00:00+00:00,69.02515401035305
2026-01-19 00:00:00+00:00,69.04988632828587
2026-01-19 01:00:00+00:00,68.650927477052
2026-01-19 02:00:00+00:00,69.9317039799848
2026-01-19 03:00:00+00:00,71.70527607875094
2026-01-19 04:00:00+00:00,76.3027574983504
2026-01-19 05:00:00+00:00,84.90402595044986
2026-01-19 06:00:00+00:00,88.98823561088267
2026-01-19 07:00:00+00:00,90.74855081298212
2026-01-19 08:00:00+00:00,90.86119682424825
2026-01-19 09:00:00+00:00,86.90249947551439
2026-01-19 10:00:00+00:00,80.75204261678054
2026-01-19 11:00:00+00:00,77.34783761221334
2026-01-19 12:00:00+00:00,73.73699592847949
2026-01-19 13:00:00+00:00,73.63762852974563
2026-01-19 14:00:00+00:00,75.40101321351176
2026-01-19 15:00:00+00:00,78.40549415394455
2026-01-19 16:00:00+00:00,83.80533367937734
2026-01-19 17:00:00+00:00,87.83109712731016
2026-01-19 18:00:00+00:00,86.68264991440962
2026-01-19 19:00:00+00:00,85.75738223234242
2026-01-19 20:00:00+00:00,82.38916127027521
2026-01-19 21:00:00+00:00,79.68833475070802
2026-01-19 22:00:00+00:00,75.83672178947415
2026-01-19 23:00:00+00:00,73.50543226324031
2026-01-20 00:00:00+00:00,73.33047209617311
2026-01-20 01:00:00+00:00,73.98177943493924
2026-01-20 02:00:00+00:00,75.09942839953871
2026-01-20 03:00:00+00:00,76.53535646247151
2026-01-20 04:00:00+00:00,80.2087352679043
2026-01-20 05:00:00+00:00,88.18575127500375
2026-01-20 06:00:00+00:00,92.88780990543657
2026-01-20 07:00:00+00:00,94.78953822086937
2026-01-20 08:00:00+00:00,94.98770794713552
2026-01-20 09:00:00+00:00,90.80925919006832
2026-01-20 10:00:00+00:00,84.91045680383445
2026-01-20 11:00:00+00:00,79.11006818676726
2026-01-20 12:00:00+00:00,76.12205319303338
2026-01-20 13:00:00+00:00,75.36761600846619
2026-01-20 14:00:00+00:00,78.087897766399
2026-01-20 15:00:00+00:00,83.21252249683178
2026-01-20 16:00:00+00:00,87.53472903393126
2026-01-20 17:00:00+00:00,87.48449406353072
2026-01-20 18:00:00+00:00,87.13558408979686
2026-01-20 19:00:00+00:00,86.36136278522964
2026-01-20 20:00:00+00:00,83.06133559566247
2026-01-20 21:00:00+00:00,79.08467421609527
2026-01-20 22:00:00+00:00,74.85025352652809
2026-01-20 23:00:00+00:00,72.81084266529423
2026-01-21 00:00:00+00:00,72.97244622572701
2026-01-21 01:00:00+00:00,72.76722406449316
2026-01-21 02:00:00+00:00,73.6053546682593
2026-01-21 03:00:00+00:00,74.82349311535876
2026-01-21 04:00:00+00:00,78.66743378995822
2026-01-21 05:00:00+00:00,85.71458901122433
2026-01-21 06:00:00+00:00,90.31799833582383
2026-01-21 07:00:00+00:00,91.92048038125662
2026-01-21 08:00:00+00:00,91.96556716752275
2026-01-21 09:00:00+00:00,87.86547661295553
2026-01-21 10:00:00+00:00,83.48867569422168
2026-01-21 11:00:00+00:00,80.96886728215449
2026-01-21 12:00:00+00:00,80.9873641800873
2026-01-21 13:00:00+00:00,82.37253619052011
2026-01-21 14:00:00+00:00,85.89241191845288
2026-01-21 15:00:00+00:00,88.87288128638569
2026-01-21 16:00:00+00:00,91.37433555848516
2026-01-21 17:00:00+00:00,91.72414694808464
2026-01-21 18:00:00+00:00,90.84272581518411
2026-01-21 19:00:00+00:00,89.0406562681169
2026-01-21 20:00:00+00:00,85.44234439854972
2026-01-21 21:00:00+00:00,80.19311607981585
2026-01-21 22:00:00+00:00,74.86677006858199
2026-01-21 23:00:00+00:00,73.26648332318146
2026-01-22 00:00:00+00:00,73.21722107361427
2026-01-22 01:00:00+00:00,73.04050090488039
2026-01-22 02:00:00+00:00,74.34928585197986
2026-01-22 03:00:00+00:00,75.64625067741265
2026-01-22 04:00:00+00:00,78.54531908784546
2026-01-22 05:00:00+00:00,84.5793540591116
2026-01-22 06:00:00+00:00,89.18195658037773
2026-01-22 07:00:00+00:00,90.92099422581052
2026-01-22 08:00:00+00:00,91.94634127290999
2026-01-22 09:00:00+00:00,91.02204837000946
2026-01-22 10:00:00+00:00,91.02055832294226
2026-01-22 11:00:00+00:00,90.81958738754173
2026-01-22 12:00:00+00:00,90.99637113547453
2026-01-22 13:00:00+00:00,90.04969887090733
2026-01-22 14:00:00+00:00,90.52341538550681
2026-01-22 15:00:00+00:00,90.89784636343961
2026-01-22 16:00:00+00:00,91.42236548553907
2026-01-22 17:00:00+00:00,92.38091489597187
2026-01-22 18:00:00+00:00,91.45666713390467
2026-01-22 19:00:00+00:00,90.15310415517082
2026-01-22 20:00:00+00:00,85.72353864143695
2026-01-22 21:00:00+00:00,81.37075630936975
2026-01-22 22:00:00+00:00,76.42404469896923
2026-01-22 23:00:00+00:00,74.0481147085687
2026-01-23 00:00:00+00:00,74.59748399983484
2026-01-23 01:00:00+00:00,75.79727258943429
2026-01-23 02:00:00+00:00,76.5551233223671
2026-01-23 03:00:00+00:00,77.1770943227999
2026-01-23 04:00:00+00:00,81.37493709073269
2026-01-23 05:00:00+00:00,88.97695431699884
2026-01-23 06:00:00+00:00,93.80693034993163
2026-01-23 07:00:00+00:00,95.58363998203112
2026-01-23 08:00:00+00:00,96.41175536079724
2026-01-23 09:00:00+00:00,95.43287777373004
2026-01-23 10:00:00+00:00,94.32808877249617
2026-01-23 11:00:00+00:00,93.37600847459565
2026-01-23 12:00:00+00:00,94.27574658752846
2026-01-23 13:00:00+00:00,95.88304221962791
2026-01-23 14:00:00+00:00,94.03019248506074
2026-01-23 15:00:00+00:00,93.5797029146602
2026-01-23 16:00:00+00:00,98.75838910092632
2026-01-23 17:00:00+00:00,98.08296990969247
2026-01-23 18:00:00+00:00,96.27963415512525
2026-01-23 19:00:00+00:00,94.50656277805805
2026-01-23 20:00:00+00:00,91.48214612182419
2026-01-23 21:00:00+00:00,87.71153014642367
2026-01-23 22:00:00+00:00,83.83878161102314
2026-01-23 23:00:00+00:00,80.81037303895594
2026-01-24 00:00:00+00:00,79.4059801560554
2026-01-24 01:00:00+00:00,78.8795161864882
2026-01-24 02:00:00+00:00,78.63604230275433
2026-01-24 03:00:00+00:00,79.48307125318715
2026-01-24 04:00:00+00:00,81.6302719952866
2026-01-24 05:00:00+00:00,84.10736829321941
2026-01-24 06:00:00+00:00,87.65863880365221
2026-01-24 07:00:00+00:00,91.98335747325169
2026-01-24 08:00:00+00:00,95.85885930701782
2026-01-24 09:00:00+00:00,96.7101198266173
2026-01-24 10:00:00+00:00,98.23497673705009
2026-01-24 11:00:00+00:00,100.11508185914956
2026-01-24 12:00:00+00:00,97.74929731458238
2026-01-24 13:00:00+00:00,98.02155844501516
2026-01-24 14:00:00+00:00,97.21268145128128
2026-01-24 15:00:00+00:00,96.98463796421409
2026-01-24 16:00:00+00:00,97.15997296214691
2026-01-24 17:00:00+00:00,96.7366524000797
2026-01-24 18:00:00+00:00,94.9352286155125
2026-01-24 19:00:00+00:00,93.25990999761198
2026-01-24 20:00:00+00:00,90.76138081554478
2026-01-24 21:00:00+00:00,85.96056093014424
2026-01-24 22:00:00+00:00,82.06109295807704
2026-01-24 23:00:00+00:00,79.43491004600983
2026-01-25 00:00:00+00:00,77.83316379977599
2026-01-25 01:00:00+00:00,78.08397398770877
2026-01-25 02:00:00+00:00,77.82013694314159
2026-01-25 03:00:00+00:00,79.12400399357438
2026-01-25 04:00:00+00:00,81.33609741650719
2026-01-25 05:00:00+00:00,83.88594937110665
2026-01-25 06:00:00+00:00,87.08835364320613
2026-01-25 07:00:00+00:00,91.44155678613893
2026-01-25 08:00:00+00:00,96.11750109823839
2026-01-25 09:00:00+00:00,97.74219574867118
2026-01-25 10:00:00+00:00,97.84128108493734
2026-01-25 11:00:00+00:00,97.10003911037013
2026-01-25 12:00:00+00:00,96.74249748913627
2026-01-25 13:00:00+00:00,95.74237590123576
2026-01-25 14:00:00+00:00,95.51880493500188
2026-01-25 15:00:00+00:00,95.11829218460134
2026-01-25 16:00:00+00:00,95.79469346253413
2026-01-25 17:00:00+00:00,95.94774631546693
2026-01-25 18:00:00+00:00,94.60605233589973
2026-01-25 19:00:00+00:00,91.75643285466589
2026-01-25 20:00:00+00:00,88.026510948432
2026-01-25 21:00:00+00:00,82.7668160205315
2026-01-25 22:00:00+00:00,78.99349461929762
2026-01-25 23:00:00+00:00,76.29318095723043
2026-01-26 00:00:00+00:00,75.79340295266324
2026-01-26 01:00:00+00:00,75.86891096142936
2026-01-26 02:00:00+00:00,78.00019742436217
2026-01-26 03:00:00+00:00,78.5465963981283
2026-01-26 04:00:00+00:00,82.4211689735611
2026-01-26 05:00:00+00:00,89.92153378566056
2026-01-26 06:00:00+00:00,94.32958818276003
2026-01-26 07:00:00+00:00,95.85723519069283
2026-01-26 08:00:00+00:00,96.89786665612564
2026-01-26 09:00:00+00:00,96.21152351989178
2026-01-26 10:00:00+00:00,94.73221092782458
2026-01-26 11:00:00+00:00,95.12918772325737
2026-01-26 12:00:00+00:00,94.73589600202351
2026-01-26 13:00:00+00:00,93.6096435374338
2026-01-26 14:00:00+00:00,94.45681020692066
2026-01-26 15:00:00+00:00,95.55470483084444
2026-01-26 16:00:00+00:00,96.10282545976823
2026-01-26 17:00:00+00:00,96.50224874452537
2026-01-26 18:00:00+00:00,95.25110945511582
2026-01-26 19:00:00+00:00,94.0260385040396
2026-01-26 20:00:00+00:00,90.09949897963007
2026-01-26 21:00:00+00:00,85.53933397772053
2026-01-26 22:00:00+00:00,80.76952778414433
2026-01-26 23:00:00+00:00,78.24353710640143
2026-01-27 00:00:00+00:00,78.24257708199191
2026-01-27 01:00:00+00:00,78.14032888924903
2026-01-27 02:00:00+00:00,78.41519960817283
2026-01-27 03:00:00+00:00,79.0850373695966
2026-01-27 04:00:00+00:00,82.68243034602041
2026-01-27 05:00:00+00:00,89.23302795744422
2026-01-27 06:00:00+00:00,93.40991991220135
2026-01-27 07:00:00+00:00,94.49290820695845
2026-01-27 08:00:00+00:00,95.39192500254893
2026-01-27 09:00:00+00:00,93.38580201313938
2026-01-27 10:00:00+00:00,92.7600054678965
2026-01-27 11:00:00+00:00,92.1825755718203
2026-01-27 12:00:00+00:00,92.66479743324409
2026-01-27 13:00:00+00:00,92.30304609466788
2026-01-27 14:00:00+00:00,92.42762248775833
2026-01-27 15:00:00+00:00,93.27707764501547
2026-01-27 16:00:00+00:00,94.15207875143926
2026-01-27 17:00:00+00:00,94.17506899286306
2026-01-27 18:00:00+00:00,92.77414579678684
2026-01-27 19:00:00+00:00,90.72407736321064
2026-01-27 20:00:00+00:00,86.89578355296777
2026-01-27 21:00:00+00:00,83.21882221272489
2026-01-27 22:00:00+00:00,78.19423682248201
2026-01-27 23:00:00+00:00,75.84075635307248
2026-01-28 00:00:00+00:00,76.1156204378296
2026-01-28 01:00:00+00:00,75.96354235842007
2026-01-28 02:00:00+00:00,76.94638951484386
2026-01-28 03:00:00+00:00,77.86660974626764
2026-01-28 04:00:00+00:00,80.76219796019144
2026-01-28 05:00:00+00:00,87.2381383157819
2026-01-28 06:00:00+00:00,91.94122571887236
2026-01-28 07:00:00+00:00,92.14077733279615
2026-01-28 08:00:00+00:00,92.18706544338662
2026-01-28 09:00:00+00:00,91.21477944897707
2026-01-28 10:00:00+00:00,90.73887447706753
2026-01-28 11:00:00+00:00,91.16070777682465
2026-01-28 12:00:00+00:00,90.88623622824845
2026-01-28 13:00:00+00:00,91.21030517883891
2026-01-28 14:00:00+00:00,92.23513411359603
2026-01-28 15:00:00+00:00,93.08304238585316
2026-01-28 16:00:00+00:00,94.4812867681103
2026-01-28 17:00:00+00:00,94.83184129703407
2026-01-28 18:00:00+00:00,93.45565442845788
2026-01-28 19:00:00+00:00,91.85453999738168
2026-01-28 20:00:00+00:00,89.05298262880545
2026-01-28 21:00:00+00:00,84.80134291106259
2026-01-28 22:00:00+00:00,80.00134607581971
2026-01-28 23:00:00+00:00,78.4986441947435
2026-01-29 00:00:00+00:00,78.60005638366731
2026-01-29 01:00:00+00:00,77.85418642759109
2026-01-29 02:00:00+00:00,78.47462397151487
2026-01-29 03:00:00+00:00,79.84529125710533
2026-01-29 04:00:00+00:00,83.39639181436247
2026-01-29 05:00:00+00:00,90.4692946716196
2026-01-29 06:00:00+00:00,93.57439881387671
2026-01-29 07:00:00+00:00,94.72203556030051
2026-01-29 08:00:00+00:00,94.97131930589097
2026-01-29 09:00:00+00:00,94.84435133148143
2026-01-29 10:00:00+00:00,94.71839336540523
2026-01-29 11:00:00+00:00,93.94582631349567
2026-01-29 12:00:00+00:00,94.59643299741948
2026-01-29 13:00:00+00:00,95.44664973800992
2026-01-29 14:00:00+00:00,94.96671808026706
2026-01-29 15:00:00+00:00,95.03973272085753
2026-01-29 16:00:00+00:00,95.68804084811465
2026-01-29 17:00:00+00:00,96.86563773453845
2026-01-29 18:00:00+00:00,96.71251365762889
2026-01-29 19:00:00+00:00,94.53775113988603
2026-01-29 20:00:00+00:00,91.93739249714315
2026-01-29 21:00:00+00:00,88.1347502444003
2026-01-29 22:00:00+00:00,84.40848224582406
2026-01-29 23:00:00+00:00,81.93126714474786
2026-01-30 00:00:00+00:00,81.28157332783833
2026-01-30 01:00:00+00:00,81.21199687592879
2026-01-30 02:00:00+00:00,81.43272416985256
2026-01-30 03:00:00+00:00,83.0541456446097
2026-01-30 04:00:00+00:00,85.85429246520015
2026-01-30 05:00:00+00:00,92.45329149579062
2026-01-30 06:00:00+00:00,96.05438000388109
2026-01-30 07:00:00+00:00,97.90568460530488
2026-01-30 08:00:00+00:00,99.32683203672866
2026-01-30 09:00:00+00:00,97.49966871065247
2026-01-30 10:00:00+00:00,96.25297586457624
2026-01-30 11:00:00+00:00,95.25657276850004
2026-01-30 12:00:00+00:00,95.63197990492385
2026-01-30 13:00:00+00:00,96.57914024218097
2026-01-30 14:00:00+00:00,97.35363802277143
2026-01-30 15:00:00+00:00,102.27852033169522
2026-01-30 16:00:00+00:00,103.67602089561902
2026-01-30 17:00:00+00:00,102.2755815820428
2026-01-30 18:00:00+00:00,100.14733664929993
2026-01-30 19:00:00+00:00,99.49889203489037
2026-01-30 20:00:00+00:00,96.22116781298085
2026-01-30 21:00:00+00:00,89.04500328523798
2026-01-30 22:00:00+00:00,83.91799184832844
2026-01-30 23:00:00+00:00,80.79249748225223
2026-01-31 00:00:00+00:00,79.96673944367602
2026-01-31 01:00:00+00:00,78.89924545509982
2026-01-31 02:00:00+00:00,79.3923389215236
2026-01-31 03:00:00+00:00,80.3640046254474
2026-01-31 04:00:00+00:00,82.23778588437119
2026-01-31 05:00:00+00:00,85.46175837829497
2026-01-31 06:00:00+00:00,89.71243300305211
2026-01-31 07:00:00+00:00,94.7910469119759
2026-01-31 08:00:00+00:00,99.2963245508997
2026-01-31 09:00:00+00:00,99.8620505748235
2026-01-31 10:00:00+00:00,99.11015381874728
2026-01-31 11:00:00+00:00,98.38707185100441
2026-01-31 12:00:00+00:00,98.18630801742822
2026-01-31 13:00:00+00:00,97.58350929968532
2026-01-31 14:00:00+00:00,96.08380717027579
2026-01-31 15:00:00+00:00,96.63296220669957
2026-01-31 16:00:00+00:00,98.63409997229004
2026-01-31 17:00:00+00:00,98.34447141621385
2026-01-31 18:00:00+00:00,98.08015868763763
2026-01-31 19:00:00+00:00,95.67974834906143
2026-01-31 20:00:00+00:00,93.9536429904852
2026-01-31 21:00:00+00:00,90.87834771274233
2026-01-31 22:00:00+00:00,87.85065620249948
2026-01-31 23:00:00+00:00,86.07333846975659
2026-02-01 00:00:00+00:00,85.49914218368038
2026-02-01 01:00:00+00:00,84.70566098677084
2026-02-01 02:00:00+00:00,86.97553351819462
2026-02-01 03:00:00+00:00,86.29673020711842
2026-02-01 04:00:00+00:00,88.19592458937555
2026-02-01 05:00:00+00:00,91.39641331496603
2026-02-01 06:00:00+00:00,94.42141609972315
2026-02-01 07:00:00+00:00,98.95181795114694
2026-02-01 08:00:00+00:00,105.34612490507072
2026-02-01 09:00:00+00:00,106.39727426066118
2026-02-01 10:00:00+00:00,105.91927645458496
2026-02-01 11:00:00+00:00,104.59404576100876
2026-02-01 12:00:00+00:00,103.56969590743255
2026-02-01 13:00:00+00:00,103.49235873135636
2026-02-01 14:00:00+00:00,103.43378941278014
2026-02-01 15:00:00+00:00,103.71585920003729
2026-02-01 16:00:00+00:00,104.66463466396107
2026-02-01 17:00:00+00:00,106.03944827205153
2026-02-01 18:00:00+00:00,103.96290249347531
2026-02-01 19:00:00+00:00,102.18764861989912
2026-02-01 20:00:00+00:00,98.93620097632291
2026-02-01 21:00:00+00:00,95.56040481108003
2026-02-01 22:00:00+00:00,90.85893147000382
2026-02-01 23:00:00+00:00,89.25851991226095
2026-02-02 00:00:00+00:00,89.28118311618474
2026-02-02 01:00:00+00:00,89.23895242010853
2026-02-02 02:00:00+00:00,90.06053119903233
2026-02-02 03:00:00+00:00,91.83015370628945
2026-02-02 04:00:00+00:00,95.02970737854658
2026-02-02 05:00:00+00:00,102.00669952663705
2026-02-02 06:00:00+00:00,106.25845324056083
2026-02-02 07:00:00+00:00,108.13400487198463
2026-02-02 08:00:00+00:00,108.68166769590842
2026-02-02 09:00:00+00:00,108.72996217483221
2026-02-02 10:00:00+00:00,107.35353771125601
2026-02-02 11:00:00+00:00,105.9463327351798
2026-02-02 12:00:00+00:00,106.44574564910357
2026-02-02 13:00:00+00:00,106.29819804052737
2026-02-02 14:00:00+00:00,106.79788705611783
2026-02-02 15:00:00+00:00,107.16986607004162
2026-02-02 16:00:00+00:00,108.74376528729876
2026-02-02 17:00:00+00:00,109.94423868622255
2026-02-02 18:00:00+00:00,108.49366319014634
2026-02-02 19:00:00+00:00,106.99370981740346
2026-02-02 20:00:00+00:00,104.44049675716062
2026-02-02 21:00:00+00:00,100.44239115025104
2026-02-02 22:00:00+00:00,96.26410275500817
2026-02-02 23:00:00+00:00,93.53742658893198
2026-02-03 00:00:00+00:00,93.1364909636891
2026-02-03 01:00:00+00:00,92.89288975011289
2026-02-03 02:00:00+00:00,92.93915681820336
2026-02-03 03:00:00+00:00,94.38445528212715
2026-02-03 04:00:00+00:00,98.0094688177176
2026-02-03 05:00:00+00:00,104.36076228830807
2026-02-03 06:00:00+00:00,108.23644720473185
2026-02-03 07:00:00+00:00,110.26210856115564
2026-02-03 08:00:00+00:00,109.95934049674612
2026-02-03 09:00:00+00:00,105.1541148931699
2026-02-03 10:00:00+00:00,101.50285680626034
2026-02-03 11:00:00+00:00,98.54846278518416
2026-02-03 12:00:00+00:00,97.60296866494127
2026-02-03 13:00:00+00:00,102.80042660553173
2026-02-03 14:00:00+00:00,103.9221311961222
2026-02-03 15:00:00+00:00,105.64674319837931
2026-02-03 16:00:00+00:00,107.14720462730313
2026-02-03 17:00:00+00:00,108.17455934289356
2026-02-03 18:00:00+00:00,106.49854632431736
2026-02-03 19:00:00+00:00,104.42423451824116
2026-02-03 20:00:00+00:00,101.61920266716494
2026-02-03 21:00:00+00:00,97.81550320692209
2026-02-03 22:00:00+00:00,93.44031223917922
2026-02-03 23:00:00+00:00,91.16340717060301
2026-02-04 00:00:00+00:00,90.31387683286013
2026-02-04 01:00:00+00:00,90.59329083178392
2026-02-04 02:00:00+00:00,91.43991429237438
2026-02-04 03:00:00+00:00,92.76168140879817
2026-02-04 04:00:00+00:00,96.33590102938864
2026-02-04 05:00:00+00:00,103.01166463747909
2026-02-04 06:00:00+00:00,106.36397177390289
2026-02-04 07:00:00+00:00,107.68780229032669
2026-02-04 08:00:00+00:00,107.2863592225838
2026-02-04 09:00:00+00:00,103.2594135890076
2026-02-04 10:00:00+00:00,103.77062652709806
2026-02-04 11:00:00+00:00,106.85855318602185
2026-02-04 12:00:00+00:00,108.48812822577896
2026-02-04 13:00:00+00:00,106.59414248386945
2026-02-04 14:00:00+00:00,104.3421219744599
2026-02-04 15:00:00+00:00,104.2384465333837
2026-02-04 16:00:00+00:00,105.56160642897414
2026-02-04 17:00:00+00:00,106.93630749373128
2026-02-04 18:00:00+00:00,105.61148496765506
2026-02-04 19:00:00+00:00,102.48434520157885
2026-02-04 20:00:00+00:00,103.03166733966931
2026-02-04 21:00:00+00:00,99.8283598810931
2026-02-04 22:00:00+00:00,95.42706328751689
2026-02-04 23:00:00+00:00,88.95168314310736
2026-02-05 00:00:00+00:00,88.84972012453117
2026-02-05 01:00:00+00:00,88.60539743345495
2026-02-05 02:00:00+00:00,89.00185451737875
2026-02-05 03:00:00+00:00,90.8478463229692
2026-02-05 04:00:00+00:00,93.82160524105964
2026-02-05 05:00:00+00:00,99.87499108665011
2026-02-05 06:00:00+00:00,103.90099350890723
2026-02-05 07:00:00+00:00,104.92564981283104
2026-02-05 08:00:00+00:00,104.23968594008817
2026-02-05 09:00:00+00:00,103.93939272067863
2026-02-05 10:00:00+00:00,104.16993403210242
2026-02-05 11:00:00+00:00,103.08668866852621
2026-02-05 12:00:00+00:00,101.90671167994999
2026-02-05 13:00:00+00:00,102.7837991763738
2026-02-05 14:00:00+00:00,103.36107444029759
2026-02-05 15:00:00+00:00,103.25884653005471
2026-02-05 16:00:00+00:00,103.95909560231183
2026-02-05 17:00:00+00:00,103.68168636873564
2026-02-05 18:00:00+00:00,102.95961768682609
2026-02-05 19:00:00+00:00,100.87096970491656
2026-02-05 20:00:00+00:00,97.26278145217367
2026-02-05 21:00:00+00:00,94.70679670359746
2026-02-05 22:00:00+00:00,90.87487606252128
2026-02-05 23:00:00+00:00,88.74795818477838
2026-02-06 00:00:00+00:00,87.52977439620219
2026-02-06 01:00:00+00:00,87.25273753595931
2026-02-06 02:00:00+00:00,87.04774662988311
2026-02-06 03:00:00+00:00,88.5459190338069
2026-02-06 04:00:00+00:00,91.67141691106403
2026-02-06 05:00:00+00:00,97.92985945915449
2026-02-06 06:00:00+00:00,102.05486579557828
2026-02-06 07:00:00+00:00,103.97765321200207
2026-02-06 08:00:00+00:00,104.77484458259252
2026-02-06 09:00:00+00:00,102.01615029151633
2026-02-06 10:00:00+00:00,98.54330134294011
2026-02-06 11:00:00+00:00,95.21554608769723
2026-02-06 12:00:00+00:00,95.7427968732877
2026-02-06 13:00:00+00:00,96.37465468387816
2026-02-06 14:00:00+00:00,96.25221885863529
2026-02-06 15:00:00+00:00,96.14866557172576
2026-02-06 16:00:00+00:00,97.0176899748162
2026-02-06 17:00:00+00:00,97.11134387790666
2026-02-06 18:00:00+00:00,95.18445871183046
2026-02-06 19:00:00+00:00,93.28528728408759
2026-02-06 20:00:00+00:00,89.90910079551138
2026-02-06 21:00:00+00:00,86.4570963727685
2026-02-06 22:00:00+00:00,82.62954684002563
2026-02-06 23:00:00+00:00,81.30505790644942
2026-02-07 00:00:00+00:00,80.45407881870653
2026-02-07 01:00:00+00:00,78.91284814013034
2026-02-07 02:00:00+00:00,78.58529654905412
2026-02-07 03:00:00+00:00,79.15755082547793
2026-02-07 04:00:00+00:00,80.58224609523505
2026-02-07 05:00:00+00:00,83.79922608249217
2026-02-07 06:00:00+00:00,87.97437168391596
2026-02-07 07:00:00+00:00,92.47566011950641
2026-02-07 08:00:00+00:00,95.9500420000969
2026-02-07 09:00:00+00:00,96.99970783568735
2026-02-07 10:00:00+00:00,96.95076531044447
2026-02-07 11:00:00+00:00,95.69989259103494
2026-02-07 12:00:00+00:00,94.87411015329205
2026-02-07 13:00:00+00:00,94.04769354304918
2026-02-07 14:00:00+00:00,94.25340889947297
2026-02-07 15:00:00+00:00,93.92707593673009
2026-02-07 16:00:00+00:00,94.40133901982057
2026-02-07 17:00:00+00:00,94.494016085411
2026-02-07 18:00:00+00:00,93.01787557683481
2026-02-07 19:00:00+00:00,92.0164833657586
2026-02-07 20:00:00+00:00,89.13993674801573
2026-02-07 21:00:00+00:00,85.71279949943953
2026-02-07 22:00:00+00:00,82.12086762086331
2026-02-07 23:00:00+00:00,79.68650812895378
2026-02-08 00:00:00+00:00,78.61027490037756
2026-02-08 01:00:00+00:00,78.54135496180137
2026-02-08 02:00:00+00:00,78.17109431989182
2026-02-08 03:00:00+00:00,79.14120734381562
2026-02-08 04:00:00+00:00,80.53778566357273
2026-02-08 05:00:00+00:00,83.68130674082987
2026-02-08 06:00:00+00:00,87.457068670587
2026-02-08 07:00:00+00:00,93.50715426367746
2026-02-08 08:00:00+00:00,97.68149725760125
2026-02-08 09:00:00+00:00,98.15666146319171
2026-02-08 10:00:00+00:00,96.15379030794884
2026-02-08 11:00:00+00:00,93.90402321437263
2026-02-08 12:00:00+00:00,92.55239714496308
2026-02-08 13:00:00+00:00,92.60211887222022
2026-02-08 14:00:00+00:00,92.60454312781067
2026-02-08 15:00:00+00:00,92.2898555975678
2026-02-08 16:00:00+00:00,93.68671329649159
2026-02-08 17:00:00+00:00,94.82933736791539
2026-02-08 18:00:00+00:00,93.64873470933917
2026-02-08 19:00:00+00:00,92.17181767076296
2026-02-08 20:00:00+00:00,88.27986737802009
2026-02-08 21:00:00+00:00,84.09478332111055
2026-02-08 22:00:00+00:00,79.89470825336768
2026-02-08 23:00:00+00:00,78.56735323312482
2026-02-09 00:00:00+00:00,78.19121478288194
2026-02-09 01:00:00+00:00,77.4732808334724
2026-02-09 02:00:00+00:00,77.44271004739619
2026-02-09 03:00:00+00:00,78.64807404631999
2026-02-09 04:00:00+00:00,81.7718598810771
2026-02-09 05:00:00+00:00,88.72167227000088
2026-02-09 06:00:00+00:00,92.18768738975801
2026-02-09 07:00:00+00:00,95.34463548201516
2026-02-09 08:00:00+00:00,94.28799429927228
2026-02-09 09:00:00+00:00,92.16977593069606
2026-02-09 10:00:00+00:00,90.00965691378653
2026-02-09 11:00:00+00:00,87.133662499377
2026-02-09 12:00:00+00:00,88.10666806746745
2026-02-09 13:00:00+00:00,88.55812082139124
2026-02-09 14:00:00+00:00,88.66523818781502
2026-02-09 15:00:00+00:00,89.71385924507216
2026-02-09 16:00:00+00:00,92.11115202816262
2026-02-09 17:00:00+00:00,92.9532197795864
2026-02-09 18:00:00+00:00,91.17917706101021
2026-02-09 19:00:00+00:00,88.80344426076734
2026-02-09 20:00:00+00:00,85.70154208969113
2026-02-09 21:00:00+00:00,81.72631139611491
2026-02-09 22:00:00+00:00,77.39839799753871
2026-02-09 23:00:00+00:00,74.89717841729583
2026-02-10 00:00:00+00:00,74.24697296205296
2026-02-10 01:00:00+00:00,74.17791104597677
2026-02-10 02:00:00+00:00,74.50358521156721
2026-02-10 03:00:00+00:00,75.97721000549102
2026-02-10 04:00:00+00:00,78.95071066608146
2026-02-10 05:00:00+00:00,86.19661516667193
2026-02-10 06:00:00+00:00,90.17119117976239
2026-02-10 07:00:00+00:00,90.8952961195195
2026-02-10 08:00:00+00:00,90.51897680510997
2026-02-10 09:00:00+00:00,86.94263720820042
2026-02-10 10:00:00+00:00,85.21586130795755
2026-02-10 11:00:00+00:00,83.76346572271467
2026-02-10 12:00:00+00:00,81.27006069997181
2026-02-10 13:00:00+00:00,81.84351621972893
2026-02-10 14:00:00+00:00,80.74439237115273
2026-02-10 15:00:00+00:00,84.11998952340986
2026-02-10 16:00:00+00:00,88.13965922983364
2026-02-10 17:00:00+00:00,90.08364222875744
2026-02-10 18:00:00+00:00,89.55885279434791
2026-02-10 19:00:00+00:00,88.05929599910503
2026-02-10 20:00:00+00:00,84.2586463871955
2026-02-10 21:00:00+00:00,79.65626407028594
2026-02-10 22:00:00+00:00,75.40456182670974
2026-02-10 23:00:00+00:00,73.82854591063355
2026-02-11 00:00:00+00:00,73.52810369955733
2026-02-11 01:00:00+00:00,73.73487832181448
2026-02-11 02:00:00+00:00,74.25472973157159
2026-02-11 03:00:00+00:00,75.38412055049538
2026-02-11 04:00:00+00:00,78.45998473191916
2026-02-11 05:00:00+00:00,85.23332107417627
2026-02-11 06:00:00+00:00,89.67691374976675
2026-02-11 07:00:00+00:00,91.62483239285719
2026-02-11 08:00:00+00:00,91.32570732511434
2026-02-11 09:00:00+00:00,89.07477543653813
2026-02-11 10:00:00+00:00,88.37347639310808
2026-02-11 11:00:00+00:00,87.29077305076575
2026-02-11 12:00:00+00:00,86.97365917675674
2026-02-11 13:00:00+00:00,86.95318691024772
2026-02-11 14:00:00+00:00,87.65094272707205
2026-02-11 15:00:00+00:00,89.1924590072297
2026-02-11 16:00:00+00:00,91.21572562322069
2026-02-11 17:00:00+00:00,92.01650231337835
2026-02-11 18:00:00+00:00,90.01437692770266
2026-02-11 19:00:00+00:00,88.38681318036035
2026-02-11 20:00:00+00:00,84.98716973301799
2026-02-11 21:00:00+00:00,81.56025418650898
2026-02-11 22:00:00+00:00,78.10891486249997
2026-02-11 23:00:00+00:00,75.25699931599098
2026-02-12 00:00:00+00:00,74.83031145281531
2026-02-12 01:00:00+00:00,75.87255669380629
2026-02-12 02:00:00+00:00,75.93986231313062
2026-02-12 03:00:00+00:00,77.63227018412161
2026-02-12 04:00:00+00:00,80.30100183261258
2026-02-12 05:00:00+00:00,87.40214780360358
2026-02-12 06:00:00+00:00,92.02987451126126
2026-02-12 07:00:00+00:00,94.65030035808557
2026-02-12 08:00:00+00:00,94.2034219649099
2026-02-12 09:00:00+00:00,91.62342889340087
2026-02-12 10:00:00+00:00,91.77643292189187
2026-02-12 11:00:00+00:00,90.79559705788286
2026-02-12 12:00:00+00:00,90.74716018970719
2026-02-12 13:00:00+00:00,90.87578428319817
2026-02-12 14:00:00+00:00,91.28023706168915
2026-02-12 15:00:00+00:00,91.17632765518017
2026-02-12 16:00:00+00:00,92.82104689200449
2026-02-12 17:00:00+00:00,94.56684651632881
2026-02-12 18:00:00+00:00,93.44242701565312
2026-02-12 19:00:00+00:00,90.91474652914411
2026-02-12 20:00:00+00:00,87.88848665680179
2026-02-12 21:00:00+00:00,83.71061287695944
2026-02-12 22:00:00+00:00,79.98475659628376
2026-02-12 23:00:00+00:00,77.25796648144141
2026-02-13 00:00:00+00:00,76.50668342909908
2026-02-13 01:00:00+00:00,76.36383461925675
2026-02-13 02:00:00+00:00,76.0923871144144
2026-02-13 03:00:00+00:00,78.31198839290538
2026-02-13 04:00:00+00:00,82.4856565422297
2026-02-13 05:00:00+00:00,88.50456951405403
2026-02-13 06:00:00+00:00,93.48371805504502
2026-02-13 07:00:00+00:00,96.82893901853602
2026-02-13 08:00:00+00:00,96.89265902619367
2026-02-13 09:00:00+00:00,95.05156254968468
2026-02-13 10:00:00+00:00,93.64738367567566
2026-02-13 11:00:00+00:00,92.19542344749998
2026-02-13 12:00:00+00:00,92.99482336599098
2026-02-13 13:00:00+00:00,94.22371776614862
2026-02-13 14:00:00+00:00,95.32977575963963
2026-02-13 15:00:00+00:00,95.87597729729727
2026-02-13 16:00:00+00:00,96.39872236328826
2026-02-13 17:00:00+00:00,96.59245271344592
2026-02-13 18:00:00+00:00,95.84210891027024
2026-02-13 19:00:00+00:00,94.69015905292791
2026-02-13 20:00:00+00:00,91.2128784214189
2026-02-13 21:00:00+00:00,88.48590492490989
2026-02-13 22:00:00+00:00,85.25997620673421
2026-02-13 23:00:00+00:00,82.4828574552252
2026-02-14 00:00:00+00:00,80.7594590937162
2026-02-14 01:00:00+00:00,81.34816648720718
2026-02-14 02:00:00+00:00,82.39083635236483
2026-02-14 03:00:00+00:00,82.78460315085583
2026-02-14 04:00:00+00:00,85.20412787518015
2026-02-14 05:00:00+00:00,88.85356881783781
2026-02-14 06:00:00+00:00,92.5308770663288
2026-02-14 07:00:00+00:00,90.07790850815314
2026-02-14 08:00:00+00:00,92.14962320414412
2026-02-14 09:00:00+00:00,96.37673823846846
2026-02-14 10:00:00+00:00,99.62444235945944
2026-02-14 11:00:00+00:00,98.52306864545044
2026-02-14 12:00:00+00:00,92.6809487864414
2026-02-14 13:00:00+00:00,88.22957011659908
2026-02-14 14:00:00+00:00,86.6250600884234
2026-02-14 15:00:00+00:00,89.22017628274773
2026-02-14 16:00:00+00:00,93.46902034040538
2026-02-14 17:00:00+00:00,96.61712141889637
2026-02-14 18:00:00+00:00,96.40418031988736
2026-02-14 19:00:00+00:00,95.86601115754503
2026-02-14 20:00:00+00:00,94.265132536036
2026-02-14 21:00:00+00:00,91.51605158369367
2026-02-14 22:00:00+00:00,86.62307566385134
2026-02-14 23:00:00+00:00,84.36884211734233
2026-02-15 00:00:00+00:00,83.29299125166665
2026-02-15 01:00:00+00:00,83.71843678765765
2026-02-15 02:00:00+00:00,84.88541293114861
2026-02-15 03:00:00+00:00,86.68344484963961
2026-02-15 04:00:00+00:00,87.80778354063061
2026-02-15 05:00:00+00:00,90.5569918441216
2026-02-15 06:00:00+00:00,94.08360179511259
2026-02-15 07:00:00+00:00,100.70852791860358
2026-02-15 08:00:00+00:00,102.81544684959458
2026-02-15 09:00:00+00:00,98.23833717058557
2026-02-15 10:00:00+00:00,94.63413549657655
2026-02-15 11:00:00+00:00,90.92351174340088
2026-02-15 12:00:00+00:00,89.79701885189188
2026-02-15 13:00:00+00:00,87.66995599204952
2026-02-15 14:00:00+00:00,88.26968622554051
2026-02-15 15:00:00+00:00,91.08337314153151
2026-02-15 16:00:00+00:00,94.82149420585584
2026-02-15 17:00:00+00:00,98.4445646310135
2026-02-15 18:00:00+00:00,97.97636560367116
2026-02-15 19:00:00+00:00,96.87547501216213
2026-02-15 20:00:00+00:00,93.15118711815312
2026-02-15 21:00:00+00:00,89.69489139081078
2026-02-15 22:00:00+00:00,84.88891728596845
2026-02-15 23:00:00+00:00,82.6613249436261
2026-02-16 00:00:00+00:00,81.9835281771171
2026-02-16 01:00:00+00:00,82.41484488727475
2026-02-16 02:00:00+00:00,83.21177575576573
2026-02-16 03:00:00+00:00,84.38177109425672
2026-02-16 04:00:00+00:00,88.11319379274772
2026-02-16 05:00:00+00:00,95.04079057207205
2026-02-16 06:00:00+00:00,99.69005560639637
2026-02-16 07:00:00+00:00,102.41690726905402
2026-02-16 08:00:00+00:00,101.73428906254503
2026-02-16 09:00:00+00:00,98.90727256270269
2026-02-16 10:00:00+00:00,96.80217807869366
2026-02-16 11:00:00+00:00,95.23048672468467
2026-02-16 12:00:00+00:00,95.274174451509
2026-02-16 13:00:00+00:00,96.12952545499998
2026-02-16 14:00:00+00:00,97.45553516432429
2026-02-16 15:00:00+00:00,98.4314877628153
2026-02-16 16:00:00+00:00,100.03248466297295
2026-02-16 17:00:00+00:00,101.0769998556306
2026-02-16 18:00:00+00:00,100.12299978745493
2026-02-16 19:00:00+00:00,99.2227785184459
2026-02-16 20:00:00+00:00,95.54650415860357
2026-02-16 21:00:00+00:00,90.21704003126123
2026-02-16 22:00:00+00:00,86.54194289558556
2026-02-16 23:00:00+00:00,83.78972189240989
2026-02-17 00:00:00+00:00,82.58686381923421
2026-02-17 01:00:00+00:00,82.92517631355852
2026-02-17 02:00:00+00:00,84.14668414704953
2026-02-17 03:00:00+00:00,85.76818580554051
2026-02-17 04:00:00+00:00,88.61406038486483
2026-02-17 05:00:00+00:00,94.93510713585582
2026-02-17 06:00:00+00:00,99.66188056601348
2026-02-17 07:00:00+00:00,101.65926923950448
2026-02-17 08:00:00+00:00,101.30685166549544
2026-02-17 09:00:00+00:00,98.53350256148646
2026-02-17 10:00:00+00:00,96.80499536914412
2026-02-17 11:00:00+00:00,96.13950932013512
2026-02-17 12:00:00+00:00,96.1079259011261
2026-02-17 13:00:00+00:00,96.35536093461708
2026-02-17 14:00:00+00:00,96.35552831060808
2026-02-17 15:00:00+00:00,98.34636367826573
2026-02-17 16:00:00+00:00,99.92195332925672
2026-02-17 17:00:00+00:00,101.08257628941439
2026-02-17 18:00:00+00:00,99.39566052540538
2026-02-17 19:00:00+00:00,97.52100876556304
2026-02-17 20:00:00+00:00,94.09434408238737
2026-02-17 21:00:00+00:00,90.09112961671167
2026-02-17 22:00:00+00:00,85.28944998686933
2026-02-17 23:00:00+00:00,82.99712310702701
2026-02-18 00:00:00+00:00,82.09385488718466
2026-02-18 01:00:00+00:00,81.97473445484232
2026-02-18 02:00:00+00:00,83.51280354916665
2026-02-18 03:00:00+00:00,85.6842223993243
2026-02-18 04:00:00+00:00,89.5833115253153
2026-02-18 05:00:00+00:00,97.20955517213962
2026-02-18 06:00:00+00:00,103.46563138979727
2026-02-18 07:00:00+00:00,106.38550503328827
2026-02-18 08:00:00+00:00,104.71339362094591
2026-02-18 09:00:00+00:00,100.20798247027024
2026-02-18 10:00:00+00:00,92.56346134376123
2026-02-18 11:00:00+00:00,88.20981636975222
2026-02-18 12:00:00+00:00,83.63040813407655
2026-02-18 13:00:00+00:00,81.30443389506753
2026-02-18 14:00:00+00:00,81.16932094105854
2026-02-18 15:00:00+00:00,84.72014604954951
2026-02-18 16:00:00+00:00,91.5207476705405
2026-02-18 17:00:00+00:00,99.09810639569818
2026-02-18 18:00:00+00:00,102.17481692002251
2026-02-18 19:00:00+00:00,96.9295851460135
2026-02-18 20:00:00+00:00,93.35099568367114
2026-02-18 21:00:00+00:00,89.74693103132881
2026-02-18 22:00:00+00:00,86.76587457731979
2026-02-18 23:00:00+00:00,85.64117729664412
2026-02-19 00:00:00+00:00,86.09043234013511
2026-02-19 01:00:00+00:00,86.6446678061261
2026-02-19 02:00:00+00:00,87.64111273378377
2026-02-19 03:00:00+00:00,89.38641398810807
2026-02-19 04:00:00+00:00,93.36488207576575
2026-02-19 05:00:00+00:00,100.17319310509006
2026-02-19 06:00:00+00:00,105.42168534608105
2026-02-19 07:00:00+00:00,108.19650502207205
2026-02-19 08:00:00+00:00,104.76767590639636
2026-02-19 09:00:00+00:00,97.05721357405403
2026-02-19 10:00:00+00:00,92.278849277545
2026-02-19 11:00:00+00:00,90.39924569020268
2026-02-19 12:00:00+00:00,87.59575885952701
2026-02-19 13:00:00+00:00,88.44769660801799
2026-02-19 14:00:00+00:00,89.72201006067564
2026-02-19 15:00:00+00:00,92.27356495916665
2026-02-19 16:00:00+00:00,98.23148978182431
2026-02-19 17:00:00+00:00,100.88323881281529
2026-02-19 18:00:00+00:00,99.51775660630628
2026-02-19 19:00:00+00:00,98.62035471063062
2026-02-19 20:00:00+00:00,96.09634085995494
2026-02-19 21:00:00+00:00,91.5175688551126
2026-02-19 22:00:00+00:00,87.79125271110358
2026-02-19 23:00:00+00:00,85.59020061959457
2026-02-20 00:00:00+00:00,85.51390391891888
2026-02-20 01:00:00+00:00,86.07021399490988
2026-02-20 02:00:00+00:00,87.65192888173422
2026-02-20 03:00:00+00:00,89.19497130522521
2026-02-20 04:00:00+00:00,92.56972479788287
2026-02-20 05:00:00+00:00,97.31582332387384
2026-02-20 06:00:00+00:00,101.81399104486484
2026-02-20 07:00:00+00:00,105.01532611335584
2026-02-20 08:00:00+00:00,104.73556400268016
2026-02-20 09:00:00+00:00,99.4819948228378
2026-02-20 10:00:00+00:00,95.5297572738288
2026-02-20 11:00:00+00:00,92.60353506898647
2026-02-20 12:00:00+00:00,88.92789648081079
2026-02-20 13:00:00+00:00,89.47890161430178
2026-02-20 14:00:00+00:00,93.43644854279276
2026-02-20 15:00:00+00:00,96.63537456961708
2026-02-20 16:00:00+00:00,98.52959299810809
2026-02-20 17:00:00+00:00,98.47526924909907
2026-02-20 18:00:00+00:00,95.07343445259008
2026-02-20 19:00:00+00:00,93.12252517774772
2026-02-20 20:00:00+00:00,89.91989394873872
2026-02-20 21:00:00+00:00,85.04297344639637
2026-02-20 22:00:00+00:00,80.34198593905403
2026-02-20 23:00:00+00:00,78.08986009421169
2026-02-21 00:00:00+00:00,76.66416195686936
2026-02-21 01:00:00+00:00,76.40601519619368
2026-02-21 02:00:00+00:00,77.097283130518
2026-02-21 03:00:00+00:00,78.56558343150898
2026-02-21 04:00:00+00:00,79.48402860749998
2026-02-21 05:00:00+00:00,84.03444806599099
2026-02-21 06:00:00+00:00,88.68501575614862
2026-02-21 07:00:00+00:00,92.7113446496396
2026-02-21 08:00:00+00:00,94.44019268979726
2026-02-21 09:00:00+00:00,91.90954768078826
2026-02-21 10:00:00+00:00,85.43349810677925
2026-02-21 11:00:00+00:00,83.45664668527024
2026-02-21 12:00:00+00:00,82.07818601126125
2026-02-21 13:00:00+00:00,81.75230159475223
2026-02-21 14:00:00+00:00,82.68381365657656
2026-02-21 15:00:00+00:00,84.50968802256753
2026-02-21 16:00:00+00:00,84.7805016752252
2026-02-21 17:00:00+00:00,85.79938811038285
2026-02-21 18:00:00+00:00,83.69774249054052
2026-02-21 19:00:00+00:00,82.52100994569818
2026-02-21 20:00:00+00:00,79.09471820085584
2026-02-21 21:00:00+00:00,75.89189283934682
2026-02-21 22:00:00+00:00,71.81564371783782
2026-02-21 23:00:00+00:00,70.01429897882882
2026-02-22 00:00:00+00:00,68.86368860565314
2026-02-22 01:00:00+00:00,68.14562743914414
2026-02-22 02:00:00+00:00,68.19003168763513
2026-02-22 03:00:00+00:00,68.98533332195944
2026-02-22 04:00:00+00:00,70.06569591545043
2026-02-22 05:00:00+00:00,71.86489346810808
2026-02-22 06:00:00+00:00,74.13719026076576
2026-02-22 07:00:00+00:00,77.20702669592342
2026-02-22 08:00:00+00:00,80.63131285191439
2026-02-22 09:00:00+00:00,81.10580884707204
2026-02-22 10:00:00+00:00,78.80372402639638
2026-02-22 11:00:00+00:00,78.20511330822069
2026-02-22 12:00:00+00:00,77.42560160171169
2026-02-22 13:00:00+00:00,76.42499908186934
2026-02-22 14:00:00+00:00,75.99884809536034
2026-02-22 15:00:00+00:00,76.74938635135133
2026-02-22 16:00:00+00:00,79.70042381650897
2026-02-22 17:00:00+00:00,81.27302774416665
2026-02-22 18:00:00+00:00,81.17032697515765
2026-02-22 19:00:00+00:00,78.57010029114863
2026-02-22 20:00:00+00:00,76.45124147297295
2026-02-22 21:00:00+00:00,71.92128355146394
2026-02-22 22:00:00+00:00,68.31664023828829
2026-02-22 23:00:00+00:00,65.6117796126126
2026-02-23 00:00:00+00:00,63.235890620270254
2026-02-23 01:00:00+00:00,64.11897770292792
2026-02-23 02:00:00+00:00,64.98980424391891
2026-02-23 03:00:00+00:00,67.05913437657655
2026-02-23 04:00:00+00:00,70.2852670792342
2026-02-23 05:00:00+00:00,75.33459585855853
2026-02-23 06:00:00+00:00,78.63821873288285
2026-02-23 07:00:00+00:00,79.50660595887385
2026-02-23 08:00:00+00:00,78.35734040569818
2026-02-23 09:00:00+00:00,75.63927596168917
2026-02-23 10:00:00+00:00,74.23757856684685
2026-02-23 11:00:00+00:00,72.5837916945045
2026-02-23 12:00:00+00:00,73.98167949799549
2026-02-23 13:00:00+00:00,74.2801783782264
2026-02-23 14:00:00+00:00,74.40212165830165
2026-02-23 15:00:00+00:00,76.08097547587688
2026-02-23 16:00:00+00:00,76.21547156511879
2026-02-23 17:00:00+00:00,77.44581965352735
2026-02-23 18:00:00+00:00,76.20021736193593
2026-02-23 19:00:00+00:00,75.1804238528445
2026-02-23 20:00:00+00:00,72.16231836708643
2026-02-23 21:00:00+00:00,68.742715712995
2026-02-23 22:00:00+00:00,64.85088101057022
2026-02-23 23:00:00+00:00,62.75548687981213
2026-02-24 00:00:00+00:00,62.28675469488738
2026-02-24 01:00:00+00:00,62.60050263579595
2026-02-24 02:00:00+00:00,63.30512718837119
2026-02-24 03:00:00+00:00,63.90651401427976
2026-02-24 04:00:00+00:00,67.16521908602166
2026-02-24 05:00:00+00:00,73.97269066193023
2026-02-24 06:00:00+00:00,78.36396979867213
2026-02-24 07:00:00+00:00,78.62286900291406
2026-02-24 08:00:00+00:00,77.50537450965595
2026-02-24 09:00:00+00:00,73.3516256672312
2026-02-24 10:00:00+00:00,69.55625845313978
2026-02-24 11:00:00+00:00,67.93357783992671
2026-02-24 12:00:00+00:00,68.05288471666665
2026-02-24 13:00:00+00:00,68.97609528083332
2026-02-24 14:00:00+00:00,70.55179319833331
2026-02-24 15:00:00+00:00,70.87812315083332
2026-02-24 16:00:00+00:00,71.33191140249998
2026-02-24 17:00:00+00:00,72.72991670333332
2026-02-24 18:00:00+00:00,72.95261730749999
2026-02-24 19:00:00+00:00,71.72595414249999
2026-02-24 20:00:00+00:00,68.72552241499999
2026-02-24 21:00:00+00:00,65.25046072833332
2026-02-24 22:00:00+00:00,61.325833666666654
2026-02-24 23:00:00+00:00,60.55846400333333
2026-02-25 00:00:00+00:00,60.13043611583333
2026-02-25 01:00:00+00:00,59.21222747583332
2026-02-25 02:00:00+00:00,59.879450585833325
2026-02-25 03:00:00+00:00,60.59977150333332
2026-02-25 04:00:00+00:00,64.60111556333332
2026-02-25 05:00:00+00:00,70.65331148833333
2026-02-25 06:00:00+00:00,75.18270287916665
2026-02-25 07:00:00+00:00,76.28872762083331
2026-02-25 08:00:00+00:00,74.20285536166665
2026-02-25 09:00:00+00:00,72.00193395666665
2026-02-25 10:00:00+00:00,66.77692236666665
2026-02-25 11:00:00+00:00,63.00077243916665
2026-02-25 12:00:00+00:00,61.42500124499999
2026-02-25 13:00:00+00:00,61.12573469249999
2026-02-25 14:00:00+00:00,59.79982076083332
2026-02-25 15:00:00+00:00,59.89915059916666
2026-02-25 16:00:00+00:00,61.92671778416665
2026-02-25 17:00:00+00:00,65.00060888083331
2026-02-25 18:00:00+00:00,66.97857675999998
2026-02-25 19:00:00+00:00,67.33221975666666
2026-02-25 20:00:00+00:00,66.42968901999998
2026-02-25 21:00:00+00:00,62.67500703999999
2026-02-25 22:00:00+00:00,57.957638215833335
2026-02-25 23:00:00+00:00,55.330022153333324
2026-02-26 00:00:00+00:00,54.12784902833332
2026-02-26 01:00:00+00:00,53.80679458416666
2026-02-26 02:00:00+00:00,54.05180219166666
2026-02-26 03:00:00+00:00,55.79786738666666
2026-02-26 04:00:00+00:00,58.950045546666665
2026-02-26 05:00:00+00:00,64.97547026
2026-02-26 06:00:00+00:00,68.70539563
2026-02-26 07:00:00+00:00,67.77355836916665
2026-02-26 08:00:00+00:00,64.20374031833333
2026-02-26 09:00:00+00:00,61.22922252249999
2026-02-26 10:00:00+00:00,60.40023800083333
2026-02-26 11:00:00+00:00,59.312303375833324
2026-02-26 12:00:00+00:00,60.547959726666654
2026-02-26 13:00:00+00:00,55.32096662666665
2026-02-26 14:00:00+00:00,55.02301599833333
2026-02-26 15:00:00+00:00,58.597530057499995
2026-02-26 16:00:00+00:00,62.90161431333332
2026-02-26 17:00:00+00:00,64.00018874333333
2026-02-26 18:00:00+00:00,63.249870857499985
2026-02-26 19:00:00+00:00,61.40064448999999
2026-02-26 20:00:00+00:00,58.46182716166666
2026-02-26 21:00:00+00:00,55.28377357666666
2026-02-26 22:00:00+00:00,51.30479203166665
2026-02-26 23:00:00+00:00,49.527560497499984
2026-02-27 00:00:00+00:00,49.673323513333315
2026-02-27 01:00:00+00:00,50.30646960499998
2026-02-27 02:00:00+00:00,50.477893709999975
2026-02-27 03:00:00+00:00,51.52329743583332
2026-02-27 04:00:00+00:00,54.24912200416665
2026-02-27 05:00:00+00:00,60.350129954166654
2026-02-27 06:00:00+00:00,63.42668347333333
2026-02-27 07:00:00+00:00,64.85236270749999
2026-02-27 08:00:00+00:00,64.57534520833332
2026-02-27 09:00:00+00:00,63.24927603083332
2026-02-27 10:00:00+00:00,61.74721506916665
2026-02-27 11:00:00+00:00,59.821024196666656
2026-02-27 12:00:00+00:00,58.47515603166666
2026-02-27 13:00:00+00:00,58.64879626499999
2026-02-27 14:00:00+00:00,57.80532143499999
2026-02-27 15:00:00+00:00,58.50294342666666
2026-02-27 16:00:00+00:00,59.67893231333332
2026-02-27 17:00:00+00:00,60.84878055833332
2026-02-27 18:00:00+00:00,60.24995984083332
2026-02-27 19:00:00+00:00,58.89839808833332
2026-02-27 20:00:00+00:00,55.97605837333332
2026-02-27 21:00:00+00:00,53.222493609166655
2026-02-27 22:00:00+00:00,49.42210824166665
2026-02-27 23:00:00+00:00,46.99709375416665
2026-02-28 00:00:00+00:00,46.24593475416665
2026-02-28 01:00:00+00:00,45.75580691666665
2026-02-28 02:00:00+00:00,45.97581947999998
2026-02-28 03:00:00+00:00,46.89536058999998
2026-02-28 04:00:00+00:00,48.796566789166654
2026-02-28 05:00:00+00:00,50.92219226916665
2026-02-28 06:00:00+00:00,53.449309961666664
2026-02-28 07:00:00+00:00,56.951657775833326
2026-02-28 08:00:00+00:00,58.600947888333316
2026-02-28 09:00:00+00:00,59.199754118333324
2026-02-28 10:00:00+00:00,58.02623062416666
2026-02-28 11:00:00+00:00,56.17283597333333
2026-02-28 12:00:00+00:00,55.42244397166666
2026-02-28 13:00:00+00:00,54.99656351166666
2026-02-28 14:00:00+00:00,52.545601541666656
2026-02-28 15:00:00+00:00,53.09720675666666
2026-02-28 16:00:00+00:00,55.626425516666664
2026-02-28 17:00:00+00:00,57.548204335833326
2026-02-28 18:00:00+00:00,57.79726844333332
2026-02-28 19:00:00+00:00,57.073657184999995
2026-02-28 20:00:00+00:00,56.57774349916666
2026-02-28 21:00:00+00:00,56.60565716499999
2026-02-28 22:00:00+00:00,57.50478044166666
2026-02-28 23:00:00+00:00,56.12329042166666
2026-03-01 00:00:00+00:00,55.14829331916666
2026-03-01 01:00:00+00:00,56.80713648916666
2026-03-01 02:00:00+00:00,57.50216110166666
2026-03-01 03:00:00+00:00,57.22241705499999
2026-03-01 04:00:00+00:00,58.77404712833333
2026-03-01 05:00:00+00:00,61.24947595833332
2026-03-01 06:00:00+00:00,64.04899207583333
2026-03-01 07:00:00+00:00,69.02588749999998
2026-03-01 08:00:00+00:00,67.73643961999998
2026-03-01 09:00:00+00:00,66.90335083416666
2026-03-01 10:00:00+00:00,65.47699892083331
2026-03-01 11:00:00+00:00,61.29871353583332
2026-03-01 12:00:00+00:00,56.371920363333324
2026-03-01 13:00:00+00:00,55.671802785
2026-03-01 14:00:00+00:00,56.04677838583332
2026-03-01 15:00:00+00:00,56.87331985583333
2026-03-01 16:00:00+00:00,58.23064473583332
2026-03-01 17:00:00+00:00,61.909680953333314
2026-03-01 18:00:00+00:00,62.705040836666655
2026-03-01 19:00:00+00:00,61.05198809083332
2026-03-01 20:00:00+00:00,58.722876538333324
2026-03-01 21:00:00+00:00,55.87311039666666
2026-03-01 22:00:00+00:00,51.64743565916666
2026-03-01 23:00:00+00:00,49.22221255166665
2026-03-02 00:00:00+00:00,48.621894206666646
2026-03-02 01:00:00+00:00,49.606179854999986
2026-03-02 02:00:00+00:00,50.22610427416666
2026-03-02 03:00:00+00:00,51.12198944416666
2026-03-02 04:00:00+00:00,53.847825602499995
2026-03-02 05:00:00+00:00,57.85002152749998
2026-03-02 06:00:00+00:00,61.04992880749999
2026-03-02 07:00:00+00:00,61.52843066583332
2026-03-02 08:00:00+00:00,59.49754995999999
2026-03-02 09:00:00+00:00,55.072928693333324
2026-03-02 10:00:00+00:00,50.398838888333316
2026-03-02 11:00:00+00:00,48.195839136666656
2026-03-02 12:00:00+00:00,46.32050920166665
2026-03-02 13:00:00+00:00,47.09665577249998
2026-03-02 14:00:00+00:00,44.32021861249998
2026-03-02 15:00:00+00:00,46.97159492499998
2026-03-02 16:00:00+00:00,49.10058767999998
2026-03-02 17:00:00+00:00,53.44698113166666
2026-03-02 18:00:00+00:00,54.580221241666656
2026-03-02 19:00:00+00:00,53.70271200666666
2026-03-02 20:00:00+00:00,53.59860624916666
2026-03-02 21:00:00+00:00,51.19323923999998
2026-03-02 22:00:00+00:00,47.86822391333332
2026-03-02 23:00:00+00:00,45.96878313083331
2026-03-03 00:00:00+00:00,45.919907360833314
2026-03-03 01:00:00+00:00,46.052855203333316
2026-03-03 02:00:00+00:00,47.49937614499998
2026-03-03 03:00:00+00:00,48.64371648833331
2026-03-03 04:00:00+00:00,52.59617814416666
2026-03-03 05:00:00+00:00,58.62316255166665
2026-03-03 06:00:00+00:00,64.89861502083332
2026-03-03 07:00:00+00:00,63.10506531499999
2026-03-03 08:00:00+00:00,59.70217940499998
2026-03-03 09:00:00+00:00,52.64486107999999
2026-03-03 10:00:00+00:00,50.37307936333331
2026-03-03 11:00:00+00:00,50.86613733333331
2026-03-03 12:00:00+00:00,48.94245691499998
2026-03-03 13:00:00+00:00,46.892576092499986
2026-03-03 14:00:00+00:00,45.32351718666665
2026-03-03 15:00:00+00:00,47.59924034249998
2026-03-03 16:00:00+00:00,49.40385605999999
2026-03-03 17:00:00+00:00,56.123209291666655
2026-03-03 18:00:00+00:00,62.04885795166665
2026-03-03 19:00:00+00:00,64.9238397275
2026-03-03 20:00:00+00:00,63.096624359166654
2026-03-03 21:00:00+00:00,60.672444351666655
2026-03-03 22:00:00+00:00,56.522102446666665
2026-03-03 23:00:00+00:00,53.747826821666656
2026-03-04 00:00:00+00:00,54.07292823416666
2026-03-04 01:00:00+00:00,57.405389296666655
2026-03-04 02:00:00+00:00,59.05033315916666
2026-03-04 03:00:00+00:00,60.62277550583332
2026-03-04 04:00:00+00:00,64.49989899333332
2026-03-04 05:00:00+00:00,72.02641400583333
2026-03-04 06:00:00+00:00,76.15720077249999
2026-03-04 07:00:00+00:00,76.41071010416665
2026-03-04 08:00:00+00:00,68.73880837083333
2026-03-04 09:00:00+00:00,59.729242424999995
2026-03-04 10:00:00+00:00,53.073626990833326
2026-03-04 11:00:00+00:00,50.54579483499999
2026-03-04 12:00:00+00:00,48.421563052499984
2026-03-04 13:00:00+00:00,49.04664997749999
2026-03-04 14:00:00+00:00,47.694491339999985
2026-03-04 15:00:00+00:00,49.070383769999985
2026-03-04 16:00:00+00:00,52.750478034166655
2026-03-04 17:00:00+00:00,57.975096403333325
2026-03-04 18:00:00+00:00,62.126625523333324
2026-03-04 19:00:00+00:00,64.62419611999998
2026-03-04 20:00:00+00:00,66.85116771833331
2026-03-04 21:00:00+00:00,65.60533348416666
2026-03-04 22:00:00+00:00,60.55651108833332
2026-03-04 23:00:00+00:00,55.65391820583333
2026-03-05 00:00:00+00:00,54.79784047
2026-03-05 01:00:00+00:00,56.0309215975
2026-03-05 02:00:00+00:00,57.278262990833326
2026-03-05 03:00:00+00:00,58.925394924999985
2026-03-05 04:00:00+00:00,62.65155971999999
2026-03-05 05:00:00+00:00,69.42793976916666
2026-03-05 06:00:00+00:00,74.40896618916666
2026-03-05 07:00:00+00:00,73.88627221916666
2026-03-05 08:00:00+00:00,64.95426270749998
2026-03-05 09:00:00+00:00,55.95060560333332
2026-03-05 10:00:00+00:00,50.698692794166654
2026-03-05 11:00:00+00:00,49.14373555166666
2026-03-05 12:00:00+00:00,48.11832944249999
2026-03-05 13:00:00+00:00,47.520170574166656
2026-03-05 14:00:00+00:00,47.346853182499984
2026-03-05 15:00:00+00:00,48.79672531249998
2026-03-05 16:00:00+00:00,53.50089191749999
2026-03-05 17:00:00+00:00,61.09888608749999
2026-03-05 18:00:00+00:00,65.2358695725
2026-03-05 19:00:00+00:00,65.49993376333332
2026-03-05 20:00:00+00:00,62.57121543166666
2026-03-05 21:00:00+00:00,59.44607383416666
2026-03-05 22:00:00+00:00,56.14694476249999
2026-03-05 23:00:00+00:00,54.89622740166666
2026-03-06 00:00:00+00:00,55.596884294999995
2026-03-06 01:00:00+00:00,55.69875794833332
2026-03-06 02:00:00+00:00,56.22489563666666
2026-03-06 03:00:00+00:00,57.54683092083333
2026-03-06 04:00:00+00:00,64.38100692333332
2026-03-06 05:00:00+00:00,68.39621636333331
2026-03-06 06:00:00+00:00,65.14138333333332
2026-03-06 07:00:00+00:00,61.89138333333332
2026-03-06 08:00:00+00:00,58.64138333333332
2026-03-06 09:00:00+00:00,55.39138333333332
2026-03-06 10:00:00+00:00,52.14138333333332
2026-03-06 11:00:00+00:00,49.56846608416666
2026-03-06 12:00:00+00:00,49.44162860999999
2026-03-06 13:00:00+00:00,47.219972324999986
2026-03-06 14:00:00+00:00,47.018276448333324
2026-03-06 15:00:00+00:00,48.341987440833314
2026-03-06 16:00:00+00:00,51.84819518416666
2026-03-06 17:00:00+00:00,57.35234486333333
2026-03-06 18:00:00+00:00,60.44938361833332
2026-03-06 19:00:00+00:00,60.020416101666655
2026-03-06 20:00:00+00:00,58.521210016666664
2026-03-06 21:00:00+00:00,56.572812334166656
2026-03-06 22:00:00+00:00,54.95500972416665
2026-03-06 23:00:00+00:00,53.45314952916666
2026-03-07 00:00:00+00:00,52.974846379166664
2026-03-07 01:00:00+00:00,51.954801104166656
2026-03-07 02:00:00+00:00,51.75150664666665
2026-03-07 03:00:00+00:00,53.02305282666666
2026-03-07 04:00:00+00:00,54.92352595833333
2026-03-07 05:00:00+00:00,57.87390225333333
2026-03-07 06:00:00+00:00,60.25289462833332
2026-03-07 07:00:00+00:00,63.65093096249999
2026-03-07 08:00:00+00:00,62.55288967249999
2026-03-07 09:00:00+00:00,59.07301607749999
2026-03-07 10:00:00+00:00,56.32194522166666
2026-03-07 11:00:00+00:00,53.270970363333326
2026-03-07 12:00:00+00:00,51.22142069499999
2026-03-07 13:00:00+00:00,49.56940525416666
2026-03-07 14:00:00+00:00,50.74507953249999
2026-03-07 15:00:00+00:00,52.819007837499996
2026-03-07 16:00:00+00:00,54.39981534583333
2026-03-07 17:00:00+00:00,57.270674628333325
2026-03-07 18:00:00+00:00,56.82632867999999
2026-03-07 19:00:00+00:00,55.08167578666666
2026-03-07 20:00:00+00:00,53.83112937833333
2026-03-07 21:00:00+00:00,51.82674256333333
2026-03-07 22:00:00+00:00,49.15766439916665
2026-03-07 23:00:00+00:00,47.52593248249998
2026-03-08 00:00:00+00:00,47.32572386249998
2026-03-08 01:00:00+00:00,47.60933233499998
2026-03-08 02:00:00+00:00,49.55431554333332
2026-03-08 03:00:00+00:00,50.30017211833332
2026-03-08 04:00:00+00:00,50.451079874999984
2026-03-08 05:00:00+00:00,52.251497954166666
2026-03-08 06:00:00+00:00,55.659457381666655
2026-03-08 07:00:00+00:00,60.326089865833325
2026-03-08 08:00:00+00:00,61.652669003333315
2026-03-08 09:00:00+00:00,61.68069501749999
2026-03-08 10:00:00+00:00,56.344350280833325
2026-03-08 11:00:00+00:00,52.49142605416666
2026-03-08 12:00:00+00:00,50.81758150749999
2026-03-08 13:00:00+00:00,49.3421038
2026-03-08 14:00:00+00:00,48.34208061999999
2026-03-08 15:00:00+00:00,48.217193622499984
2026-03-08 16:00:00+00:00,51.39341346999999
2026-03-08 17:00:00+00:00,55.72016691666666
2026-03-08 18:00:00+00:00,59.36945085416665
2026-03-08 19:00:00+00:00,58.67035982999999
2026-03-08 20:00:00+00:00,56.547281711666656
2026-03-08 21:00:00+00:00,54.077173071666664
2026-03-08 22:00:00+00:00,50.59955373166665
2026-03-08 23:00:00+00:00,49.82109411666666
2026-03-09 00:00:00+00:00,49.84426289666665
2026-03-09 01:00:00+00:00,50.854979529999994
2026-03-09 02:00:00+00:00,51.52415387666666
2026-03-09 03:00:00+00:00,52.37036974166666
2026-03-09 04:00:00+00:00,56.84603288916666
2026-03-09 05:00:00+00:00,64.02318451249998
2026-03-09 06:00:00+00:00,68.85375190833332
2026-03-09 07:00:00+00:00,67.00277423166665
2026-03-09 08:00:00+00:00,58.87105363083332
2026-03-09 09:00:00+00:00,50.894728634166654
2026-03-09 10:00:00+00:00,47.818409812499986
2026-03-09 11:00:00+00:00,46.16850664916665
2026-03-09 12:00:00+00:00,44.93963512999998
2026-03-09 13:00:00+00:00,43.54359890999998
2026-03-09 14:00:00+00:00,42.816289602499985
2026-03-09 15:00:00+00:00,44.21706155666666
2026-03-09 16:00:00+00:00,48.72181307666665
2026-03-09 17:00:00+00:00,54.14532963583333
2026-03-09 18:00:00+00:00,57.32094100833333
2026-03-09 19:00:00+00:00,56.997990759999986
2026-03-09 20:00:00+00:00,56.35421916583333
2026-03-09 21:00:00+00:00,53.79465676666666
2026-03-09 22:00:00+00:00,51.32177876583332
2026-03-09 23:00:00+00:00,49.99417017666665
2026-03-10 00:00:00+00:00,49.90614572916665
2026-03-10 01:00:00+00:00,50.22710185333332
2026-03-10 02:00:00+00:00,51.07224480416666
2026-03-10 03:00:00+00:00,52.59397062916666
2026-03-10 04:00:00+00:00,56.670859039166665
2026-03-10 05:00:00+00:00,62.448547539166654
2026-03-10 06:00:00+00:00,66.67285755416665
2026-03-10 07:00:00+00:00,65.82206074166665
2026-03-10 08:00:00+00:00,63.64787409999999
2026-03-10 09:00:00+00:00,59.39835508499999
2026-03-10 10:00:00+00:00,57.0561238475
2026-03-10 11:00:00+00:00,55.32378925083333
2026-03-10 12:00:00+00:00,54.63375599666666
2026-03-10 13:00:00+00:00,52.34500465666665
2026-03-10 14:00:00+00:00,50.02268026833332
2026-03-10 15:00:00+00:00,49.47274111583332
2026-03-10 16:00:00+00:00,52.223315279999994
2026-03-10 17:00:00+00:00,57.47110738499999
2026-03-10 18:00:00+00:00,58.455204500833325
2026-03-10 19:00:00+00:00,57.99410109583332
2026-03-10 20:00:00+00:00,56.34464994249999
2026-03-10 21:00:00+00:00,52.59332990166666
2026-03-10 22:00:00+00:00,47.84257365416665
2026-03-10 23:00:00+00:00,45.69216800416665
2026-03-11 00:00:00+00:00,44.944181766666645
2026-03-11 01:00:00+00:00,45.60193585666665
2026-03-11 02:00:00+00:00,46.09643845999997
2026-03-11 03:00:00+00:00,46.61688358999998
2026-03-11 04:00:00+00:00,49.79290023249998
2026-03-11 05:00:00+00:00,54.42104531833333
2026-03-11 06:00:00+00:00,57.89945071999999
2026-03-11 07:00:00+00:00,57.57147003166666
2026-03-11 08:00:00+00:00,55.21903773083332
2026-03-11 09:00:00+00:00,50.96954479333332
2026-03-11 10:00:00+00:00,50.46923849749999
2026-03-11 11:00:00+00:00,50.94312295999999
2026-03-11 12:00:00+00:00,51.61939907916666
2026-03-11 13:00:00+00:00,52.04568267166666
2026-03-11 14:00:00+00:00,51.56932664166666
2026-03-11 15:00:00+00:00,53.293964454166655
2026-03-11 16:00:00+00:00,56.92159622333332
2026-03-11 17:00:00+00:00,60.04947641749999
2026-03-11 18:00:00+00:00,60.99122106999999
2026-03-11 19:00:00+00:00,58.48596996083332
2026-03-11 20:00:00+00:00,56.38279216333333
2026-03-11 21:00:00+00:00,55.02752077166666
2026-03-11 22:00:00+00:00,52.127793136666654
2026-03-11 23:00:00+00:00,50.40248600166666
2026-03-12 00:00:00+00:00,50.523748226666655
2026-03-12 01:00:00+00:00,51.02845376666666
2026-03-12 02:00:00+00:00,51.82595901916666
2026-03-12 03:00:00+00:00,53.570486480833324
2026-03-12 04:00:00+00:00,56.82179744916666
2026-03-12 05:00:00+00:00,64.9995401625
2026-03-12 06:00:00+00:00,73.87643184999999
2026-03-12 07:00:00+00:00,70.32749539833333
2026-03-12 08:00:00+00:00,60.284477572499995
2026-03-12 09:00:00+00:00,53.71407829618421
2026-03-12 10:00:00+00:00,49.6632362082456
2026-03-12 11:00:00+00:00,49.287645822807015
2026-03-12 12:00:00+00:00,48.69084994320174
2026-03-12 13:00:00+00:00,48.140860179429815
2026-03-12 14:00:00+00:00,48.215348485657884
2026-03-12 15:00:00+00:00,49.284278088552625
2026-03-12 16:00:00+00:00,52.81941470728069
2026-03-12 17:00:00+00:00,57.16882524017543
2026-03-12 18:00:00+00:00,59.640731034736824
2026-03-12 19:00:00+00:00,58.690918018464906
2026-03-12 20:00:00+00:00,56.29028912635964
2026-03-12 21:00:00+00:00,53.78892305008772
2026-03-12 22:00:00+00:00,50.41414396464911
2026-03-12 23:00:00+00:00,48.64044320837717
2026-03-13 00:00:00+00:00,48.300882571271906
2026-03-13 01:00:00+00:00,48.45142660166665
2026-03-13 02:00:00+00:00,48.89495307206139
2026-03-13 03:00:00+00:00,50.19070398328945
2026-03-13 04:00:00+00:00,53.115423250350865
2026-03-13 05:00:00+00:00,58.76928266491227
2026-03-13 06:00:00+00:00,62.12298561447367
2026-03-13 07:00:00+00:00,62.507095024868406
2026-03-13 08:00:00+00:00,62.044101286228056
2026-03-13 09:00:00+00:00,58.67027168583332
2026-03-13 10:00:00+00:00,58.54867251166666
2026-03-13 11:00:00+00:00,61.19859427916665
2026-03-13 12:00:00+00:00,58.67430790333332
2026-03-13 13:00:00+00:00,58.77041076583332
2026-03-13 14:00:00+00:00,60.72674348166665
2026-03-13 15:00:00+00:00,60.09920938833332
2026-03-13 16:00:00+00:00,61.448253213333324
2026-03-13 17:00:00+00:00,63.32203999999998
2026-03-13 18:00:00+00:00,62.84521747249998
2026-03-13 19:00:00+00:00,62.34578744083333
2026-03-13 20:00:00+00:00,60.94900076833332
2026-03-13 21:00:00+00:00,59.784764326666654
2026-03-13 22:00:00+00:00,56.49981702416666
2026-03-13 23:00:00+00:00,57.22512621749999
2026-03-14 00:00:00+00:00,56.621366481666655
2026-03-14 01:00:00+00:00,56.00675691666666
2026-03-14 02:00:00+00:00,54.77394815416667
2026-03-14 03:00:00+00:00,53.72112309166667
2026-03-14 04:00:00+00:00,56.35732501166666
2026-03-14 05:00:00+00:00,60.554887649166645
2026-03-14 06:00:00+00:00,63.90894628666665
2026-03-14 07:00:00+00:00,66.88825584797617
2026-03-14 08:00:00+00:00,65.91325471952379
2026-03-14 09:00:00+00:00,61.822997473333324
2026-03-14 10:00:00+00:00,59.55870803749999
2026-03-14 11:00:00+00:00,57.59465245999999
2026-03-14 12:00:00+00:00,55.903595929166656
2026-03-14 13:00:00+00:00,55.74044629583333
2026-03-14 14:00:00+00:00,58.51385724666665
2026-03-14 15:00:00+00:00,61.24813334166666
2026-03-14 16:00:00+00:00,64.06016168166666
2026-03-14 17:00:00+00:00,66.29761911999998
2026-03-14 18:00:00+00:00,67.42304505249997
2026-03-14 19:00:00+00:00,67.64693195333332
2026-03-14 20:00:00+00:00,65.27145096833333
2026-03-14 21:00:00+00:00,63.123380703333325
2026-03-14 22:00:00+00:00,59.45434581666666
2026-03-14 23:00:00+00:00,58.251048841666666
2026-03-15 00:00:00+00:00,58.399824877499995
2026-03-15 01:00:00+00:00,59.27767723666666
2026-03-15 02:00:00+00:00,60.44957653166666
2026-03-15 03:00:00+00:00,61.81870413833332
2026-03-15 04:00:00+00:00,62.29710290583332
2026-03-15 05:00:00+00:00,64.47209421333332
2026-03-15 06:00:00+00:00,66.02296971749999
2026-03-15 07:00:00+00:00,67.42396317999999
2026-03-15 08:00:00+00:00,66.74498529249999
2026-03-15 09:00:00+00:00,62.69651021666665
2026-03-15 10:00:00+00:00,59.44749910333332
2026-03-15 11:00:00+00:00,56.070048198333325
2026-03-15 12:00:00+00:00,55.24433990999999
2026-03-15 13:00:00+00:00,53.890754024166654
2026-03-15 14:00:00+00:00,53.716710579166666
2026-03-15 15:00:00+00:00,53.441193985
2026-03-15 16:00:00+00:00,56.85065516166666
2026-03-15 17:00:00+00:00,60.64937866249999
2026-03-15 18:00:00+00:00,65.70243430583332
2026-03-15 19:00:00+00:00,68.32088137999997
2026-03-15 20:00:00+00:00,67.04479939333332
2026-03-15 21:00:00+00:00,63.546094575833315
2026-03-15 22:00:00+00:00,56.47030851416667
2026-03-15 23:00:00+00:00,52.89450918416666
2026-03-16 00:00:00+00:00,52.56947151666667
2026-03-16 01:00:00+00:00,52.30319009416666
2026-03-16 02:00:00+00:00,52.87246211666666
2026-03-16 03:00:00+00:00,54.19556639166667
2026-03-16 04:00:00+00:00,58.66793424249999
2026-03-16 05:00:00+00:00,65.57285008083332
2026-03-16 06:00:00+00:00,70.81408850499999
2026-03-16 07:00:00+00:00,71.38605696499998
2026-03-16 08:00:00+00:00,68.36415579666665
2026-03-16 09:00:00+00:00,64.66872648976502
2026-03-16 10:00:00+00:00,60.457563223027314
2026-03-16 11:00:00+00:00,56.12026413628963
2026-03-16 12:00:00+00:00,52.75932565538526
2026-03-16 13:00:00+00:00,53.50331330448089
2026-03-16 14:00:00+00:00,53.979816600287045
2026-03-16 15:00:00+00:00,54.58316070328619
2026-03-16 16:00:00+00:00,57.512715502118674
2026-03-16 17:00:00+00:00,62.61860528845115
2026-03-16 18:00:00+00:00,65.32130530728362
2026-03-16 19:00:00+00:00,64.99915721528276
2026-03-16 20:00:00+00:00,64.1037704232819
2026-03-16 21:00:00+00:00,60.45572242794772
2026-03-16 22:00:00+00:00,57.014485235946864
2026-03-16 23:00:00+00:00,54.944016015612675
2026-03-17 00:00:00+00:00,55.12051563027848
2026-03-17 01:00:00+00:00,55.92614791911096
2026-03-17 02:00:00+00:00,58.47600716877676
2026-03-17 03:00:00+00:00,60.15114290010924
2026-03-17 04:00:00+00:00,63.35299646894172
2026-03-17 05:00:00+00:00,70.93613715360752
2026-03-17 06:00:00+00:00,76.11655754494001
2026-03-17 07:00:00+00:00,72.74399473043914
2026-03-17 08:00:00+00:00,65.92412529260496
2026-03-17 09:00:00+00:00,61.64476448393742
2026-03-17 10:00:00+00:00,58.57022595443658
2026-03-17 11:00:00+00:00,56.54794991326906
2026-03-17 12:00:00+00:00,56.93677129210153
2026-03-17 13:00:00+00:00,54.834243465934016
2026-03-17 14:00:00+00:00,52.91271955559982
2026-03-17 15:00:00+00:00,54.4946908694323
2026-03-17 16:00:00+00:00,58.47685135993144
2026-03-17 17:00:00+00:00,60.97438018043058
2026-03-17 18:00:00+00:00,61.62887710842971
2026-03-17 19:00:00+00:00,60.304586924762205
2026-03-17 20:00:00+00:00,57.43396871276135
2026-03-17 21:00:00+00:00,54.48520213742716
2026-03-17 22:00:00+00:00,50.713317717926294
2026-03-17 23:00:00+00:00,48.966423766758766
2026-03-18 00:00:00+00:00,49.21887292225791
2026-03-18 01:00:00+00:00,50.209456065257065
2026-03-18 02:00:00+00:00,51.980268726589536
2026-03-18 03:00:00+00:00,53.90533491792202
2026-03-18 04:00:00+00:00,57.53602767425449
2026-03-18 05:00:00+00:00,62.99132637058696
2026-03-18 06:00:00+00:00,67.10628571191944
2026-03-18 07:00:00+00:00,62.19139108658524
2026-03-18 08:00:00+00:00,55.253630620417724
2026-03-18 09:00:00+00:00,49.82829817591687
2026-03-18 10:00:00+00:00,47.45637357141601
2026-03-18 11:00:00+00:00,47.55297801024848
2026-03-18 12:00:00+00:00,44.30692349491429
2026-03-18 13:00:00+00:00,43.6100138370801
2026-03-18 14:00:00+00:00,45.01332980424592
2026-03-18 15:00:00+00:00,45.04165858057839
2026-03-18 16:00:00+00:00,44.701065472744204
2026-03-18 17:00:00+00:00,48.563600630743345
2026-03-18 18:00:00+00:00,52.13602205874249
2026-03-18 19:00:00+00:00,52.28612218090831
2026-03-18 20:00:00+00:00,52.195459533074114
2026-03-18 21:00:00+00:00,51.85878692773992
2026-03-18 22:00:00+00:00,48.15197548823906
2026-03-18 23:00:00+00:00,47.178765232904865
2026-03-19 00:00:00+00:00,48.18205550257067
2026-03-19 01:00:00+00:00,49.93331752223649
2026-03-19 02:00:00+00:00,52.96640689106897
2026-03-19 03:00:00+00:00,55.03665453990145
2026-03-19 04:00:00+00:00,58.822766460400594
2026-03-19 05:00:00+00:00,66.23133147839974
2026-03-19 06:00:00+00:00,68.9856653072322
2026-03-19 07:00:00+00:00,59.27363852634247
2026-03-19 08:00:00+00:00,48.92667043295271
2026-03-19 09:00:00+00:00,45.40268903622964
2026-03-19 10:00:00+00:00,43.879866665895435
2026-03-19 11:00:00+00:00,45.011877705561254
2026-03-19 12:00:00+00:00,44.1639476685604
2026-03-19 13:00:00+00:00,43.04055944655954
2026-03-19 14:00:00+00:00,43.59450455122535
2026-03-19 15:00:00+00:00,46.64875641089116
2026-03-19 16:00:00+00:00,52.760180422223634
2026-03-19 17:00:00+00:00,55.634119486056115
2026-03-19 18:00:00+00:00,56.26257781072193
2026-03-19 19:00:00+00:00,54.7902865220544
2026-03-19 20:00:00+00:00,52.66943613005355
2026-03-19 21:00:00+00:00,50.25883018471935
2026-03-19 22:00:00+00:00,47.450246694385164
2026-03-19 23:00:00+00:00,46.7776147198843
2026-03-20 00:00:00+00:00,47.188175656216785
2026-03-20 01:00:00+00:00,48.27556613421593
2026-03-20 02:00:00+00:00,48.62421422888173
2026-03-20 03:00:00+00:00,50.51878096521422
2026-03-20 04:00:00+00:00,53.34700543154669
2026-03-20 05:00:00+00:00,59.651823142879174
2026-03-20 06:00:00+00:00,64.43380948254497
2026-03-20 07:00:00+00:00,63.83199202971078
2026-03-20 08:00:00+00:00,61.2392086018766
2026-03-20 09:00:00+00:00,55.86397589154241
2026-03-20 10:00:00+00:00,48.77439748522921
2026-03-20 11:00:00+00:00,44.12805718416665
2026-03-20 12:00:00+00:00,42.23949604999998
2026-03-20 13:00:00+00:00,41.34022370249998
2026-03-20 14:00:00+00:00,41.40593889833332
2026-03-20 15:00:00+00:00,41.61985642499999
2026-03-20 16:00:00+00:00,43.59781766999998
2026-03-20 17:00:00+00:00,47.74431916833332
2026-03-20 18:00:00+00:00,52.83495044333333
2026-03-20 19:00:00+00:00,54.130659491666655
2026-03-20 20:00:00+00:00,54.37228788666666
2026-03-20 21:00:00+00:00,51.22014373666666
2026-03-20 22:00:00+00:00,47.870184301666654
2026-03-20 23:00:00+00:00,46.168295511666656
2026-03-21 00:00:00+00:00,45.518396084999985
2026-03-21 01:00:00+00:00,46.15234935999998
2026-03-21 02:00:00+00:00,47.32249894499999
2026-03-21 03:00:00+00:00,48.319086529166654
2026-03-21 04:00:00+00:00,49.719758369166655
2026-03-21 05:00:00+00:00,52.97549503916666
2026-03-21 06:00:00+00:00,57.453090439166665
2026-03-21 07:00:00+00:00,61.529223820833316
2026-03-21 08:00:00+00:00,65.47587057416665
2026-03-21 09:00:00+00:00,64.91963217749999
2026-03-21 10:00:00+00:00,60.47071500333332
2026-03-21 11:00:00+00:00,58.695291129166655
2026-03-21 12:00:00+00:00,57.57005643166666
2026-03-21 13:00:00+00:00,58.32019756999999
2026-03-21 14:00:00+00:00,59.04460815833331
2026-03-21 15:00:00+00:00,59.49404024833332
2026-03-21 16:00:00+00:00,61.29802972583332
2026-03-21 17:00:00+00:00,63.27429677249998
2026-03-21 18:00:00+00:00,64.16637033916665
2026-03-21 19:00:00+00:00,62.84017534999998
2026-03-21 20:00:00+00:00,61.14533047499999
2026-03-21 21:00:00+00:00,57.35228073833333
2026-03-21 22:00:00+00:00,54.077073337499996
2026-03-21 23:00:00+00:00,52.07493040666667
2026-03-22 00:00:00+00:00,52.318147359166666
2026-03-22 01:00:00+00:00,52.22802493666666
2026-03-22 02:00:00+00:00,53.07439147166666
2026-03-22 03:00:00+00:00,54.36945413166666
2026-03-22 04:00:00+00:00,56.24494548749999
2026-03-22 05:00:00+00:00,59.94632721499999
2026-03-22 06:00:00+00:00,64.69776193666665
2026-03-22 07:00:00+00:00,66.27426825666666
2026-03-22 08:00:00+00:00,62.62135375166666
2026-03-22 09:00:00+00:00,56.345220829166664
2026-03-22 10:00:00+00:00,51.11979939333333
2026-03-22 11:00:00+00:00,48.16735550249999
2026-03-22 12:00:00+00:00,45.79040380666665
2026-03-22 13:00:00+00:00,43.64398099999998
2026-03-22 14:00:00+00:00,41.43941781749998
2026-03-22 15:00:00+00:00,41.96543400083331
2026-03-22 16:00:00+00:00,44.77021403666665
2026-03-22 17:00:00+00:00,50.196837095833324
2026-03-22 18:00:00+00:00,53.92803408833333
2026-03-22 19:00:00+00:00,55.04900610416665
2026-03-22 20:00:00+00:00,53.82390179416666
2026-03-22 21:00:00+00:00,51.92010317166666
2026-03-22 22:00:00+00:00,48.718702839999985
2026-03-22 23:00:00+00:00,47.043438328333316
2026-03-23 00:00:00+00:00,47.39323961999999
2026-03-23 01:00:00+00:00,48.05215812499999
2026-03-23 02:00:00+00:00,49.37209039749999
2026-03-23 03:00:00+00:00,50.89468013666665
2026-03-23 04:00:00+00:00,53.14649443083332
2026-03-23 05:00:00+00:00,58.97439566749999
2026-03-23 06:00:00+00:00,62.80041688583332
2026-03-23 07:00:00+00:00,60.419359759999985
2026-03-23 08:00:00+00:00,56.38301974333333
2026-03-23 09:00:00+00:00,49.58993000666665
2026-03-23 10:00:00+00:00,46.902115644166656
2026-03-23 11:00:00+00:00,46.238440181666654
2026-03-23 12:00:00+00:00,45.70675009999999
2026-03-23 13:00:00+00:00,45.34508747749998
2026-03-23 14:00:00+00:00,45.97485115249999
2026-03-23 15:00:00+00:00,45.11518168249999
2026-03-23 16:00:00+00:00,47.79595663583332
2026-03-23 17:00:00+00:00,52.370485641666654
2026-03-23 18:00:00+00:00,55.270162799999994
2026-03-23 19:00:00+00:00,54.39306622916666
2026-03-23 20:00:00+00:00,52.81767544666666
2026-03-23 21:00:00+00:00,51.24324541499999
2026-03-23 22:00:00+00:00,47.96817877249999
2026-03-23 23:00:00+00:00,46.092891919999985
2026-03-24 00:00:00+00:00,45.817483372499986
2026-03-24 01:00:00+00:00,46.55220158749998
2026-03-24 02:00:00+00:00,46.42229322249998
2026-03-24 03:00:00+00:00,48.39301940999998
2026-03-24 04:00:00+00:00,51.44404062833332
2026-03-24 05:00:00+00:00,57.12134459999999
2026-03-24 06:00:00+00:00,60.60087011499999
2026-03-24 07:00:00+00:00,59.508867214999995
2026-03-24 08:00:00+00:00,54.551260818333326
2026-03-24 09:00:00+00:00,53.32103204999999
2026-03-24 10:00:00+00:00,51.26970827249999
2026-03-24 11:00:00+00:00,49.56885099249999
2026-03-24 12:00:00+00:00,52.79645920166665
2026-03-24 13:00:00+00:00,53.94445413166666
2026-03-24 14:00:00+00:00,54.845781186666656
2026-03-24 15:00:00+00:00,55.093660216666656
2026-03-24 16:00:00+00:00,56.64713721666665
2026-03-24 17:00:00+00:00,59.146524624999984
2026-03-24 18:00:00+00:00,60.120880160833316
2026-03-24 19:00:00+00:00,58.97038674666666
2026-03-24 20:00:00+00:00,54.994254204166666
2026-03-24 21:00:00+00:00,50.492713114166655
2026-03-24 22:00:00+00:00,46.79328765833331
2026-03-24 23:00:00+00:00,45.54252103999999
2026-03-25 00:00:00+00:00,44.79215511583332
2026-03-25 01:00:00+00:00,44.77720570416665
2026-03-25 02:00:00+00:00,45.847868985833315
2026-03-25 03:00:00+00:00,48.419870532499985
2026-03-25 04:00:00+00:00,50.996255996666655
2026-03-25 05:00:00+00:00,56.87511218916666
2026-03-25 06:00:00+00:00,61.154468350833326
2026-03-25 07:00:00+00:00,62.22999569583332
2026-03-25 08:00:00+00:00,62.09731526249998
2026-03-25 09:00:00+00:00,60.24372030416666
2026-03-25 10:00:00+00:00,58.692884145833325
2026-03-25 11:00:00+00:00,55.768260820833326
2026-03-25 12:00:00+00:00,55.32407320583332
2026-03-25 13:00:00+00:00,51.370702574166664
2026-03-25 14:00:00+00:00,51.695430589166655
2026-03-25 15:00:00+00:00,53.868550111666664
2026-03-25 16:00:00+00:00,56.246905416666664
2026-03-25 17:00:00+00:00,60.822081784166656
2026-03-25 18:00:00+00:00,64.32366221999997
2026-03-25 19:00:00+00:00,63.67306945166665
2026-03-25 20:00:00+00:00,60.44783932999999
2026-03-25 21:00:00+00:00,57.92012513249999
2026-03-25 22:00:00+00:00,54.47336621583332
2026-03-25 23:00:00+00:00,52.02446558749999
2026-03-26 00:00:00+00:00,51.80220372499999
2026-03-26 01:00:00+00:00,51.23456543333332
2026-03-26 02:00:00+00:00,52.89835996166666
2026-03-26 03:00:00+00:00,53.94544095999999
2026-03-26 04:00:00+00:00,58.172055706666654
2026-03-26 05:00:00+00:00,62.997039999999984
2026-03-26 06:00:00+00:00,66.90330859083332
2026-03-26 07:00:00+00:00,67.07262201749998
2026-03-26 08:00:00+00:00,64.55711724833331
2026-03-26 09:00:00+00:00,58.45408035757935
2026-03-26 10:00:00+00:00,56.2593316290873
2026-03-26 11:00:00+00:00,56.92057332904761
2026-03-26 12:00:00+00:00,56.805813247619035
2026-03-26 13:00:00+00:00,54.1387136645238
2026-03-26 14:00:00+00:00,52.550783440476174
2026-03-26 15:00:00+00:00,52.19382041833332
2026-03-26 16:00:00+00:00,57.37392787166665
2026-03-26 17:00:00+00:00,64.54983151166665
2026-03-26 18:00:00+00:00,65.37541810499998
2026-03-26 19:00:00+00:00,64.19798168749998
2026-03-26 20:00:00+00:00,61.15132997833332
2026-03-26 21:00:00+00:00,57.57346473083334
2026-03-26 22:00:00+00:00,55.70056999416666
2026-03-26 23:00:00+00:00,54.348899355833325
2026-03-27 00:00:00+00:00,54.247455561666655
2026-03-27 01:00:00+00:00,54.930107019999994
2026-03-27 02:00:00+00:00,55.47590358666666
2026-03-27 03:00:00+00:00,56.97413405333332
2026-03-27 04:00:00+00:00,61.898325270833325
2026-03-27 05:00:00+00:00,68.80782121749998
2026-03-27 06:00:00+00:00,71.43429650416665
2026-03-27 07:00:00+00:00,66.03925636999999
2026-03-27 08:00:00+00:00,59.59762407583332
2026-03-27 09:00:00+00:00,54.99548320333332
2026-03-27 10:00:00+00:00,53.622573060833325
2026-03-27 11:00:00+00:00,52.14663389083332
2026-03-27 12:00:00+00:00,50.270500509166645
2026-03-27 13:00:00+00:00,50.59404306666665
2026-03-27 14:00:00+00:00,48.67455990666665
2026-03-27 15:00:00+00:00,47.64631722416665
2026-03-27 16:00:00+00:00,50.17175017083332
2026-03-27 17:00:00+00:00,54.59743649833332
2026-03-27 18:00:00+00:00,57.87798688916666
2026-03-27 19:00:00+00:00,57.600881625833324
2026-03-27 20:00:00+00:00,55.620543211666664
2026-03-27 21:00:00+00:00,53.94517065333333
2026-03-27 22:00:00+00:00,51.670266270833324
2026-03-27 23:00:00+00:00,49.42112309166665
2026-03-28 00:00:00+00:00,51.99563836999999
2026-03-28 01:00:00+00:00,54.03069269499999
2026-03-28 02:00:00+00:00,54.374492884166656
2026-03-28 03:00:00+00:00,54.39584203416666
2026-03-28 04:00:00+00:00,56.12055518166666
2026-03-28 05:00:00+00:00,59.74578576249999
2026-03-28 06:00:00+00:00,59.80056419916665
2026-03-28 07:00:00+00:00,62.20421299083333
2026-03-28 08:00:00+00:00,61.753212973333326
2026-03-28 09:00:00+00:00,54.19803841833332
2026-03-28 10:00:00+00:00,50.716949472499984
2026-03-28 11:00:00+00:00,53.52031506916666
2026-03-28 12:00:00+00:00,52.34386593916666
2026-03-28 13:00:00+00:00,51.64618683666666
2026-03-28 14:00:00+00:00,50.819923526666656
2026-03-28 15:00:00+00:00,52.01762580916665
2026-03-28 16:00:00+00:00,52.42291954166665
2026-03-28 17:00:00+00:00,55.170707529999994
2026-03-28 18:00:00+00:00,60.82312862083332
2026-03-28 19:00:00+00:00,60.873093011666654
2026-03-28 20:00:00+00:00,59.72139301833332
2026-03-28 21:00:00+00:00,56.522743253333324
2026-03-28 22:00:00+00:00,52.62177838583332
2026-03-28 23:00:00+00:00,51.47102251833332
2026-03-29 00:00:00+00:00,49.796444714166654
2026-03-29 01:00:00+00:00,49.55546752916665
2026-03-29 02:00:00+00:00,49.774615306666654
2026-03-29 03:00:00+00:00,49.909972784166655
2026-03-29 04:00:00+00:00,54.029702589166654
2026-03-29 05:00:00+00:00,58.67476029333332
2026-03-29 06:00:00+00:00,62.34708925749999
2026-03-29 07:00:00+00:00,59.871263089999985
2026-03-29 08:00:00+00:00,54.74485032916666
2026-03-29 09:00:00+00:00,53.26911184666666
2026-03-29 10:00:00+00:00,54.4689085625
2026-03-29 11:00:00+00:00,55.07061892666666
2026-03-29 12:00:00+00:00,53.84282078083333
2026-03-29 13:00:00+00:00,53.19360226666666
2026-03-29 14:00:00+00:00,52.96899922416666
2026-03-29 15:00:00+00:00,56.17314844416666
2026-03-29 16:00:00+00:00,59.25031371583332
2026-03-29 17:00:00+00:00,59.89900114833332
2026-03-29 18:00:00+00:00,60.62325900833332
2026-03-29 19:00:00+00:00,60.448873278333316
2026-03-29 20:00:00+00:00,60.54691456833332
2026-03-29 21:00:00+00:00,62.475913118333324
2026-03-29 22:00:00+00:00,58.070409926666656
2026-03-29 23:00:00+00:00,57.00162834166666
2026-03-30 00:00:00+00:00,52.54923294833332
2026-03-30 01:00:00+00:00,52.46033494916666
2026-03-30 02:00:00+00:00,51.723038339166656
2026-03-30 03:00:00+00:00,54.86999886166665
2026-03-30 04:00:00+00:00,60.775885821666655
2026-03-30 05:00:00+00:00,65.42425910499998
2026-03-30 06:00:00+00:00,67.37899361999999
2026-03-30 07:00:00+00:00,64.30065040833331
2026-03-30 08:00:00+00:00,59.460133333333324
2026-03-30 09:00:00+00:00,54.33537576083332
2026-03-30 10:00:00+00:00,52.64779045249999
2026-03-30 11:00:00+00:00,53.569940911666656
2026-03-30 12:00:00+00:00,53.65066637166665
2026-03-30 13:00:00+00:00,54.85243964166666
2026-03-30 14:00:00+00:00,56.65018828416666
2026-03-30 15:00:00+00:00,54.29813975166665
2026-03-30 16:00:00+00:00,55.19914930083333
2026-03-30 17:00:00+00:00,58.04808347999999
2026-03-30 18:00:00+00:00,60.94770100999999
2026-03-30 19:00:00+00:00,59.49923836333331
2026-03-30 20:00:00+00:00,57.12125889416666
2026-03-30 21:00:00+00:00,52.421830081666656
2026-03-30 22:00:00+00:00,48.844048481666654
2026-03-30 23:00:00+00:00,49.26892137166665
2026-03-31 00:00:00+00:00,49.743335237499984
2026-03-31 01:00:00+00:00,50.78151848249998
2026-03-31 02:00:00+00:00,51.09869317416666
2026-03-31 03:00:00+00:00,52.719813421666665
2026-03-31 04:00:00+00:00,57.07249322916665
2026-03-31 05:00:00+00:00,61.92740327249998
2026-03-31 06:00:00+00:00,64.02817446666666
2026-03-31 07:00:00+00:00,62.27582627249999
2026-03-31 08:00:00+00:00,59.450081155833324
2026-03-31 09:00:00+00:00,57.89937164833332
2026-03-31 10:00:00+00:00,57.34599933833332
2026-03-31 11:00:00+00:00,55.49773410166666
2026-03-31 12:00:00+00:00,52.02384216583332
2026-03-31 13:00:00+00:00,50.223547459999985
2026-03-31 14:00:00+00:00,49.67165455333332
2026-03-31 15:00:00+00:00,49.19708917833332
2026-03-31 16:00:00+00:00,50.467999127499986
2026-03-31 17:00:00+00:00,54.24754370583332
2026-03-31 18:00:00+00:00,56.94801889583333
2026-03-31 19:00:00+00:00,58.27369980833332
2026-03-31 20:00:00+00:00,56.52146499666666
2026-03-31 21:00:00+00:00,53.65053598416666
2026-03-31 22:00:00+00:00,51.199319034166656
2026-03-31 23:00:00+00:00,49.52237397249999
2026-04-01 00:00:00+00:00,50.19955990666666
2026-04-01 01:00:00+00:00,51.405951411666656
2026-04-01 02:00:00+00:00,52.05146028666666
2026-04-01 03:00:00+00:00,55.745882599166656
2026-04-01 04:00:00+00:00,59.82530754083332
2026-04-01 05:00:00+00:00,64.15233624999999
2026-04-01 06:00:00+00:00,66.27785162499998
2026-04-01 07:00:00+00:00,64.22254462416664
2026-04-01 08:00:00+00:00,57.17375615916665
2026-04-01 09:00:00+00:00,52.542603468333326
2026-04-01 10:00:00+00:00,48.029425648333316
2026-04-01 11:00:00+00:00,47.92561627499998
2026-04-01 12:00:00+00:00,45.79817200416665
2026-04-01 13:00:00+00:00,43.94534694166666
2026-04-01 14:00:00+00:00,42.54171843249999
2026-04-01 15:00:00+00:00,42.72038087249999
2026-04-01 16:00:00+00:00,45.320212817499986
2026-04-01 17:00:00+00:00,48.54774279416665
2026-04-01 18:00:00+00:00,51.419657795833324
2026-04-01 19:00:00+00:00,51.64616945166666
2026-04-01 20:00:00+00:00,50.56966892666665
2026-04-01 21:00:00+00:00,48.24601130833332
2026-04-01 22:00:00+00:00,47.418448239999975
2026-04-01 23:00:00+00:00,47.01836131499998
2026-04-02 00:00:00+00:00,48.09450582749999
2026-04-02 01:00:00+00:00,48.65552212249999
2026-04-02 02:00:00+00:00,50.57356484499998
2026-04-02 03:00:00+00:00,53.24601298666666
2026-04-02 04:00:00+00:00,58.248461374166666
2026-04-02 05:00:00+00:00,60.499235465833316
2026-04-02 06:00:00+00:00,63.15343440249998
2026-04-02 07:00:00+00:00,60.804689019999984
2026-04-02 08:00:00+00:00,59.721271703333315
2026-04-02 09:00:00+00:00,56.37005970916666
2026-04-02 10:00:00+00:00,52.84250990916666
2026-04-02 11:00:00+00:00,53.62341127749998
2026-04-02 12:00:00+00:00,50.945966626666646
2026-04-02 13:00:00+00:00,51.94664875833333
2026-04-02 14:00:00+00:00,53.12143929916666
2026-04-02 15:00:00+00:00,56.14705029166666
2026-04-02 16:00:00+00:00,57.44518803833332
2026-04-02 17:00:00+00:00,56.997429943333316
2026-04-02 18:00:00+00:00,60.852003417499986
2026-04-02 19:00:00+00:00,61.771178983333314
2026-04-02 20:00:00+00:00,58.545951759166655
2026-04-02 21:00:00+00:00,56.29559452749999
2026-04-02 22:00:00+00:00,52.79729993583333
2026-04-02 23:00:00+00:00,51.29703458499999
2026-04-03 00:00:00+00:00,51.02045087166666
2026-04-03 01:00:00+00:00,51.303114759166654
2026-04-03 02:00:00+00:00,51.70115894666665
2026-04-03 03:00:00+00:00,53.14594634416667
2026-04-03 04:00:00+00:00,57.39702505333332
2026-04-03 05:00:00+00:00,60.35685634999999
2026-04-03 06:00:00+00:00,62.13078427499999
2026-04-03 07:00:00+00:00,61.92238274416665
2026-04-03 08:00:00+00:00,61.77005521249999
2026-04-03 09:00:00+00:00,57.148270598333326
2026-04-03 10:00:00+00:00,54.64635824833333
2026-04-03 11:00:00+00:00,52.291603830833324
2026-04-03 12:00:00+00:00,49.91747429999999
2026-04-03 13:00:00+00:00,49.26787994999999
2026-04-03 14:00:00+00:00,49.34279096666665
2026-04-03 15:00:00+00:00,49.919323744166654
2026-04-03 16:00:00+00:00,52.57166202666665
2026-04-03 17:00:00+00:00,55.52789912499999
2026-04-03 18:00:00+00:00,56.40244131999999
2026-04-03 19:00:00+00:00,55.62273082416666
2026-04-03 20:00:00+00:00,53.55700487749999
2026-04-03 21:00:00+00:00,49.67217778166665
2026-04-03 22:00:00+00:00,46.12437362749998
2026-04-03 23:00:00+00:00,43.419909799166646
2026-04-04 00:00:00+00:00,43.344847732499986
2026-04-04 01:00:00+00:00,45.276378697499986
2026-04-04 02:00:00+00:00,46.72370140749999
2026-04-04 03:00:00+00:00,50.34270937749999
2026-04-04 04:00:00+00:00,53.85104800249999
2026-04-04 05:00:00+00:00,58.551088187499985
2026-04-04 06:00:00+00:00,59.677532440833325
2026-04-04 07:00:00+00:00,56.86904108749999
2026-04-04 08:00:00+00:00,54.06811884333333
2026-04-04 09:00:00+00:00,51.717658520833325
2026-04-04 10:00:00+00:00,49.79776803249999
2026-04-04 11:00:00+00:00,48.996556877499984
2026-04-04 12:00:00+00:00,47.27045704666665
2026-04-04 13:00:00+00:00,45.44259599499999
2026-04-04 14:00:00+00:00,44.44153093416665
2026-04-04 15:00:00+00:00,44.54336421249999
2026-04-04 16:00:00+00:00,45.66766301749998
2026-04-04 17:00:00+00:00,48.35502458666665
2026-04-04 18:00:00+00:00,50.54674521499999
2026-04-04 19:00:00+00:00,50.44654322916666
2026-04-04 20:00:00+00:00,49.522468750833326
2026-04-04 21:00:00+00:00,46.921549404166655
2026-04-04 22:00:00+00:00,45.017744986666656
2026-04-04 23:00:00+00:00,43.21812623749998
2026-04-05 00:00:00+00:00,41.341970514999986
2026-04-05 01:00:00+00:00,40.90307663249998
2026-04-05 02:00:00+00:00,41.72412444249998
2026-04-05 03:00:00+00:00,42.640918912499984
2026-04-05 04:00:00+00:00,44.218057077499985
2026-04-05 05:00:00+00:00,46.96934318749998
2026-04-05 06:00:00+00:00,50.71690890749999
2026-04-05 07:00:00+00:00,52.37031636749999
2026-04-05 08:00:00+00:00,50.818128295833326
2026-04-05 09:00:00+00:00,48.14583539999999
2026-04-05 10:00:00+00:00,46.09379677916665
2026-04-05 11:00:00+00:00,45.49329756999998
2026-04-05 12:00:00+00:00,43.87814056249999
2026-04-05 13:00:00+00:00,42.01808025749999
2026-04-05 14:00:00+00:00,42.86527547749999
2026-04-05 15:00:00+00:00,45.268963994999986
2026-04-05 16:00:00+00:00,47.09443049249998
2026-04-05 17:00:00+00:00,51.244139523333324
2026-04-05 18:00:00+00:00,50.921643802499986
2026-04-05 19:00:00+00:00,51.149884046666656
2026-04-05 20:00:00+00:00,49.97375402166666
2026-04-05 21:00:00+00:00,47.820135044166655
2026-04-05 22:00:00+00:00,46.41777396166665
2026-04-05 23:00:00+00:00,45.21869162999999
2026-04-06 00:00:00+00:00,45.89393791749999
2026-04-06 01:00:00+00:00,46.477592749999985
2026-04-06 02:00:00+00:00,46.79715124499999
2026-04-06 03:00:00+00:00,47.467306624999985
2026-04-06 04:00:00+00:00,52.119181307499986
2026-04-06 05:00:00+00:00,54.895385068333326
2026-04-06 06:00:00+00:00,56.94516158083332
2026-04-06 07:00:00+00:00,56.544786964166654
2026-04-06 08:00:00+00:00,53.868260361666664
2026-04-06 09:00:00+00:00,50.87015532666665
2026-04-06 10:00:00+00:00,49.06882827166665
2026-04-06 11:00:00+00:00,46.80805845916666
2026-04-06 12:00:00+00:00,46.73942688999998
2026-04-06 13:00:00+00:00,45.11573617999999
2026-04-06 14:00:00+00:00,44.29136203999999
2026-04-06 15:00:00+00:00,44.069677619166654
2026-04-06 16:00:00+00:00,44.81898099999998
2026-04-06 17:00:00+00:00,48.37054435166666
2026-04-06 18:00:00+00:00,52.62441297333333
2026-04-06 19:00:00+00:00,52.77353381166667
2026-04-06 20:00:00+00:00,51.69465695666666
2026-04-06 21:00:00+00:00,48.34396735166665
2026-04-06 22:00:00+00:00,46.451923886666656
2026-04-06 23:00:00+00:00,45.125821158333316
2026-04-07 00:00:00+00:00,45.92362942916665
2026-04-07 01:00:00+00:00,46.00081826083332
2026-04-07 02:00:00+00:00,45.64697617583332
2026-04-07 03:00:00+00:00,48.07090577916665
2026-04-07 04:00:00+00:00,55.293297649166654
2026-04-07 05:00:00+00:00,59.15559276583332
2026-04-07 06:00:00+00:00,58.27702575833332
2026-04-07 07:00:00+00:00,52.92541512833333
2026-04-07 08:00:00+00:00,48.599148081666655
2026-04-07 09:00:00+00:00,45.06805585833332
2026-04-07 10:00:00+00:00,45.54408652916665
2026-04-07 11:00:00+00:00,42.615898819999984
2026-04-07 12:00:00+00:00,40.49084872333333
2026-04-07 13:00:00+00:00,38.26436520333332
2026-04-07 14:00:00+00:00,38.39101098333332
2026-04-07 15:00:00+00:00,38.59431001666665
2026-04-07 16:00:00+00:00,39.16837702166664
2026-04-07 17:00:00+00:00,42.77526849583332
2026-04-07 18:00:00+00:00,44.998924514999985
2026-04-07 19:00:00+00:00,46.34417551249999
2026-04-07 20:00:00+00:00,46.49445656999998
2026-04-07 21:00:00+00:00,44.72079521499999
2026-04-07 22:00:00+00:00,43.94703534499998
2026-04-07 23:00:00+00:00,45.34483034749998
2026-04-08 00:00:00+00:00,45.945816336666645
2026-04-08 01:00:00+00:00,46.98006515666665
2026-04-08 02:00:00+00:00,47.89994695249998
2026-04-08 03:00:00+00:00,50.801423458333325
2026-04-08 04:00:00+00:00,56.263058594166665
2026-04-08 05:00:00+00:00,60.55637536499999
2026-04-08 06:00:00+00:00,58.62648850166665
2026-04-08 07:00:00+00:00,51.670781645833316
2026-04-08 08:00:00+00:00,45.74225473916665
2026-04-08 09:00:00+00:00,43.04200574416666
2026-04-08 10:00:00+00:00,40.91879388166665
2026-04-08 11:00:00+00:00,40.72362027749999
2026-04-08 12:00:00+00:00,39.665833016666646
2026-04-08 13:00:00+00:00,38.41716792499998
2026-04-08 14:00:00+00:00,37.71545466333331
2026-04-08 15:00:00+00:00,39.03269497333332
2026-04-08 16:00:00+00:00,42.52033946833332
2026-04-08 17:00:00+00:00,45.16960723999998
2026-04-08 18:00:00+00:00,47.771972439166646
2026-04-08 19:00:00+00:00,47.246930654999986
2026-04-08 20:00:00+00:00,45.79480716749999
2026-04-08 21:00:00+00:00,43.64462172749998
2026-04-08 22:00:00+00:00,42.269253744999986
2026-04-08 23:00:00+00:00,41.04330168666665
2026-04-09 00:00:00+00:00,41.54440273666665
2026-04-09 01:00:00+00:00,41.903740159999984
2026-04-09 02:00:00+00:00,43.17418239249998
2026-04-09 03:00:00+00:00,46.67455990666665
2026-04-09 04:00:00+00:00,51.35473034499999
2026-04-09 05:00:00+00:00,54.77754768833332
2026-04-09 06:00:00+00:00,55.054965881666654
2026-04-09 07:00:00+00:00,50.89607429333332
2026-04-09 08:00:00+00:00,46.26756580083332
2026-04-09 09:00:00+00:00,43.740750287499985
2026-04-09 10:00:00+00:00,41.85176443999998
2026-04-09 11:00:00+00:00,41.15164853999998
2026-04-09 12:00:00+00:00,38.96755786833332
2026-04-09 13:00:00+00:00,39.51602882749999
2026-04-09 14:00:00+00:00,39.165507277499984
2026-04-09 15:00:00+00:00,39.696632972499984
2026-04-09 16:00:00+00:00,42.61893418083332
2026-04-09 17:00:00+00:00,46.71910017749998
2026-04-09 18:00:00+00:00,49.89739799166666
2026-04-09 19:00:00+00:00,50.903295243333325
2026-04-09 20:00:00+00:00,49.00859327749998
2026-04-09 21:00:00+00:00,45.67270176999999
2026-04-09 22:00:00+00:00,43.79494914499999
2026-04-09 23:00:00+00:00,43.344331977499984
2026-04-10 00:00:00+00:00,44.39599476249999
2026-04-10 01:00:00+00:00,45.50514049166665
2026-04-10 02:00:00+00:00,49.38123303416665
2026-04-10 03:00:00+00:00,53.64632965333332
2026-04-10 04:00:00+00:00,58.34749612666666
2026-04-10 05:00:00+00:00,64.82602733999998
2026-04-10 06:00:00+00:00,65.85387314416666
2026-04-10 07:00:00+00:00,63.09787943583332
2026-04-10 08:00:00+00:00,52.66924802916665
2026-04-10 09:00:00+00:00,47.16813287166665
2026-04-10 10:00:00+00:00,46.293976044166655
2026-04-10 11:00:00+00:00,44.790884411666646
2026-04-10 12:00:00+00:00,43.02023851499998
2026-04-10 13:00:00+00:00,44.24247757749998
2026-04-10 14:00:00+00:00,43.68983917416665
2026-04-10 15:00:00+00:00,45.76952153416665
2026-04-10 16:00:00+00:00,48.01968135583332
2026-04-10 17:00:00+00:00,48.51938085499999
2026-04-10 18:00:00+00:00,50.01948020916665
2026-04-10 19:00:00+00:00,50.51819699666665
2026-04-10 20:00:00+00:00,49.16882201749999
2026-04-10 21:00:00+00:00,48.11879098416666
2026-04-10 22:00:00+00:00,46.47064416499999
2026-04-10 23:00:00+00:00,47.84503774833332
2026-04-11 00:00:00+00:00,47.67083539999999
2026-04-11 01:00:00+00:00,48.13115133916666
2026-04-11 02:00:00+00:00,48.77359755666666
2026-04-11 03:00:00+00:00,51.095888394166664
2026-04-11 04:00:00+00:00,53.67189054916666
2026-04-11 05:00:00+00:00,57.933727480833326
2026-04-11 06:00:00+00:00,57.04687194499999
2026-04-11 07:00:00+00:00,52.29441692333332
2026-04-11 08:00:00+00:00,48.118570853333324
2026-04-11 09:00:00+00:00,45.539557356666656
2026-04-11 10:00:00+00:00,42.91428742999999
2026-04-11 11:00:00+00:00,41.14232027333332
2026-04-11 12:00:00+00:00,40.51785051583332
2026-04-11 13:00:00+00:00,39.239685606666654
2026-04-11 14:00:00+00:00,38.88936398416665
2026-04-11 15:00:00+00:00,39.96911420583332
2026-04-11 16:00:00+00:00,43.419855585833325
2026-04-11 17:00:00+00:00,46.04467304333332
2026-04-11 18:00:00+00:00,48.24520412499998
2026-04-11 19:00:00+00:00,48.069894092499986
2026-04-11 20:00:00+00:00,45.11919457583332
2026-04-11 21:00:00+00:00,43.04359021749998
2026-04-11 22:00:00+00:00,41.56681984499999
2026-04-11 23:00:00+00:00,39.717699845833316
2026-04-12 00:00:00+00:00,40.69142616499999
2026-04-12 01:00:00+00:00,41.45218046583332
2026-04-12 02:00:00+00:00,41.87810617249998
2026-04-12 03:00:00+00:00,42.092100902499986
2026-04-12 04:00:00+00:00,44.36848011249998
2026-04-12 05:00:00+00:00,47.71779714166665
2026-04-12 06:00:00+00:00,50.522383504166655
2026-04-12 07:00:00+00:00,49.944462824166656
2026-04-12 08:00:00+00:00,46.46619856083331
2026-04-12 09:00:00+00:00,44.04467350249998
2026-04-12 10:00:00+00:00,43.04108715749998
2026-04-12 11:00:00+00:00,43.48854810833332
2026-04-12 12:00:00+00:00,42.01254847083332
2026-04-12 13:00:00+00:00,40.81488927083332
2026-04-12 14:00:00+00:00,40.03871204666666
2026-04-12 15:00:00+00:00,39.74494952499999
2026-04-12 16:00:00+00:00,41.115874800833325
2026-04-12 17:00:00+00:00,42.244587337499986
2026-04-12 18:00:00+00:00,44.90676159833332
2026-04-12 19:00:00+00:00,45.77123853249998
2026-04-12 20:00:00+00:00,44.774283804999975
2026-04-12 21:00:00+00:00,42.392781814999985
2026-04-12 22:00:00+00:00,40.742697787499985
2026-04-12 23:00:00+00:00,41.24101182249999
2026-04-13 00:00:00+00:00,41.341491968333315
2026-04-13 01:00:00+00:00,40.07682529249999
2026-04-13 02:00:00+00:00,40.89635732999998
2026-04-13 03:00:00+00:00,44.34382781249998
2026-04-13 04:00:00+00:00,49.993821637499984
2026-04-13 05:00:00+00:00,54.54563715083333
2026-04-13 06:00:00+00:00,53.77672152083333
2026-04-13 07:00:00+00:00,47.40098471666665
2026-04-13 08:00:00+00:00,47.02598837416665
2026-04-13 09:00:00+00:00,46.874640197499986
2026-04-13 10:00:00+00:00,44.951110069166646
2026-04-13 11:00:00+00:00,45.92701492833331
2026-04-13 12:00:00+00:00,45.95307419416665
2026-04-13 13:00:00+00:00,46.28158222749998
2026-04-13 14:00:00+00:00,46.855907489999986
2026-04-13 15:00:00+00:00,48.58169934666665
2026-04-13 16:00:00+00:00,50.952216914166655
2026-04-13 17:00:00+00:00,51.95337507499999
2026-04-13 18:00:00+00:00,51.979174405
2026-04-13 19:00:00+00:00,51.50370790749999
2026-04-13 20:00:00+00:00,48.80415328333332
2026-04-13 21:00:00+00:00,45.90300998999998
2026-04-13 22:00:00+00:00,43.82827945749998
2026-04-13 23:00:00+00:00,42.478977754999995
2026-04-14 00:00:00+00:00,42.678346099999985
2026-04-14 01:00:00+00:00,42.552323282499984
2026-04-14 02:00:00+00:00,43.12292487749998
2026-04-14 03:00:00+00:00,46.16839982166665
2026-04-14 04:00:00+00:00,54.29423102416665
2026-04-14 05:00:00+00:00,59.51994380916666
2026-04-14 06:00:00+00:00,59.47249696583333
2026-04-14 07:00:00+00:00,58.06879685833332
2026-04-14 08:00:00+00:00,55.669283638333326
2026-04-14 09:00:00+00:00,54.068876309999986
2026-04-14 10:00:00+00:00,50.99604821583332
2026-04-14 11:00:00+00:00,48.57176427833332
2026-04-14 12:00:00+00:00,46.79290892499998
2026-04-14 13:00:00+00:00,46.03930519499999
2026-04-14 14:00:00+00:00,44.17657545333332
2026-04-14 15:00:00+00:00,43.09376238916665
2026-04-14 16:00:00+00:00,43.19241878833332
2026-04-14 17:00:00+00:00,45.89475669083331
2026-04-14 18:00:00+00:00,47.294605181666654
2026-04-14 19:00:00+00:00,46.56968135583332
2026-04-14 20:00:00+00:00,45.56932869999998
2026-04-14 21:00:00+00:00,43.44304464833332
2026-04-14 22:00:00+00:00,43.04285920833332
2026-04-14 23:00:00+00:00,42.655875802499985
2026-04-15 00:00:00+00:00,43.869494237499985
2026-04-15 01:00:00+00:00,46.703606874999984
2026-04-15 02:00:00+00:00,49.248423247499986
2026-04-15 03:00:00+00:00,53.071739419999986
2026-04-15 04:00:00+00:00,58.64763810416666
2026-04-15 05:00:00+00:00,61.40091853333333
2026-04-15 06:00:00+00:00,56.31159226916665
2026-04-15 07:00:00+00:00,48.29302734249998
2026-04-15 08:00:00+00:00,45.01537426666665
2026-04-15 09:00:00+00:00,45.12261278666665
2026-04-15 10:00:00+00:00,43.193906044999984
2026-04-15 11:00:00+00:00,41.740310247499984
2026-04-15 12:00:00+00:00,43.043595173333316
2026-04-15 13:00:00+00:00,41.17181261749998
2026-04-15 14:00:00+00:00,40.29107228999998
2026-04-15 15:00:00+00:00,41.64487129249998
2026-04-15 16:00:00+00:00,44.46962088833332
2026-04-15 17:00:00+00:00,47.04797871083332
2026-04-15 18:00:00+00:00,47.769041847499984
2026-04-15 19:00:00+00:00,46.879598464166655
2026-04-15 20:00:00+00:00,44.66686704416665
2026-04-15 21:00:00+00:00,40.61828018499999
2026-04-15 22:00:00+00:00,38.81729251749998
2026-04-15 23:00:00+00:00,37.991155858333315
2026-04-16 00:00:00+00:00,38.04106313833332
2026-04-16 01:00:00+00:00,38.176656398333314
2026-04-16 02:00:00+00:00,38.87213507916665
2026-04-16 03:00:00+00:00,41.992363735833315
2026-04-16 04:00:00+00:00,46.14476706166665
2026-04-16 05:00:00+00:00,51.044729014166656
2026-04-16 06:00:00+00:00,52.119695083333326
2026-04-16 07:00:00+00:00,47.91845906999998
2026-04-16 08:00:00+00:00,42.38967279749998
2026-04-16 09:00:00+00:00,40.61679788416666
2026-04-16 10:00:00+00:00,40.614807681666655
2026-04-16 11:00:00+00:00,38.53703187666666
2026-04-16 12:00:00+00:00,37.59799825999999
2026-04-16 13:00:00+00:00,37.14050681833333
2026-04-16 14:00:00+00:00,36.163211998333324
2026-04-16 15:00:00+00:00,33.84433441583332
2026-04-16 16:00:00+00:00,34.866088835833324
2026-04-16 17:00:00+00:00,37.29097705249998
2026-04-16 18:00:00+00:00,40.26716960333332
2026-04-16 19:00:00+00:00,41.043169240833315
2026-04-16 20:00:00+00:00,39.38882878583332
2026-04-16 21:00:00+00:00,38.84156112833332
2026-04-16 22:00:00+00:00,38.36490703583331
2026-04-16 23:00:00+00:00,37.04200856249998
2026-04-17 00:00:00+00:00,36.91745767499998
2026-04-17 01:00:00+00:00,36.82648834333332
2026-04-17 02:00:00+00:00,37.62005093749998
2026-04-17 03:00:00+00:00,39.79152841666666
2026-04-17 04:00:00+00:00,44.41704958666665
2026-04-17 05:00:00+00:00,48.29349711749998
2026-04-17 06:00:00+00:00,48.06810389666665
2026-04-17 07:00:00+00:00,46.91724829499998
2026-04-17 08:00:00+00:00,44.465625694999986
2026-04-17 09:00:00+00:00,40.96754505916665
2026-04-17 10:00:00+00:00,38.61785920833332
2026-04-17 11:00:00+00:00,36.21427538083332
2026-04-17 12:00:00+00:00,34.762985993333324
2026-04-17 13:00:00+00:00,34.91361391166665
2026-04-17 14:00:00+00:00,34.814274541666656
2026-04-17 15:00:00+00:00,36.37157380333332
2026-04-17 16:00:00+00:00,38.793674244999984
2026-04-17 17:00:00+00:00,40.49209800499998
2026-04-17 18:00:00+00:00,41.217463469999984
2026-04-17 19:00:00+00:00,39.94113435666665
2026-04-17 20:00:00+00:00,38.040544485833315
2026-04-17 21:00:00+00:00,35.564654953333324
2026-04-17 22:00:00+00:00,33.640605333333326
2026-04-17 23:00:00+00:00,32.638785703333326
2026-04-18 00:00:00+00:00,32.59082264583333
2026-04-18 01:00:00+00:00,33.15137244333332
2026-04-18 02:00:00+00:00,33.495305078333324
2026-04-18 03:00:00+00:00,35.36548653583332
2026-04-18 04:00:00+00:00,38.46558009499998
2026-04-18 05:00:00+00:00,41.491725066666646
2026-04-18 06:00:00+00:00,43.04064765583332
2026-04-18 07:00:00+00:00,42.09282283916665
2026-04-18 08:00:00+00:00,38.74077094999998
2026-04-18 09:00:00+00:00,36.787803070833306
2026-04-18 10:00:00+00:00,35.91423481583332
2026-04-18 11:00:00+00:00,34.912588196666654
2026-04-18 12:00:00+00:00,36.78768671166666
2026-04-18 13:00:00+00:00,39.044432930833324
2026-04-18 14:00:00+00:00,39.99150355833332
2026-04-18 15:00:00+00:00,40.37098888833332
2026-04-18 16:00:00+00:00,39.892637319999984
2026-04-18 17:00:00+00:00,41.99019724499999
2026-04-18 18:00:00+00:00,43.09073076499998
2026-04-18 19:00:00+00:00,42.32039368166666
2026-04-18 20:00:00+00:00,40.54044185416665
2026-04-18 21:00:00+00:00,35.69161366333332
2026-04-18 22:00:00+00:00,34.09120801333332
2026-04-18 23:00:00+00:00,34.91582844083332
2026-04-19 00:00:00+00:00,34.465222863333324
2026-04-19 01:00:00+00:00,34.50004249083332
2026-04-19 02:00:00+00:00,34.97087588583332
2026-04-19 03:00:00+00:00,37.11564589833332
2026-04-19 04:00:00+00:00,39.39133054749998
2026-04-19 05:00:00+00:00,41.69274414749999
2026-04-19 06:00:00+00:00,44.481414357499986
2026-04-19 07:00:00+00:00,45.61736129749998
2026-04-19 08:00:00+00:00,45.893564599166645
2026-04-19 09:00:00+00:00,43.04429141249999
2026-04-19 10:00:00+00:00,40.64655641833332
2026-04-19 11:00:00+00:00,40.34433487499998
2026-04-19 12:00:00+00:00,41.721484819999986
2026-04-19 13:00:00+00:00,41.275280729999984
2026-04-19 14:00:00+00:00,42.63845874499999
2026-04-19 15:00:00+00:00,43.34341346999998
2026-04-19 16:00:00+00:00,45.51645475999999
2026-04-19 17:00:00+00:00,47.56854263833332
2026-04-19 18:00:00+00:00,48.34347515666665
2026-04-19 19:00:00+00:00,47.143210264999986
2026-04-19 20:00:00+00:00,43.16853272666665
2026-04-19 21:00:00+00:00,39.45353462249999
2026-04-19 22:00:00+00:00,37.21513304083332
2026-04-19 23:00:00+00:00,37.19087274249999
2026-04-20 00:00:00+00:00,38.36753674666665
2026-04-20 01:00:00+00:00,39.90137579999999
2026-04-20 02:00:00+00:00,42.69631386749998
2026-04-20 03:00:00+00:00,45.39166048249999
2026-04-20 04:00:00+00:00,53.044149054999984
2026-04-20 05:00:00+00:00,56.89397314666666
2026-04-20 06:00:00+00:00,57.24424345333333
2026-04-20 07:00:00+00:00,54.37106849833332
2026-04-20 08:00:00+00:00,50.07040207333332
2026-04-20 09:00:00+00:00,45.49358610083332
2026-04-20 10:00:00+00:00,40.11526098999999
2026-04-20 11:00:00+00:00,39.113473232499985
2026-04-20 12:00:00+00:00,38.86672132999998
2026-04-20 13:00:00+00:00,37.942024728333315
2026-04-20 14:00:00+00:00,37.78828527499998
2026-04-20 15:00:00+00:00,38.41541951333332
2026-04-20 16:00:00+00:00,40.090983686666654
2026-04-20 17:00:00+00:00,42.19239644749998
2026-04-20 18:00:00+00:00,44.77029936249999
2026-04-20 19:00:00+00:00,45.894019886666655
2026-04-20 20:00:00+00:00,43.819332816666645
2026-04-20 21:00:00+00:00,41.39184302499998
2026-04-20 22:00:00+00:00,40.167681621666645
2026-04-20 23:00:00+00:00,40.518827812499985
2026-04-21 00:00:00+00:00,41.319662292499984
2026-04-21 01:00:00+00:00,43.05399597916665
2026-04-21 02:00:00+00:00,46.998548679166646
2026-04-21 03:00:00+00:00,51.09466107333332
2026-04-21 04:00:00+00:00,56.896376013333324
2026-04-21 05:00:00+00:00,58.94661818416665
2026-04-21 06:00:00+00:00,52.89804870999999
2026-04-21 07:00:00+00:00,44.79605644916665
2026-04-21 08:00:00+00:00,41.26701565583332
2026-04-21 09:00:00+00:00,39.83947203083332
2026-04-21 10:00:00+00:00,38.76557308083331
2026-04-21 11:00:00+00:00,37.591544582499985
2026-04-21 12:00:00+00:00,37.14151019249999
2026-04-21 13:00:00+00:00,34.99040830333332
2026-04-21 14:00:00+00:00,34.81655571333332
2026-04-21 15:00:00+00:00,35.28151279333332
2026-04-21 16:00:00+00:00,36.242671250833325
2026-04-21 17:00:00+00:00,38.093377860833314
2026-04-21 18:00:00+00:00,41.417570297499985
2026-04-21 19:00:00+00:00,42.74183722999999
2026-04-21 20:00:00+00:00,41.718303364999976
2026-04-21 21:00:00+00:00,39.46757029749998
2026-04-21 22:00:00+00:00,38.91746346999998
2026-04-21 23:00:00+00:00,38.59391389833332
2026-04-22 00:00:00+00:00,39.61924794999998
2026-04-22 01:00:00+00:00,41.00349387249998
2026-04-22 02:00:00+00:00,42.57319434499998
2026-04-22 03:00:00+00:00,45.495407789166656
2026-04-22 04:00:00+00:00,52.17079361583332
2026-04-22 05:00:00+00:00,54.99895440833332
2026-04-22 06:00:00+00:00,48.12223367333331
2026-04-22 07:00:00+00:00,41.29297640666665
2026-04-22 08:00:00+00:00,37.91800202499999
2026-04-22 09:00:00+00:00,35.83143997583332
2026-04-22 10:00:00+00:00,34.81660992666665
2026-04-22 11:00:00+00:00,33.52803701249999
2026-04-22 12:00:00+00:00,33.64017276666666
2026-04-22 13:00:00+00:00,34.492193163333326
2026-04-22 14:00:00+00:00,34.86534455833333
2026-04-22 15:00:00+00:00,34.441837989999996
2026-04-22 16:00:00+00:00,36.26764517333332
2026-04-22 17:00:00+00:00,38.41795024999998
2026-04-22 18:00:00+00:00,40.22025048499998
2026-04-22 19:00:00+00:00,42.16954387499998
2026-04-22 20:00:00+00:00,41.99718227833332
2026-04-22 21:00:00+00:00,38.91936964499999
2026-04-22 22:00:00+00:00,36.09388903999999
2026-04-22 23:00:00+00:00,35.50539435833332
2026-04-23 00:00:00+00:00,36.343042130833325
2026-04-23 01:00:00+00:00,37.078655673333316
2026-04-23 02:00:00+00:00,37.37267813083332
2026-04-23 03:00:00+00:00,39.89421066249999
2026-04-23 04:00:00+00:00,45.07079605416665
2026-04-23 05:00:00+00:00,48.32013961999998
2026-04-23 06:00:00+00:00,47.221629774166644
2026-04-23 07:00:00+00:00,43.468975584999974
2026-04-23 08:00:00+00:00,39.19070720499998
2026-04-23 09:00:00+00:00,36.166243622499984
2026-04-23 10:00:00+00:00,34.01534867499998
2026-04-23 11:00:00+00:00,32.39046915083332
2026-04-23 12:00:00+00:00,32.13807389999999
2026-04-23 13:00:00+00:00,31.105779166666665
2026-04-23 14:00:00+00:00,30.285256880833327
2026-04-23 15:00:00+00:00,30.690413259166665
2026-04-23 16:00:00+00:00,32.440657868333325
2026-04-23 17:00:00+00:00,34.89260544749999
2026-04-23 18:00:00+00:00,38.54289191999999
2026-04-23 19:00:00+00:00,40.71679086999999
2026-04-23 20:00:00+00:00,39.11643737499998
2026-04-23 21:00:00+00:00,36.41678713333332
2026-04-23 22:00:00+00:00,34.240141733333324
2026-04-23 23:00:00+00:00,33.465199683333324
2026-04-24 00:00:00+00:00,33.71561112833333
2026-04-24 01:00:00+00:00,34.55164480833332
2026-04-24 02:00:00+00:00,35.29591149499999
2026-04-24 03:00:00+00:00,38.667405139999985
2026-04-24 04:00:00+00:00,43.494232243333315
2026-04-24 05:00:00+00:00,46.120766699166644
2026-04-24 06:00:00+00:00,44.29231455749998
2026-04-24 07:00:00+00:00,41.19280171749998
2026-04-24 08:00:00+00:00,38.41619108749998
2026-04-24 09:00:00+00:00,35.61561486499998
2026-04-24 10:00:00+00:00,34.03783532333332
2026-04-24 11:00:00+00:00,32.86386683333332
2026-04-24 12:00:00+00:00,32.06256875333332
2026-04-24 13:00:00+00:00,31.338183023333325
2026-04-24 14:00:00+00:00,30.614063863333328
2026-04-24 15:00:00+00:00,31.787613434999994
2026-04-24 16:00:00+00:00,33.72615821333332
2026-04-24 17:00:00+00:00,36.44151888499999
2026-04-24 18:00:00+00:00,39.16656318666665
2026-04-24 19:00:00+00:00,40.416654687499985
2026-04-24 20:00:00+00:00,38.54001096583332
2026-04-24 21:00:00+00:00,36.49059831916666
2026-04-24 22:00:00+00:00,34.465170708333325
2026-04-24 23:00:00+00:00,34.36556187083332
2026-04-25 00:00:00+00:00,34.491164550833325
2026-04-25 01:00:00+00:00,34.72470348333333
2026-04-25 02:00:00+00:00,35.02229566083332
2026-04-25 03:00:00+00:00,36.74339562583332
2026-04-25 04:00:00+00:00,39.44407905583331
2026-04-25 05:00:00+00:00,42.34383154916666
2026-04-25 06:00:00+00:00,46.91848346916665
2026-04-25 07:00:00+00:00,46.567828634166645
2026-04-25 08:00:00+00:00,44.665892264999975
2026-04-25 09:00:00+00:00,43.012688009999984
2026-04-25 10:00:00+00:00,41.589016284166654
2026-04-25 11:00:00+00:00,41.464463338333324
2026-04-25 12:00:00+00:00,41.03824143249999
2026-04-25 13:00:00+00:00,42.54175899749998
2026-04-25 14:00:00+00:00,44.04377855499998
2026-04-25 15:00:00+00:00,44.016740393333315
2026-04-25 16:00:00+00:00,43.24059588083332
2026-04-25 17:00:00+00:00,45.21856581833332
2026-04-25 18:00:00+00:00,47.86651934416665
2026-04-25 19:00:00+00:00,47.61687573666666
2026-04-25 20:00:00+00:00,45.96816718249999
2026-04-25 21:00:00+00:00,44.06779919999998
2026-04-25 22:00:00+00:00,42.09246888499999
2026-04-25 23:00:00+00:00,42.19273171833332
2026-04-26 00:00:00+00:00,43.21785341333331
2026-04-26 01:00:00+00:00,45.42770575249998
2026-04-26 02:00:00+00:00,46.77142686999998
2026-04-26 03:00:00+00:00,48.84377443833331
2026-04-26 04:00:00+00:00,52.094954559999984
2026-04-26 05:00:00+00:00,53.49461723083332
2026-04-26 06:00:00+00:00,52.643516180833316
2026-04-26 07:00:00+00:00,45.741790489999985
2026-04-26 08:00:00+00:00,42.26595349249998
2026-04-26 09:00:00+00:00,40.489926938333326
2026-04-26 10:00:00+00:00,38.72340269083332
2026-04-26 11:00:00+00:00,37.43994638166666
2026-04-26 12:00:00+00:00,36.992481694166656
2026-04-26 13:00:00+00:00,36.640963404166655
2026-04-26 14:00:00+00:00,37.93838790666665
2026-04-26 15:00:00+00:00,38.163927221666654
2026-04-26 16:00:00+00:00,41.063511279999986
2026-04-26 17:00:00+00:00,43.51597956999999
2026-04-26 18:00:00+00:00,45.74223128999999
2026-04-26 19:00:00+00:00,47.19441974166665
2026-04-26 20:00:00+00:00,46.04314484166665
2026-04-26 21:00:00+00:00,44.19305707749999
2026-04-26 22:00:00+00:00,42.616484114999984
2026-04-26 23:00:00+00:00,42.143597231666654
2026-04-27 00:00:00+00:00,40.49241215416665
2026-04-27 01:00:00+00:00,39.77652768916665
2026-04-27 02:00:00+00:00,41.02037835499998
2026-04-27 03:00:00+00:00,43.518701161666655
2026-04-27 04:00:00+00:00,49.77052994333332
2026-04-27 05:00:00+00:00,52.645900443333325
2026-04-27 06:00:00+00:00,49.996344140833315
2026-04-27 07:00:00+00:00,47.44243373499998
2026-04-27 08:00:00+00:00,41.93938304749998
2026-04-27 09:00:00+00:00,38.990576817499985
2026-04-27 10:00:00+00:00,37.84077506666665
2026-04-27 11:00:00+00:00,36.34976825249999
2026-04-27 12:00:00+00:00,35.089034888333316
2026-04-27 13:00:00+00:00,34.514895445833325
2026-04-27 14:00:00+00:00,34.311592295833314
2026-04-27 15:00:00+00:00,36.21436398416666
2026-04-27 16:00:00+00:00,36.66293963333332
2026-04-27 17:00:00+00:00,37.96653794833332
2026-04-27 18:00:00+00:00,39.889409124999986
2026-04-27 19:00:00+00:00,41.717915099999985
2026-04-27 20:00:00+00:00,40.524292497499985
2026-04-27 21:00:00+00:00,37.46801689249998
2026-04-27 22:00:00+00:00,36.76863611833332
2026-04-27 23:00:00+00:00,36.41874622333332
2026-04-28 00:00:00+00:00,36.96732355083332
2026-04-28 01:00:00+00:00,38.32656619583332
2026-04-28 02:00:00+00:00,38.89769307749999
2026-04-28 03:00:00+00:00,41.79395034666665
2026-04-28 04:00:00+00:00,48.07062761916666
2026-04-28 05:00:00+00:00,50.29561854666665
2026-04-28 06:00:00+00:00,44.32054359166665
2026-04-28 07:00:00+00:00,40.58940622749999
2026-04-28 08:00:00+00:00,37.86883604583332
2026-04-28 09:00:00+00:00,36.591558610833324
2026-04-28 10:00:00+00:00,35.066513372738086
2026-04-28 11:00:00+00:00,33.75569999999999
2026-04-28 12:00:00+00:00,33.06372701142856
2026-04-28 13:00:00+00:00,33.61861873333333
2026-04-28 14:00:00+00:00,32.21835216333333
2026-04-28 15:00:00+00:00,34.66646589083332
2026-04-28 16:00:00+00:00,36.11601388083333
2026-04-28 17:00:00+00:00,38.06617865833332
2026-04-28 18:00:00+00:00,39.89172712499999
2026-04-28 19:00:00+00:00,39.49093816583332
2026-04-28 20:00:00+00:00,38.04528067916665
2026-04-28 21:00:00+00:00,35.73947530833332
2026-04-28 22:00:00+00:00,34.541804898333325
2026-04-28 23:00:00+00:00,33.742511888333325
2026-04-29 00:00:00+00:00,35.26696220249998
2026-04-29 01:00:00+00:00,36.62594361333332
2026-04-29 02:00:00+00:00,37.497044417499986
2026-04-29 03:00:00+00:00,40.16756739999999
2026-04-29 04:00:00+00:00,45.39465032249999
2026-04-29 05:00:00+00:00,47.720190935833315
2026-04-29 06:00:00+00:00,42.768637036666654
2026-04-29 07:00:00+00:00,38.26543278166665
2026-04-29 08:00:00+00:00,35.53908788249999
2026-04-29 09:00:00+00:00,33.51573861833332
2026-04-29 10:00:00+00:00,31.841312323333327
2026-04-29 11:00:00+00:00,31.067407578333324
2026-04-29 12:00:00+00:00,30.51431015083332
2026-04-29 13:00:00+00:00,30.241271758333326
2026-04-29 14:00:00+00:00,29.614199206666665
2026-04-29 15:00:00+00:00,29.78734602583333
2026-04-29 16:00:00+00:00,30.613491377499997
2026-04-29 17:00:00+00:00,31.53844997333333
2026-04-29 18:00:00+00:00,33.880625699166664
2026-04-29 19:00:00+00:00,35.066986601666656
2026-04-29 20:00:00+00:00,34.76535614833332
2026-04-29 21:00:00+00:00,32.93947530833332
2026-04-29 22:00:00+00:00,32.366732460833326
2026-04-29 23:00:00+00:00,31.565428585833327
2026-04-30 00:00:00+00:00,32.26647748083333
2026-04-30 01:00:00+00:00,32.60114643833333
2026-04-30 02:00:00+00:00,34.09406494833332
2026-04-30 03:00:00+00:00,36.465257633333316
2026-04-30 04:00:00+00:00,40.59294155749998
2026-04-30 05:00:00+00:00,44.04402735999998
2026-04-30 06:00:00+00:00,39.391727964166655
2026-04-30 07:00:00+00:00,35.54172628583332
2026-04-30 08:00:00+00:00,32.74244814333332
2026-04-30 09:00:00+00:00,32.03968598666666
2026-04-30 10:00:00+00:00,31.062739246666663
2026-04-30 11:00:00+00:00,31.28837669666666
2026-04-30 12:00:00+00:00,30.585085136666667
2026-04-30 13:00:00+00:00,29.913420159166662
2026-04-30 14:00:00+00:00,29.51178307166666
2026-04-30 15:00:00+00:00,28.86214236166666
2026-04-30 16:00:00+00:00,29.21191635666666
2026-04-30 17:00:00+00:00,30.439072096666663
2026-04-30 18:00:00+00:00,29.03794207166666
2026-04-30 19:00:00+00:00,29.91410976416666
2026-04-30 20:00:00+00:00,30.43919379166666
2026-04-30 21:00:00+00:00,32.46575844166666
2026-04-30 22:00:00+00:00,32.16510650416666
2026-04-30 23:00:00+00:00,31.187319109166665
2026-05-01 00:00:00+00:00,31.090065939166664
2026-05-01 01:00:00+00:00,29.950414589999994
2026-05-01 02:00:00+00:00,32.69434226916666
2026-05-01 03:00:00+00:00,34.214880958333325
2026-05-01 04:00:00+00:00,34.13981927166666
2026-05-01 05:00:00+00:00,34.73920332333332
2026-05-01 06:00:00+00:00,33.69007798833332
2026-05-01 07:00:00+00:00,32.11182409583333
2026-05-01 08:00:00+00:00,30.736800076666654
2026-05-01 09:00:00+00:00,29.18611664666666
2026-05-01 10:00:00+00:00,28.46178886666666
2026-05-01 11:00:00+00:00,29.01044152916666
2026-05-01 12:00:00+00:00,28.06157445166666
2026-05-01 13:00:00+00:00,27.18762624416666
2026-05-01 14:00:00+00:00,26.011196937499996
2026-05-01 15:00:00+00:00,26.657221947499995
2026-05-01 16:00:00+00:00,27.071769070833327
2026-05-01 17:00:00+00:00,27.86107608166666
2026-05-01 18:00:00+00:00,29.51201487166666
2026-05-01 19:00:00+00:00,30.115140054999994
2026-05-01 20:00:00+00:00,27.68689363583333
2026-05-01 21:00:00+00:00,26.26425136166666
2026-05-01 22:00:00+00:00,25.012504549166664
2026-05-01 23:00:00+00:00,24.26481095916666
2026-05-02 00:00:00+00:00,24.11151398416666
2026-05-02 01:00:00+00:00,24.525079239999993
2026-05-02 02:00:00+00:00,25.06634411666666
2026-05-02 03:00:00+00:00,27.01308694666666
2026-05-02 04:00:00+00:00,29.587667648333333
2026-05-02 05:00:00+00:00,28.83758941583333
2026-05-02 06:00:00+00:00,29.914693000833328
2026-05-02 07:00:00+00:00,29.41240977083333
2026-05-02 08:00:00+00:00,26.885751561666662
2026-05-02 09:00:00+00:00,27.33674540416666
2026-05-02 10:00:00+00:00,24.250209432499993
2026-05-02 11:00:00+00:00,23.83481315166666
2026-05-02 12:00:00+00:00,24.94022819916666
2026-05-02 13:00:00+00:00,24.835766049166665
2026-05-02 14:00:00+00:00,24.714092379166658
2026-05-02 15:00:00+00:00,24.61279429916666
2026-05-02 16:00:00+00:00,25.86401124916666
2026-05-02 17:00:00+00:00,26.189100232499992
2026-05-02 18:00:00+00:00,24.964140797499994
2026-05-02 19:00:00+00:00,24.915593284166658
2026-05-02 20:00:00+00:00,24.690276617499993
2026-05-02 21:00:00+00:00,25.316151662499994
2026-05-02 22:00:00+00:00,25.36740627999999
2026-05-02 23:00:00+00:00,23.99191987999999
2026-05-03 00:00:00+00:00,24.31731393999999
2026-05-03 01:00:00+00:00,25.268171599999995
2026-05-03 02:00:00+00:00,24.839656932499995
2026-05-03 03:00:00+00:00,25.96183560666666
2026-05-03 04:00:00+00:00,25.16272475916666
2026-05-03 05:00:00+00:00,27.187363410833328
2026-05-03 06:00:00+00:00,28.913400335833327
2026-05-03 07:00:00+00:00,30.387339850833325
2026-05-03 08:00:00+00:00,31.213471095
2026-05-03 09:00:00+00:00,29.261503692499996
2026-05-03 10:00:00+00:00,27.03586540333333
2026-05-03 11:00:00+00:00,25.910993732499993
2026-05-03 12:00:00+00:00,25.01060958416666
2026-05-03 13:00:00+00:00,24.670144486783727
2026-05-03 14:00:00+00:00,24.617107415429235
2026-05-03 15:00:00+00:00,24.238919674074747
2026-05-03 16:00:00+00:00,26.186033272720255
2026-05-03 17:00:00+00:00,28.408158461365765
2026-05-03 18:00:00+00:00,29.233004402511273
2026-05-03 19:00:00+00:00,27.829500833656788
2026-05-03 20:00:00+00:00,26.176188499802297
2026-05-03 21:00:00+00:00,25.347963090947797
2026-05-03 22:00:00+00:00,23.89479852959331
2026-05-03 23:00:00+00:00,23.616975873238818
2026-05-04 00:00:00+00:00,23.23902572688433
2026-05-04 01:00:00+00:00,23.747848123029833
2026-05-04 02:00:00+00:00,24.78960134667535
2026-05-04 03:00:00+00:00,25.829514657820855
2026-05-04 04:00:00+00:00,29.25387381896637
2026-05-04 05:00:00+00:00,32.55225904011188
2026-05-04 06:00:00+00:00,32.89843468792405
2026-05-04 07:00:00+00:00,33.70687009378788
2026-05-04 08:00:00+00:00,31.911643456341988
2026-05-04 09:00:00+00:00,29.473025556666663
2026-05-04 10:00:00+00:00,29.661403499166667
2026-05-04 11:00:00+00:00,28.637843556666663
2026-05-04 12:00:00+00:00,28.361377421666667
2026-05-04 13:00:00+00:00,27.737159746666663
2026-05-04 14:00:00+00:00,27.08739734166666
2026-05-04 15:00:00+00:00,27.536761110833332
2026-05-04 16:00:00+00:00,28.561710634166662
2026-05-04 17:00:00+00:00,28.53809853666666
2026-05-04 18:00:00+00:00,28.71486105583333
2026-05-04 19:00:00+00:00,30.066922017499998
2026-05-04 20:00:00+00:00,29.062796816666665
2026-05-04 21:00:00+00:00,28.013533161666665
2026-05-04 22:00:00+00:00,26.338599804166666
2026-05-04 23:00:00+00:00,26.28817676916666
2026-05-05 00:00:00+00:00,25.588666446666664
2026-05-05 01:00:00+00:00,26.57387144166666
2026-05-05 02:00:00+00:00,27.218708096666663
2026-05-05 03:00:00+00:00,28.84903762333333
2026-05-05 04:00:00+00:00,33.01515416249999
2026-05-05 05:00:00+00:00,36.040294920833325
2026-05-05 06:00:00+00:00,33.28994180583332
2026-05-05 07:00:00+00:00,31.21390160333333
2026-05-05 08:00:00+00:00,28.939373895833334
2026-05-05 09:00:00+00:00,27.785275991666666
2026-05-05 10:00:00+00:00,27.438454929166664
2026-05-05 11:00:00+00:00,27.139376334166663
2026-05-05 12:00:00+00:00,26.063289771666664
2026-05-05 13:00:00+00:00,25.213941709166658
2026-05-05 14:00:00+00:00,25.137791401666657
2026-05-05 15:00:00+00:00,25.136693249166658
2026-05-05 16:00:00+00:00,25.836116646666664
2026-05-05 17:00:00+00:00,27.11119198166666
2026-05-05 18:00:00+00:00,28.01727093666666
2026-05-05 19:00:00+00:00,29.36591452666666
2026-05-05 20:00:00+00:00,28.814741039166663
2026-05-05 21:00:00+00:00,27.21356793166666
2026-05-05 22:00:00+00:00,26.413654856666664
2026-05-05 23:00:00+00:00,25.939952936666664
2026-05-06 00:00:00+00:00,26.014222766666663
2026-05-06 01:00:00+00:00,26.198222401666662
2026-05-06 02:00:00+00:00,27.242746126666663
2026-05-06 03:00:00+00:00,29.190004711666663
2026-05-06 04:00:00+00:00,33.08964709999999
2026-05-06 05:00:00+00:00,34.291352508333325
2026-05-06 06:00:00+00:00,33.01511855333332
2026-05-06 07:00:00+00:00,30.88950428333333
2026-05-06 08:00:00+00:00,29.61222124333333
2026-05-06 09:00:00+00:00,27.948578979166662
2026-05-06 10:00:00+00:00,26.762982636666663
2026-05-06 11:00:00+00:00,26.46022833333333
2026-05-06 12:00:00+00:00,26.11017038333333
2026-05-06 13:00:00+00:00,25.785068131666666
2026-05-06 14:00:00+00:00,25.226886493939393
2026-05-06 15:00:00+00:00,25.576456740303023
2026-05-06 16:00:00+00:00,27.0143118590909
2026-05-06 17:00:00+00:00,28.27680479037878
2026-05-06 18:00:00+00:00,30.965741515833326
2026-05-06 19:00:00+00:00,31.24988120045454
2026-05-06 20:00:00+00:00,29.76206055257575
2026-05-06 21:00:00+00:00,28.1995954580303
2026-05-06 22:00:00+00:00,27.51193398265151
2026-05-06 23:00:00+00:00,26.900556099772725
2026-05-07 00:00:00+00:00,27.3122522185606
2026-05-07 01:00:00+00:00,27.742132393181816
2026-05-07 02:00:00+00:00,28.867028867803025
2026-05-07 03:00:00+00:00,30.524522392424235
2026-05-07 04:00:00+00:00,35.28669286204545
2026-05-07 05:00:00+00:00,36.84992633416666
2026-05-07 06:00:00+00:00,34.21295736128787
2026-05-07 07:00:00+00:00,32.039866470833324
2026-05-07 08:00:00+00:00,29.787518656666663
2026-05-07 09:00:00+00:00,28.63616880166666
2026-05-07 10:00:00+00:00,27.213252104166667
2026-05-07 11:00:00+00:00,25.538107229166663
2026-05-07 12:00:00+00:00,26.436557066666662
2026-05-07 13:00:00+00:00,24.97165438999999
2026-05-07 14:00:00+00:00,25.43959364666666
2026-05-07 15:00:00+00:00,25.13814611583333
2026-05-07 16:00:00+00:00,25.58716843916666
2026-05-07 17:00:00+00:00,26.82576369416666
2026-05-07 18:00:00+00:00,29.088384169999994
2026-05-07 19:00:00+00:00,29.217316077499994
2026-05-07 20:00:00+00:00,27.966340839166662
2026-05-07 21:00:00+00:00,27.390215389999994
2026-05-07 22:00:00+00:00,26.340436819166662
2026-05-07 23:00:00+00:00,26.566077166666663
2026-05-08 00:00:00+00:00,27.315787416666662
2026-05-08 01:00:00+00:00,26.87599820666666
2026-05-08 02:00:00+00:00,27.34723397416666
2026-05-08 03:00:00+00:00,28.491116512499993
2026-05-08 04:00:00+00:00,32.541503558333325
2026-05-08 05:00:00+00:00,33.39169936916665
2026-05-08 06:00:00+00:00,32.290793670833324
2026-05-08 07:00:00+00:00,30.391799103333334
2026-05-08 08:00:00+00:00,27.923697586666663
2026-05-08 09:00:00+00:00,27.538425954166666
2026-05-08 10:00:00+00:00,26.212391546666662
2026-05-08 11:00:00+00:00,25.363567931666665
2026-05-08 12:00:00+00:00,24.91616615
2026-05-08 13:00:00+00:00,24.637575308333325
2026-05-08 14:00:00+00:00,24.422761044999994
2026-05-08 15:00:00+00:00,24.91295076416666
2026-05-08 16:00:00+00:00,25.787681296666662
2026-05-08 17:00:00+00:00,27.040017520833327
2026-05-08 18:00:00+00:00,28.21485198333333
2026-05-08 19:00:00+00:00,29.466662920833326
2026-05-08 20:00:00+00:00,29.11964650666666
2026-05-08 21:00:00+00:00,27.589967424166662
2026-05-08 22:00:00+00:00,26.464037326666663
2026-05-08 23:00:00+00:00,25.96350418666666
2026-05-09 00:00:00+00:00,26.116734899166662
2026-05-09 01:00:00+00:00,26.67651685916666
2026-05-09 02:00:00+00:00,26.471486799166662
2026-05-09 03:00:00+00:00,28.841436456666663
2026-05-09 04:00:00+00:00,30.71626260666666
2026-05-09 05:00:00+00:00,31.151757346666663
2026-05-09 06:00:00+00:00,31.563646623333327
2026-05-09 07:00:00+00:00,31.516063138333326
2026-05-09 08:00:00+00:00,30.34035820666666
2026-05-09 09:00:00+00:00,28.889170611666664
2026-05-09 10:00:00+00:00,28.039098174166664
2026-05-09 11:00:00+00:00,27.337043007499993
2026-05-09 12:00:00+00:00,26.338543912499997
2026-05-09 13:00:00+00:00,25.13826079666666
2026-05-09 14:00:00+00:00,24.987550909166664
2026-05-09 15:00:00+00:00,25.06249875416666
2026-05-09 16:00:00+00:00,25.51229882666666
2026-05-09 17:00:00+00:00,26.664161539166656
2026-05-09 18:00:00+00:00,27.84040494666666
2026-05-09 19:00:00+00:00,27.893742866666663
2026-05-09 20:00:00+00:00,27.21437465583333
2026-05-09 21:00:00+00:00,25.91537017666666
2026-05-09 22:00:00+00:00,24.66552084666666
2026-05-09 23:00:00+00:00,24.19049766666666
2026-05-10 00:00:00+00:00,24.165381766666655
2026-05-10 01:00:00+00:00,24.17772801416666
2026-05-10 02:00:00+00:00,24.346220229166658
2026-05-10 03:00:00+00:00,25.089886294166664
2026-05-10 04:00:00+00:00,26.340946779166664
2026-05-10 05:00:00+00:00,27.617215504166666
2026-05-10 06:00:00+00:00,29.19534564333333
2026-05-10 07:00:00+00:00,30.941022573333328
2026-05-10 08:00:00+00:00,30.74202137166666
2026-05-10 09:00:00+00:00,30.18856793166666
2026-05-10 10:00:00+00:00,29.35040150666666
2026-05-10 11:00:00+00:00,27.54810958416666
2026-05-10 12:00:00+00:00,26.96273924666666
2026-05-10 13:00:00+00:00,28.11326369416666
2026-05-10 14:00:00+00:00,26.763724396666664
2026-05-10 15:00:00+00:00,26.389529901666663
2026-05-10 16:00:00+00:00,26.375633306666664
2026-05-10 17:00:00+00:00,28.364706649166656
2026-05-10 18:00:00+00:00,29.315847044999995
2026-05-10 19:00:00+00:00,28.86611155666666
2026-05-10 20:00:00+00:00,29.141324293333327
2026-05-10 21:00:00+00:00,29.16642860333333
2026-05-10 22:00:00+00:00,28.888694012499997
2026-05-10 23:00:00+00:00,29.440680209166665
2026-05-11 00:00:00+00:00,31.415344099166663
2026-05-11 01:00:00+00:00,32.225724622499996
2026-05-11 02:00:00+00:00,32.945651939166666
2026-05-11 03:00:00+00:00,35.142028005833325
2026-05-11 04:00:00+00:00,39.366607868333325
2026-05-11 05:00:00+00:00,37.70257741833332
2026-05-11 06:00:00+00:00,36.54273049916665
2026-05-11 07:00:00+00:00,34.79239644749999
2026-05-11 08:00:00+00:00,34.09318784499999
2026-05-11 09:00:00+00:00,33.79118773083332
2026-05-11 10:00:00+00:00,32.58986067583332
2026-05-11 11:00:00+00:00,30.814180143333324
2026-05-11 12:00:00+00:00,29.665258013333325
2026-05-11 13:00:00+00:00,28.08889329083333
2026-05-11 14:00:00+00:00,27.43914247583333
2026-05-11 15:00:00+00:00,28.84256152583333
2026-05-11 16:00:00+00:00,32.165725349999995
2026-05-11 17:00:00+00:00,33.540412419999996
2026-05-11 18:00:00+00:00,34.767343453333325
2026-05-11 19:00:00+00:00,33.79116165333332
2026-05-11 20:00:00+00:00,32.267300370833325
2026-05-11 21:00:00+00:00,30.09140420416666
2026-05-11 22:00:00+00:00,28.440884712499997
2026-05-11 23:00:00+00:00,28.415176883333327
2026-05-12 00:00:00+00:00,29.064626358333328
2026-05-12 01:00:00+00:00,29.149946414166664
2026-05-12 02:00:00+00:00,30.24695291666666
2026-05-12 03:00:00+00:00,32.09192949083332
2026-05-12 04:00:00+00:00,36.89394866833332
2026-05-12 05:00:00+00:00,39.49394950749999
2026-05-12 06:00:00+00:00,38.79442759499998
2026-05-12 07:00:00+00:00,35.44083675333332
2026-05-12 08:00:00+00:00,31.639048156666664
2026-05-12 09:00:00+00:00,30.41780857113268
2026-05-12 10:00:00+00:00,30.171309596278313
2026-05-12 11:00:00+00:00,30.901236191423944
2026-05-12 12:00:00+00:00,32.66755052656957
2026-05-12 13:00:00+00:00,31.933708016715205
2026-05-12 14:00:00+00:00,31.614948857694163
2026-05-12 15:00:00+00:00,31.84223125450646
2026-05-12 16:00:00+00:00,33.09629111715209
2026-05-12 17:00:00+00:00,35.501213595631064
2026-05-12 18:00:00+00:00,37.50555077911002
2026-05-12 19:00:00+00:00,36.70834519425566
2026-05-12 20:00:00+00:00,34.82135310190128
2026-05-12 21:00:00+00:00,31.990054597046917
2026-05-12 22:00:00+00:00,31.21571355469255
2026-05-12 23:00:00+00:00,30.596804105671517
2026-05-13 00:00:00+00:00,30.501171483317147
2026-05-13 01:00:00+00:00,31.46448634096278
2026-05-13 02:00:00+00:00,32.113785611108405
2026-05-13 03:00:00+00:00,33.4386308304207
2026-05-13 04:00:00+00:00,36.352613137233
2026-05-13 05:00:00+00:00,39.0560315440453
2026-05-13 06:00:00+00:00,39.81599548252426
2026-05-13 07:00:00+00:00,39.70536399600322
2026-05-13 08:00:00+00:00,37.733044189482186
2026-05-13 09:00:00+00:00,35.837463722127815
2026-05-13 10:00:00+00:00,33.43787210799351
2026-05-13 11:00:00+00:00,32.91846226833332
2026-05-13 12:00:00+00:00,31.016660023333326
2026-05-13 13:00:00+00:00,30.86486563166666
2026-05-13 14:00:00+00:00,32.79035568916666
2026-05-13 15:00:00+00:00,33.92002645916666
2026-05-13 16:00:00+00:00,33.96652216249999
2026-05-13 17:00:00+00:00,34.466381404166654
2026-05-13 18:00:00+00:00,35.81612352666666
2026-05-13 19:00:00+00:00,37.21721550416666
2026-05-13 20:00:00+00:00,36.12769678583332
2026-05-13 21:00:00+00:00,35.04201557666665
2026-05-13 22:00:00+00:00,33.41983232666666
2026-05-13 23:00:00+00:00,33.59092424833332
2026-05-14 00:00:00+00:00,32.34410261583333
2026-05-14 01:00:00+00:00,32.60494384166666
2026-05-14 02:00:00+00:00,35.99771869583332
2026-05-14 03:00:00+00:00,38.21783351083332
2026-05-14 04:00:00+00:00,41.46775611749999
2026-05-14 05:00:00+00:00,40.867967254999996
2026-05-14 06:00:00+00:00,39.04485268833333
2026-05-14 07:00:00+00:00,35.91764807083332
2026-05-14 08:00:00+00:00,35.34154991833332
2026-05-14 09:00:00+00:00,34.691886408333325
2026-05-14 10:00:00+00:00,33.293360016666654
2026-05-14 11:00:00+00:00,33.59390848333332
2026-05-14 12:00:00+00:00,32.71860424583332
2026-05-14 13:00:00+00:00,32.16690341333332
2026-05-14 14:00:00+00:00,31.741931549166658
2026-05-14 15:00:00+00:00,31.146086944166658
2026-05-14 16:00:00+00:00,31.393852971666657
2026-05-14 17:00:00+00:00,33.019634916666654
2026-05-14 18:00:00+00:00,33.27045574833332
2026-05-14 19:00:00+00:00,35.01941554583332
2026-05-14 20:00:00+00:00,34.994483866666656
2026-05-14 21:00:00+00:00,33.06901485166666
2026-05-14 22:00:00+00:00,31.642664616666657
2026-05-14 23:00:00+00:00,31.54231691666666
2026-05-15 00:00:00+00:00,31.891610306666657
2026-05-15 01:00:00+00:00,32.777356754166654
2026-05-15 02:00:00+00:00,33.37289834083332
2026-05-15 03:00:00+00:00,37.77827628583332
2026-05-15 04:00:00+00:00,40.99389941083332
2026-05-15 05:00:00+00:00,40.694682574999995
2026-05-15 06:00:00+00:00,40.382188369999994
2026-05-15 07:00:00+00:00,38.69387912833333
2026-05-15 08:00:00+00:00,36.16540250833332
2026-05-15 09:00:00+00:00,34.61689883749999
2026-05-15 10:00:00+00:00,34.39231485833333
2026-05-15 11:00:00+00:00,33.89110370333332
2026-05-15 12:00:00+00:00,31.991583009999992
2026-05-15 13:00:00+00:00,31.742294575833327
2026-05-15 14:00:00+00:00,32.94115585833333
2026-05-15 15:00:00+00:00,32.14679850999999
2026-05-15 16:00:00+00:00,34.820794755833326
2026-05-15 17:00:00+00:00,36.04515898416665
2026-05-15 18:00:00+00:00,38.24312493916665
2026-05-15 19:00:00+00:00,37.567225035833324
2026-05-15 20:00:00+00:00,35.641830975833315
2026-05-15 21:00:00+00:00,33.44235252583332
2026-05-15 22:00:00+00:00,31.466552815833328
2026-05-15 23:00:00+00:00,31.367682001666658
2026-05-16 00:00:00+00:00,31.442174099999992
2026-05-16 01:00:00+00:00,31.177114583333328
2026-05-16 02:00:00+00:00,32.24712760583333
2026-05-16 03:00:00+00:00,33.84218157333332
2026-05-16 04:00:00+00:00,35.46834057333332
2026-05-16 05:00:00+00:00,37.643879128333325
2026-05-16 06:00:00+00:00,39.31822513249999
2026-05-16 07:00:00+00:00,39.96836131499999
2026-05-16 08:00:00+00:00,40.367538424999985
2026-05-16 09:00:00+00:00,40.09100892499999
2026-05-16 10:00:00+00:00,39.24083713333332
2026-05-16 11:00:00+00:00,37.63898273333333
2026-05-16 12:00:00+00:00,38.19245355833332
2026-05-16 13:00:00+00:00,38.81770022583332
2026-05-16 14:00:00+00:00,40.39174405083331
2026-05-16 15:00:00+00:00,39.697630551666656
2026-05-16 16:00:00+00:00,41.37292114083331
2026-05-16 17:00:00+00:00,42.32153407749998
2026-05-16 18:00:00+00:00,42.34794515999998
2026-05-16 19:00:00+00:00,41.995899524999984
2026-05-16 20:00:00+00:00,40.44301978999999
2026-05-16 21:00:00+00:00,37.993815763333316
2026-05-16 22:00:00+00:00,36.81913159083332
2026-05-16 23:00:00+00:00,36.34386791833332
2026-05-17 00:00:00+00:00,36.96598780333332
2026-05-17 01:00:00+00:00,37.377600983333316
2026-05-17 02:00:00+00:00,37.99683495833332
2026-05-17 03:00:00+00:00,38.94377893499998
2026-05-17 04:00:00+00:00,41.444870912499994
2026-05-17 05:00:00+00:00,40.79435225999999
2026-05-17 06:00:00+00:00,38.817996229999984
2026-05-17 07:00:00+00:00,38.94198995833332
2026-05-17 08:00:00+00:00,36.890091636666654
2026-05-17 09:00:00+00:00,35.58828397666666
2026-05-17 10:00:00+00:00,34.15404038666665
2026-05-17 11:00:00+00:00,33.04133961999999
2026-05-17 12:00:00+00:00,33.18973318583332
2026-05-17 13:00:00+00:00,33.78729349083333
2026-05-17 14:00:00+00:00,34.96328443583332
2026-05-17 15:00:00+00:00,35.26843039583333
2026-05-17 16:00:00+00:00,36.59082844083332
2026-05-17 17:00:00+00:00,38.11180960833332
2026-05-17 18:00:00+00:00,37.73689653333332
2026-05-17 19:00:00+00:00,37.13838005333333
2026-05-17 20:00:00+00:00,35.213243870833324
2026-05-17 21:00:00+00:00,32.087466501666654
2026-05-17 22:00:00+00:00,30.862946647499992
2026-05-17 23:00:00+00:00,30.31178596916666
2026-05-18 00:00:00+00:00,29.98831005416666
2026-05-18 01:00:00+00:00,29.898406622499994
2026-05-18 02:00:00+00:00,30.39319318083333
2026-05-18 03:00:00+00:00,32.61427538083332
2026-05-18 04:00:00+00:00,36.51481683333333
2026-05-18 05:00:00+00:00,38.88896412916666
2026-05-18 06:00:00+00:00,38.28654097999999
2026-05-18 07:00:00+00:00,35.98787878583332
2026-05-18 08:00:00+00:00,33.86251659833333
2026-05-18 09:00:00+00:00,32.588209100833325
2026-05-18 10:00:00+00:00,32.51754292166666
2026-05-18 11:00:00+00:00,32.13640639666666
2026-05-18 12:00:00+00:00,30.963551385833327
2026-05-18 13:00:00+00:00,30.963810941666658
2026-05-18 14:00:00+00:00,30.836655581666662
2026-05-18 15:00:00+00:00,33.817947732499995
2026-05-18 16:00:00+00:00,33.91557262166666
2026-05-18 17:00:00+00:00,35.666462993333326
2026-05-18 18:00:00+00:00,36.46756198499999
2026-05-18 19:00:00+00:00,35.39307026666665
2026-05-18 20:00:00+00:00,33.57217106833332
2026-05-18 21:00:00+00:00,31.266011363333323
2026-05-18 22:00:00+00:00,29.166491509166665
2026-05-18 23:00:00+00:00,28.715289046666662
2026-05-19 00:00:00+00:00,28.25228198416666
2026-05-19 01:00:00+00:00,28.700488246666666
2026-05-19 02:00:00+00:00,28.870409768333328
2026-05-19 03:00:00+00:00,30.465996495833327
2026-05-19 04:00:00+00:00,32.989947600833325
2026-05-19 05:00:00+00:00,36.26411312083332
2026-05-19 06:00:00+00:00,36.390043218333325
2026-05-19 07:00:00+00:00,34.51267885833332
2026-05-19 08:00:00+00:00,31.439214533333324
2026-05-19 09:00:00+00:00,30.46542568833333
2026-05-19 10:00:00+00:00,28.96215357166666
2026-05-19 11:00:00+00:00,27.41312171666666
2026-05-19 12:00:00+00:00,27.536212264166664
2026-05-19 13:00:00+00:00,26.447611214166663
2026-05-19 14:00:00+00:00,25.785589301666665
2026-05-19 15:00:00+00:00,26.211762789166663
2026-05-19 16:00:00+00:00,26.358830519166663
2026-05-19 17:00:00+00:00,27.159076806666665
2026-05-19 18:00:00+00:00,29.03578343416666
2026-05-19 19:00:00+00:00,29.686417986666658
2026-05-19 20:00:00+00:00,29.137177131666657
2026-05-19 21:00:00+00:00,26.76175119916666
2026-05-19 22:00:00+00:00,25.385728381666663
2026-05-19 23:00:00+00:00,24.73549078666666
2026-05-20 00:00:00+00:00,24.385340116666658
2026-05-20 01:00:00+00:00,24.571098534166662
2026-05-20 02:00:00+00:00,25.289790676666662
2026-05-20 03:00:00+00:00,26.361377421666663
2026-05-20 04:00:00+00:00,29.586437889166664
2026-05-20 05:00:00+00:00,32.063981514166656
2026-05-20 06:00:00+00:00,33.042882388333325
2026-05-20 07:00:00+00:00,32.78807955249999
2026-05-20 08:00:00+00:00,30.397551854999993
2026-05-20 09:00:00+00:00,29.73647303916666
2026-05-20 10:00:00+00:00,29.58549658166666
2026-05-20 11:00:00+00:00,29.68545601666666
2026-05-20 12:00:00+00:00,28.71085007666666
2026-05-20 13:00:00+00:00,27.28568164166666
2026-05-20 14:00:00+00:00,26.18681578333333
2026-05-20 15:00:00+00:00,26.088226026666664
2026-05-20 16:00:00+00:00,27.584827259166662
2026-05-20 17:00:00+00:00,27.43585587166666
2026-05-20 18:00:00+00:00,29.663049279166657
2026-05-20 19:00:00+00:00,29.689408206666663
2026-05-20 20:00:00+00:00,28.689096954999993
2026-05-20 21:00:00+00:00,26.53867803666666
2026-05-20 22:00:00+00:00,26.512576986666662
2026-05-20 23:00:00+00:00,25.48761175666666
2026-05-21 00:00:00+00:00,25.66304638166666
2026-05-21 01:00:00+00:00,25.35014923916666
2026-05-21 02:00:00+00:00,25.567378144166657
2026-05-21 03:00:00+00:00,26.91242921416666
2026-05-21 04:00:00+00:00,29.31408910166666
2026-05-21 05:00:00+00:00,32.26417686583333
2026-05-21 06:00:00+00:00,31.56238247416666
2026-05-21 07:00:00+00:00,29.18698299916666
2026-05-21 08:00:00+00:00,26.209957646666663
2026-05-21 09:00:00+00:00,25.11000014333333
