timestamp,heat_demand_mw,temperature_c,wind_speed_ms,wind_direction_deg,solar_radiation_wm2,humidity_pct,snowfall_cm,snow_depth_m,cloud_cover_pct,hour,day_of_week,month,day_of_year,is_weekend,is_holiday,is_school_holiday,wind_sin,wind_cos,temp_change_3h,heating_degrees,heating_season_day
2025-09-01 01:00:00,21.63777212543554,17.9,10.6,109,0.0,88,0.0,0.0,100,1,0,9,244,0,0,0,0.9455185755993168,-0.32556815445715664,0.0,0.0,335
2025-09-01 02:00:00,21.630803484320552,17.6,10.7,126,0.0,86,0.0,0.0,100,2,0,9,244,0,0,0,0.8090169943749475,-0.587785252292473,0.0,0.0,335
2025-09-01 03:00:00,21.62383484320557,17.5,12.1,125,0.0,87,0.0,0.0,100,3,0,9,244,0,0,0,0.8191520442889917,-0.5735764363510462,-0.5,0.0,335
2025-09-01 04:00:00,21.616866202090588,17.6,14.8,136,0.0,85,0.0,0.0,100,4,0,9,244,0,0,0,0.6946583704589971,-0.7193398003386513,-0.29999999999999716,0.0,335
2025-09-01 05:00:00,21.609897560975607,17.5,14.2,145,0.0,81,0.0,0.0,72,5,0,9,244,0,0,0,0.5735764363510459,-0.8191520442889919,-0.10000000000000142,0.0,335
2025-09-01 06:00:00,21.66328153506968,16.9,13.2,145,0.0,79,0.0,0.0,94,6,0,9,244,0,0,0,0.5735764363510459,-0.8191520442889919,-0.6000000000000014,0.0,335
2025-09-01 07:00:00,20.80914299,16.5,13.4,151,5.0,77,0.0,0.0,100,7,0,9,244,0,0,0,0.48480962024633717,-0.8746197071393957,-1.1000000000000014,0.0,335
2025-09-01 08:00:00,20.28092592583333,17.0,11.0,174,49.0,74,0.0,0.0,90,8,0,9,244,0,0,0,0.10452846326765373,-0.9945218953682733,-0.5,0.0,335
2025-09-01 09:00:00,19.68271368333333,18.1,7.6,173,161.0,72,0.0,0.0,100,9,0,9,244,0,0,0,0.12186934340514755,-0.992546151641322,1.2000000000000028,0.0,335
2025-09-01 10:00:00,19.831393642499997,19.0,11.0,150,242.0,69,0.0,0.0,100,10,0,9,244,0,0,0,0.49999999999999994,-0.8660254037844387,2.5,0.0,335
2025-09-01 11:00:00,19.63151244,19.2,11.7,159,207.0,68,0.0,0.0,100,11,0,9,244,0,0,0,0.3583679495453002,-0.9335804264972017,2.1999999999999993,0.0,335
2025-09-01 12:00:00,19.557630495,18.6,10.3,180,150.0,76,0.0,0.0,100,12,0,9,244,0,0,0,1.2246467991473532e-16,-1.0,0.5,0.0,335
2025-09-01 13:00:00,19.484096629999993,19.0,8.4,155,163.0,76,0.0,0.0,100,13,0,9,244,0,0,0,0.4226182617406995,-0.9063077870366499,0.0,0.0,335
2025-09-01 14:00:00,20.058305612499996,19.0,14.9,195,198.0,80,0.0,0.0,100,14,0,9,244,0,0,0,-0.2588190451025208,-0.9659258262890683,-0.1999999999999993,0.0,335
2025-09-01 15:00:00,20.208963344999994,17.6,12.6,214,78.0,88,0.0,0.0,100,15,0,9,244,0,0,0,-0.5591929034707467,-0.8290375725550418,-1.0,0.0,335
2025-09-01 16:00:00,20.709641359999996,17.1,14.2,207,140.0,96,0.0,0.0,100,16,0,9,244,0,0,0,-0.4539904997395467,-0.8910065241883679,-1.8999999999999986,0.0,335
2025-09-01 17:00:00,20.557714522499996,16.6,9.5,231,45.0,98,0.0,0.0,100,17,0,9,244,0,0,0,-0.7771459614569706,-0.6293203910498378,-2.3999999999999986,0.0,335
2025-09-01 18:00:00,20.683830059999995,16.6,6.9,261,54.0,95,0.0,0.0,100,18,0,9,244,0,0,0,-0.9876883405951377,-0.15643446504023104,-1.0,0.0,335
2025-09-01 19:00:00,21.136014774999992,16.5,9.3,245,54.0,94,0.0,0.0,87,19,0,9,244,0,0,0,-0.90630778703665,-0.42261826174069916,-0.6000000000000014,0.0,335
2025-09-01 20:00:00,20.960041214999997,15.6,7.1,243,49.0,96,0.0,0.0,7,20,0,9,244,0,0,0,-0.8910065241883678,-0.45399049973954697,-1.0000000000000018,0.0,335
2025-09-01 21:00:00,20.13814359833333,14.3,5.0,232,1.0,97,0.0,0.0,78,21,0,9,244,0,0,0,-0.7880107536067221,-0.6156614753256581,-2.3000000000000007,0.6999999999999993,335
2025-09-01 22:00:00,19.35943479833333,13.6,4.9,197,0.0,98,0.0,0.0,100,22,0,9,244,0,0,0,-0.29237170472273677,-0.9563047559630354,-2.9000000000000004,1.4000000000000004,335
2025-09-01 23:00:00,18.959169447499995,14.2,6.3,185,0.0,99,0.0,0.0,98,23,0,9,244,0,0,0,-0.08715574274765794,-0.9961946980917455,-1.4000000000000004,0.8000000000000007,335
2025-09-02 00:00:00,18.68328197333333,14.2,7.7,169,0.0,99,0.0,0.0,97,0,1,9,245,0,0,0,0.19080899537654497,-0.9816271834476639,-0.10000000000000142,0.8000000000000007,336
2025-09-02 01:00:00,19.032792295833328,13.8,7.7,162,0.0,99,0.0,0.0,64,1,1,9,245,0,0,0,0.3090169943749475,-0.9510565162951535,0.20000000000000107,1.1999999999999993,336
2025-09-02 02:00:00,18.90765031833333,13.6,7.7,171,0.0,98,0.0,0.0,98,2,1,9,245,0,0,0,0.15643446504023098,-0.9876883405951377,-0.5999999999999996,1.4000000000000004,336
2025-09-02 03:00:00,19.783930633333323,14.0,8.7,143,0.0,98,0.0,0.0,99,3,1,9,245,0,0,0,0.6018150231520482,-0.7986355100472929,-0.1999999999999993,1.0,336
2025-09-02 04:00:00,20.559198042499993,13.9,9.6,139,0.0,99,0.0,0.0,99,4,1,9,245,0,0,0,0.6560590289905073,-0.754709580222772,0.09999999999999964,1.0999999999999996,336
2025-09-02 05:00:00,22.184800722499997,14.1,8.4,171,0.0,98,0.0,0.0,100,5,1,9,245,0,0,0,0.15643446504023098,-0.9876883405951377,0.5,0.9000000000000004,336
2025-09-02 06:00:00,21.642934004999997,14.2,9.6,140,0.0,99,0.0,0.0,100,6,1,9,245,0,0,0,0.6427876096865395,-0.7660444431189779,0.1999999999999993,0.8000000000000007,336
2025-09-02 07:00:00,22.387115825,14.6,11.7,149,3.0,99,0.0,0.0,100,7,1,9,245,0,0,0,0.5150380749100544,-0.8571673007021122,0.6999999999999993,0.40000000000000036,336
2025-09-02 08:00:00,21.85854031,15.2,11.6,154,41.0,97,0.0,0.0,100,8,1,9,245,0,0,0,0.4383711467890773,-0.898794046299167,1.0999999999999996,0.0,336
2025-09-02 09:00:00,20.434542844999996,16.2,10.2,152,122.0,95,0.0,0.0,91,9,1,9,245,0,0,0,0.4694715627858907,-0.882947592858927,2.0,0.0,336
2025-09-02 10:00:00,20.20749347333333,17.8,11.0,152,301.0,90,0.0,0.0,100,10,1,9,245,0,0,0,0.4694715627858907,-0.882947592858927,3.200000000000001,0.0,336
2025-09-02 11:00:00,19.93443769583333,19.0,12.1,177,417.0,83,0.0,0.0,18,11,1,9,245,0,0,0,0.05233595624294381,-0.9986295347545738,3.8000000000000007,0.0,336
2025-09-02 12:00:00,19.334160375,20.0,12.5,201,564.0,76,0.0,0.0,22,12,1,9,245,0,0,0,-0.35836794954530043,-0.9335804264972016,3.8000000000000007,0.0,336
2025-09-02 13:00:00,18.93205305333333,19.0,13.4,206,577.0,77,0.0,0.0,60,13,1,9,245,0,0,0,-0.43837114678907746,-0.8987940462991669,1.1999999999999993,0.0,336
2025-09-02 14:00:00,18.833204579999997,20.0,14.9,214,556.0,71,0.0,0.0,72,14,1,9,245,0,0,0,-0.5591929034707467,-0.8290375725550418,1.0,0.0,336
2025-09-02 15:00:00,18.657853982499997,20.4,12.3,176,556.0,75,0.0,0.0,43,15,1,9,245,0,0,0,0.06975647374412552,-0.9975640502598242,0.3999999999999986,0.0,336
2025-09-02 16:00:00,19.40924066583333,17.9,12.9,219,486.0,83,0.0,0.0,43,16,1,9,245,0,0,0,-0.6293203910498376,-0.7771459614569708,-1.1000000000000014,0.0,336
2025-09-02 17:00:00,20.133556016666663,18.4,10.5,229,348.0,82,0.0,0.0,58,17,1,9,245,0,0,0,-0.754709580222772,-0.6560590289905073,-1.6000000000000014,0.0,336
2025-09-02 18:00:00,20.43612198249999,17.5,12.9,219,245.0,82,0.0,0.0,21,18,1,9,245,0,0,0,-0.6293203910498376,-0.7771459614569708,-2.8999999999999986,0.0,336
2025-09-02 19:00:00,20.90928207,17.1,9.0,223,145.0,84,0.0,0.0,15,19,1,9,245,0,0,0,-0.6819983600624984,-0.7313537016191706,-0.7999999999999972,0.0,336
2025-09-02 20:00:00,21.007865192499995,15.9,5.2,224,45.0,88,0.0,0.0,21,20,1,9,245,0,0,0,-0.6946583704589974,-0.7193398003386511,-2.4999999999999982,0.0,336
2025-09-02 21:00:00,20.184229914999996,14.6,4.0,180,0.0,92,0.0,0.0,5,21,1,9,245,0,0,0,1.2246467991473532e-16,-1.0,-2.9000000000000004,0.40000000000000036,336
2025-09-02 22:00:00,19.28450228,14.4,6.9,174,0.0,93,0.0,0.0,8,22,1,9,245,0,0,0,0.10452846326765373,-0.9945218953682733,-2.700000000000001,0.5999999999999996,336
2025-09-02 23:00:00,19.183476944999995,14.1,8.4,173,0.0,93,0.0,0.0,3,23,1,9,245,0,0,0,0.12186934340514755,-0.992546151641322,-1.8000000000000007,0.9000000000000004,336
2025-09-03 00:00:00,19.00934787333333,13.8,9.7,170,0.0,93,0.0,0.0,0,0,2,9,246,0,0,0,0.17364817766693028,-0.984807753012208,-0.7999999999999989,1.1999999999999993,337
2025-09-03 01:00:00,18.75874931,13.6,10.1,169,0.0,92,0.0,0.0,1,1,2,9,246,0,0,0,0.19080899537654497,-0.9816271834476639,-0.8000000000000007,1.4000000000000004,337
2025-09-03 02:00:00,19.133453764999995,13.4,10.8,154,0.0,92,0.0,0.0,10,2,2,9,246,0,0,0,0.4383711467890773,-0.898794046299167,-0.6999999999999993,1.5999999999999996,337
2025-09-03 03:00:00,19.909323854166665,13.4,13.0,137,0.0,93,0.0,0.0,4,3,2,9,246,0,0,0,0.6819983600624986,-0.7313537016191705,-0.40000000000000036,1.5999999999999996,337
2025-09-03 04:00:00,20.95878949499999,13.1,13.0,142,0.0,93,0.0,0.0,9,4,2,9,246,0,0,0,0.6156614753256584,-0.7880107536067219,-0.5,1.9000000000000004,337
2025-09-03 05:00:00,22.637704017499996,12.9,13.7,153,0.0,91,0.0,0.0,38,5,2,9,246,0,0,0,0.45399049973954686,-0.8910065241883678,-0.5,2.0999999999999996,337
2025-09-03 06:00:00,23.21878297249999,12.8,13.6,160,0.0,89,0.0,0.0,54,6,2,9,246,0,0,0,0.3420201433256689,-0.9396926207859083,-0.5999999999999996,2.1999999999999993,337
2025-09-03 07:00:00,22.261200215,12.9,14.8,153,4.0,85,0.0,0.0,72,7,2,9,246,0,0,0,0.45399049973954686,-0.8910065241883678,-0.1999999999999993,2.0999999999999996,337
2025-09-03 08:00:00,21.433592465,13.9,15.8,151,74.0,80,0.0,0.0,4,8,2,9,246,0,0,0,0.48480962024633717,-0.8746197071393957,1.0,1.0999999999999996,337
2025-09-03 09:00:00,20.408472828333327,15.6,15.0,160,205.0,77,0.0,0.0,88,9,2,9,246,0,0,0,0.3420201433256689,-0.9396926207859083,2.799999999999999,0.0,337
2025-09-03 10:00:00,19.88268508833333,16.9,16.6,165,345.0,72,0.0,0.0,100,10,2,9,246,0,0,0,0.258819045102521,-0.9659258262890682,3.9999999999999982,0.0,337
2025-09-03 11:00:00,19.75875098833333,18.0,17.3,168,412.0,69,0.0,0.0,100,11,2,9,246,0,0,0,0.20791169081775931,-0.9781476007338057,4.1,0.0,337
2025-09-03 12:00:00,19.409015499999995,19.0,19.7,175,459.0,68,0.0,0.0,100,12,2,9,246,0,0,0,0.0871557427476582,-0.9961946980917455,3.4000000000000004,0.0,337
2025-09-03 13:00:00,18.95740197249999,19.2,23.3,184,322.0,69,0.0,0.0,100,13,2,9,246,0,0,0,-0.06975647374412527,-0.9975640502598242,2.3000000000000007,0.0,337
2025-09-03 14:00:00,18.80821906749999,19.3,19.3,185,123.0,70,0.0,0.0,100,14,2,9,246,0,0,0,-0.08715574274765794,-0.9961946980917455,1.3000000000000007,0.0,337
2025-09-03 15:00:00,19.4101889875,19.9,22.0,180,206.0,69,0.0,0.0,65,15,2,9,246,0,0,0,1.2246467991473532e-16,-1.0,0.8999999999999986,0.0,337
2025-09-03 16:00:00,19.906353916666664,21.2,25.4,179,469.0,64,0.0,0.0,98,16,2,9,246,0,0,0,0.01745240643728344,-0.9998476951563913,2.0,0.0,337
2025-09-03 17:00:00,20.635464249999995,21.0,21.8,173,251.0,65,0.0,0.0,96,17,2,9,246,0,0,0,0.12186934340514755,-0.992546151641322,1.6999999999999993,0.0,337
2025-09-03 18:00:00,20.78517945583333,21.1,18.9,183,210.0,67,0.0,0.0,100,18,2,9,246,0,0,0,-0.052335956242943564,-0.9986295347545738,1.2000000000000028,0.0,337
2025-09-03 19:00:00,20.158423570833328,21.3,19.3,181,77.0,64,0.0,0.0,35,19,2,9,246,0,0,0,-0.017452406437283637,-0.9998476951563913,0.10000000000000142,0.0,337
2025-09-03 20:00:00,19.637382394999996,20.5,18.9,172,40.0,66,0.0,0.0,58,20,2,9,246,0,0,0,0.13917310096006533,-0.9902680687415704,-0.5,0.0,337
2025-09-03 21:00:00,19.307447952499995,20.9,24.1,173,0.0,64,0.0,0.0,95,21,2,9,246,0,0,0,0.12186934340514755,-0.992546151641322,-0.20000000000000284,0.0,337
2025-09-03 22:00:00,18.563263234999997,21.0,23.9,180,0.0,64,0.0,0.0,84,22,2,9,246,0,0,0,1.2246467991473532e-16,-1.0,-0.3000000000000007,0.0,337
2025-09-03 23:00:00,18.334577615,20.5,24.7,180,0.0,67,0.0,0.0,17,23,2,9,246,0,0,0,1.2246467991473532e-16,-1.0,0.0,0.0,337
2025-09-04 00:00:00,18.058511714999995,20.1,25.2,180,0.0,68,0.0,0.0,52,0,3,9,247,0,0,0,1.2246467991473532e-16,-1.0,-0.7999999999999972,0.0,338
2025-09-04 01:00:00,17.88275462833333,20.2,25.1,190,0.0,67,0.0,0.0,62,1,3,9,247,0,0,0,-0.17364817766693047,-0.984807753012208,-0.8000000000000007,0.0,338
2025-09-04 02:00:00,17.858019139999996,19.8,23.9,201,0.0,71,0.0,0.0,69,2,3,9,247,0,0,0,-0.35836794954530043,-0.9335804264972016,-0.6999999999999993,0.0,338
2025-09-04 03:00:00,18.409415355,19.4,23.2,200,0.0,72,0.0,0.0,100,3,3,9,247,0,0,0,-0.34202014332566866,-0.9396926207859084,-0.7000000000000028,0.0,338
2025-09-04 04:00:00,19.237640272499995,18.9,18.5,208,0.0,79,0.0,0.0,84,4,3,9,247,0,0,0,-0.46947156278589086,-0.8829475928589269,-1.3000000000000007,0.0,338
2025-09-04 05:00:00,20.81113646999999,17.9,16.7,205,0.0,88,0.0,0.0,24,5,3,9,247,0,0,0,-0.4226182617406993,-0.90630778703665,-1.9000000000000021,0.0,338
2025-09-04 06:00:00,21.316850339999995,17.2,16.7,200,0.0,92,0.0,0.0,78,6,3,9,247,0,0,0,-0.34202014332566866,-0.9396926207859084,-2.1999999999999993,0.0,338
2025-09-04 07:00:00,21.085930747499997,17.2,16.8,205,3.0,93,0.0,0.0,81,7,3,9,247,0,0,0,-0.4226182617406993,-0.90630778703665,-1.6999999999999993,0.0,338
2025-09-04 08:00:00,20.309177759999997,17.7,18.0,208,54.0,90,0.0,0.0,45,8,3,9,247,0,0,0,-0.46947156278589086,-0.8829475928589269,-0.1999999999999993,0.0,338
2025-09-04 09:00:00,20.483105684999995,18.3,21.9,212,182.0,85,0.0,0.0,35,9,3,9,247,0,0,0,-0.5299192642332048,-0.8480480961564261,1.1000000000000014,0.0,338
2025-09-04 10:00:00,19.707514594999996,18.9,22.7,219,290.0,80,0.0,0.0,30,10,3,9,247,0,0,0,-0.6293203910498376,-0.7771459614569708,1.6999999999999993,0.0,338
2025-09-04 11:00:00,19.256341107500003,19.7,21.3,223,392.0,73,0.0,0.0,87,11,3,9,247,0,0,0,-0.6819983600624984,-0.7313537016191706,2.0,0.0,338
2025-09-04 12:00:00,19.430521494999997,19.5,20.4,221,330.0,72,0.0,0.0,80,12,3,9,247,0,0,0,-0.656059028990507,-0.7547095802227721,1.1999999999999993,0.0,338
2025-09-04 13:00:00,19.130677959999996,19.8,20.8,223,469.0,72,0.0,0.0,54,13,3,9,247,0,0,0,-0.6819983600624984,-0.7313537016191706,0.9000000000000021,0.0,338
2025-09-04 14:00:00,18.48176704,19.9,20.1,227,528.0,71,0.0,0.0,43,14,3,9,247,0,0,0,-0.7313537016191703,-0.6819983600624986,0.1999999999999993,0.0,338
2025-09-04 15:00:00,18.831485143333328,20.2,17.8,222,423.0,70,0.0,0.0,44,15,3,9,247,0,0,0,-0.6691306063588582,-0.7431448254773942,0.6999999999999993,0.0,338
2025-09-04 16:00:00,19.556458226666667,20.8,17.6,224,498.0,65,0.0,0.0,77,16,3,9,247,0,0,0,-0.6946583704589974,-0.7193398003386511,1.0,0.0,338
2025-09-04 17:00:00,19.981806765833333,20.5,17.1,226,397.0,62,0.0,0.0,99,17,3,9,247,0,0,0,-0.7193398003386512,-0.6946583704589973,0.6000000000000014,0.0,338
2025-09-04 18:00:00,20.50689369083333,20.1,13.5,224,260.0,63,0.0,0.0,100,18,3,9,247,0,0,0,-0.6946583704589974,-0.7193398003386511,-0.09999999999999787,0.0,338
2025-09-04 19:00:00,20.560107018333326,19.2,5.2,214,114.0,70,0.0,0.0,100,19,3,9,247,0,0,0,-0.5591929034707467,-0.8290375725550418,-1.6000000000000014,0.0,338
2025-09-04 20:00:00,20.162286777499997,17.6,4.0,172,31.0,78,0.0,0.0,100,20,3,9,247,0,0,0,0.13917310096006533,-0.9902680687415704,-2.8999999999999986,0.0,338
2025-09-04 21:00:00,19.958827162499997,16.9,4.6,129,0.0,81,0.0,0.0,100,21,3,9,247,0,0,0,0.777145961456971,-0.6293203910498373,-3.200000000000003,0.0,338
2025-09-04 22:00:00,19.13502588833333,16.6,8.0,128,0.0,81,0.0,0.0,100,22,3,9,247,0,0,0,0.788010753606722,-0.6156614753256583,-2.599999999999998,0.0,338
2025-09-04 23:00:00,18.783635468333333,16.4,9.9,128,0.0,81,0.0,0.0,98,23,3,9,247,0,0,0,0.788010753606722,-0.6156614753256583,-1.2000000000000028,0.0,338
2025-09-05 00:00:00,18.30718344083333,16.4,11.6,138,0.0,80,0.0,0.0,99,0,4,9,248,0,0,0,0.6691306063588585,-0.743144825477394,-0.5,0.0,339
2025-09-05 01:00:00,18.083479842499997,16.4,11.6,144,0.0,82,0.0,0.0,97,1,4,9,248,0,0,0,0.5877852522924732,-0.8090169943749473,-0.20000000000000284,0.0,339
2025-09-05 02:00:00,18.081097258333333,16.0,11.5,157,0.0,85,0.0,0.0,94,2,4,9,248,0,0,0,0.39073112848927377,-0.9205048534524404,-0.3999999999999986,0.0,339
2025-09-05 03:00:00,18.457509179999995,15.6,8.2,166,0.0,85,0.0,0.0,100,3,4,9,248,0,0,0,0.24192189559966773,-0.9702957262759965,-0.7999999999999989,0.0,339
2025-09-05 04:00:00,19.858311407499997,15.9,9.7,168,0.0,84,0.0,0.0,100,4,4,9,248,0,0,0,0.20791169081775931,-0.9781476007338057,-0.4999999999999982,0.0,339
2025-09-05 05:00:00,21.80944433,15.9,10.3,191,0.0,85,0.0,0.0,100,5,4,9,248,0,0,0,-0.19080899537654472,-0.981627183447664,-0.09999999999999964,0.0,339
2025-09-05 06:00:00,22.117348709999995,15.4,11.1,226,0.0,90,0.0,0.0,100,6,4,9,248,0,0,0,-0.7193398003386512,-0.6946583704589973,-0.1999999999999993,0.0,339
2025-09-05 07:00:00,21.76092785,14.9,8.7,230,1.0,94,0.0,0.0,100,7,4,9,248,0,0,0,-0.7660444431189779,-0.6427876096865395,-1.0,0.09999999999999964,339
2025-09-05 08:00:00,21.18336645999999,15.1,8.0,234,14.0,98,0.0,0.0,100,8,4,9,248,0,0,0,-0.8090169943749473,-0.5877852522924732,-0.8000000000000007,0.0,339
2025-09-05 09:00:00,21.032456644999996,15.8,10.9,241,45.0,95,0.0,0.0,100,9,4,9,248,0,0,0,-0.874619707139396,-0.48480962024633684,0.40000000000000036,0.0,339
2025-09-05 10:00:00,20.821599527499995,16.6,12.1,250,97.0,92,0.0,0.0,100,10,4,9,248,0,0,0,-0.9396926207859084,-0.34202014332566855,1.700000000000001,0.0,339
2025-09-05 11:00:00,20.132781164999997,17.2,12.4,251,177.0,87,0.0,0.0,98,11,4,9,248,0,0,0,-0.9455185755993168,-0.32556815445715664,2.0999999999999996,0.0,339
2025-09-05 12:00:00,19.582729389999997,18.9,13.7,259,474.0,74,0.0,0.0,99,12,4,9,248,0,0,0,-0.981627183447664,-0.1908089953765446,3.099999999999998,0.0,339
2025-09-05 13:00:00,19.232771633333332,19.2,16.3,264,515.0,69,0.0,0.0,28,13,4,9,248,0,0,0,-0.9945218953682734,-0.10452846326765336,2.599999999999998,0.0,339
2025-09-05 14:00:00,19.560608285833332,19.4,17.6,271,583.0,67,0.0,0.0,100,14,4,9,248,0,0,0,-0.9998476951563913,0.01745240643728313,2.1999999999999993,0.0,339
2025-09-05 15:00:00,19.55795417583333,18.6,17.0,280,466.0,70,0.0,0.0,40,15,4,9,248,0,0,0,-0.9848077530122081,0.17364817766692997,-0.29999999999999716,0.0,339
2025-09-05 16:00:00,19.73384165,18.8,16.3,280,416.0,67,0.0,0.0,27,16,4,9,248,0,0,0,-0.9848077530122081,0.17364817766692997,-0.3999999999999986,0.0,339
2025-09-05 17:00:00,20.634855775,18.6,16.5,280,383.0,66,0.0,0.0,18,17,4,9,248,0,0,0,-0.9848077530122081,0.17364817766692997,-0.7999999999999972,0.0,339
2025-09-05 18:00:00,20.634641359999996,18.0,16.1,280,281.0,68,0.0,0.0,15,18,4,9,248,0,0,0,-0.9848077530122081,0.17364817766692997,-0.6000000000000014,0.0,339
2025-09-05 19:00:00,20.984276274999996,17.1,12.5,277,147.0,73,0.0,0.0,12,19,4,9,248,0,0,0,-0.992546151641322,0.12186934340514768,-1.6999999999999993,0.0,339
2025-09-05 20:00:00,20.809583409999995,15.9,11.4,273,35.0,79,0.0,0.0,6,20,4,9,248,0,0,0,-0.9986295347545738,0.052335956242943946,-2.700000000000001,0.0,339
2025-09-05 21:00:00,20.385371529999993,14.8,9.4,266,0.0,84,0.0,0.0,5,21,4,9,248,0,0,0,-0.9975640502598242,-0.06975647374412558,-3.1999999999999993,0.1999999999999993,339
2025-09-05 22:00:00,20.0853106825,14.1,8.9,261,0.0,87,0.0,0.0,4,22,4,9,248,0,0,0,-0.9876883405951377,-0.15643446504023104,-3.0000000000000018,0.9000000000000004,339
2025-09-05 23:00:00,19.88393063333333,13.6,7.8,257,0.0,90,0.0,0.0,5,23,4,9,248,0,0,0,-0.9743700647852351,-0.22495105434386525,-2.3000000000000007,1.4000000000000004,339
2025-09-06 00:00:00,19.33444554916666,13.2,7.2,256,0.0,91,0.0,0.0,4,0,5,9,249,1,0,0,-0.9702957262759965,-0.24192189559966779,-1.6000000000000014,1.8000000000000007,340
2025-09-06 01:00:00,19.411419585833332,12.9,7.4,257,0.0,91,0.0,0.0,4,1,5,9,249,1,0,0,-0.9743700647852351,-0.22495105434386525,-1.1999999999999993,2.0999999999999996,340
2025-09-06 02:00:00,19.886423322499994,12.8,7.8,261,0.0,91,0.0,0.0,3,2,5,9,249,1,0,0,-0.9876883405951377,-0.15643446504023104,-0.7999999999999989,2.1999999999999993,340
2025-09-06 03:00:00,20.41027301499999,11.6,5.8,266,0.0,93,0.0,0.0,1,3,5,9,249,1,0,0,-0.9975640502598242,-0.06975647374412558,-1.5999999999999996,3.4000000000000004,340
2025-09-06 04:00:00,21.009296557499997,10.9,5.3,258,0.0,94,0.0,0.0,1,4,5,9,249,1,0,0,-0.9781476007338056,-0.2079116908177598,-2.0,4.1,340
2025-09-06 05:00:00,22.288976019999996,10.6,5.1,252,0.0,95,0.0,0.0,2,5,5,9,249,1,0,0,-0.9510565162951535,-0.30901699437494756,-2.200000000000001,4.4,340
2025-09-06 06:00:00,23.819150955,10.4,5.0,244,0.0,96,0.0,0.0,2,6,5,9,249,1,0,0,-0.8987940462991668,-0.43837114678907774,-1.1999999999999993,4.6,340
2025-09-06 07:00:00,23.76319949,10.6,5.2,236,2.0,96,0.0,0.0,2,7,5,9,249,1,0,0,-0.8290375725550418,-0.5591929034707466,-0.3000000000000007,4.4,340
2025-09-06 08:00:00,22.985713434999997,12.2,7.3,230,68.0,94,0.0,0.0,2,8,5,9,249,1,0,0,-0.7660444431189779,-0.6427876096865395,1.5999999999999996,2.8000000000000007,340
2025-09-06 09:00:00,22.133569284999997,14.8,5.1,228,199.0,88,0.0,0.0,2,9,5,9,249,1,0,0,-0.7431448254773944,-0.6691306063588581,4.4,0.1999999999999993,340
2025-09-06 10:00:00,21.409044474999995,16.6,7.4,263,337.0,77,0.0,0.0,18,10,5,9,249,1,0,0,-0.9925461516413221,-0.12186934340514717,6.000000000000002,0.0,340
2025-09-06 11:00:00,21.23447620249999,17.6,7.6,274,426.0,70,0.0,0.0,13,11,5,9,249,1,0,0,-0.9975640502598243,0.06975647374412522,5.400000000000002,0.0,340
2025-09-06 12:00:00,20.43310858249999,18.6,8.6,282,536.0,64,0.0,0.0,35,12,5,9,249,1,0,0,-0.9781476007338056,0.20791169081775945,3.8000000000000007,0.0,340
2025-09-06 13:00:00,19.55865453166666,19.2,9.3,289,564.0,60,0.0,0.0,40,13,5,9,249,1,0,0,-0.945518575599317,0.3255681544571563,2.599999999999998,0.0,340
2025-09-06 14:00:00,19.35875678333333,19.6,8.6,293,555.0,57,0.0,0.0,97,14,5,9,249,1,0,0,-0.9205048534524405,0.3907311284892735,2.0,0.0,340
2025-09-06 15:00:00,19.183938486666666,19.7,6.3,294,527.0,60,0.0,0.0,17,15,5,9,249,1,0,0,-0.9135454576426011,0.40673664307579976,1.0999999999999979,0.0,340
2025-09-06 16:00:00,19.68351918833333,20.0,5.1,293,481.0,58,0.0,0.0,16,16,5,9,249,1,0,0,-0.9205048534524405,0.3907311284892735,0.8000000000000007,0.0,340
2025-09-06 17:00:00,20.159508075,19.8,3.5,294,398.0,56,0.0,0.0,13,17,5,9,249,1,0,0,-0.9135454576426011,0.40673664307579976,0.1999999999999993,0.0,340
2025-09-06 18:00:00,20.908806879999993,19.5,3.9,298,284.0,57,0.0,0.0,5,18,5,9,249,1,0,0,-0.8829475928589271,0.4694715627858904,-0.1999999999999993,0.0,340
2025-09-06 19:00:00,21.184351609999993,18.3,3.6,300,148.0,70,0.0,0.0,4,19,5,9,249,1,0,0,-0.8660254037844386,0.5000000000000001,-1.6999999999999993,0.0,340
2025-09-06 20:00:00,21.135429479999996,15.9,2.6,321,35.0,77,0.0,0.0,14,20,5,9,249,1,0,0,-0.6293203910498378,0.7771459614569706,-3.9000000000000004,0.0,340
2025-09-06 21:00:00,20.50923570999999,14.7,0.9,53,0.0,81,0.0,0.0,10,21,5,9,249,1,0,0,0.7986355100472928,0.6018150231520483,-4.800000000000001,0.3000000000000007,340
2025-09-06 22:00:00,20.285632304999996,13.4,3.2,117,0.0,87,0.0,0.0,0,22,5,9,249,1,0,0,0.8910065241883679,-0.45399049973954675,-4.9,1.5999999999999996,340
2025-09-06 23:00:00,19.710365735,12.6,5.7,145,0.0,91,0.0,0.0,0,23,5,9,249,1,0,0,0.5735764363510459,-0.8191520442889919,-3.3000000000000007,2.4000000000000004,340
2025-09-07 00:00:00,19.81130658333333,13.1,6.4,142,0.0,90,0.0,0.0,96,0,6,9,250,1,0,0,0.6156614753256584,-0.7880107536067219,-1.5999999999999996,1.9000000000000004,341
2025-09-07 01:00:00,19.56211208833333,12.9,7.2,127,0.0,90,0.0,0.0,100,1,6,9,250,1,0,0,0.7986355100472927,-0.6018150231520484,-0.5,2.0999999999999996,341
2025-09-07 02:00:00,19.457636289999993,13.1,8.5,128,0.0,89,0.0,0.0,100,2,6,9,250,1,0,0,0.788010753606722,-0.6156614753256583,0.5,1.9000000000000004,341
2025-09-07 03:00:00,20.060719229999993,12.2,9.4,121,0.0,89,0.0,0.0,99,3,6,9,250,1,0,0,0.8571673007021123,-0.5150380749100543,-0.9000000000000004,2.8000000000000007,341
2025-09-07 04:00:00,21.0107858725,12.2,10.8,122,0.0,90,0.0,0.0,86,4,6,9,250,1,0,0,0.8480480961564261,-0.5299192642332048,-0.7000000000000011,2.8000000000000007,341
2025-09-07 05:00:00,22.257726112499995,12.2,11.1,119,0.0,89,0.0,0.0,38,5,6,9,250,1,0,0,0.8746197071393959,-0.484809620246337,-0.9000000000000004,2.8000000000000007,341
2025-09-07 06:00:00,23.268304884999996,12.1,10.9,124,0.0,88,0.0,0.0,100,6,6,9,250,1,0,0,0.8290375725550417,-0.5591929034707467,-0.09999999999999964,2.9000000000000004,341
2025-09-07 07:00:00,23.410985799999995,12.2,11.8,124,2.0,88,0.0,0.0,100,7,6,9,250,1,0,0,0.8290375725550417,-0.5591929034707467,0.0,2.8000000000000007,341
2025-09-07 08:00:00,22.359444329999995,13.4,12.5,123,52.0,85,0.0,0.0,100,8,6,9,250,1,0,0,0.838670567945424,-0.5446390350150272,1.200000000000001,1.5999999999999996,341
2025-09-07 09:00:00,21.459218324999995,15.1,10.9,117,164.0,83,0.0,0.0,100,9,6,9,250,1,0,0,0.8910065241883679,-0.45399049973954675,3.0,0.0,341
2025-09-07 10:00:00,20.884508075,17.1,11.3,115,315.0,77,0.0,0.0,100,10,6,9,250,1,0,0,0.90630778703665,-0.42261826174069933,4.900000000000002,0.0,341
2025-09-07 11:00:00,20.757500107499993,18.7,13.4,116,418.0,70,0.0,0.0,99,11,6,9,250,1,0,0,0.8987940462991669,-0.4383711467890775,5.299999999999999,0.0,341
2025-09-07 12:00:00,20.1101252425,19.6,15.5,118,492.0,64,0.0,0.0,99,12,6,9,250,1,0,0,0.8829475928589269,-0.4694715627858909,4.500000000000002,0.0,341
2025-09-07 13:00:00,19.908660326666663,20.0,17.1,119,506.0,60,0.0,0.0,100,13,6,9,250,1,0,0,0.8746197071393959,-0.484809620246337,2.8999999999999986,0.0,341
2025-09-07 14:00:00,20.183268324999993,20.2,17.1,115,530.0,58,0.0,0.0,98,14,6,9,250,1,0,0,0.90630778703665,-0.42261826174069933,1.5,0.0,341
2025-09-07 15:00:00,19.93534872999999,20.8,19.0,107,594.0,56,0.0,0.0,20,15,6,9,250,1,0,0,0.9563047559630355,-0.29237170472273666,1.1999999999999993,0.0,341
2025-09-07 16:00:00,20.983757622499994,20.2,20.1,107,529.0,58,0.0,0.0,17,16,6,9,250,1,0,0,0.9563047559630355,-0.29237170472273666,0.1999999999999993,0.0,341
2025-09-07 17:00:00,22.33465874499999,19.7,20.2,108,429.0,59,0.0,0.0,5,17,6,9,250,1,0,0,0.9510565162951536,-0.30901699437494734,-0.5,0.0,341
2025-09-07 18:00:00,22.734867364999992,19.0,19.5,107,297.0,62,0.0,0.0,0,18,6,9,250,1,0,0,0.9563047559630355,-0.29237170472273666,-1.8000000000000007,0.0,341
2025-09-07 19:00:00,22.284948494999995,17.9,18.5,106,154.0,69,0.0,0.0,0,19,6,9,250,1,0,0,0.9612616959383189,-0.27563735581699905,-2.3000000000000007,0.0,341
2025-09-07 20:00:00,21.53527011749999,16.6,17.9,105,33.0,76,0.0,0.0,21,20,6,9,250,1,0,0,0.9659258262890683,-0.25881904510252085,-3.099999999999998,0.0,341
2025-09-07 21:00:00,20.785261424999995,16.1,18.2,106,0.0,80,0.0,0.0,28,21,6,9,250,1,0,0,0.9612616959383189,-0.27563735581699905,-2.8999999999999986,0.0,341
2025-09-07 22:00:00,19.809403765,16.0,19.3,106,0.0,83,0.0,0.0,0,22,6,9,250,1,0,0,0.9612616959383189,-0.27563735581699905,-1.8999999999999986,0.0,341
2025-09-07 23:00:00,19.282823788333328,15.8,18.8,109,0.0,85,0.0,0.0,0,23,6,9,250,1,0,0,0.9455185755993168,-0.32556815445715664,-0.8000000000000007,0.0,341
2025-09-08 00:00:00,19.00886437083333,15.6,17.6,115,0.0,88,0.0,0.0,3,0,0,9,251,0,0,0,0.90630778703665,-0.42261826174069933,-0.5000000000000018,0.0,342
2025-09-08 01:00:00,19.20908458083333,15.3,17.2,115,0.0,87,0.0,0.0,34,1,0,9,251,0,0,0,0.90630778703665,-0.42261826174069933,-0.6999999999999993,0.0,342
2025-09-08 02:00:00,19.657795193333328,14.9,17.1,115,0.0,87,0.0,0.0,73,2,0,9,251,0,0,0,0.90630778703665,-0.42261826174069933,-0.9000000000000004,0.09999999999999964,342
2025-09-08 03:00:00,19.810648850833324,14.2,16.1,118,0.0,90,0.0,0.0,3,3,0,9,251,0,0,0,0.8829475928589269,-0.4694715627858909,-1.4000000000000004,0.8000000000000007,342
2025-09-08 04:00:00,21.760693152499993,13.9,15.3,118,0.0,90,0.0,0.0,39,4,0,9,251,0,0,0,0.8829475928589269,-0.4694715627858909,-1.4000000000000004,1.0999999999999996,342
2025-09-08 05:00:00,23.936391449999995,13.6,15.1,118,0.0,91,0.0,0.0,25,5,0,9,251,0,0,0,0.8829475928589269,-0.4694715627858909,-1.3000000000000007,1.4000000000000004,342
2025-09-08 06:00:00,24.270072359999993,13.4,15.3,117,0.0,91,0.0,0.0,0,6,0,9,251,0,0,0,0.8910065241883679,-0.45399049973954675,-0.7999999999999989,1.5999999999999996,342
2025-09-08 07:00:00,22.91204049,13.4,16.0,115,1.0,92,0.0,0.0,0,7,0,9,251,0,0,0,0.90630778703665,-0.42261826174069933,-0.5,1.5999999999999996,342
2025-09-08 08:00:00,21.597825169999997,14.5,16.3,115,65.0,89,0.0,0.0,0,8,0,9,251,0,0,0,0.90630778703665,-0.42261826174069933,0.9000000000000004,0.5,342
2025-09-08 09:00:00,20.508427307499996,16.2,14.1,117,198.0,84,0.0,0.0,0,9,0,9,251,0,0,0,0.8910065241883679,-0.45399049973954675,2.799999999999999,0.0,342
2025-09-08 10:00:00,19.832040624166662,17.8,15.1,118,339.0,77,0.0,0.0,0,10,0,9,251,0,0,0,0.8829475928589269,-0.4694715627858909,4.4,0.0,342
2025-09-08 11:00:00,19.45716026083333,19.1,15.6,119,467.0,71,0.0,0.0,20,11,0,9,251,0,0,0,0.8746197071393959,-0.484809620246337,4.600000000000001,0.0,342
2025-09-08 12:00:00,19.006266152499997,20.4,17.5,117,563.0,64,0.0,0.0,46,12,0,9,251,0,0,0,0.8910065241883679,-0.45399049973954675,4.199999999999999,0.0,342
2025-09-08 13:00:00,18.606938372499997,21.0,18.6,122,621.0,58,0.0,0.0,50,13,0,9,251,0,0,0,0.8480480961564261,-0.5299192642332048,3.1999999999999993,0.0,342
2025-09-08 14:00:00,18.89218038083333,21.5,17.2,123,635.0,58,0.0,0.0,0,14,0,9,251,0,0,0,0.838670567945424,-0.5446390350150272,2.3999999999999986,0.0,342
2025-09-08 15:00:00,18.957332432499996,21.8,16.9,126,601.0,58,0.0,0.0,37,15,0,9,251,0,0,0,0.8090169943749475,-0.587785252292473,1.4000000000000021,0.0,342
2025-09-08 16:00:00,19.632833319999996,22.0,15.1,129,520.0,57,0.0,0.0,71,16,0,9,251,0,0,0,0.777145961456971,-0.6293203910498373,1.0,0.0,342
2025-09-08 17:00:00,20.55840122999999,21.8,13.4,122,386.0,56,0.0,0.0,92,17,0,9,251,0,0,0,0.8480480961564261,-0.5299192642332048,0.3000000000000007,0.0,342
2025-09-08 18:00:00,21.061465945833326,20.9,13.2,110,266.0,62,0.0,0.0,100,18,0,9,251,0,0,0,0.9396926207859084,-0.3420201433256687,-0.9000000000000021,0.0,342
2025-09-08 19:00:00,20.615160258333333,19.3,13.5,100,113.0,72,0.0,0.0,100,19,0,9,251,0,0,0,0.984807753012208,-0.1736481776669303,-2.6999999999999993,0.0,342
2025-09-08 20:00:00,20.284021294999995,18.0,14.3,109,20.0,76,0.0,0.0,100,20,0,9,251,0,0,0,0.9455185755993168,-0.32556815445715664,-3.8000000000000007,0.0,342
2025-09-08 21:00:00,19.581836769999995,17.5,13.3,120,0.0,78,0.0,0.0,100,21,0,9,251,0,0,0,0.8660254037844387,-0.49999999999999983,-3.3999999999999986,0.0,342
2025-09-08 22:00:00,18.909018397499995,17.1,13.7,118,0.0,79,0.0,0.0,100,22,0,9,251,0,0,0,0.8829475928589269,-0.4694715627858909,-2.1999999999999993,0.0,342
2025-09-08 23:00:00,18.55883044,16.9,12.4,118,0.0,82,0.0,0.0,100,23,0,9,251,0,0,0,0.8829475928589269,-0.4694715627858909,-1.1000000000000014,0.0,342
2025-09-09 00:00:00,18.659060181666664,16.5,8.9,128,0.0,85,0.0,0.0,68,0,1,9,252,0,0,0,0.788010753606722,-0.6156614753256583,-1.0,0.0,343
2025-09-09 01:00:00,18.28331674333333,15.3,7.0,145,0.0,90,0.0,0.0,97,1,1,9,252,0,0,0,0.5735764363510459,-0.8191520442889919,-1.8000000000000007,0.0,343
2025-09-09 02:00:00,18.319437533333332,14.6,6.1,150,0.0,91,0.0,0.0,52,2,1,9,252,0,0,0,0.49999999999999994,-0.8660254037844387,-2.299999999999999,0.40000000000000036,343
2025-09-09 03:00:00,19.308592844999993,13.8,6.0,141,0.0,92,0.0,0.0,22,3,1,9,252,0,0,0,0.6293203910498374,-0.7771459614569709,-2.6999999999999993,1.1999999999999993,343
2025-09-09 04:00:00,20.920669429999997,13.6,8.0,138,0.0,91,0.0,0.0,29,4,1,9,252,0,0,0,0.6691306063588585,-0.743144825477394,-1.700000000000001,1.4000000000000004,343
2025-09-09 05:00:00,23.334942699999996,13.4,8.1,141,0.0,89,0.0,0.0,25,5,1,9,252,0,0,0,0.6293203910498374,-0.7771459614569709,-1.1999999999999993,1.5999999999999996,343
2025-09-09 06:00:00,23.318301239999993,12.9,6.5,136,0.0,89,0.0,0.0,8,6,1,9,252,0,0,0,0.6946583704589971,-0.7193398003386513,-0.9000000000000004,2.0999999999999996,343
2025-09-09 07:00:00,22.18832268,12.6,6.7,114,1.0,91,0.0,0.0,8,7,1,9,252,0,0,0,0.9135454576426009,-0.40673664307580026,-1.0,2.4000000000000004,343
2025-09-09 08:00:00,21.1595588275,13.9,8.6,106,56.0,88,0.0,0.0,96,8,1,9,252,0,0,0,0.9612616959383189,-0.27563735581699905,0.5,1.0999999999999996,343
2025-09-09 09:00:00,19.684008682499993,16.1,6.4,112,178.0,84,0.0,0.0,92,9,1,9,252,0,0,0,0.9271838545667874,-0.37460659341591207,3.200000000000001,0.0,343
2025-09-09 10:00:00,19.5367127975,18.4,7.1,111,312.0,79,0.0,0.0,100,10,1,9,252,0,0,0,0.9335804264972017,-0.35836794954530027,5.799999999999999,0.0,343
2025-09-09 11:00:00,19.28118753999999,20.0,9.6,103,424.0,73,0.0,0.0,94,11,1,9,252,0,0,0,0.9743700647852352,-0.22495105434386503,6.1,0.0,343
2025-09-09 12:00:00,19.132500107499997,20.9,11.7,111,545.0,64,0.0,0.0,52,12,1,9,252,0,0,0,0.9335804264972017,-0.35836794954530027,4.799999999999997,0.0,343
2025-09-09 13:00:00,18.756141559999996,21.2,11.5,104,515.0,60,0.0,0.0,72,13,1,9,252,0,0,0,0.9702957262759965,-0.24192189559966779,2.8000000000000007,0.0,343
2025-09-09 14:00:00,18.407041843333328,21.8,12.2,98,601.0,56,0.0,0.0,68,14,1,9,252,0,0,0,0.9902680687415704,-0.13917310096006535,1.8000000000000007,0.0,343
2025-09-09 15:00:00,19.00580461083333,21.2,13.0,107,426.0,58,0.0,0.0,100,15,1,9,252,0,0,0,0.9563047559630355,-0.29237170472273666,0.3000000000000007,0.0,343
2025-09-09 16:00:00,19.531867613333333,21.1,11.6,103,412.0,58,0.0,0.0,100,16,1,9,252,0,0,0,0.9743700647852352,-0.22495105434386503,-0.09999999999999787,0.0,343
2025-09-09 17:00:00,20.6072103575,20.6,12.6,92,305.0,63,0.0,0.0,100,17,1,9,252,0,0,0,0.9993908270190958,-0.034899496702500955,-1.1999999999999993,0.0,343
2025-09-09 18:00:00,21.157277,20.0,11.2,86,210.0,71,0.0,0.0,100,18,1,9,252,0,0,0,0.9975640502598242,0.06975647374412523,-1.1999999999999993,0.0,343
2025-09-09 19:00:00,21.107326257499995,18.9,10.5,84,85.0,79,0.0,0.0,100,19,1,9,252,0,0,0,0.9945218953682733,0.10452846326765346,-2.200000000000003,0.0,343
2025-09-09 20:00:00,20.183739398333337,17.1,10.6,104,16.0,88,0.0,0.0,100,20,1,9,252,0,0,0,0.9702957262759965,-0.24192189559966779,-3.5,0.0,343
2025-09-09 21:00:00,19.67060774333333,16.8,12.8,109,0.0,95,0.0,0.0,100,21,1,9,252,0,0,0,0.9455185755993168,-0.32556815445715664,-3.1999999999999993,0.0,343
2025-09-09 22:00:00,18.583652473333327,16.4,13.0,104,0.0,97,0.0,0.0,100,22,1,9,252,0,0,0,0.9702957262759965,-0.24192189559966779,-2.5,0.0,343
2025-09-09 23:00:00,18.958706686666662,16.0,11.0,104,0.0,97,0.0,0.0,100,23,1,9,252,0,0,0,0.9702957262759965,-0.24192189559966779,-1.1000000000000014,0.0,343
2025-09-10 00:00:00,18.332482263333333,15.8,12.0,112,0.0,97,0.0,0.0,100,0,2,9,253,0,0,0,0.9271838545667874,-0.37460659341591207,-1.0,0.0,344
2025-09-10 01:00:00,18.433053909999995,15.8,12.2,117,0.0,98,0.0,0.0,100,1,2,9,253,0,0,0,0.8910065241883679,-0.45399049973954675,-0.5999999999999979,0.0,344
2025-09-10 02:00:00,18.43377996333333,15.6,8.8,136,0.0,98,0.0,0.0,100,2,2,9,253,0,0,0,0.6946583704589971,-0.7193398003386513,-0.40000000000000036,0.0,344
2025-09-10 03:00:00,18.808158219999996,15.3,12.4,103,0.0,97,0.0,0.0,100,3,2,9,253,0,0,0,0.9743700647852352,-0.22495105434386503,-0.5,0.0,344
2025-09-10 04:00:00,20.285316477499997,15.1,8.8,129,0.0,95,0.0,0.0,100,4,2,9,253,0,0,0,0.777145961456971,-0.6293203910498373,-0.7000000000000011,0.0,344
2025-09-10 05:00:00,22.334913724999993,15.1,7.2,125,0.0,95,0.0,0.0,100,5,2,9,253,0,0,0,0.8191520442889917,-0.5735764363510462,-0.5,0.0,344
2025-09-10 06:00:00,22.880152947499997,14.9,8.0,124,0.0,96,0.0,0.0,100,6,2,9,253,0,0,0,0.8290375725550417,-0.5591929034707467,-0.40000000000000036,0.09999999999999964,344
2025-09-10 07:00:00,22.46060333,14.9,6.2,126,0.0,96,0.0,0.0,100,7,2,9,253,0,0,0,0.8090169943749475,-0.587785252292473,-0.1999999999999993,0.09999999999999964,344
2025-09-10 08:00:00,21.309705104999995,15.1,5.2,186,12.0,97,0.0,0.0,100,8,2,9,253,0,0,0,-0.1045284632676535,-0.9945218953682733,0.0,0.0,344
2025-09-10 09:00:00,20.657923142499996,15.4,5.9,207,34.0,97,0.0,0.0,100,9,2,9,253,0,0,0,-0.4539904997395467,-0.8910065241883679,0.5,0.0,344
2025-09-10 10:00:00,20.13335486999999,16.1,5.9,200,99.0,94,0.0,0.0,100,10,2,9,253,0,0,0,-0.34202014332566866,-0.9396926207859084,1.200000000000001,0.0,344
2025-09-10 11:00:00,20.093847092499992,17.4,5.7,191,204.0,88,0.0,0.0,100,11,2,9,253,0,0,0,-0.19080899537654472,-0.981627183447664,2.299999999999999,0.0,344
2025-09-10 12:00:00,19.409948494999995,17.6,4.5,178,158.0,87,0.0,0.0,100,12,2,9,253,0,0,0,0.03489949670250114,-0.9993908270190958,2.200000000000001,0.0,344
2025-09-10 13:00:00,19.407389163333324,18.1,5.6,165,174.0,85,0.0,0.0,100,13,2,9,253,0,0,0,0.258819045102521,-0.9659258262890682,2.0,0.0,344
2025-09-10 14:00:00,19.306081551666665,18.5,7.2,176,199.0,81,0.0,0.0,100,14,2,9,253,0,0,0,0.06975647374412552,-0.9975640502598242,1.1000000000000014,0.0,344
2025-09-10 15:00:00,19.58300633083333,18.2,8.1,217,227.0,85,0.0,0.0,95,15,2,9,253,0,0,0,-0.6018150231520484,-0.7986355100472928,0.5999999999999979,0.0,344
2025-09-10 16:00:00,20.781811721666664,19.0,10.3,221,378.0,74,0.0,0.0,100,16,2,9,253,0,0,0,-0.656059028990507,-0.7547095802227721,0.8999999999999986,0.0,344
2025-09-10 17:00:00,21.409276274999996,18.5,9.6,227,302.0,70,0.0,0.0,100,17,2,9,253,0,0,0,-0.7313537016191703,-0.6819983600624986,0.0,0.0,344
2025-09-10 18:00:00,21.934490689999997,17.6,9.8,224,126.0,71,0.0,0.0,100,18,2,9,253,0,0,0,-0.6946583704589974,-0.7193398003386511,-0.5999999999999979,0.0,344
2025-09-10 19:00:00,21.310099164999997,16.9,4.2,198,43.0,79,0.0,0.0,100,19,2,9,253,0,0,0,-0.3090169943749473,-0.9510565162951536,-2.1000000000000014,0.0,344
2025-09-10 20:00:00,20.897019665,15.6,3.1,130,9.0,87,0.0,0.0,100,20,2,9,253,0,0,0,0.766044443118978,-0.6427876096865394,-2.9000000000000004,0.0,344
2025-09-10 21:00:00,20.361487067499993,15.1,5.5,142,0.0,92,0.0,0.0,100,21,2,9,253,0,0,0,0.6156614753256584,-0.7880107536067219,-2.5000000000000018,0.0,344
2025-09-10 22:00:00,19.935904669999996,14.7,8.2,148,0.0,93,0.0,0.0,98,22,2,9,253,0,0,0,0.529919264233205,-0.848048096156426,-2.1999999999999993,0.3000000000000007,344
2025-09-10 23:00:00,19.53438264333333,14.2,9.0,158,0.0,94,0.0,0.0,17,23,2,9,253,0,0,0,0.37460659341591224,-0.9271838545667873,-1.4000000000000004,0.8000000000000007,344
2025-09-11 00:00:00,19.258529099999993,13.6,8.2,151,0.0,93,0.0,0.0,1,0,3,9,254,0,0,0,0.48480962024633717,-0.8746197071393957,-1.5,1.4000000000000004,345
2025-09-11 01:00:00,19.534705104999997,13.2,9.6,157,0.0,94,0.0,0.0,10,1,3,9,254,0,0,0,0.39073112848927377,-0.9205048534524404,-1.5,1.8000000000000007,345
2025-09-11 02:00:00,19.71123208749999,12.9,9.9,161,0.0,95,0.0,0.0,12,2,3,9,254,0,0,0,0.3255681544571566,-0.9455185755993168,-1.299999999999999,2.0999999999999996,345
2025-09-11 03:00:00,20.583583772499992,12.5,9.6,164,0.0,93,0.0,0.0,0,3,3,9,254,0,0,0,0.2756373558169992,-0.9612616959383189,-1.0999999999999996,2.5,345
2025-09-11 04:00:00,22.23449358749999,12.0,9.9,158,0.0,94,0.0,0.0,0,4,3,9,254,0,0,0,0.37460659341591224,-0.9271838545667873,-1.1999999999999993,3.0,345
2025-09-11 05:00:00,24.20851712999999,11.6,11.1,144,0.0,95,0.0,0.0,0,5,3,9,254,0,0,0,0.5877852522924732,-0.8090169943749473,-1.3000000000000007,3.4000000000000004,345
2025-09-11 06:00:00,24.94461165749999,11.5,11.7,144,0.0,95,0.0,0.0,0,6,3,9,254,0,0,0,0.5877852522924732,-0.8090169943749473,-1.0,3.5,345
2025-09-11 07:00:00,23.56167662416666,11.4,13.5,153,0.0,95,0.0,0.0,1,7,3,9,254,0,0,0,0.45399049973954686,-0.8910065241883678,-0.5999999999999996,3.5999999999999996,345
2025-09-11 08:00:00,22.27125678333333,12.1,14.9,158,52.0,91,0.0,0.0,25,8,3,9,254,0,0,0,0.37460659341591224,-0.9271838545667873,0.5,2.9000000000000004,345
2025-09-11 09:00:00,21.334803619999995,13.5,13.5,168,176.0,87,0.0,0.0,2,9,3,9,254,0,0,0,0.20791169081775931,-0.9781476007338057,2.0,1.5,345
2025-09-11 10:00:00,20.484815209999997,15.3,14.2,180,316.0,82,0.0,0.0,11,10,3,9,254,0,0,0,1.2246467991473532e-16,-1.0,3.9000000000000004,0.0,345
2025-09-11 11:00:00,21.108914087499993,17.1,15.9,190,426.0,77,0.0,0.0,9,11,3,9,254,0,0,0,-0.17364817766693047,-0.984807753012208,5.000000000000002,0.0,345
2025-09-11 12:00:00,20.28194958249999,18.1,24.4,214,493.0,72,0.0,0.0,100,12,3,9,254,0,0,0,-0.5591929034707467,-0.8290375725550418,4.600000000000001,0.0,345
2025-09-11 13:00:00,20.15906185999999,17.4,21.2,220,211.0,78,0.0,0.0,61,13,3,9,254,0,0,0,-0.6427876096865393,-0.766044443118978,2.099999999999998,0.0,345
2025-09-11 14:00:00,19.909560229999997,17.9,25.9,229,445.0,74,0.0,0.0,94,14,3,9,254,0,0,0,-0.754709580222772,-0.6560590289905073,0.7999999999999972,0.0,345
2025-09-11 15:00:00,20.133496847499995,17.1,22.2,239,379.0,77,0.0,0.0,86,15,3,9,254,0,0,0,-0.8571673007021121,-0.5150380749100544,-1.0,0.0,345
2025-09-11 16:00:00,21.15692929999999,17.2,19.3,249,259.0,71,0.0,0.0,70,16,3,9,254,0,0,0,-0.9335804264972015,-0.3583679495453007,-0.1999999999999993,0.0,345
2025-09-11 17:00:00,21.8594008675,17.6,19.6,250,311.0,66,0.0,0.0,94,17,3,9,254,0,0,0,-0.9396926207859084,-0.34202014332566855,-0.29999999999999716,0.0,345
2025-09-11 18:00:00,23.009560229999995,17.1,16.6,246,205.0,65,0.0,0.0,28,18,3,9,254,0,0,0,-0.913545457642601,-0.4067366430758001,0.0,0.0,345
2025-09-11 19:00:00,22.460058599999993,16.1,14.0,233,108.0,70,0.0,0.0,31,19,3,9,254,0,0,0,-0.7986355100472928,-0.6018150231520483,-1.0999999999999979,0.0,345
2025-09-11 20:00:00,21.784461714999996,14.8,11.4,213,18.0,75,0.0,0.0,17,20,3,9,254,0,0,0,-0.5446390350150271,-0.838670567945424,-2.8000000000000007,0.1999999999999993,345
2025-09-11 21:00:00,20.985672869999995,14.1,13.8,197,0.0,76,0.0,0.0,51,21,3,9,254,0,0,0,-0.29237170472273677,-0.9563047559630354,-3.0000000000000018,0.9000000000000004,345
2025-09-11 22:00:00,20.610791667499996,14.0,13.0,194,0.0,76,0.0,0.0,61,22,3,9,254,0,0,0,-0.2419218955996675,-0.9702957262759965,-2.1000000000000014,1.0,345
2025-09-11 23:00:00,20.108992319999995,13.4,13.0,202,0.0,81,0.0,0.0,61,23,3,9,254,0,0,0,-0.374606593415912,-0.9271838545667874,-1.4000000000000004,1.5999999999999996,345
2025-09-12 00:00:00,19.958209994999994,13.1,14.9,195,0.0,85,0.0,0.0,72,0,4,9,255,0,0,0,-0.2588190451025208,-0.9659258262890683,-1.0,1.9000000000000004,346
2025-09-12 01:00:00,19.8592096325,12.8,19.9,192,0.0,88,0.0,0.0,36,1,4,9,255,0,0,0,-0.2079116908177595,-0.9781476007338056,-1.1999999999999993,2.1999999999999993,346
2025-09-12 02:00:00,20.685574354999993,12.2,19.6,193,0.0,91,0.0,0.0,48,2,4,9,255,0,0,0,-0.22495105434386498,-0.9743700647852352,-1.200000000000001,2.8000000000000007,346
2025-09-12 03:00:00,19.10870256999999,11.6,18.0,187,0.0,94,0.0,0.0,29,3,4,9,255,0,0,0,-0.12186934340514731,-0.9925461516413221,-1.5,3.4000000000000004,346
2025-09-12 04:00:00,20.985475839999992,11.6,18.5,208,0.0,95,0.0,0.0,90,4,4,9,255,0,0,0,-0.46947156278589086,-0.8829475928589269,-1.200000000000001,3.4000000000000004,346
2025-09-12 05:00:00,22.884502279999992,11.9,18.9,193,0.0,95,0.0,0.0,39,5,4,9,255,0,0,0,-0.22495105434386498,-0.9743700647852352,-0.29999999999999893,3.0999999999999996,346
2025-09-12 06:00:00,23.671231359999993,11.3,19.6,195,0.0,96,0.0,0.0,44,6,4,9,255,0,0,0,-0.2588190451025208,-0.9659258262890683,-0.29999999999999893,3.6999999999999993,346
2025-09-12 07:00:00,22.711484169999995,11.2,17.5,202,0.0,96,0.0,0.0,63,7,4,9,255,0,0,0,-0.374606593415912,-0.9271838545667874,-0.40000000000000036,3.8000000000000007,346
2025-09-12 08:00:00,21.850172206666663,11.9,18.8,204,41.0,95,0.0,0.0,54,8,4,9,255,0,0,0,-0.4067366430758002,-0.9135454576426009,0.0,3.0999999999999996,346
2025-09-12 09:00:00,20.782334888333327,13.1,18.8,209,137.0,90,0.0,0.0,49,9,4,9,255,0,0,0,-0.48480962024633695,-0.8746197071393959,1.799999999999999,1.9000000000000004,346
2025-09-12 10:00:00,20.45954574249999,13.9,23.1,207,273.0,84,0.0,0.0,34,10,4,9,255,0,0,0,-0.4539904997395467,-0.8910065241883679,2.700000000000001,1.0999999999999996,346
2025-09-12 11:00:00,20.485186089999996,14.9,24.4,211,395.0,75,0.0,0.0,44,11,4,9,255,0,0,0,-0.5150380749100542,-0.8571673007021123,3.0,0.09999999999999964,346
2025-09-12 12:00:00,20.058911189999996,15.6,26.9,213,484.0,69,0.0,0.0,35,12,4,9,255,0,0,0,-0.5446390350150271,-0.838670567945424,2.5,0.0,346
2025-09-12 13:00:00,19.584508075,15.9,26.8,222,505.0,68,0.0,0.0,92,13,4,9,255,0,0,0,-0.6691306063588582,-0.7431448254773942,2.0,0.0,346
2025-09-12 14:00:00,19.409432739999996,15.4,24.4,217,377.0,71,0.0,0.0,57,14,4,9,255,0,0,0,-0.6018150231520484,-0.7986355100472928,0.5,0.0,346
2025-09-12 15:00:00,19.985446864999993,13.5,22.4,218,487.0,81,0.0,0.0,70,15,4,9,255,0,0,0,-0.6156614753256582,-0.788010753606722,-2.0999999999999996,1.5,346
2025-09-12 16:00:00,20.485588842499993,15.3,19.2,214,351.0,78,0.0,0.0,20,16,4,9,255,0,0,0,-0.5591929034707467,-0.8290375725550418,-0.5999999999999996,0.0,346
2025-09-12 17:00:00,21.085838027499996,15.7,25.1,229,368.0,65,0.0,0.0,72,17,4,9,255,0,0,0,-0.754709580222772,-0.6560590289905073,0.29999999999999893,0.0,346
2025-09-12 18:00:00,21.986727559999995,14.6,20.1,216,193.0,74,0.0,0.0,37,18,4,9,255,0,0,0,-0.587785252292473,-0.8090169943749475,1.0999999999999996,0.40000000000000036,346
2025-09-12 19:00:00,21.659160374999992,13.9,16.4,210,104.0,77,0.0,0.0,42,19,4,9,255,0,0,0,-0.5000000000000001,-0.8660254037844386,-1.4000000000000004,1.0999999999999996,346
2025-09-12 20:00:00,20.760241142499996,13.3,14.8,209,14.0,80,0.0,0.0,35,20,4,9,255,0,0,0,-0.48480962024633695,-0.8746197071393959,-2.3999999999999986,1.6999999999999993,346
2025-09-12 21:00:00,20.010504814999997,12.4,15.5,202,0.0,85,0.0,0.0,61,21,4,9,255,0,0,0,-0.374606593415912,-0.9271838545667874,-2.1999999999999993,2.5999999999999996,346
2025-09-12 22:00:00,19.809229915,12.2,14.9,212,0.0,86,0.0,0.0,64,22,4,9,255,0,0,0,-0.5299192642332048,-0.8480480961564261,-1.700000000000001,2.8000000000000007,346
2025-09-12 23:00:00,20.13690141,12.0,12.5,205,0.0,89,0.0,0.0,94,23,4,9,255,0,0,0,-0.4226182617406993,-0.90630778703665,-1.3000000000000007,3.0,346
2025-09-13 00:00:00,21.734971674999993,11.6,13.0,197,0.0,92,0.0,0.0,91,0,5,9,256,1,0,0,-0.29237170472273677,-0.9563047559630354,-0.8000000000000007,3.4000000000000004,347
2025-09-13 01:00:00,21.910188987499996,11.6,13.1,172,0.0,91,0.0,0.0,16,1,5,9,256,1,0,0,0.13917310096006533,-0.9902680687415704,-0.5999999999999996,3.4000000000000004,347
2025-09-13 02:00:00,22.285814847499996,11.4,17.1,182,0.0,88,0.0,0.0,27,2,5,9,256,1,0,0,-0.0348994967025009,-0.9993908270190958,-0.5999999999999996,3.5999999999999996,347
2025-09-13 03:00:00,22.834484894999996,10.9,16.8,170,0.0,86,0.0,0.0,1,3,5,9,256,1,0,0,0.17364817766693028,-0.984807753012208,-0.6999999999999993,4.1,347
2025-09-13 04:00:00,22.285087574999995,10.8,18.2,180,0.0,86,0.0,0.0,4,4,5,9,256,1,0,0,1.2246467991473532e-16,-1.0,-0.7999999999999989,4.199999999999999,347
2025-09-13 05:00:00,23.685084677499994,10.6,17.7,176,0.0,87,0.0,0.0,36,5,5,9,256,1,0,0,0.06975647374412552,-0.9975640502598242,-0.8000000000000007,4.4,347
2025-09-13 06:00:00,25.221865912499993,10.6,15.8,181,0.0,87,0.0,0.0,49,6,5,9,256,1,0,0,-0.017452406437283637,-0.9998476951563913,-0.3000000000000007,4.4,347
2025-09-13 07:00:00,26.11620877333333,10.6,17.0,170,0.0,86,0.0,0.0,100,7,5,9,256,1,0,0,0.17364817766693028,-0.984807753012208,-0.20000000000000107,4.4,347
2025-09-13 08:00:00,25.560565282499994,11.1,17.9,171,38.0,82,0.0,0.0,72,8,5,9,256,1,0,0,0.15643446504023098,-0.9876883405951377,0.5,3.9000000000000004,347
2025-09-13 09:00:00,24.35999279666666,12.2,14.7,169,138.0,79,0.0,0.0,48,9,5,9,256,1,0,0,0.19080899537654497,-0.9816271834476639,1.5999999999999996,2.8000000000000007,347
2025-09-13 10:00:00,23.034618179999992,13.9,17.2,169,290.0,75,0.0,0.0,30,10,5,9,256,1,0,0,0.19080899537654497,-0.9816271834476639,3.3000000000000007,1.0999999999999996,347
2025-09-13 11:00:00,22.7355540725,15.3,18.7,172,433.0,71,0.0,0.0,55,11,5,9,256,1,0,0,0.13917310096006533,-0.9902680687415704,4.200000000000001,0.0,347
2025-09-13 12:00:00,21.8210200275,15.7,18.4,181,494.0,71,0.0,0.0,98,12,5,9,256,1,0,0,-0.017452406437283637,-0.9998476951563913,3.5,0.0,347
2025-09-13 13:00:00,21.0873041625,16.1,17.5,176,361.0,69,0.0,0.0,100,13,5,9,256,1,0,0,0.06975647374412552,-0.9975640502598242,2.200000000000001,0.0,347
2025-09-13 14:00:00,21.009647154999996,14.6,23.4,183,384.0,77,0.0,0.0,100,14,5,9,256,1,0,0,-0.052335956242943564,-0.9986295347545738,-0.7000000000000011,0.40000000000000036,347
2025-09-13 15:00:00,20.808372255,15.9,15.3,197,338.0,75,0.0,0.0,100,15,5,9,256,1,0,0,-0.29237170472273677,-0.9563047559630354,0.20000000000000107,0.0,347
2025-09-13 16:00:00,21.361689892499992,15.0,20.9,165,280.0,78,0.0,0.0,82,16,5,9,256,1,0,0,0.258819045102521,-0.9659258262890682,-1.1000000000000014,0.0,347
2025-09-13 17:00:00,22.38515131999999,14.5,12.6,144,120.0,84,0.0,0.0,56,17,5,9,256,1,0,0,0.5877852522924732,-0.8090169943749473,-0.09999999999999964,0.5,347
2025-09-13 18:00:00,23.085513507499993,15.7,12.4,161,229.0,77,0.0,0.0,40,18,5,9,256,1,0,0,0.3255681544571566,-0.9455185755993168,-0.20000000000000107,0.0,347
2025-09-13 19:00:00,22.809934007499997,14.7,11.3,158,107.0,76,0.0,0.0,14,19,5,9,256,1,0,0,0.37460659341591224,-0.9271838545667873,-0.3000000000000007,0.3000000000000007,347
2025-09-13 20:00:00,21.9607568975,13.2,13.7,152,14.0,85,0.0,0.0,32,20,5,9,256,1,0,0,0.4694715627858907,-0.882947592858927,-1.3000000000000007,1.8000000000000007,347
2025-09-13 21:00:00,21.2969066625,12.8,12.9,162,0.0,89,0.0,0.0,88,21,5,9,256,1,0,0,0.3090169943749475,-0.9510565162951535,-2.8999999999999986,2.1999999999999993,347
2025-09-13 22:00:00,20.88496588,12.4,12.7,173,0.0,89,0.0,0.0,100,22,5,9,256,1,0,0,0.12186934340514755,-0.992546151641322,-2.299999999999999,2.5999999999999996,347
2025-09-13 23:00:00,20.48630162749999,12.6,12.1,179,0.0,86,0.0,0.0,98,23,5,9,256,1,0,0,0.01745240643728344,-0.9998476951563913,-0.5999999999999996,2.4000000000000004,347
2025-09-14 00:00:00,20.109765952499995,12.2,12.1,187,0.0,86,0.0,0.0,77,0,6,9,257,1,0,0,-0.12186934340514731,-0.9925461516413221,-0.6000000000000014,2.8000000000000007,348
2025-09-14 01:00:00,20.135200577499997,11.9,13.0,182,0.0,86,0.0,0.0,38,1,6,9,257,1,0,0,-0.0348994967025009,-0.9993908270190958,-0.5,3.0999999999999996,348
2025-09-14 02:00:00,20.385087575,11.7,15.7,178,0.0,86,0.0,0.0,93,2,6,9,257,1,0,0,0.03489949670250114,-0.9993908270190958,-0.9000000000000004,3.3000000000000007,348
2025-09-14 03:00:00,21.160467147499993,11.6,15.0,184,0.0,94,0.0,0.0,99,3,6,9,257,1,0,0,-0.06975647374412527,-0.9975640502598242,-0.5999999999999996,3.4000000000000004,348
2025-09-14 04:00:00,22.033546105,10.8,11.2,182,0.0,97,0.0,0.0,100,4,6,9,257,1,0,0,-0.0348994967025009,-0.9993908270190958,-1.0999999999999996,4.199999999999999,348
2025-09-14 05:00:00,23.48857036999999,10.9,11.9,186,0.0,97,0.0,0.0,100,5,6,9,257,1,0,0,-0.1045284632676535,-0.9945218953682733,-0.7999999999999989,4.1,348
2025-09-14 06:00:00,24.82090973749999,11.1,11.3,179,0.0,98,0.0,0.0,100,6,6,9,257,1,0,0,0.01745240643728344,-0.9998476951563913,-0.5,3.9000000000000004,348
2025-09-14 07:00:00,25.61493760999999,11.2,11.3,172,0.0,98,0.0,0.0,50,7,6,9,257,1,0,0,0.13917310096006533,-0.9902680687415704,0.3999999999999986,3.8000000000000007,348
2025-09-14 08:00:00,25.135568179999996,11.6,11.4,186,34.0,97,0.0,0.0,42,8,6,9,257,1,0,0,-0.1045284632676535,-0.9945218953682733,0.6999999999999993,3.4000000000000004,348
2025-09-14 09:00:00,25.38686374249999,13.1,12.8,214,146.0,91,0.0,0.0,18,9,6,9,257,1,0,0,-0.5591929034707467,-0.8290375725550418,2.0,1.9000000000000004,348
2025-09-14 10:00:00,25.936023467499993,14.0,13.5,221,274.0,86,0.0,0.0,25,10,6,9,257,1,0,0,-0.656059028990507,-0.7547095802227721,2.8000000000000007,1.0,348
2025-09-14 11:00:00,24.436779714999993,14.4,13.7,231,354.0,78,0.0,0.0,56,11,6,9,257,1,0,0,-0.7771459614569706,-0.6293203910498378,2.8000000000000007,0.5999999999999996,348
2025-09-14 12:00:00,24.287266494999997,15.7,14.7,231,390.0,74,0.0,0.0,80,12,6,9,257,1,0,0,-0.7771459614569706,-0.6293203910498378,2.5999999999999996,0.0,348
2025-09-14 13:00:00,24.636124879999993,16.3,16.5,241,411.0,68,0.0,0.0,94,13,6,9,257,1,0,0,-0.874619707139396,-0.48480962024633684,2.3000000000000007,0.0,348
2025-09-14 14:00:00,24.459922417499996,16.6,16.7,244,410.0,65,0.0,0.0,70,14,6,9,257,1,0,0,-0.8987940462991668,-0.43837114678907774,2.200000000000001,0.0,348
2025-09-14 15:00:00,23.98507019,15.9,14.0,225,439.0,74,0.0,0.0,34,15,6,9,257,1,0,0,-0.7071067811865475,-0.7071067811865477,0.20000000000000107,0.0,348
2025-09-14 16:00:00,24.410368632499996,15.5,18.0,246,423.0,73,0.0,0.0,64,16,6,9,257,1,0,0,-0.913545457642601,-0.4067366430758001,-0.8000000000000007,0.0,348
2025-09-14 17:00:00,26.215015003333328,15.4,13.6,235,310.0,75,0.0,0.0,10,17,6,9,257,1,0,0,-0.8191520442889916,-0.5735764363510464,-1.200000000000001,0.0,348
2025-09-14 18:00:00,26.91594136416666,15.4,14.8,237,245.0,73,0.0,0.0,19,18,6,9,257,1,0,0,-0.8386705679454242,-0.544639035015027,-0.5,0.0,348
2025-09-14 19:00:00,26.315471969166666,14.4,12.4,231,105.0,78,0.0,0.0,72,19,6,9,257,1,0,0,-0.7771459614569706,-0.6293203910498378,-1.0999999999999996,0.5999999999999996,348
2025-09-14 20:00:00,25.389074534999992,12.9,8.6,210,12.0,85,0.0,0.0,100,20,6,9,257,1,0,0,-0.5000000000000001,-0.8660254037844386,-2.5,2.0999999999999996,348
2025-09-14 21:00:00,24.48611039249999,12.0,10.1,186,0.0,91,0.0,0.0,100,21,6,9,257,1,0,0,-0.1045284632676535,-0.9945218953682733,-3.4000000000000004,3.0,348
2025-09-14 22:00:00,23.78523245,11.8,12.3,183,0.0,93,0.0,0.0,100,22,6,9,257,1,0,0,-0.052335956242943564,-0.9986295347545738,-2.5999999999999996,3.1999999999999993,348
2025-09-14 23:00:00,22.947037049999995,11.5,12.4,172,0.0,94,0.0,0.0,100,23,6,9,257,1,0,0,0.13917310096006533,-0.9902680687415704,-1.4000000000000004,3.5,348
2025-09-15 00:00:00,22.71122049749999,11.4,12.2,158,0.0,94,0.0,0.0,100,0,0,9,258,0,0,0,0.37460659341591224,-0.9271838545667873,-0.5999999999999996,3.5999999999999996,349
2025-09-15 01:00:00,22.786093007499996,11.5,13.6,152,0.0,91,0.0,0.0,100,1,0,9,258,0,0,0,0.4694715627858907,-0.882947592858927,-0.3000000000000007,3.5,349
2025-09-15 02:00:00,23.31106693,11.8,14.9,146,0.0,87,0.0,0.0,100,2,0,9,258,0,0,0,0.5591929034707469,-0.8290375725550416,0.3000000000000007,3.1999999999999993,349
2025-09-15 03:00:00,24.186249472499995,12.6,17.9,155,0.0,79,0.0,0.0,100,3,0,9,258,0,0,0,0.4226182617406995,-0.9063077870366499,1.1999999999999993,2.4000000000000004,349
2025-09-15 04:00:00,26.309891384166665,12.1,20.5,158,0.0,86,0.0,0.0,100,4,0,9,258,0,0,0,0.37460659341591224,-0.9271838545667873,0.5999999999999996,2.9000000000000004,349
2025-09-15 05:00:00,28.688181724999993,12.2,21.2,148,0.0,85,0.0,0.0,100,5,0,9,258,0,0,0,0.529919264233205,-0.848048096156426,0.3999999999999986,2.8000000000000007,349
2025-09-15 06:00:00,29.2735866475,12.8,26.1,156,0.0,81,0.0,0.0,94,6,0,9,258,0,0,0,0.40673664307580043,-0.9135454576426008,0.20000000000000107,2.1999999999999993,349
2025-09-15 07:00:00,28.39773568333333,12.8,26.7,164,0.0,85,0.0,0.0,91,7,0,9,258,0,0,0,0.2756373558169992,-0.9612616959383189,0.7000000000000011,2.1999999999999993,349
2025-09-15 08:00:00,26.58011147666666,13.2,26.0,175,19.0,89,0.0,0.0,100,8,0,9,258,0,0,0,0.0871557427476582,-0.9961946980917455,1.0,1.8000000000000007,349
2025-09-15 09:00:00,25.210183192499994,14.2,25.9,189,41.0,92,0.0,0.0,94,9,0,9,258,0,0,0,-0.15643446504023073,-0.9876883405951378,1.3999999999999986,0.8000000000000007,349
2025-09-15 10:00:00,24.535467147499993,15.5,27.5,216,129.0,90,0.0,0.0,98,10,0,9,258,0,0,0,-0.587785252292473,-0.8090169943749475,2.6999999999999993,0.0,349
2025-09-15 11:00:00,24.78573082,15.6,29.3,223,128.0,85,0.0,0.0,48,11,0,9,258,0,0,0,-0.6819983600624984,-0.7313537016191706,2.4000000000000004,0.0,349
2025-09-15 12:00:00,25.088213977499993,16.2,32.5,223,394.0,79,0.0,0.0,71,12,0,9,258,0,0,0,-0.6819983600624984,-0.7313537016191706,2.0,0.0,349
2025-09-15 13:00:00,25.287136107499993,16.3,33.9,231,358.0,74,0.0,0.0,74,13,0,9,258,0,0,0,-0.7771459614569706,-0.6293203910498378,0.8000000000000007,0.0,349
2025-09-15 14:00:00,25.386058237499995,16.5,35.4,233,404.0,74,0.0,0.0,80,14,0,9,258,0,0,0,-0.7986355100472928,-0.6018150231520483,0.9000000000000004,0.0,349
2025-09-15 15:00:00,25.261130674999993,15.9,26.6,226,352.0,82,0.0,0.0,48,15,0,9,258,0,0,0,-0.7193398003386512,-0.6946583704589973,-0.29999999999999893,0.0,349
2025-09-15 16:00:00,26.46164063499999,16.2,32.9,228,376.0,80,0.0,0.0,53,16,0,9,258,0,0,0,-0.7431448254773944,-0.6691306063588581,-0.10000000000000142,0.0,349
2025-09-15 17:00:00,28.262191999166667,15.2,28.5,224,303.0,79,0.0,0.0,67,17,0,9,258,0,0,0,-0.6946583704589974,-0.7193398003386511,-1.3000000000000007,0.0,349
2025-09-15 18:00:00,28.737342289166666,14.8,32.1,225,144.0,79,0.0,0.0,82,18,0,9,258,0,0,0,-0.7071067811865475,-0.7071067811865477,-1.0999999999999996,0.1999999999999993,349
2025-09-15 19:00:00,28.34078777811594,14.2,36.1,233,55.0,82,0.0,0.0,99,19,0,9,258,0,0,0,-0.7986355100472928,-0.6018150231520483,-2.0,0.8000000000000007,349
2025-09-15 20:00:00,27.548436626195645,13.3,31.4,230,3.0,89,0.0,0.0,100,20,0,9,258,0,0,0,-0.7660444431189779,-0.6427876096865395,-1.8999999999999986,1.6999999999999993,349
2025-09-15 21:00:00,25.67905345503623,12.6,28.7,228,0.0,91,0.0,0.0,100,21,0,9,258,0,0,0,-0.7431448254773944,-0.6691306063588581,-2.200000000000001,2.4000000000000004,349
2025-09-15 22:00:00,24.81327065721014,12.6,27.7,225,0.0,89,0.0,0.0,62,22,0,9,258,0,0,0,-0.7071067811865475,-0.7071067811865477,-1.5999999999999996,2.4000000000000004,349
2025-09-15 23:00:00,24.272084267717386,12.0,26.2,224,0.0,92,0.0,0.0,100,23,0,9,258,0,0,0,-0.6946583704589974,-0.7193398003386511,-1.3000000000000007,3.0,349
2025-09-16 00:00:00,23.8552931398913,12.4,28.5,218,0.0,90,0.0,0.0,100,0,1,9,259,0,0,0,-0.6156614753256582,-0.788010753606722,-0.1999999999999993,2.5999999999999996,350
2025-09-16 01:00:00,23.724776369565213,12.7,33.3,215,0.0,89,0.0,0.0,100,1,1,9,259,0,0,0,-0.5735764363510462,-0.8191520442889918,0.09999999999999964,2.3000000000000007,350
2025-09-16 02:00:00,24.272701829239125,12.8,35.5,216,0.0,88,0.0,0.0,100,2,1,9,259,0,0,0,-0.587785252292473,-0.8090169943749475,0.8000000000000007,2.1999999999999993,350
2025-09-16 03:00:00,25.58199726391304,12.6,30.7,209,0.0,93,0.0,0.0,100,3,1,9,259,0,0,0,-0.48480962024633695,-0.8746197071393959,0.1999999999999993,2.4000000000000004,350
2025-09-16 04:00:00,27.66855816358695,12.6,32.5,211,0.0,94,0.0,0.0,100,4,1,9,259,0,0,0,-0.5150380749100542,-0.8571673007021123,-0.09999999999999964,2.4000000000000004,350
2025-09-16 05:00:00,29.17409637992753,12.9,36.9,220,0.0,93,0.0,0.0,100,5,1,9,259,0,0,0,-0.6427876096865393,-0.766044443118978,0.09999999999999964,2.0999999999999996,350
2025-09-16 06:00:00,29.795164357101445,12.9,32.6,230,0.0,93,0.0,0.0,100,6,1,9,259,0,0,0,-0.7660444431189779,-0.6427876096865395,0.3000000000000007,2.0999999999999996,350
2025-09-16 07:00:00,28.4674439475,13.1,26.5,238,0.0,93,0.0,0.0,94,7,1,9,259,0,0,0,-0.848048096156426,-0.529919264233205,0.5,1.9000000000000004,350
2025-09-16 08:00:00,26.61018776833333,12.9,23.9,256,17.0,94,0.0,0.0,96,8,1,9,259,0,0,0,-0.9702957262759965,-0.24192189559966779,0.0,2.0999999999999996,350
2025-09-16 09:00:00,25.760962619999994,14.4,24.9,252,87.0,86,0.0,0.0,57,9,1,9,259,0,0,0,-0.9510565162951535,-0.30901699437494756,1.5,0.5999999999999996,350
2025-09-16 10:00:00,25.334821004999995,15.9,25.0,253,214.0,79,0.0,0.0,31,10,1,9,259,0,0,0,-0.9563047559630353,-0.2923717047227371,2.8000000000000007,0.0,350
2025-09-16 11:00:00,25.15949358749999,16.6,30.4,269,375.0,71,0.0,0.0,24,11,1,9,259,0,0,0,-0.9998476951563913,-0.017452406437283498,3.700000000000001,0.0,350
2025-09-16 12:00:00,23.81006439499999,16.7,27.4,270,417.0,67,0.0,0.0,45,12,1,9,259,0,0,0,-1.0,-1.8369701987210297e-16,2.299999999999999,0.0,350
2025-09-16 13:00:00,20.446301084999995,17.0,26.3,272,425.0,68,0.0,0.0,46,13,1,9,259,0,0,0,-0.9993908270190958,0.03489949670250128,1.0999999999999996,0.0,350
2025-09-16 14:00:00,20.884965879999996,17.1,23.9,270,390.0,62,0.0,0.0,13,14,1,9,259,0,0,0,-1.0,-1.8369701987210297e-16,0.5,0.0,350
2025-09-16 15:00:00,21.46182607499999,17.1,23.6,270,421.0,60,0.0,0.0,26,15,1,9,259,0,0,0,-1.0,-1.8369701987210297e-16,0.40000000000000213,0.0,350
2025-09-16 16:00:00,22.61256203999999,16.5,22.7,278,391.0,63,0.0,0.0,36,16,1,9,259,0,0,0,-0.9902680687415704,0.13917310096006547,-0.5,0.0,350
2025-09-16 17:00:00,24.36164437166666,16.2,20.9,277,308.0,68,0.0,0.0,32,17,1,9,259,0,0,0,-0.992546151641322,0.12186934340514768,-0.9000000000000021,0.0,350
2025-09-16 18:00:00,25.26108599333333,15.6,20.9,277,180.0,69,0.0,0.0,70,18,1,9,259,0,0,0,-0.992546151641322,0.12186934340514768,-1.5000000000000018,0.0,350
2025-09-16 19:00:00,24.43837295999999,14.7,18.4,268,70.0,73,0.0,0.0,31,19,1,9,259,0,0,0,-0.9993908270190958,-0.03489949670250076,-1.8000000000000007,0.3000000000000007,350
2025-09-16 20:00:00,23.837819917499996,14.0,20.2,271,7.0,75,0.0,0.0,36,20,1,9,259,0,0,0,-0.9998476951563913,0.01745240643728313,-2.1999999999999993,1.0,350
2025-09-16 21:00:00,22.986110392499995,13.8,18.0,268,0.0,75,0.0,0.0,14,21,1,9,259,0,0,0,-0.9993908270190958,-0.03489949670250076,-1.799999999999999,1.1999999999999993,350
2025-09-16 22:00:00,21.710215064999996,13.4,18.2,263,0.0,71,0.0,0.0,6,22,1,9,259,0,0,0,-0.9925461516413221,-0.12186934340514717,-1.299999999999999,1.5999999999999996,350
2025-09-16 23:00:00,21.235606227499996,13.2,18.3,264,0.0,70,0.0,0.0,17,23,1,9,259,0,0,0,-0.9945218953682734,-0.10452846326765336,-0.8000000000000007,1.8000000000000007,350
2025-09-17 00:00:00,21.01090177249999,13.1,18.0,245,0.0,70,0.0,0.0,33,0,2,9,260,0,0,0,-0.90630778703665,-0.42261826174069916,-0.7000000000000011,1.9000000000000004,351
2025-09-17 01:00:00,21.586014775,13.1,18.4,253,0.0,71,0.0,0.0,28,1,2,9,260,0,0,0,-0.9563047559630353,-0.2923717047227371,-0.3000000000000007,1.9000000000000004,351
2025-09-17 02:00:00,21.648306154999997,13.4,19.6,255,0.0,68,0.0,0.0,23,2,2,9,260,0,0,0,-0.9659258262890683,-0.25881904510252063,0.20000000000000107,1.5999999999999996,351
2025-09-17 03:00:00,23.059667437499993,13.5,18.3,264,0.0,68,0.0,0.0,53,3,2,9,260,0,0,0,-0.9945218953682734,-0.10452846326765336,0.40000000000000036,1.5,351
2025-09-17 04:00:00,24.73508177999999,13.1,18.2,267,0.0,72,0.0,0.0,71,4,2,9,260,0,0,0,-0.9986295347545738,-0.052335956242944306,0.0,1.9000000000000004,351
2025-09-17 05:00:00,26.94138636,12.8,17.1,262,0.0,78,0.0,0.0,70,5,2,9,260,0,0,0,-0.9902680687415703,-0.13917310096006583,-0.5999999999999996,2.1999999999999993,351
2025-09-17 06:00:00,27.487420336666663,13.1,18.8,266,0.0,81,0.0,0.0,100,6,2,9,260,0,0,0,-0.9975640502598242,-0.06975647374412558,-0.40000000000000036,1.9000000000000004,351
2025-09-17 07:00:00,26.356076869999995,12.9,18.5,270,0.0,84,0.0,0.0,100,7,2,9,260,0,0,0,-1.0,-1.8369701987210297e-16,-0.1999999999999993,2.0999999999999996,351
2025-09-17 08:00:00,25.887584000833332,13.6,18.4,267,27.0,79,0.0,0.0,100,8,2,9,260,0,0,0,-0.9986295347545738,-0.052335956242944306,0.7999999999999989,1.4000000000000004,351
2025-09-17 09:00:00,24.37446973083333,14.4,19.0,264,101.0,74,0.0,0.0,100,9,2,9,260,0,0,0,-0.9945218953682734,-0.10452846326765336,1.3000000000000007,0.5999999999999996,351
2025-09-17 10:00:00,23.611692789999992,15.5,20.7,263,227.0,72,0.0,0.0,79,10,2,9,260,0,0,0,-0.9925461516413221,-0.12186934340514717,2.5999999999999996,0.0,351
2025-09-17 11:00:00,22.934801561666657,16.5,23.4,271,324.0,65,0.0,0.0,36,11,2,9,260,0,0,0,-0.9998476951563913,0.01745240643728313,2.9000000000000004,0.0,351
2025-09-17 12:00:00,23.23465668666666,16.8,27.4,274,426.0,63,0.0,0.0,31,12,2,9,260,0,0,0,-0.9975640502598243,0.06975647374412522,2.4000000000000004,0.0,351
2025-09-17 13:00:00,22.164045559999995,17.1,25.8,275,476.0,64,0.0,0.0,38,13,2,9,260,0,0,0,-0.9961946980917455,0.08715574274765789,1.6000000000000014,0.0,351
2025-09-17 14:00:00,21.660354144999996,17.5,26.3,272,529.0,61,0.0,0.0,19,14,2,9,260,0,0,0,-0.9993908270190958,0.03489949670250128,1.0,0.0,351
2025-09-17 15:00:00,22.184942699999993,17.4,24.7,269,472.0,61,0.0,0.0,82,15,2,9,260,0,0,0,-0.9998476951563913,-0.017452406437283498,0.5999999999999979,0.0,351
2025-09-17 16:00:00,23.16098869749999,16.9,25.1,266,404.0,63,0.0,0.0,99,16,2,9,260,0,0,0,-0.9975640502598242,-0.06975647374412558,-0.20000000000000284,0.0,351
2025-09-17 17:00:00,24.78691299999999,16.4,22.7,259,238.0,67,0.0,0.0,100,17,2,9,260,0,0,0,-0.981627183447664,-0.1908089953765446,-1.1000000000000014,0.0,351
2025-09-17 18:00:00,25.387760748333328,15.7,20.5,251,204.0,71,0.0,0.0,100,18,2,9,260,0,0,0,-0.9455185755993168,-0.32556815445715664,-1.6999999999999993,0.0,351
2025-09-17 19:00:00,25.613968166666663,14.9,15.0,240,72.0,75,0.0,0.0,70,19,2,9,260,0,0,0,-0.8660254037844384,-0.5000000000000004,-1.9999999999999982,0.09999999999999964,351
2025-09-17 20:00:00,24.18644406416666,14.1,15.9,228,6.0,78,0.0,0.0,100,20,2,9,260,0,0,0,-0.7431448254773944,-0.6691306063588581,-2.299999999999999,0.9000000000000004,351
2025-09-17 21:00:00,22.763913114166662,14.3,16.8,211,0.0,81,0.0,0.0,100,21,2,9,260,0,0,0,-0.5150380749100542,-0.8571673007021123,-1.3999999999999986,0.6999999999999993,351
2025-09-17 22:00:00,21.93790974,14.1,18.6,200,0.0,85,0.0,0.0,100,22,2,9,260,0,0,0,-0.34202014332566866,-0.9396926207859084,-0.8000000000000007,0.9000000000000004,351
2025-09-17 23:00:00,21.536101699999996,13.9,20.2,196,0.0,90,0.0,0.0,100,23,2,9,260,0,0,0,-0.275637355816999,-0.9612616959383189,-0.1999999999999993,1.0999999999999996,351
2025-09-18 00:00:00,21.036553709999996,13.8,20.8,192,0.0,94,0.0,0.0,100,0,3,9,261,0,0,0,-0.2079116908177595,-0.9781476007338056,-0.5,1.1999999999999993,352
2025-09-18 01:00:00,20.462023104999997,14.1,20.7,197,0.0,97,0.0,0.0,100,1,3,9,261,0,0,0,-0.29237170472273677,-0.9563047559630354,0.0,0.9000000000000004,352
2025-09-18 02:00:00,20.711545017499994,14.6,18.9,209,0.0,98,0.0,0.0,100,2,3,9,261,0,0,0,-0.48480962024633695,-0.8746197071393959,0.6999999999999993,0.40000000000000036,352
2025-09-18 03:00:00,21.31187533249999,15.4,19.9,227,0.0,96,0.0,0.0,100,3,3,9,261,0,0,0,-0.7313537016191703,-0.6819983600624986,1.5999999999999996,0.0,352
2025-09-18 04:00:00,23.036686994999993,15.9,20.6,245,0.0,97,0.0,0.0,100,4,3,9,261,0,0,0,-0.90630778703665,-0.42261826174069916,1.8000000000000007,0.0,352
2025-09-18 05:00:00,24.91067165083333,16.3,20.1,245,0.0,98,0.0,0.0,100,5,3,9,261,0,0,0,-0.90630778703665,-0.42261826174069916,1.700000000000001,0.0,352
2025-09-18 06:00:00,24.66824693499999,16.5,19.0,245,0.0,97,0.0,0.0,100,6,3,9,261,0,0,0,-0.90630778703665,-0.42261826174069916,1.0999999999999996,0.0,352
2025-09-18 07:00:00,24.68584671999999,16.5,19.8,247,0.0,97,0.0,0.0,100,7,3,9,261,0,0,0,-0.9205048534524403,-0.3907311284892738,0.5999999999999996,0.0,352
2025-09-18 08:00:00,23.359090834999993,16.8,20.6,247,19.0,97,0.0,0.0,100,8,3,9,261,0,0,0,-0.9205048534524403,-0.3907311284892738,0.5,0.0,352
2025-09-18 09:00:00,21.659325532499995,17.1,22.7,247,79.0,95,0.0,0.0,42,9,3,9,261,0,0,0,-0.9205048534524403,-0.3907311284892738,0.6000000000000014,0.0,352
2025-09-18 10:00:00,22.058569284999994,17.8,25.4,248,250.0,92,0.0,0.0,33,10,3,9,261,0,0,0,-0.9271838545667873,-0.3746065934159123,1.3000000000000007,0.0,352
2025-09-18 11:00:00,22.763495034999995,18.7,26.7,253,336.0,81,0.0,0.0,51,11,3,9,261,0,0,0,-0.9563047559630353,-0.2923717047227371,1.8999999999999986,0.0,352
2025-09-18 12:00:00,22.811008979999997,19.4,27.0,255,414.0,73,0.0,0.0,81,12,3,9,261,0,0,0,-0.9659258262890683,-0.25881904510252063,2.299999999999997,0.0,352
2025-09-18 13:00:00,22.686020569999997,19.7,29.1,252,468.0,70,0.0,0.0,99,13,3,9,261,0,0,0,-0.9510565162951535,-0.30901699437494756,1.8999999999999986,0.0,352
2025-09-18 14:00:00,22.686101699999995,19.5,29.3,254,430.0,69,0.0,0.0,43,14,3,9,261,0,0,0,-0.961261695938319,-0.2756373558169989,0.8000000000000007,0.0,352
2025-09-18 15:00:00,23.21394704499999,19.5,30.3,256,417.0,69,0.0,0.0,100,15,3,9,261,0,0,0,-0.9702957262759965,-0.24192189559966779,0.10000000000000142,0.0,352
2025-09-18 16:00:00,24.187388189999993,19.4,28.9,253,326.0,74,0.0,0.0,98,16,3,9,261,0,0,0,-0.9563047559630353,-0.2923717047227371,-0.3000000000000007,0.0,352
2025-09-18 17:00:00,25.23567286999999,19.0,26.9,254,280.0,77,0.0,0.0,100,17,3,9,261,0,0,0,-0.961261695938319,-0.2756373558169989,-0.5,0.0,352
2025-09-18 18:00:00,25.560759794999992,17.9,23.4,247,49.0,86,0.0,0.0,85,18,3,9,261,0,0,0,-0.9205048534524403,-0.3907311284892738,-1.6000000000000014,0.0,352
2025-09-18 19:00:00,24.660794564999993,17.5,20.1,252,61.0,87,0.0,0.0,100,19,3,9,261,0,0,0,-0.9510565162951535,-0.30901699437494756,-1.8999999999999986,0.0,352
2025-09-18 20:00:00,23.911339295,17.2,21.2,252,2.0,93,0.0,0.0,100,20,3,9,261,0,0,0,-0.9510565162951535,-0.30901699437494756,-1.8000000000000007,0.0,352
2025-09-18 21:00:00,22.809797824999997,17.4,24.9,258,0.0,93,0.0,0.0,100,21,3,9,261,0,0,0,-0.9781476007338056,-0.2079116908177598,-0.5,0.0,352
2025-09-18 22:00:00,21.836223395,17.5,25.0,256,0.0,92,0.0,0.0,100,22,3,9,261,0,0,0,-0.9702957262759965,-0.24192189559966779,0.0,0.0,352
2025-09-18 23:00:00,20.885357042499997,17.4,22.6,257,0.0,96,0.0,0.0,100,23,3,9,261,0,0,0,-0.9743700647852351,-0.22495105434386525,0.1999999999999993,0.0,352
2025-09-19 00:00:00,20.810794565,17.4,21.9,252,0.0,96,0.0,0.0,100,0,4,9,262,0,0,0,-0.9510565162951535,-0.30901699437494756,0.0,0.0,353
2025-09-19 01:00:00,20.785777179999997,17.2,22.4,251,0.0,94,0.0,0.0,100,1,4,9,262,0,0,0,-0.9455185755993168,-0.32556815445715664,-0.3000000000000007,0.0,353
2025-09-19 02:00:00,20.686872435,17.3,21.9,250,0.0,96,0.0,0.0,92,2,4,9,262,0,0,0,-0.9396926207859084,-0.34202014332566855,-0.09999999999999787,0.0,353
2025-09-19 03:00:00,21.88714479999999,17.8,21.1,251,0.0,93,0.0,0.0,46,3,4,9,262,0,0,0,-0.9455185755993168,-0.32556815445715664,0.40000000000000213,0.0,353
2025-09-19 04:00:00,23.41270981249999,17.6,21.6,252,0.0,95,0.0,0.0,100,4,4,9,262,0,0,0,-0.9510565162951535,-0.30901699437494756,0.40000000000000213,0.0,353
2025-09-19 05:00:00,24.935464249999992,17.8,21.7,257,0.0,94,0.0,0.0,100,5,4,9,262,0,0,0,-0.9743700647852351,-0.22495105434386525,0.5,0.0,353
2025-09-19 06:00:00,25.59284708,17.5,17.9,246,0.0,96,0.0,0.0,100,6,4,9,262,0,0,0,-0.913545457642601,-0.4067366430758001,-0.3000000000000007,0.0,353
2025-09-19 07:00:00,24.636959359999995,17.5,19.0,243,0.0,95,0.0,0.0,100,7,4,9,262,0,0,0,-0.8910065241883678,-0.45399049973954697,-0.10000000000000142,0.0,353
2025-09-19 08:00:00,24.909137194999992,17.2,18.7,241,18.0,95,0.0,0.0,96,8,4,9,262,0,0,0,-0.874619707139396,-0.48480962024633684,-0.6000000000000014,0.0,353
2025-09-19 09:00:00,24.08423570999999,17.9,22.2,242,112.0,92,0.0,0.0,98,9,4,9,262,0,0,0,-0.882947592858927,-0.46947156278589075,0.3999999999999986,0.0,353
2025-09-19 10:00:00,23.184983264999996,18.6,25.0,248,232.0,88,0.0,0.0,98,10,4,9,262,0,0,0,-0.9271838545667873,-0.3746065934159123,1.1000000000000014,0.0,353
2025-09-19 11:00:00,22.884983264999995,19.4,24.8,251,304.0,82,0.0,0.0,99,11,4,9,262,0,0,0,-0.9455185755993168,-0.32556815445715664,2.1999999999999993,0.0,353
2025-09-19 12:00:00,22.559554434999995,20.0,24.7,245,403.0,79,0.0,0.0,100,12,4,9,262,0,0,0,-0.90630778703665,-0.42261826174069916,2.1000000000000014,0.0,353
2025-09-19 13:00:00,22.23389380499999,20.1,22.5,238,426.0,77,0.0,0.0,100,13,4,9,262,0,0,0,-0.848048096156426,-0.529919264233205,1.5,0.0,353
2025-09-19 14:00:00,21.608940164999996,19.8,22.0,237,340.0,77,0.0,0.0,100,14,4,9,262,0,0,0,-0.8386705679454242,-0.544639035015027,0.40000000000000213,0.0,353
2025-09-19 15:00:00,21.44663719499999,20.5,24.7,235,442.0,73,0.0,0.0,97,15,4,9,262,0,0,0,-0.8191520442889916,-0.5735764363510464,0.5,0.0,353
2025-09-19 16:00:00,22.0086475175,20.1,22.6,232,312.0,76,0.0,0.0,100,16,4,9,262,0,0,0,-0.7880107536067221,-0.6156614753256581,0.0,0.0,353
2025-09-19 17:00:00,22.884780439999997,20.4,21.5,225,306.0,73,0.0,0.0,99,17,4,9,262,0,0,0,-0.7071067811865475,-0.7071067811865477,0.5999999999999979,0.0,353
2025-09-19 18:00:00,23.28588149,20.1,15.6,221,169.0,76,0.0,0.0,100,18,4,9,262,0,0,0,-0.656059028990507,-0.7547095802227721,-0.3999999999999986,0.0,353
2025-09-19 19:00:00,23.13544107,19.0,12.7,220,72.0,82,0.0,0.0,90,19,4,9,262,0,0,0,-0.6427876096865393,-0.766044443118978,-1.1000000000000014,0.0,353
2025-09-19 20:00:00,22.60986157,17.6,10.9,213,5.0,88,0.0,0.0,28,20,4,9,262,0,0,0,-0.5446390350150271,-0.838670567945424,-2.799999999999997,0.0,353
2025-09-19 21:00:00,22.236174137499997,17.0,10.6,199,0.0,91,0.0,0.0,0,21,4,9,262,0,0,0,-0.32556815445715676,-0.9455185755993167,-3.1000000000000014,0.0,353
2025-09-19 22:00:00,21.934531254999996,16.7,11.6,192,0.0,92,0.0,0.0,0,22,4,9,262,0,0,0,-0.2079116908177595,-0.9781476007338056,-2.3000000000000007,0.0,353
2025-09-19 23:00:00,21.1599050325,16.5,12.3,190,0.0,92,0.0,0.0,0,23,4,9,262,0,0,0,-0.17364817766693047,-0.984807753012208,-1.1000000000000014,0.0,353
2025-09-20 00:00:00,21.010464249999995,16.2,12.9,188,0.0,93,0.0,0.0,25,0,5,9,263,1,0,0,-0.13917310096006552,-0.9902680687415703,-0.8000000000000007,0.0,354
2025-09-20 01:00:00,20.959922417499996,16.0,13.1,193,0.0,93,0.0,0.0,7,1,5,9,263,1,0,0,-0.22495105434386498,-0.9743700647852352,-0.6999999999999993,0.0,354
2025-09-20 02:00:00,21.111524735,15.9,12.9,196,0.0,93,0.0,0.0,8,2,5,9,263,1,0,0,-0.275637355816999,-0.9612616959383189,-0.5999999999999996,0.0,354
2025-09-20 03:00:00,21.586284242499996,14.9,11.6,196,0.0,92,0.0,0.0,100,3,5,9,263,1,0,0,-0.275637355816999,-0.9612616959383189,-1.299999999999999,0.09999999999999964,354
2025-09-20 04:00:00,22.559525459999993,14.8,11.3,190,0.0,93,0.0,0.0,26,4,5,9,263,1,0,0,-0.17364817766693047,-0.984807753012208,-1.1999999999999993,0.1999999999999993,354
2025-09-20 05:00:00,24.43610749499999,14.4,12.4,182,0.0,94,0.0,0.0,7,5,5,9,263,1,0,0,-0.0348994967025009,-0.9993908270190958,-1.5,0.5999999999999996,354
2025-09-20 06:00:00,25.11900607999999,14.3,13.5,189,0.0,94,0.0,0.0,81,6,5,9,263,1,0,0,-0.15643446504023073,-0.9876883405951378,-0.5999999999999996,0.6999999999999993,354
2025-09-20 07:00:00,26.287370804999995,14.2,14.4,198,0.0,94,0.0,0.0,90,7,5,9,263,1,0,0,-0.3090169943749473,-0.9510565162951536,-0.6000000000000014,0.8000000000000007,354
2025-09-20 08:00:00,25.583841649999993,14.7,15.2,207,27.0,92,0.0,0.0,100,8,5,9,263,1,0,0,-0.4539904997395467,-0.8910065241883679,0.29999999999999893,0.3000000000000007,354
2025-09-20 09:00:00,24.559403764999992,16.2,16.2,207,105.0,87,0.0,0.0,97,9,5,9,263,1,0,0,-0.4539904997395467,-0.8910065241883679,1.8999999999999986,0.0,354
2025-09-20 10:00:00,23.359548639999993,17.6,13.0,204,182.0,85,0.0,0.0,95,10,5,9,263,1,0,0,-0.4067366430758002,-0.9135454576426009,3.400000000000002,0.0,354
2025-09-20 11:00:00,22.458974934999993,18.9,12.8,196,238.0,81,0.0,0.0,62,11,5,9,263,1,0,0,-0.275637355816999,-0.9612616959383189,4.199999999999999,0.0,354
2025-09-20 12:00:00,21.008879317499993,21.0,15.3,201,461.0,75,0.0,0.0,46,12,5,9,263,1,0,0,-0.35836794954530043,-0.9335804264972016,4.800000000000001,0.0,354
2025-09-20 13:00:00,19.933641722499996,22.2,16.1,208,541.0,73,0.0,0.0,21,13,5,9,263,1,0,0,-0.46947156278589086,-0.8829475928589269,4.599999999999998,0.0,354
2025-09-20 14:00:00,19.1815844975,22.9,16.6,217,553.0,71,0.0,0.0,49,14,5,9,263,1,0,0,-0.6018150231520484,-0.7986355100472928,4.0,0.0,354
2025-09-20 15:00:00,19.884809415,24.0,15.3,214,516.0,65,0.0,0.0,100,15,5,9,263,1,0,0,-0.5591929034707467,-0.8290375725550418,3.0,0.0,354
2025-09-20 16:00:00,21.33635668,22.5,17.8,244,143.0,69,0.0,0.0,100,16,5,9,263,1,0,0,-0.8987940462991668,-0.43837114678907774,0.3000000000000007,0.0,354
2025-09-20 17:00:00,22.310614919999995,21.0,19.2,244,156.0,71,0.0,0.0,100,17,5,9,263,1,0,0,-0.8987940462991668,-0.43837114678907774,-1.8999999999999986,0.0,354
2025-09-20 18:00:00,21.960481634999997,19.2,16.1,254,55.0,80,0.0,0.0,100,18,5,9,263,1,0,0,-0.961261695938319,-0.2756373558169989,-4.800000000000001,0.0,354
2025-09-20 19:00:00,21.634803619999996,17.5,13.2,236,14.0,95,0.0,0.0,100,19,5,9,263,1,0,0,-0.8290375725550418,-0.5591929034707466,-5.0,0.0,354
2025-09-20 20:00:00,20.784629769999995,17.0,11.5,235,1.0,92,0.0,0.0,100,20,5,9,263,1,0,0,-0.8191520442889916,-0.5735764363510464,-4.0,0.0,354
2025-09-20 21:00:00,20.460058599999993,16.4,11.0,229,0.0,94,0.0,0.0,100,21,5,9,263,1,0,0,-0.754709580222772,-0.6560590289905073,-2.8000000000000007,0.0,354
2025-09-20 22:00:00,20.661026365,15.9,11.6,198,0.0,95,0.0,0.0,100,22,5,9,263,1,0,0,-0.3090169943749473,-0.9510565162951536,-1.5999999999999996,0.0,354
2025-09-20 23:00:00,20.834815209999995,16.0,13.8,202,0.0,96,0.0,0.0,100,23,5,9,263,1,0,0,-0.374606593415912,-0.9271838545667874,-1.0,0.0,354
2025-09-21 00:00:00,20.3594791,16.4,14.3,207,0.0,96,0.0,0.0,100,0,6,9,264,1,0,0,-0.4539904997395467,-0.8910065241883679,0.0,0.0,355
2025-09-21 01:00:00,19.97126052,16.5,14.5,200,0.0,96,0.0,0.0,100,1,6,9,264,1,0,0,-0.34202014332566866,-0.9396926207859084,0.5999999999999996,0.0,355
2025-09-21 02:00:00,19.834454241666663,16.7,15.3,196,0.0,96,0.0,0.0,100,2,6,9,264,1,0,0,-0.275637355816999,-0.9612616959383189,0.6999999999999993,0.0,355
2025-09-21 03:00:00,20.559951392499993,17.4,17.9,193,0.0,94,0.0,0.0,95,3,6,9,264,1,0,0,-0.22495105434386498,-0.9743700647852352,1.0,0.0,355
2025-09-21 04:00:00,21.134537049999995,17.6,20.4,199,0.0,95,0.0,0.0,93,4,6,9,264,1,0,0,-0.32556815445715676,-0.9455185755993167,1.1000000000000014,0.0,355
2025-09-21 05:00:00,21.810139729999996,17.6,20.3,211,0.0,95,0.0,0.0,100,5,6,9,264,1,0,0,-0.5150380749100542,-0.8571673007021123,0.9000000000000021,0.0,355
2025-09-21 06:00:00,22.892125602499995,17.6,19.6,209,0.0,94,0.0,0.0,51,6,6,9,264,1,0,0,-0.48480962024633695,-0.8746197071393959,0.20000000000000284,0.0,355
2025-09-21 07:00:00,24.41148127249999,17.8,23.9,209,0.0,93,0.0,0.0,96,7,6,9,264,1,0,0,-0.48480962024633695,-0.8746197071393959,0.1999999999999993,0.0,355
2025-09-21 08:00:00,24.70940376499999,17.8,26.9,219,19.0,90,0.0,0.0,99,8,6,9,264,1,0,0,-0.6293203910498376,-0.7771459614569708,0.1999999999999993,0.0,355
2025-09-21 09:00:00,24.684200939999997,17.4,28.0,228,107.0,80,0.0,0.0,100,9,6,9,264,1,0,0,-0.7431448254773944,-0.6691306063588581,-0.20000000000000284,0.0,355
2025-09-21 10:00:00,24.785310682499997,16.8,30.5,225,184.0,70,0.0,0.0,100,10,6,9,264,1,0,0,-0.7071067811865475,-0.7071067811865477,-1.0,0.0,355
2025-09-21 11:00:00,24.484374789999993,16.9,32.9,221,322.0,69,0.0,0.0,100,11,6,9,264,1,0,0,-0.656059028990507,-0.7547095802227721,-0.9000000000000021,0.0,355
2025-09-21 12:00:00,24.159571819999996,16.9,35.0,226,367.0,68,0.0,0.0,100,12,6,9,264,1,0,0,-0.7193398003386512,-0.6946583704589973,-0.5,0.0,355
2025-09-21 13:00:00,24.459681924999995,16.6,34.8,229,262.0,70,0.0,0.0,100,13,6,9,264,1,0,0,-0.754709580222772,-0.6560590289905073,-0.1999999999999993,0.0,355
2025-09-21 14:00:00,25.761605864999993,16.6,31.8,224,321.0,71,0.0,0.0,93,14,6,9,264,1,0,0,-0.6946583704589974,-0.7193398003386511,-0.29999999999999716,0.0,355
2025-09-21 15:00:00,25.835136832499995,16.7,29.7,234,232.0,77,0.0,0.0,100,15,6,9,264,1,0,0,-0.8090169943749473,-0.5877852522924732,-0.1999999999999993,0.0,355
2025-09-21 16:00:00,27.009989059999995,13.9,27.7,314,226.0,77,0.0,0.0,100,16,6,9,264,1,0,0,-0.7193398003386512,0.6946583704589973,-2.700000000000001,1.0999999999999996,355
2025-09-21 17:00:00,27.611110012499996,13.8,27.7,298,144.0,65,0.0,0.0,100,17,6,9,264,1,0,0,-0.8829475928589271,0.4694715627858904,-2.8000000000000007,1.1999999999999993,355
2025-09-21 18:00:00,28.137538479999996,13.7,20.2,289,88.0,62,0.0,0.0,100,18,6,9,264,1,0,0,-0.945518575599317,0.3255681544571563,-3.0,1.3000000000000007,355
2025-09-21 19:00:00,26.88661829416666,13.2,18.6,283,38.0,61,0.0,0.0,100,19,6,9,264,1,0,0,-0.9743700647852352,0.22495105434386492,-0.7000000000000011,1.8000000000000007,355
2025-09-21 20:00:00,26.01357410666666,12.6,19.5,288,2.0,63,0.0,0.0,100,20,6,9,264,1,0,0,-0.9510565162951536,0.30901699437494723,-1.200000000000001,2.4000000000000004,355
2025-09-21 21:00:00,25.26154791499999,11.8,15.9,288,0.0,66,0.0,0.0,97,21,6,9,264,1,0,0,-0.9510565162951536,0.30901699437494723,-1.8999999999999986,3.1999999999999993,355
2025-09-21 22:00:00,24.7360060825,11.4,13.8,279,0.0,68,0.0,0.0,100,22,6,9,264,1,0,0,-0.9876883405951378,0.15643446504023067,-1.799999999999999,3.5999999999999996,355
2025-09-21 23:00:00,24.26058015,11.4,14.0,270,0.0,69,0.0,0.0,100,23,6,9,264,1,0,0,-1.0,-1.8369701987210297e-16,-1.1999999999999993,3.5999999999999996,355
2025-09-22 00:00:00,23.8360408525,11.5,13.6,281,0.0,69,0.0,0.0,100,0,0,9,265,0,0,0,-0.9816271834476639,0.1908089953765451,-0.3000000000000007,3.5,356
2025-09-22 01:00:00,24.41192458999999,10.9,10.2,293,0.0,72,0.0,0.0,48,1,0,9,265,0,0,0,-0.9205048534524405,0.3907311284892735,-0.5,4.1,356
2025-09-22 02:00:00,25.01195935999999,10.5,9.4,290,0.0,74,0.0,0.0,27,2,0,9,265,0,0,0,-0.9396926207859083,0.342020143325669,-0.9000000000000004,4.5,356
2025-09-22 03:00:00,26.585116549999995,9.0,8.2,293,0.0,84,0.0,0.0,23,3,0,9,265,0,0,0,-0.9205048534524405,0.3907311284892735,-2.5,6.0,356
2025-09-22 04:00:00,29.264213234999993,9.0,9.8,296,0.0,85,0.0,0.0,9,4,0,9,265,0,0,0,-0.898794046299167,0.4383711467890774,-1.9000000000000004,6.0,356
2025-09-22 05:00:00,31.47546235416666,8.8,10.0,298,0.0,85,0.0,0.0,1,5,0,9,265,0,0,0,-0.8829475928589271,0.4694715627858904,-1.6999999999999993,6.199999999999999,356
2025-09-22 06:00:00,31.297364741666662,8.6,11.6,306,0.0,83,0.0,0.0,84,6,0,9,265,0,0,0,-0.8090169943749476,0.5877852522924729,-0.40000000000000036,6.4,356
2025-09-22 07:00:00,30.26631476166666,8.6,11.8,309,0.0,79,0.0,0.0,100,7,0,9,265,0,0,0,-0.7771459614569708,0.6293203910498375,-0.40000000000000036,6.4,356
2025-09-22 08:00:00,29.048442796666663,9.4,12.5,310,21.0,76,0.0,0.0,100,8,0,9,265,0,0,0,-0.7660444431189781,0.6427876096865393,0.5999999999999996,5.6,356
2025-09-22 09:00:00,28.262246671666663,10.6,12.7,309,99.0,72,0.0,0.0,100,9,0,9,265,0,0,0,-0.7771459614569708,0.6293203910498375,2.0,4.4,356
2025-09-22 10:00:00,27.09137309166666,12.1,11.8,304,219.0,66,0.0,0.0,95,10,0,9,265,0,0,0,-0.8290375725550416,0.559192903470747,3.5,2.9000000000000004,356
2025-09-22 11:00:00,26.4901031475,12.9,18.9,310,374.0,58,0.0,0.0,32,11,0,9,265,0,0,0,-0.7660444431189781,0.6427876096865393,3.5,2.0999999999999996,356
2025-09-22 12:00:00,26.686831869999992,13.7,21.2,307,494.0,56,0.0,0.0,21,12,0,9,265,0,0,0,-0.7986355100472932,0.6018150231520479,3.0999999999999996,1.3000000000000007,356
2025-09-22 13:00:00,26.235620714999996,13.9,22.9,307,492.0,54,0.0,0.0,53,13,0,9,265,0,0,0,-0.7986355100472932,0.6018150231520479,1.8000000000000007,1.0999999999999996,356
2025-09-22 14:00:00,25.66150155499999,13.9,22.0,310,394.0,53,0.0,0.0,46,14,0,9,265,0,0,0,-0.7660444431189781,0.6427876096865393,1.0,1.0999999999999996,356
2025-09-22 15:00:00,25.684487792499993,13.6,20.0,308,265.0,55,0.0,0.0,75,15,0,9,265,0,0,0,-0.7880107536067218,0.6156614753256585,-0.09999999999999964,1.4000000000000004,356
2025-09-22 16:00:00,27.56220069166666,14.1,20.6,309,363.0,52,0.0,0.0,64,16,0,9,265,0,0,0,-0.7771459614569708,0.6293203910498375,0.1999999999999993,0.9000000000000004,356
2025-09-22 17:00:00,29.71254343583333,13.6,20.4,308,238.0,55,0.0,0.0,61,17,0,9,265,0,0,0,-0.7880107536067218,0.6156614753256585,-0.3000000000000007,1.4000000000000004,356
2025-09-22 18:00:00,30.762264056666663,12.8,15.3,297,132.0,62,0.0,0.0,54,18,0,9,265,0,0,0,-0.8910065241883679,0.45399049973954664,-0.7999999999999989,2.1999999999999993,356
2025-09-22 19:00:00,30.062698681666664,11.8,12.9,282,56.0,68,0.0,0.0,11,19,0,9,265,0,0,0,-0.9781476007338056,0.20791169081775945,-2.299999999999999,3.1999999999999993,356
2025-09-22 20:00:00,28.48759437166666,10.6,11.9,275,2.0,74,0.0,0.0,16,20,0,9,265,0,0,0,-0.9961946980917455,0.08715574274765789,-3.0,4.4,356
2025-09-22 21:00:00,27.262473895833327,10.1,10.3,263,0.0,79,0.0,0.0,32,21,0,9,265,0,0,0,-0.9925461516413221,-0.12186934340514717,-2.700000000000001,4.9,356
2025-09-22 22:00:00,25.910778019166663,9.6,8.8,258,0.0,82,0.0,0.0,11,22,0,9,265,0,0,0,-0.9781476007338056,-0.2079116908177598,-2.200000000000001,5.4,356
2025-09-22 23:00:00,26.362260699999993,9.2,7.6,275,0.0,85,0.0,0.0,31,23,0,9,265,0,0,0,-0.9961946980917455,0.08715574274765789,-1.4000000000000004,5.800000000000001,356
2025-09-23 00:00:00,26.362086849999994,9.2,7.4,277,0.0,86,0.0,0.0,21,0,1,9,266,0,0,0,-0.992546151641322,0.12186934340514768,-0.9000000000000004,5.800000000000001,357
2025-09-23 01:00:00,26.361368269999996,9.2,8.5,298,0.0,88,0.0,0.0,25,1,1,9,266,0,0,0,-0.8829475928589271,0.4694715627858904,-0.40000000000000036,5.800000000000001,357
2025-09-23 02:00:00,26.81187243499999,9.4,9.6,300,0.0,91,0.0,0.0,30,2,1,9,266,0,0,0,-0.8660254037844386,0.5000000000000001,0.20000000000000107,5.6,357
2025-09-23 03:00:00,28.687423799166663,8.0,6.6,281,0.0,92,0.0,0.0,32,3,1,9,266,0,0,0,-0.9816271834476639,0.1908089953765451,-1.1999999999999993,7.0,357
2025-09-23 04:00:00,32.06377944916666,7.7,6.5,294,0.0,92,0.0,0.0,7,4,1,9,266,0,0,0,-0.9135454576426011,0.40673664307579976,-1.4999999999999991,7.3,357
2025-09-23 05:00:00,35.58989170916665,6.6,5.6,315,0.0,93,0.0,0.0,5,5,1,9,266,0,0,0,-0.7071067811865477,0.7071067811865474,-2.8000000000000007,8.4,357
2025-09-23 06:00:00,36.27177700833332,6.2,3.4,295,0.0,93,0.0,0.0,3,6,1,9,266,0,0,0,-0.9063077870366498,0.4226182617406996,-1.7999999999999998,8.8,357
2025-09-23 07:00:00,33.318569855833324,5.9,3.1,283,0.0,93,0.0,0.0,1,7,1,9,266,0,0,0,-0.9743700647852352,0.22495105434386492,-1.7999999999999998,9.1,357
2025-09-23 08:00:00,30.374819109166665,6.9,5.2,292,22.0,92,0.0,0.0,1,8,1,9,266,0,0,0,-0.9271838545667874,0.37460659341591196,0.3000000000000007,8.1,357
2025-09-23 09:00:00,28.737208165,9.4,7.4,293,133.0,86,0.0,0.0,0,9,1,9,266,0,0,0,-0.9205048534524405,0.3907311284892735,3.2,5.6,357
2025-09-23 10:00:00,27.485484532499992,11.3,6.5,312,270.0,77,0.0,0.0,1,10,1,9,266,0,0,0,-0.7431448254773946,0.6691306063588578,5.4,3.6999999999999993,357
2025-09-23 11:00:00,26.63636247499999,12.7,9.7,335,397.0,66,0.0,0.0,0,11,1,9,266,0,0,0,-0.4226182617406992,0.90630778703665,5.799999999999999,2.3000000000000007,357
2025-09-23 12:00:00,23.81128713999999,13.6,10.4,337,495.0,60,0.0,0.0,0,12,1,9,266,0,0,0,-0.3907311284892739,0.9205048534524403,4.199999999999999,1.4000000000000004,357
2025-09-23 13:00:00,23.048752369999995,14.3,10.1,341,554.0,53,0.0,0.0,0,13,1,9,266,0,0,0,-0.3255681544571567,0.9455185755993168,3.0,0.6999999999999993,357
2025-09-23 14:00:00,22.686194419999993,14.8,9.6,352,567.0,49,0.0,0.0,0,14,1,9,266,0,0,0,-0.13917310096006588,0.9902680687415703,2.1000000000000014,0.1999999999999993,357
2025-09-23 15:00:00,23.33591046499999,15.2,8.3,356,528.0,48,0.0,0.0,0,15,1,9,266,0,0,0,-0.06975647374412564,0.9975640502598242,1.5999999999999996,0.0,357
2025-09-23 16:00:00,24.611915517499995,15.1,8.6,8,451.0,49,0.0,0.0,0,16,1,9,266,0,0,0,0.13917310096006544,0.9902680687415704,0.7999999999999989,0.0,357
2025-09-23 17:00:00,26.21242921416666,14.6,9.6,26,335.0,51,0.0,0.0,0,17,1,9,266,0,0,0,0.43837114678907746,0.898794046299167,-0.20000000000000107,0.40000000000000036,357
2025-09-23 18:00:00,28.437307519166666,13.5,9.4,43,201.0,55,0.0,0.0,0,18,1,9,266,0,0,0,0.6819983600624985,0.7313537016191705,-1.6999999999999993,1.5,357
2025-09-23 19:00:00,28.111872894166662,11.4,7.7,39,69.0,63,0.0,0.0,0,19,1,9,266,0,0,0,0.6293203910498374,0.7771459614569709,-3.6999999999999993,3.5999999999999996,357
2025-09-23 20:00:00,26.588417261666667,10.1,8.1,28,1.0,67,0.0,0.0,0,20,1,9,266,0,0,0,0.4694715627858908,0.882947592858927,-4.5,4.9,357
2025-09-23 21:00:00,25.313365106666662,9.8,9.6,43,0.0,70,0.0,0.0,0,21,1,9,266,0,0,0,0.6819983600624985,0.7313537016191705,-3.6999999999999993,5.199999999999999,357
2025-09-23 22:00:00,24.66195150666666,9.4,9.1,58,0.0,73,0.0,0.0,0,22,1,9,266,0,0,0,0.848048096156426,0.5299192642332049,-2.0,5.6,357
2025-09-23 23:00:00,26.98691299999999,8.8,7.2,51,0.0,78,0.0,0.0,0,23,1,9,266,0,0,0,0.7771459614569709,0.6293203910498374,-1.299999999999999,6.199999999999999,357
2025-09-24 00:00:00,27.662395663333324,8.6,7.8,37,0.0,81,0.0,0.0,0,0,2,9,267,0,0,0,0.6018150231520483,0.7986355100472928,-1.200000000000001,6.4,358
2025-09-24 01:00:00,28.18733024,8.6,8.9,36,0.0,83,0.0,0.0,0,1,2,9,267,0,0,0,0.5877852522924731,0.8090169943749475,-0.8000000000000007,6.4,358
2025-09-24 02:00:00,28.862828229999995,8.6,9.4,47,0.0,86,0.0,0.0,0,2,2,9,267,0,0,0,0.7313537016191705,0.6819983600624985,-0.20000000000000107,6.4,358
2025-09-24 03:00:00,31.13839408166666,7.4,9.2,40,0.0,89,0.0,0.0,0,3,2,9,267,0,0,0,0.6427876096865393,0.766044443118978,-1.1999999999999993,7.6,358
2025-09-24 04:00:00,34.88819415416666,7.2,10.3,33,0.0,89,0.0,0.0,0,4,2,9,267,0,0,0,0.5446390350150271,0.838670567945424,-1.3999999999999995,7.8,358
2025-09-24 05:00:00,37.91472777083332,7.3,10.9,33,0.0,88,0.0,0.0,0,5,2,9,267,0,0,0,0.5446390350150271,0.838670567945424,-1.2999999999999998,7.7,358
2025-09-24 06:00:00,39.04866907583333,7.2,10.3,36,0.0,89,0.0,0.0,1,6,2,9,267,0,0,0,0.5877852522924731,0.8090169943749475,-0.20000000000000018,7.8,358
2025-09-24 07:00:00,35.22029966333333,7.1,9.2,40,0.0,90,0.0,0.0,0,7,2,9,267,0,0,0,0.6427876096865393,0.766044443118978,-0.10000000000000053,7.9,358
2025-09-24 08:00:00,28.06326079666666,7.7,9.6,38,20.0,91,0.0,0.0,0,8,2,9,267,0,0,0,0.6156614753256583,0.7880107536067219,0.40000000000000036,7.3,358
2025-09-24 09:00:00,25.81399965916666,10.0,10.4,39,132.0,86,0.0,0.0,0,9,2,9,267,0,0,0,0.6293203910498374,0.7771459614569709,2.8,5.0,358
2025-09-24 10:00:00,28.57633739916666,12.2,10.2,53,271.0,76,0.0,0.0,8,10,2,9,267,0,0,0,0.7986355100472928,0.6018150231520483,5.1,2.8000000000000007,358
2025-09-24 11:00:00,28.085718849999992,13.6,11.2,66,396.0,63,0.0,0.0,23,11,2,9,267,0,0,0,0.9135454576426009,0.4067366430758002,5.8999999999999995,1.4000000000000004,358
2025-09-24 12:00:00,27.761901409999993,14.4,12.0,81,489.0,55,0.0,0.0,20,12,2,9,267,0,0,0,0.9876883405951378,0.15643446504023092,4.4,0.5999999999999996,358
2025-09-24 13:00:00,27.28727518749999,14.9,12.8,88,545.0,50,0.0,0.0,20,13,2,9,267,0,0,0,0.9993908270190958,0.03489949670250108,2.700000000000001,0.09999999999999964,358
2025-09-24 14:00:00,26.96064389499999,15.2,14.3,83,555.0,47,0.0,0.0,3,14,2,9,267,0,0,0,0.992546151641322,0.12186934340514749,1.5999999999999996,0.0,358
2025-09-24 15:00:00,27.536382757499997,15.4,16.8,78,518.0,49,0.0,0.0,4,15,2,9,267,0,0,0,0.9781476007338056,0.20791169081775945,1.0,0.0,358
2025-09-24 16:00:00,29.3875819425,15.2,17.3,74,440.0,50,0.0,0.0,2,16,2,9,267,0,0,0,0.9612616959383189,0.27563735581699916,0.29999999999999893,0.0,358
2025-09-24 17:00:00,31.890323816666665,14.8,18.0,65,327.0,51,0.0,0.0,0,17,2,9,267,0,0,0,0.9063077870366499,0.42261826174069944,-0.3999999999999986,0.1999999999999993,358
2025-09-24 18:00:00,32.28554294166666,14.1,16.8,57,192.0,58,0.0,0.0,59,18,2,9,267,0,0,0,0.838670567945424,0.5446390350150271,-1.3000000000000007,0.9000000000000004,358
2025-09-24 19:00:00,31.688324541666663,12.8,17.3,60,60.0,63,0.0,0.0,91,19,2,9,267,0,0,0,0.8660254037844386,0.5000000000000001,-2.3999999999999986,2.1999999999999993,358
2025-09-24 20:00:00,30.386812046666662,12.1,16.3,65,1.0,66,0.0,0.0,91,20,2,9,267,0,0,0,0.9063077870366499,0.42261826174069944,-2.700000000000001,2.9000000000000004,358
2025-09-24 21:00:00,28.738608876666664,11.6,15.0,76,0.0,68,0.0,0.0,99,21,2,9,267,0,0,0,0.9702957262759965,0.24192189559966767,-2.5,3.4000000000000004,358
2025-09-24 22:00:00,27.687515679999994,11.2,14.8,81,0.0,70,0.0,0.0,95,22,2,9,267,0,0,0,0.9876883405951378,0.15643446504023092,-1.6000000000000014,3.8000000000000007,358
2025-09-24 23:00:00,27.08743455,11.0,13.9,86,0.0,74,0.0,0.0,75,23,2,9,267,0,0,0,0.9975640502598242,0.06975647374412523,-1.0999999999999996,4.0,358
2025-09-25 00:00:00,27.38654211999999,10.7,12.9,84,0.0,78,0.0,0.0,21,0,3,9,268,0,0,0,0.9945218953682733,0.10452846326765346,-0.9000000000000004,4.300000000000001,359
2025-09-25 01:00:00,27.63701730999999,10.6,12.6,81,0.0,78,0.0,0.0,40,1,3,9,268,0,0,0,0.9876883405951378,0.15643446504023092,-0.5999999999999996,4.4,359
2025-09-25 02:00:00,28.06127928666666,10.2,12.5,74,0.0,77,0.0,0.0,26,2,3,9,268,0,0,0,0.9612616959383189,0.27563735581699916,-0.8000000000000007,4.800000000000001,359
2025-09-25 03:00:00,30.06268129666666,9.5,13.7,67,0.0,84,0.0,0.0,0,3,3,9,268,0,0,0,0.9205048534524404,0.3907311284892737,-1.1999999999999993,5.5,359
2025-09-25 04:00:00,33.11235677666666,9.4,13.5,65,0.0,82,0.0,0.0,2,4,3,9,268,0,0,0,0.9063077870366499,0.42261826174069944,-1.1999999999999993,5.6,359
2025-09-25 05:00:00,34.86518435666665,9.4,13.8,68,0.0,81,0.0,0.0,12,5,3,9,268,0,0,0,0.9271838545667874,0.37460659341591196,-0.7999999999999989,5.6,359
2025-09-25 06:00:00,34.67423240999999,9.9,14.5,69,0.0,80,0.0,0.0,16,6,3,9,268,0,0,0,0.9335804264972017,0.3583679495453004,0.40000000000000036,5.1,359
2025-09-25 07:00:00,33.10654794333332,10.1,14.6,69,0.0,81,0.0,0.0,4,7,3,9,268,0,0,0,0.9335804264972017,0.3583679495453004,0.6999999999999993,4.9,359
2025-09-25 08:00:00,31.736313676666654,10.4,14.8,67,17.0,83,0.0,0.0,5,8,3,9,268,0,0,0,0.9205048534524404,0.3907311284892737,1.0,4.6,359
2025-09-25 09:00:00,29.66208151416666,12.1,16.4,75,119.0,78,0.0,0.0,38,9,3,9,268,0,0,0,0.9659258262890683,0.25881904510252074,2.1999999999999993,2.9000000000000004,359
2025-09-25 10:00:00,26.439385026666663,13.4,19.9,85,218.0,69,0.0,0.0,21,10,3,9,268,0,0,0,0.9961946980917455,0.08715574274765814,3.3000000000000007,1.5999999999999996,359
2025-09-25 11:00:00,25.73942848916666,14.1,20.6,85,357.0,65,0.0,0.0,24,11,3,9,268,0,0,0,0.9961946980917455,0.08715574274765814,3.6999999999999993,0.9000000000000004,359
2025-09-25 12:00:00,24.385884846666663,14.4,21.0,84,430.0,61,0.0,0.0,14,12,3,9,268,0,0,0,0.9945218953682733,0.10452846326765346,2.3000000000000007,0.5999999999999996,359
2025-09-25 13:00:00,24.637912257499995,15.0,24.2,87,481.0,57,0.0,0.0,34,13,3,9,268,0,0,0,0.9986295347545738,0.052335956242943966,1.5999999999999996,0.0,359
2025-09-25 14:00:00,25.161449399999995,14.9,24.1,84,433.0,58,0.0,0.0,100,14,3,9,268,0,0,0,0.9945218953682733,0.10452846326765346,0.8000000000000007,0.09999999999999964,359
2025-09-25 15:00:00,24.965879677499995,14.5,24.3,80,281.0,64,0.0,0.0,72,15,3,9,268,0,0,0,0.984807753012208,0.17364817766693041,0.09999999999999964,0.5,359
2025-09-25 16:00:00,26.313769078333333,14.8,26.7,78,293.0,61,0.0,0.0,54,16,3,9,268,0,0,0,0.9781476007338056,0.20791169081775945,-0.1999999999999993,0.1999999999999993,359
2025-09-25 17:00:00,28.413572887499996,14.6,26.2,74,240.0,63,0.0,0.0,77,17,3,9,268,0,0,0,0.9612616959383189,0.27563735581699916,-0.3000000000000007,0.40000000000000036,359
2025-09-25 18:00:00,29.290138376666658,14.1,24.6,71,119.0,68,0.0,0.0,35,18,3,9,268,0,0,0,0.9455185755993167,0.32556815445715676,-0.40000000000000036,0.9000000000000004,359
2025-09-25 19:00:00,28.41521950666666,13.5,23.6,78,49.0,69,0.0,0.0,37,19,3,9,268,0,0,0,0.9781476007338056,0.20791169081775945,-1.3000000000000007,1.5,359
2025-09-25 20:00:00,28.189269126666662,13.1,23.9,84,0.0,70,0.0,0.0,66,20,3,9,268,0,0,0,0.9945218953682733,0.10452846326765346,-1.5,1.9000000000000004,359
2025-09-25 21:00:00,26.289416059999997,13.2,23.8,88,0.0,68,0.0,0.0,69,21,3,9,268,0,0,0,0.9993908270190958,0.03489949670250108,-0.9000000000000004,1.8000000000000007,359
2025-09-25 22:00:00,24.339219409999995,13.1,21.8,87,0.0,71,0.0,0.0,33,22,3,9,268,0,0,0,0.9986295347545738,0.052335956242943966,-0.40000000000000036,1.9000000000000004,359
2025-09-25 23:00:00,24.037735889999997,12.8,18.7,82,0.0,74,0.0,0.0,31,23,3,9,268,0,0,0,0.9902680687415704,0.13917310096006547,-0.29999999999999893,2.1999999999999993,359
2025-09-26 00:00:00,23.76231864999999,12.9,17.2,85,0.0,73,0.0,0.0,36,0,4,9,269,0,0,0,0.9961946980917455,0.08715574274765814,-0.29999999999999893,2.0999999999999996,360
2025-09-26 01:00:00,23.862422959999996,12.6,14.2,98,0.0,69,0.0,0.0,44,1,4,9,269,0,0,0,0.9902680687415704,-0.13917310096006535,-0.5,2.4000000000000004,360
2025-09-26 02:00:00,24.862156389999996,12.4,14.7,110,0.0,62,0.0,0.0,30,2,4,9,269,0,0,0,0.9396926207859084,-0.3420201433256687,-0.40000000000000036,2.5999999999999996,360
2025-09-26 03:00:00,26.138303419999996,12.2,16.4,91,0.0,81,0.0,0.0,15,3,4,9,269,0,0,0,0.9998476951563913,-0.017452406437283477,-0.7000000000000011,2.8000000000000007,360
2025-09-26 04:00:00,28.96518473666666,11.9,15.7,94,0.0,71,0.0,0.0,61,4,4,9,269,0,0,0,0.9975640502598242,-0.06975647374412533,-0.6999999999999993,3.0999999999999996,360
2025-09-26 05:00:00,28.67038864666666,11.7,16.6,89,0.0,68,0.0,0.0,54,5,4,9,269,0,0,0,0.9998476951563913,0.0174524064372836,-0.7000000000000011,3.3000000000000007,360
2025-09-26 06:00:00,27.10821522499999,11.4,17.8,81,0.0,79,0.0,0.0,31,6,4,9,269,0,0,0,0.9876883405951378,0.15643446504023092,-0.7999999999999989,3.5999999999999996,360
2025-09-26 07:00:00,29.90676441666665,11.4,19.7,81,0.0,83,0.0,0.0,20,7,4,9,269,0,0,0,0.9876883405951378,0.15643446504023092,-0.5,3.5999999999999996,360
2025-09-26 08:00:00,29.39230037083332,11.6,20.1,83,16.0,81,0.0,0.0,65,8,4,9,269,0,0,0,0.992546151641322,0.12186934340514749,-0.09999999999999964,3.4000000000000004,360
2025-09-26 09:00:00,28.43940614833333,12.6,22.0,86,103.0,77,0.0,0.0,53,9,4,9,269,0,0,0,0.9975640502598242,0.06975647374412523,1.1999999999999993,2.4000000000000004,360
2025-09-26 10:00:00,28.238237616666662,13.5,26.4,94,205.0,71,0.0,0.0,52,10,4,9,269,0,0,0,0.9975640502598242,-0.06975647374412533,2.0999999999999996,1.5,360
2025-09-26 11:00:00,26.61372439666666,14.1,27.4,96,316.0,68,0.0,0.0,31,11,4,9,269,0,0,0,0.9945218953682733,-0.10452846326765355,2.5,0.9000000000000004,360
2025-09-26 12:00:00,25.264619724166664,14.6,27.5,99,441.0,65,0.0,0.0,10,12,4,9,269,0,0,0,0.9876883405951378,-0.1564344650402308,2.0,0.40000000000000036,360
2025-09-26 13:00:00,24.76247267666666,14.9,27.7,99,520.0,60,0.0,0.0,95,13,4,9,269,0,0,0,0.9876883405951378,-0.1564344650402308,1.4000000000000004,0.09999999999999964,360
2025-09-26 14:00:00,24.41292216916666,15.1,27.8,99,527.0,54,0.0,0.0,97,14,4,9,269,0,0,0,0.9876883405951378,-0.1564344650402308,1.0,0.0,360
2025-09-26 15:00:00,24.938386608333328,15.8,28.8,97,497.0,39,0.0,0.0,27,15,4,9,269,0,0,0,0.9925461516413221,-0.12186934340514737,1.200000000000001,0.0,360
2025-09-26 16:00:00,26.28801656749999,15.4,28.0,96,412.0,46,0.0,0.0,71,16,4,9,269,0,0,0,0.9945218953682733,-0.10452846326765355,0.5,0.0,360
2025-09-26 17:00:00,28.213533161666657,14.9,26.8,92,310.0,54,0.0,0.0,35,17,4,9,269,0,0,0,0.9993908270190958,-0.034899496702500955,-0.1999999999999993,0.09999999999999964,360
2025-09-26 18:00:00,29.81285514666666,14.2,24.9,93,175.0,60,0.0,0.0,32,18,4,9,269,0,0,0,0.9986295347545738,-0.05233595624294384,-1.6000000000000014,0.8000000000000007,360
2025-09-26 19:00:00,28.062446599166663,13.2,24.0,93,50.0,66,0.0,0.0,6,19,4,9,269,0,0,0,0.9986295347545738,-0.05233595624294384,-2.200000000000001,1.8000000000000007,360
2025-09-26 20:00:00,26.715454204166665,12.9,23.6,93,0.0,67,0.0,0.0,43,20,4,9,269,0,0,0,0.9986295347545738,-0.05233595624294384,-2.0,2.0999999999999996,360
2025-09-26 21:00:00,25.212600546666664,12.9,22.8,95,0.0,69,0.0,0.0,11,21,4,9,269,0,0,0,0.9961946980917455,-0.08715574274765824,-1.299999999999999,2.0999999999999996,360
2025-09-26 22:00:00,24.412127414999993,12.9,21.7,94,0.0,73,0.0,0.0,29,22,4,9,269,0,0,0,0.9975640502598242,-0.06975647374412533,-0.29999999999999893,2.0999999999999996,360
2025-09-26 23:00:00,23.587144799999994,13.0,21.5,94,0.0,73,0.0,0.0,27,23,4,9,269,0,0,0,0.9975640502598242,-0.06975647374412533,0.09999999999999964,2.0,360
2025-09-27 00:00:00,23.162634477499996,13.1,21.2,100,0.0,71,0.0,0.0,47,0,5,9,270,1,0,0,0.984807753012208,-0.1736481776669303,0.1999999999999993,1.9000000000000004,361
2025-09-27 01:00:00,23.538999199999992,12.9,20.6,108,0.0,67,0.0,0.0,38,1,5,9,270,1,0,0,0.9510565162951536,-0.30901699437494734,0.0,2.0999999999999996,361
2025-09-27 02:00:00,23.438880402499993,12.7,19.7,111,0.0,64,0.0,0.0,75,2,5,9,270,1,0,0,0.9335804264972017,-0.35836794954530027,-0.3000000000000007,2.3000000000000007,361
2025-09-27 03:00:00,24.687699900833326,13.3,17.9,105,0.0,65,0.0,0.0,64,3,5,9,270,1,0,0,0.9659258262890683,-0.25881904510252085,0.20000000000000107,1.6999999999999993,361
2025-09-27 04:00:00,24.909556952499997,13.1,17.6,105,0.0,68,0.0,0.0,12,4,5,9,270,1,0,0,0.9659258262890683,-0.25881904510252085,0.1999999999999993,1.9000000000000004,361
2025-09-27 05:00:00,26.937768221666666,12.4,17.2,100,0.0,74,0.0,0.0,5,5,5,9,270,1,0,0,0.984807753012208,-0.1736481776669303,-0.29999999999999893,2.5999999999999996,361
2025-09-27 06:00:00,29.498920699166653,12.3,17.9,100,0.0,76,0.0,0.0,2,6,5,9,270,1,0,0,0.984807753012208,-0.1736481776669303,-1.0,2.6999999999999993,361
2025-09-27 07:00:00,30.695930479166655,12.2,19.0,103,0.0,76,0.0,0.0,17,7,5,9,270,1,0,0,0.9743700647852352,-0.22495105434386503,-0.9000000000000004,2.8000000000000007,361
2025-09-27 08:00:00,29.689245946666656,12.4,20.9,103,13.0,75,0.0,0.0,5,8,5,9,270,1,0,0,0.9743700647852352,-0.22495105434386503,0.0,2.5999999999999996,361
2025-09-27 09:00:00,27.83810143416666,13.2,21.3,108,109.0,72,0.0,0.0,1,9,5,9,270,1,0,0,0.9510565162951536,-0.30901699437494734,0.8999999999999986,1.8000000000000007,361
2025-09-27 10:00:00,27.263437544166663,13.9,21.7,112,240.0,68,0.0,0.0,1,10,5,9,270,1,0,0,0.9271838545667874,-0.37460659341591207,1.700000000000001,1.0999999999999996,361
2025-09-27 11:00:00,27.662608859166667,14.3,20.7,109,360.0,67,0.0,0.0,33,11,5,9,270,1,0,0,0.9455185755993168,-0.32556815445715664,1.9000000000000004,0.6999999999999993,361
2025-09-27 12:00:00,27.26263493666666,14.7,21.3,105,430.0,66,0.0,0.0,100,12,5,9,270,1,0,0,0.9659258262890683,-0.25881904510252085,1.5,0.3000000000000007,361
2025-09-27 13:00:00,26.08863167666666,14.6,20.2,103,330.0,68,0.0,0.0,80,13,5,9,270,1,0,0,0.9743700647852352,-0.22495105434386503,0.6999999999999993,0.40000000000000036,361
2025-09-27 14:00:00,25.03723797916666,14.9,20.8,99,391.0,68,0.0,0.0,12,14,5,9,270,1,0,0,0.9876883405951378,-0.1564344650402308,0.5999999999999996,0.09999999999999964,361
2025-09-27 15:00:00,24.786233765833323,15.6,20.8,100,432.0,64,0.0,0.0,30,15,5,9,270,1,0,0,0.984807753012208,-0.1736481776669303,0.9000000000000004,0.0,361
2025-09-27 16:00:00,26.038281079166666,15.5,20.4,100,364.0,64,0.0,0.0,3,16,5,9,270,1,0,0,0.984807753012208,-0.1736481776669303,0.9000000000000004,0.0,361
2025-09-27 17:00:00,27.988081151666663,15.2,20.6,102,280.0,64,0.0,0.0,12,17,5,9,270,1,0,0,0.9781476007338057,-0.20791169081775934,0.29999999999999893,0.0,361
2025-09-27 18:00:00,28.81432417916666,14.8,19.3,104,159.0,67,0.0,0.0,12,18,5,9,270,1,0,0,0.9702957262759965,-0.24192189559966779,-0.7999999999999989,0.1999999999999993,361
2025-09-27 19:00:00,27.33812461416666,13.9,17.4,106,44.0,72,0.0,0.0,17,19,5,9,270,1,0,0,0.9612616959383189,-0.27563735581699905,-1.5999999999999996,1.0999999999999996,361
2025-09-27 20:00:00,26.286759891666662,13.4,15.3,111,0.0,75,0.0,0.0,23,20,5,9,270,1,0,0,0.9335804264972017,-0.35836794954530027,-1.799999999999999,1.5999999999999996,361
2025-09-27 21:00:00,25.25881930916666,13.1,13.4,110,0.0,79,0.0,0.0,25,21,5,9,270,1,0,0,0.9396926207859084,-0.3420201433256687,-1.700000000000001,1.9000000000000004,361
2025-09-27 22:00:00,23.81067576749999,12.8,13.0,108,0.0,81,0.0,0.0,28,22,5,9,270,1,0,0,0.9510565162951536,-0.30901699437494734,-1.0999999999999996,2.1999999999999993,361
2025-09-27 23:00:00,23.21060622749999,12.6,13.7,107,0.0,83,0.0,0.0,21,23,5,9,270,1,0,0,0.9563047559630355,-0.29237170472273666,-0.8000000000000007,2.4000000000000004,361
2025-09-28 00:00:00,22.713115462499992,12.5,13.5,109,0.0,84,0.0,0.0,12,0,6,9,271,1,0,0,0.9455185755993168,-0.32556815445715664,-0.5999999999999996,2.5,362
2025-09-28 01:00:00,23.110649689999992,12.2,12.6,109,0.0,85,0.0,0.0,26,1,6,9,271,1,0,0,0.9455185755993168,-0.32556815445715664,-0.6000000000000014,2.8000000000000007,362
2025-09-28 02:00:00,23.386458092499993,12.0,12.2,106,0.0,85,0.0,0.0,18,2,6,9,271,1,0,0,0.9612616959383189,-0.27563735581699905,-0.5999999999999996,3.0,362
2025-09-28 03:00:00,24.284910827499992,13.1,12.3,101,0.0,80,0.0,0.0,100,3,6,9,271,1,0,0,0.981627183447664,-0.1908089953765448,0.5999999999999996,1.9000000000000004,362
2025-09-28 04:00:00,25.237486324999995,12.8,10.8,111,0.0,81,0.0,0.0,16,4,6,9,271,1,0,0,0.9335804264972017,-0.35836794954530027,0.6000000000000014,2.1999999999999993,362
2025-09-28 05:00:00,26.487872531666664,11.6,9.3,118,0.0,86,0.0,0.0,2,5,6,9,271,1,0,0,0.8829475928589269,-0.4694715627858909,-0.40000000000000036,3.4000000000000004,362
2025-09-28 06:00:00,28.674123524166657,10.9,9.9,111,0.0,89,0.0,0.0,25,6,6,9,271,1,0,0,0.9335804264972017,-0.35836794954530027,-2.1999999999999993,4.1,362
2025-09-28 07:00:00,30.666340839166654,11.1,10.7,107,0.0,87,0.0,0.0,43,7,6,9,271,1,0,0,0.9563047559630355,-0.29237170472273666,-1.700000000000001,3.9000000000000004,362
2025-09-28 08:00:00,28.81214525916666,11.6,11.8,106,10.0,84,0.0,0.0,52,8,6,9,271,1,0,0,0.9612616959383189,-0.27563735581699905,0.0,3.4000000000000004,362
2025-09-28 09:00:00,27.03969505916666,12.8,11.0,105,99.0,81,0.0,0.0,100,9,6,9,271,1,0,0,0.9659258262890683,-0.25881904510252085,1.9000000000000004,2.1999999999999993,362
2025-09-28 10:00:00,25.56239154666666,14.1,12.0,107,183.0,75,0.0,0.0,87,10,6,9,271,1,0,0,0.9563047559630355,-0.29237170472273666,3.0,0.9000000000000004,362
2025-09-28 11:00:00,24.51346194333333,15.2,14.2,103,302.0,68,0.0,0.0,13,11,6,9,271,1,0,0,0.9743700647852352,-0.22495105434386503,3.5999999999999996,0.0,362
2025-09-28 12:00:00,24.011136089999994,16.0,15.6,105,445.0,62,0.0,0.0,3,12,6,9,271,1,0,0,0.9659258262890683,-0.25881904510252085,3.1999999999999993,0.0,362
2025-09-28 13:00:00,23.235359939999995,16.4,16.4,105,511.0,57,0.0,0.0,55,13,6,9,271,1,0,0,0.9659258262890683,-0.25881904510252085,2.299999999999999,0.0,362
2025-09-28 14:00:00,23.085278809999995,16.4,16.6,103,526.0,54,0.0,0.0,80,14,6,9,271,1,0,0,0.9743700647852352,-0.22495105434386503,1.1999999999999993,0.0,362
2025-09-28 15:00:00,23.610133934999993,16.8,16.1,100,491.0,53,0.0,0.0,70,15,6,9,271,1,0,0,0.984807753012208,-0.1736481776669303,0.8000000000000007,0.0,362
2025-09-28 16:00:00,25.53665763999999,16.4,15.5,99,414.0,56,0.0,0.0,82,16,6,9,271,1,0,0,0.9876883405951378,-0.1564344650402308,0.0,0.0,362
2025-09-28 17:00:00,27.76340277416666,15.7,14.9,99,302.0,61,0.0,0.0,80,17,6,9,271,1,0,0,0.9876883405951378,-0.1564344650402308,-0.6999999999999993,0.0,362
2025-09-28 18:00:00,28.512298826666655,14.9,13.1,99,169.0,66,0.0,0.0,86,18,6,9,271,1,0,0,0.9876883405951378,-0.1564344650402308,-1.9000000000000004,0.09999999999999964,362
2025-09-28 19:00:00,27.661951126666665,13.3,11.6,98,44.0,74,0.0,0.0,98,19,6,9,271,1,0,0,0.9902680687415704,-0.13917310096006535,-3.099999999999998,1.6999999999999993,362
2025-09-28 20:00:00,25.663272386666662,12.6,14.0,103,0.0,79,0.0,0.0,92,20,6,9,271,1,0,0,0.9743700647852352,-0.22495105434386503,-3.0999999999999996,2.4000000000000004,362
2025-09-28 21:00:00,24.27354832583333,12.6,15.3,102,0.0,80,0.0,0.0,57,21,6,9,271,1,0,0,0.9781476007338057,-0.20791169081775934,-2.3000000000000007,2.4000000000000004,362
2025-09-28 22:00:00,23.661626986666665,12.2,15.4,101,0.0,84,0.0,0.0,36,22,6,9,271,1,0,0,0.981627183447664,-0.1908089953765448,-1.1000000000000014,2.8000000000000007,362
2025-09-28 23:00:00,23.38882534999999,11.9,13.9,104,0.0,88,0.0,0.0,64,23,6,9,271,1,0,0,0.9702957262759965,-0.24192189559966779,-0.6999999999999993,3.0999999999999996,362
2025-09-29 00:00:00,23.488361749999992,11.6,11.3,110,0.0,90,0.0,0.0,9,0,0,9,272,0,0,0,0.9396926207859084,-0.3420201433256687,-1.0,3.4000000000000004,363
2025-09-29 01:00:00,23.86195935999999,10.9,9.6,116,0.0,90,0.0,0.0,0,1,0,9,272,0,0,0,0.8987940462991669,-0.4383711467890775,-1.299999999999999,4.1,363
2025-09-29 02:00:00,23.960116549999995,10.6,9.7,118,0.0,91,0.0,0.0,0,2,0,9,272,0,0,0,0.8829475928589269,-0.4694715627858909,-1.3000000000000007,4.4,363
2025-09-29 03:00:00,26.011916736666663,9.9,10.0,113,0.0,93,0.0,0.0,0,3,0,9,272,0,0,0,0.9205048534524403,-0.39073112848927377,-1.6999999999999993,5.1,363
2025-09-29 04:00:00,28.58836220916666,9.6,9.8,116,0.0,93,0.0,0.0,0,4,0,9,272,0,0,0,0.8987940462991669,-0.4383711467890775,-1.3000000000000007,5.4,363
2025-09-29 05:00:00,31.112449496666652,9.2,9.8,121,0.0,94,0.0,0.0,0,5,0,9,272,0,0,0,0.8571673007021123,-0.5150380749100543,-1.4000000000000004,5.800000000000001,363
2025-09-29 06:00:00,32.04709901083332,8.8,9.9,123,0.0,94,0.0,0.0,0,6,0,9,272,0,0,0,0.838670567945424,-0.5446390350150272,-1.0999999999999996,6.199999999999999,363
2025-09-29 07:00:00,32.79318037166666,8.4,9.8,120,0.0,94,0.0,0.0,0,7,0,9,272,0,0,0,0.8660254037844387,-0.49999999999999983,-1.1999999999999993,6.6,363
2025-09-29 08:00:00,31.49831240916666,8.6,11.8,118,11.0,94,0.0,0.0,0,8,0,9,272,0,0,0,0.8829475928589269,-0.4694715627858909,-0.5999999999999996,6.4,363
2025-09-29 09:00:00,29.637411829166663,10.4,13.0,119,108.0,90,0.0,0.0,0,9,0,9,272,0,0,0,0.8746197071393959,-0.484809620246337,1.5999999999999996,4.6,363
2025-09-29 10:00:00,27.685634822499996,12.2,10.6,125,239.0,82,0.0,0.0,0,10,0,9,272,0,0,0,0.8191520442889917,-0.5735764363510462,3.799999999999999,2.8000000000000007,363
2025-09-29 11:00:00,26.584786234999992,13.8,10.2,129,360.0,74,0.0,0.0,0,11,0,9,272,0,0,0,0.777145961456971,-0.6293203910498373,5.200000000000001,1.1999999999999993,363
2025-09-29 12:00:00,26.259652949999996,15.1,11.3,129,451.0,66,0.0,0.0,4,12,0,9,272,0,0,0,0.777145961456971,-0.6293203910498373,4.699999999999999,0.0,363
2025-09-29 13:00:00,26.81160006999999,15.9,13.7,125,500.0,59,0.0,0.0,19,13,0,9,272,0,0,0,0.8191520442889917,-0.5735764363510462,3.700000000000001,0.0,363
2025-09-29 14:00:00,26.70996587999999,16.4,16.8,127,508.0,56,0.0,0.0,88,14,0,9,272,0,0,0,0.7986355100472927,-0.6018150231520484,2.599999999999998,0.0,363
2025-09-29 15:00:00,27.28496008499999,15.9,15.8,120,292.0,58,0.0,0.0,44,15,0,9,272,0,0,0,0.8660254037844387,-0.49999999999999983,0.8000000000000007,0.0,363
2025-09-29 16:00:00,28.760272634999993,15.8,15.5,116,332.0,59,0.0,0.0,69,16,0,9,272,0,0,0,0.8987940462991669,-0.4383711467890775,-0.09999999999999964,0.0,363
2025-09-29 17:00:00,31.410963079166656,15.1,16.2,111,225.0,63,0.0,0.0,74,17,0,9,272,0,0,0,0.9335804264972017,-0.35836794954530027,-1.299999999999999,0.0,363
2025-09-29 18:00:00,31.863602701666657,14.5,14.0,105,133.0,65,0.0,0.0,28,18,0,9,272,0,0,0,0.9659258262890683,-0.25881904510252085,-1.4000000000000004,0.5,363
2025-09-29 19:00:00,31.08718582416666,13.1,12.1,97,35.0,70,0.0,0.0,20,19,0,9,272,0,0,0,0.9925461516413221,-0.12186934340514737,-2.700000000000001,1.9000000000000004,363
2025-09-29 20:00:00,29.812151054166662,12.4,12.8,92,0.0,72,0.0,0.0,33,20,0,9,272,0,0,0,0.9993908270190958,-0.034899496702500955,-2.6999999999999993,2.5999999999999996,363
2025-09-29 21:00:00,28.236582305,12.1,12.7,98,0.0,74,0.0,0.0,47,21,0,9,272,0,0,0,0.9902680687415704,-0.13917310096006535,-2.4000000000000004,2.9000000000000004,363
2025-09-29 22:00:00,27.211275549999993,11.7,11.5,93,0.0,78,0.0,0.0,19,22,0,9,272,0,0,0,0.9986295347545738,-0.05233595624294384,-1.4000000000000004,3.3000000000000007,363
2025-09-29 23:00:00,26.81108431499999,11.3,12.1,89,0.0,82,0.0,0.0,17,23,0,9,272,0,0,0,0.9998476951563913,0.0174524064372836,-1.0999999999999996,3.6999999999999993,363
2025-09-30 00:00:00,26.18495428999999,10.9,15.1,98,0.0,85,0.0,0.0,44,0,1,9,273,0,0,0,0.9902680687415704,-0.13917310096006535,-1.1999999999999993,4.1,364
2025-09-30 01:00:00,26.25896334499999,10.7,13.0,80,0.0,90,0.0,0.0,63,1,1,9,273,0,0,0,0.984807753012208,0.17364817766693041,-1.0,4.300000000000001,364
2025-09-30 02:00:00,27.136301627499993,11.1,10.8,94,0.0,89,0.0,0.0,50,2,1,9,273,0,0,0,0.9975640502598242,-0.06975647374412533,-0.20000000000000107,3.9000000000000004,364
2025-09-30 03:00:00,28.811965994166663,11.4,11.7,89,0.0,91,0.0,0.0,74,3,1,9,273,0,0,0,0.9998476951563913,0.0174524064372836,0.5,3.5999999999999996,364
2025-09-30 04:00:00,31.513490538333325,11.4,12.4,100,0.0,90,0.0,0.0,74,4,1,9,273,0,0,0,0.984807753012208,-0.1736481776669303,0.7000000000000011,3.5999999999999996,364
2025-09-30 05:00:00,34.26258072333332,11.4,13.2,101,0.0,89,0.0,0.0,100,5,1,9,273,0,0,0,0.981627183447664,-0.1908089953765448,0.3000000000000007,3.5999999999999996,364
2025-09-30 06:00:00,34.99846167499999,11.6,13.6,105,0.0,88,0.0,0.0,100,6,1,9,273,0,0,0,0.9659258262890683,-0.25881904510252085,0.1999999999999993,3.4000000000000004,364
2025-09-30 07:00:00,34.16978764499999,11.4,14.1,111,0.0,87,0.0,0.0,100,7,1,9,273,0,0,0,0.9335804264972017,-0.35836794954530027,0.0,3.5999999999999996,364
2025-09-30 08:00:00,33.061177494166664,11.6,13.8,114,3.0,84,0.0,0.0,100,8,1,9,273,0,0,0,0.9135454576426009,-0.40673664307580026,0.1999999999999993,3.4000000000000004,364
2025-09-30 09:00:00,31.36252772916666,12.1,13.7,115,31.0,81,0.0,0.0,100,9,1,9,273,0,0,0,0.90630778703665,-0.42261826174069933,0.5,2.9000000000000004,364
2025-09-30 10:00:00,31.16287542916666,12.6,13.7,107,65.0,80,0.0,0.0,98,10,1,9,273,0,0,0,0.9563047559630355,-0.29237170472273666,1.1999999999999993,2.4000000000000004,364
2025-09-30 11:00:00,30.36145855166666,13.1,15.3,109,112.0,75,0.0,0.0,95,11,1,9,273,0,0,0,0.9455185755993168,-0.32556815445715664,1.5,1.9000000000000004,364
2025-09-30 12:00:00,29.885369091666664,13.8,16.0,115,217.0,67,0.0,0.0,93,12,1,9,273,0,0,0,0.90630778703665,-0.42261826174069933,1.700000000000001,1.1999999999999993,364
2025-09-30 13:00:00,29.862098899166664,14.2,15.8,114,301.0,60,0.0,0.0,89,13,1,9,273,0,0,0,0.9135454576426009,-0.40673664307580026,1.5999999999999996,0.8000000000000007,364
2025-09-30 14:00:00,30.210131876666665,14.4,14.7,109,316.0,58,0.0,0.0,45,14,1,9,273,0,0,0,0.9455185755993168,-0.32556815445715664,1.3000000000000007,0.5999999999999996,364
2025-09-30 15:00:00,30.559756879999995,14.6,14.2,103,398.0,55,0.0,0.0,13,15,1,9,273,0,0,0,0.9743700647852352,-0.22495105434386503,0.7999999999999989,0.40000000000000036,364
2025-09-30 16:00:00,33.313014509166656,14.3,14.3,100,356.0,56,0.0,0.0,8,16,1,9,273,0,0,0,0.984807753012208,-0.1736481776669303,0.10000000000000142,0.6999999999999993,364
2025-09-30 17:00:00,35.538124614166655,13.7,14.2,98,249.0,58,0.0,0.0,9,17,1,9,273,0,0,0,0.9902680687415704,-0.13917310096006535,-0.7000000000000011,1.3000000000000007,364
2025-09-30 18:00:00,36.51337959416666,12.9,12.3,96,148.0,62,0.0,0.0,8,18,1,9,273,0,0,0,0.9945218953682733,-0.10452846326765355,-1.6999999999999993,2.0999999999999996,364
2025-09-30 19:00:00,35.73786673666665,11.4,10.6,100,35.0,68,0.0,0.0,5,19,1,9,273,0,0,0,0.984807753012208,-0.1736481776669303,-2.9000000000000004,3.5999999999999996,364
2025-09-30 20:00:00,33.78685840666666,10.6,11.3,104,0.0,71,0.0,0.0,4,20,1,9,273,0,0,0,0.9702957262759965,-0.24192189559966779,-3.0999999999999996,4.4,364
2025-09-30 21:00:00,32.01240313666666,10.1,10.5,106,0.0,70,0.0,0.0,4,21,1,9,273,0,0,0,0.9612616959383189,-0.27563735581699905,-2.8000000000000007,4.9,364
2025-09-30 22:00:00,30.412264056666665,9.3,7.8,105,0.0,73,0.0,0.0,29,22,1,9,273,0,0,0,0.9659258262890683,-0.25881904510252085,-2.0999999999999996,5.699999999999999,364
2025-09-30 23:00:00,30.064101071666663,9.4,9.4,95,0.0,75,0.0,0.0,22,23,1,9,273,0,0,0,0.9961946980917455,-0.08715574274765824,-1.1999999999999993,5.6,364
2025-10-01 00:00:00,30.211904766666663,9.4,10.3,93,0.0,80,0.0,0.0,19,0,2,10,274,0,0,0,0.9986295347545738,-0.05233595624294384,-0.6999999999999993,5.6,0
2025-10-01 01:00:00,30.713127511666663,9.1,8.6,106,0.0,81,0.0,0.0,13,1,2,10,274,0,0,0,0.9612616959383189,-0.27563735581699905,-0.20000000000000107,5.9,0
2025-10-01 02:00:00,32.06380262916666,7.6,10.9,129,0.0,83,0.0,0.0,2,2,2,10,274,0,0,0,0.777145961456971,-0.6293203910498373,-1.8000000000000007,7.4,0
2025-10-01 03:00:00,34.08899386416665,6.6,10.2,129,0.0,87,0.0,0.0,0,3,2,10,274,0,0,0,0.777145961456971,-0.6293203910498373,-2.8000000000000007,8.4,0
2025-10-01 04:00:00,37.16532633416666,6.0,10.1,131,0.0,88,0.0,0.0,2,4,2,10,274,0,0,0,0.7547095802227721,-0.6560590289905072,-3.0999999999999996,9.0,0
2025-10-01 05:00:00,40.26679872333331,5.7,10.4,136,0.0,88,0.0,0.0,0,5,2,10,274,0,0,0,0.6946583704589971,-0.7193398003386513,-1.8999999999999995,9.3,0
2025-10-01 06:00:00,41.87406938999998,5.4,9.4,138,0.0,88,0.0,0.0,0,6,2,10,274,0,0,0,0.6691306063588585,-0.743144825477394,-1.1999999999999993,9.6,0
2025-10-01 07:00:00,40.67024674833332,5.0,8.6,141,0.0,88,0.0,0.0,0,7,2,10,274,0,0,0,0.6293203910498374,-0.7771459614569709,-1.0,10.0,0
2025-10-01 08:00:00,40.28926379083333,4.9,9.7,141,9.0,88,0.0,0.0,0,8,2,10,274,0,0,0,0.6293203910498374,-0.7771459614569709,-0.7999999999999998,10.1,0
2025-10-01 09:00:00,36.88781252333333,6.7,10.6,138,101.0,82,0.0,0.0,0,9,2,10,274,0,0,0,0.6691306063588585,-0.743144825477394,1.2999999999999998,8.3,0
2025-10-01 10:00:00,34.05169958666666,9.1,8.0,136,233.0,75,0.0,0.0,0,10,2,10,274,0,0,0,0.6946583704589971,-0.7193398003386513,4.1,5.9,0
2025-10-01 11:00:00,33.114350256666654,10.9,10.3,140,347.0,66,0.0,0.0,0,11,2,10,274,0,0,0,0.6427876096865395,-0.7660444431189779,6.0,4.1,0
2025-10-01 12:00:00,32.36428940916666,11.9,12.7,144,449.0,61,0.0,0.0,20,12,2,10,274,0,0,0,0.5877852522924732,-0.8090169943749473,5.2,3.0999999999999996,0
2025-10-01 13:00:00,31.43808984416666,12.7,14.7,157,475.0,54,0.0,0.0,68,13,2,10,274,0,0,0,0.39073112848927377,-0.9205048534524404,3.5999999999999996,2.3000000000000007,0
2025-10-01 14:00:00,31.410873256666655,12.1,13.6,148,380.0,58,0.0,0.0,60,14,2,10,274,0,0,0,0.529919264233205,-0.848048096156426,1.1999999999999993,2.9000000000000004,0
2025-10-01 15:00:00,32.562455291666666,13.0,13.0,154,316.0,54,0.0,0.0,100,15,2,10,274,0,0,0,0.4383711467890773,-0.898794046299167,1.0999999999999996,2.0,0
2025-10-01 16:00:00,35.06133685666665,12.9,11.0,156,189.0,54,0.0,0.0,59,16,2,10,274,0,0,0,0.40673664307580043,-0.9135454576426008,0.20000000000000107,2.0999999999999996,0
2025-10-01 17:00:00,38.41338828666665,12.9,10.0,152,187.0,53,0.0,0.0,95,17,2,10,274,0,0,0,0.4694715627858907,-0.882947592858927,0.8000000000000007,2.0999999999999996,0
2025-10-01 18:00:00,39.43802899666665,12.2,7.1,137,112.0,60,0.0,0.0,1,18,2,10,274,0,0,0,0.6819983600624986,-0.7313537016191705,-0.8000000000000007,2.8000000000000007,0
2025-10-01 19:00:00,37.7631031125,9.6,5.7,127,31.0,73,0.0,0.0,5,19,2,10,274,0,0,0,0.7986355100472927,-0.6018150231520484,-3.3000000000000007,5.4,0
2025-10-01 20:00:00,36.32525541249999,9.6,8.0,108,0.0,73,0.0,0.0,44,20,2,10,274,0,0,0,0.9510565162951536,-0.30901699437494734,-3.3000000000000007,5.4,0
2025-10-01 21:00:00,33.712802991666656,8.9,9.0,123,0.0,76,0.0,0.0,36,21,2,10,274,0,0,0,0.838670567945424,-0.5446390350150272,-3.299999999999999,6.1,0
2025-10-01 22:00:00,32.41313620416666,8.7,11.6,138,0.0,76,0.0,0.0,13,22,2,10,274,0,0,0,0.6691306063588585,-0.743144825477394,-0.9000000000000004,6.300000000000001,0
2025-10-01 23:00:00,32.213683831666664,8.2,11.8,140,0.0,79,0.0,0.0,3,23,2,10,274,0,0,0,0.6427876096865395,-0.7660444431189779,-1.4000000000000004,6.800000000000001,0
2025-10-02 00:00:00,32.41333902916666,7.7,10.1,145,0.0,83,0.0,0.0,0,0,3,10,275,0,0,0,0.5735764363510459,-0.8191520442889919,-1.2000000000000002,7.3,1
2025-10-02 01:00:00,32.63799132916666,7.2,9.5,153,0.0,86,0.0,0.0,0,1,3,10,275,0,0,0,0.45399049973954686,-0.8910065241883678,-1.4999999999999991,7.8,1
2025-10-02 02:00:00,32.83713656666666,7.3,9.5,155,0.0,85,0.0,0.0,0,2,3,10,275,0,0,0,0.4226182617406995,-0.9063077870366499,-0.8999999999999995,7.7,1
2025-10-02 03:00:00,34.88809274166666,6.4,8.8,163,0.0,88,0.0,0.0,60,3,3,10,275,0,0,0,0.2923717047227366,-0.9563047559630355,-1.2999999999999998,8.6,1
2025-10-02 04:00:00,40.26482216916665,7.1,9.0,165,0.0,85,0.0,0.0,92,4,3,10,275,0,0,0,0.258819045102521,-0.9659258262890682,-0.10000000000000053,7.9,1
2025-10-02 05:00:00,44.24159421999998,7.1,8.9,156,0.0,84,0.0,0.0,55,5,3,10,275,0,0,0,0.40673664307580043,-0.9135454576426008,-0.20000000000000018,7.9,1
2025-10-02 06:00:00,45.37552972999999,6.4,8.4,152,0.0,88,0.0,0.0,15,6,3,10,275,0,0,0,0.4694715627858907,-0.882947592858927,0.0,8.6,1
2025-10-02 07:00:00,41.96852273583332,5.4,8.0,157,0.0,90,0.0,0.0,4,7,3,10,275,0,0,0,0.39073112848927377,-0.9205048534524404,-1.6999999999999993,9.6,1
2025-10-02 08:00:00,37.83779475833333,5.4,9.3,144,8.0,90,0.0,0.0,0,8,3,10,275,0,0,0,0.5877852522924732,-0.8090169943749473,-1.6999999999999993,9.6,1
2025-10-02 09:00:00,35.689738980833326,7.1,10.4,141,97.0,82,0.0,0.0,13,9,3,10,275,0,0,0,0.6293203910498374,-0.7771459614569709,0.6999999999999993,7.9,1
2025-10-02 10:00:00,34.42536990833332,9.2,8.2,144,230.0,77,0.0,0.0,14,10,3,10,275,0,0,0,0.5877852522924732,-0.8090169943749473,3.799999999999999,5.800000000000001,1
2025-10-02 11:00:00,33.28843838333332,11.1,11.0,146,352.0,68,0.0,0.0,8,11,3,10,275,0,0,0,0.5591929034707469,-0.8290375725550416,5.699999999999999,3.9000000000000004,1
2025-10-02 12:00:00,32.11206992416666,12.2,16.7,148,446.0,57,0.0,0.0,0,12,3,10,275,0,0,0,0.529919264233205,-0.848048096156426,5.1,2.8000000000000007,1
2025-10-02 13:00:00,31.513820014166654,12.8,16.9,150,499.0,55,0.0,0.0,8,13,3,10,275,0,0,0,0.49999999999999994,-0.8660254037844387,3.6000000000000014,2.1999999999999993,1
2025-10-02 14:00:00,31.287081514166665,13.6,15.4,156,504.0,54,0.0,0.0,14,14,3,10,275,0,0,0,0.40673664307580043,-0.9135454576426008,2.5,1.4000000000000004,1
2025-10-02 15:00:00,32.56209020666666,13.8,15.1,158,450.0,55,0.0,0.0,14,15,3,10,275,0,0,0,0.37460659341591224,-0.9271838545667873,1.6000000000000014,1.1999999999999993,1
2025-10-02 16:00:00,35.40991997916665,13.9,14.5,159,373.0,54,0.0,0.0,36,16,3,10,275,0,0,0,0.3583679495453002,-0.9335804264972017,1.0999999999999996,1.0999999999999996,1
2025-10-02 17:00:00,38.88722311166666,13.6,14.4,160,263.0,56,0.0,0.0,13,17,3,10,275,0,0,0,0.3420201433256689,-0.9396926207859083,0.0,1.4000000000000004,1
2025-10-02 18:00:00,39.14267330916665,12.6,9.7,169,141.0,63,0.0,0.0,2,18,3,10,275,0,0,0,0.19080899537654497,-0.9816271834476639,-1.200000000000001,2.4000000000000004,1
2025-10-02 19:00:00,37.69083919166666,10.4,7.8,151,29.0,71,0.0,0.0,0,19,3,10,275,0,0,0,0.48480962024633717,-0.8746197071393957,-3.5,4.6,1
2025-10-02 20:00:00,36.275715924999986,9.8,11.2,136,0.0,74,0.0,0.0,0,20,3,10,275,0,0,0,0.6946583704589971,-0.7193398003386513,-3.799999999999999,5.199999999999999,1
2025-10-02 21:00:00,34.56247847166666,9.2,13.6,139,0.0,74,0.0,0.0,7,21,3,10,275,0,0,0,0.6560590289905073,-0.754709580222772,-3.4000000000000004,5.800000000000001,1
2025-10-02 22:00:00,33.55056563499999,8.8,15.3,140,0.0,75,0.0,0.0,10,22,3,10,275,0,0,0,0.6427876096865395,-0.7660444431189779,-1.5999999999999996,6.199999999999999,1
2025-10-02 23:00:00,32.83954522833333,8.4,13.8,144,0.0,76,0.0,0.0,0,23,3,10,275,0,0,0,0.5877852522924732,-0.8090169943749473,-1.4000000000000004,6.6,1
2025-10-03 00:00:00,32.889335769166664,7.9,14.3,151,0.0,77,0.0,0.0,13,0,4,10,276,0,1,0,0.48480962024633717,-0.8746197071393957,-1.299999999999999,7.1,2
2025-10-03 01:00:00,33.51346941666666,7.6,14.8,148,0.0,77,0.0,0.0,0,1,4,10,276,0,1,0,0.529919264233205,-0.848048096156426,-1.200000000000001,7.4,2
2025-10-03 02:00:00,34.515027891666655,7.2,14.7,149,0.0,81,0.0,0.0,0,2,4,10,276,0,1,0,0.5150380749100544,-0.8571673007021122,-1.2000000000000002,7.8,2
2025-10-03 03:00:00,36.31470710833331,6.8,14.4,152,0.0,81,0.0,0.0,3,3,4,10,276,0,1,0,0.4694715627858907,-0.882947592858927,-1.1000000000000005,8.2,2
2025-10-03 04:00:00,38.26615006333333,6.6,14.6,151,0.0,81,0.0,0.0,0,4,4,10,276,0,1,0,0.48480962024633717,-0.8746197071393957,-1.0,8.4,2
2025-10-03 05:00:00,41.02510623583332,6.2,14.1,155,0.0,82,0.0,0.0,54,5,4,10,276,0,1,0,0.4226182617406995,-0.9063077870366499,-1.0,8.8,2
2025-10-03 06:00:00,43.67129274583332,5.8,15.3,153,0.0,83,0.0,0.0,91,6,4,10,276,0,1,0,0.45399049973954686,-0.8910065241883678,-1.0,9.2,2
2025-10-03 07:00:00,44.07091401249998,5.8,16.8,150,0.0,82,0.0,0.0,100,7,4,10,276,0,1,0,0.49999999999999994,-0.8660254037844387,-0.7999999999999998,9.2,2
2025-10-03 08:00:00,41.69199407499999,6.1,15.9,154,6.0,83,0.0,0.0,100,8,4,10,276,0,1,0,0.4383711467890773,-0.898794046299167,-0.10000000000000053,8.9,2
2025-10-03 09:00:00,38.83891609083332,7.2,14.7,155,82.0,80,0.0,0.0,100,9,4,10,276,0,1,0,0.4226182617406995,-0.9063077870366499,1.4000000000000004,7.8,2
2025-10-03 10:00:00,37.19045466333332,8.7,15.3,150,212.0,74,0.0,0.0,50,10,4,10,276,0,1,0,0.49999999999999994,-0.8660254037844387,2.8999999999999995,6.300000000000001,2
2025-10-03 11:00:00,35.08643209416666,10.4,16.7,145,343.0,69,0.0,0.0,24,11,4,10,276,0,1,0,0.5735764363510459,-0.8191520442889919,4.300000000000001,4.6,2
2025-10-03 12:00:00,34.513141999166656,11.9,17.6,154,437.0,65,0.0,0.0,62,12,4,10,276,0,1,0,0.4383711467890773,-0.898794046299167,4.7,3.0999999999999996,2
2025-10-03 13:00:00,35.03876785916666,13.1,20.1,155,484.0,62,0.0,0.0,32,13,4,10,276,0,1,0,0.4226182617406995,-0.9063077870366499,4.4,1.9000000000000004,2
2025-10-03 14:00:00,34.51263783416666,14.9,20.8,158,453.0,54,0.0,0.0,48,14,4,10,276,0,1,0,0.37460659341591224,-0.9271838545667873,4.5,0.09999999999999964,2
2025-10-03 15:00:00,36.41308115166665,15.1,23.5,164,374.0,48,0.0,0.0,99,15,4,10,276,0,1,0,0.2756373558169992,-0.9612616959383189,3.1999999999999993,0.0,2
2025-10-03 16:00:00,38.412986373333325,14.6,22.4,165,220.0,50,0.0,0.0,100,16,4,10,276,0,1,0,0.258819045102521,-0.9659258262890682,1.5,0.40000000000000036,2
2025-10-03 17:00:00,39.74454303583332,14.2,21.3,156,199.0,53,0.0,0.0,100,17,4,10,276,0,1,0,0.40673664307580043,-0.9135454576426008,-0.7000000000000011,0.8000000000000007,2
2025-10-03 18:00:00,39.31528081333332,13.6,19.6,147,56.0,54,0.0,0.0,100,18,4,10,276,0,1,0,0.5446390350150273,-0.8386705679454239,-1.5,1.4000000000000004,2
2025-10-03 19:00:00,37.54180489833332,13.1,21.6,147,9.0,53,0.0,0.0,100,19,4,10,276,0,1,0,0.5446390350150273,-0.8386705679454239,-1.5,1.9000000000000004,2
2025-10-03 20:00:00,36.09113763416666,12.4,23.4,145,0.0,55,0.0,0.0,100,20,4,10,276,0,1,0,0.5735764363510459,-0.8191520442889919,-1.799999999999999,2.5999999999999996,2
2025-10-03 21:00:00,33.96708549666666,12.1,25.4,151,0.0,55,0.0,0.0,100,21,4,10,276,0,1,0,0.48480962024633717,-0.8746197071393957,-1.5,2.9000000000000004,2
2025-10-03 22:00:00,32.73896778666666,11.9,28.3,154,0.0,54,0.0,0.0,100,22,4,10,276,0,1,0,0.4383711467890773,-0.898794046299167,-1.1999999999999993,3.0999999999999996,2
2025-10-03 23:00:00,32.18872149916666,11.9,28.9,159,0.0,53,0.0,0.0,100,23,4,10,276,0,1,0,0.3583679495453002,-0.9335804264972017,-0.5,3.0999999999999996,2
2025-10-04 00:00:00,32.915642541666664,11.6,30.0,163,0.0,56,0.0,0.0,100,0,5,10,277,1,0,0,0.2923717047227366,-0.9563047559630355,-0.5,3.4000000000000004,3
2025-10-04 01:00:00,33.43794786666666,10.2,29.8,160,0.0,70,0.0,0.0,100,1,5,10,277,1,0,0,0.3420201433256689,-0.9396926207859083,-1.700000000000001,4.800000000000001,3
2025-10-04 02:00:00,34.01423725416666,9.2,32.9,154,0.0,82,0.0,0.0,100,2,5,10,277,1,0,0,0.4383711467890773,-0.898794046299167,-2.700000000000001,5.800000000000001,3
2025-10-04 03:00:00,36.41313910166666,8.5,32.4,165,0.0,92,0.0,0.0,100,3,5,10,277,1,0,0,0.258819045102521,-0.9659258262890682,-3.0999999999999996,6.5,3
2025-10-04 04:00:00,37.516033324166656,8.4,37.4,161,0.0,94,0.0,0.0,100,4,5,10,277,1,0,0,0.3255681544571566,-0.9455185755993168,-1.799999999999999,6.6,3
2025-10-04 05:00:00,39.77418193333333,8.5,41.1,164,0.0,95,0.0,0.0,100,5,5,10,277,1,0,0,0.2756373558169992,-0.9612616959383189,-0.6999999999999993,6.5,3
2025-10-04 06:00:00,42.46944162333332,8.8,39.0,169,0.0,95,0.0,0.0,100,6,5,10,277,1,0,0,0.19080899537654497,-0.9816271834476639,0.3000000000000007,6.199999999999999,3
2025-10-04 07:00:00,43.94071833583333,9.4,38.4,174,0.0,96,0.0,0.0,100,7,5,10,277,1,0,0,0.10452846326765373,-0.9945218953682733,1.0,5.6,3
2025-10-04 08:00:00,43.83902909333331,9.6,32.5,185,0.0,96,0.0,0.0,100,8,5,10,277,1,0,0,-0.08715574274765794,-0.9961946980917455,1.0999999999999996,5.4,3
2025-10-04 09:00:00,43.265533734999984,10.1,27.0,190,5.0,97,0.0,0.0,100,9,5,10,277,1,0,0,-0.17364817766693047,-0.984807753012208,1.299999999999999,4.9,3
2025-10-04 10:00:00,41.864215372499984,11.1,20.2,201,16.0,98,0.0,0.0,100,10,5,10,277,1,0,0,-0.35836794954530043,-0.9335804264972016,1.6999999999999993,3.9000000000000004,3
2025-10-04 11:00:00,41.61474187833332,11.6,16.1,198,26.0,98,0.0,0.0,100,11,5,10,277,1,0,0,-0.3090169943749473,-0.9510565162951536,2.0,3.4000000000000004,3
2025-10-04 12:00:00,42.864796930833315,11.9,18.4,207,45.0,95,0.0,0.0,100,12,5,10,277,1,0,0,-0.4539904997395467,-0.8910065241883679,1.8000000000000007,3.0999999999999996,3
2025-10-04 13:00:00,42.47840667333332,11.5,22.7,216,86.0,95,0.0,0.0,100,13,5,10,277,1,0,0,-0.587785252292473,-0.8090169943749475,0.40000000000000036,3.5,3
2025-10-04 14:00:00,38.54061982083332,11.2,25.2,226,59.0,91,0.0,0.0,100,14,5,10,277,1,0,0,-0.7193398003386512,-0.6946583704589973,-0.40000000000000036,3.8000000000000007,3
2025-10-04 15:00:00,39.91632970833333,10.8,29.3,227,78.0,90,0.0,0.0,100,15,5,10,277,1,0,0,-0.7313537016191703,-0.6819983600624986,-1.0999999999999996,4.199999999999999,3
2025-10-04 16:00:00,43.09092695583331,10.9,23.5,221,82.0,91,0.0,0.0,55,16,5,10,277,1,0,0,-0.656059028990507,-0.7547095802227721,-0.5999999999999996,4.1,3
2025-10-04 17:00:00,44.490675712499986,10.7,30.4,245,157.0,87,0.0,0.0,71,17,5,10,277,1,0,0,-0.90630778703665,-0.42261826174069916,-0.5,4.300000000000001,3
2025-10-04 18:00:00,43.72740086083332,10.1,25.8,236,88.0,86,0.0,0.0,90,18,5,10,277,1,0,0,-0.8290375725550418,-0.5591929034707466,-0.7000000000000011,4.9,3
2025-10-04 19:00:00,42.11883894333331,10.0,25.5,232,19.0,82,0.0,0.0,67,19,5,10,277,1,0,0,-0.7880107536067221,-0.6156614753256581,-0.9000000000000004,5.0,3
2025-10-04 20:00:00,39.99048653583332,10.0,26.7,220,0.0,81,0.0,0.0,100,20,5,10,277,1,0,0,-0.6427876096865393,-0.766044443118978,-0.6999999999999993,5.0,3
2025-10-04 21:00:00,38.18870167583332,9.7,27.0,222,0.0,87,0.0,0.0,100,21,5,10,277,1,0,0,-0.6691306063588582,-0.7431448254773942,-0.40000000000000036,5.300000000000001,3
2025-10-04 22:00:00,35.84108342083333,9.9,20.9,235,0.0,89,0.0,0.0,84,22,5,10,277,1,0,0,-0.8191520442889916,-0.5735764363510464,-0.09999999999999964,5.1,3
2025-10-04 23:00:00,34.98789655083332,9.6,23.3,237,0.0,89,0.0,0.0,100,23,5,10,277,1,0,0,-0.8386705679454242,-0.544639035015027,-0.40000000000000036,5.4,3
2025-10-05 00:00:00,35.01371570416666,10.2,21.2,239,0.0,89,0.0,0.0,98,0,6,10,278,1,0,0,-0.8571673007021121,-0.5150380749100544,0.5,4.800000000000001,4
2025-10-05 01:00:00,34.862484266666655,9.9,20.7,239,0.0,90,0.0,0.0,100,1,6,10,278,1,0,0,-0.8571673007021121,-0.5150380749100544,0.0,5.1,4
2025-10-05 02:00:00,35.26674938666665,9.5,19.7,234,0.0,96,0.0,0.0,100,2,6,10,278,1,0,0,-0.8090169943749473,-0.5877852522924732,-0.09999999999999964,5.5,4
2025-10-05 03:00:00,35.861560803333326,9.9,19.8,244,0.0,96,0.0,0.0,100,3,6,10,278,1,0,0,-0.8987940462991668,-0.43837114678907774,-0.29999999999999893,5.1,4
2025-10-05 04:00:00,37.58975346833333,10.0,19.6,236,0.0,93,0.0,0.0,100,4,6,10,278,1,0,0,-0.8290375725550418,-0.5591929034707466,0.09999999999999964,5.0,4
2025-10-05 05:00:00,40.27505118333332,9.7,16.4,235,0.0,96,0.0,0.0,100,5,6,10,278,1,0,0,-0.8191520442889916,-0.5735764363510464,0.1999999999999993,5.300000000000001,4
2025-10-05 06:00:00,41.91963575583332,10.1,17.6,235,0.0,93,0.0,0.0,100,6,6,10,278,1,0,0,-0.8191520442889916,-0.5735764363510464,0.1999999999999993,4.9,4
2025-10-05 07:00:00,44.69466145333332,10.1,18.2,239,0.0,95,0.0,0.0,100,7,6,10,278,1,0,0,-0.8571673007021121,-0.5150380749100544,0.09999999999999964,4.9,4
2025-10-05 08:00:00,43.47108496499999,10.0,20.2,239,2.0,94,0.0,0.0,100,8,6,10,278,1,0,0,-0.8571673007021121,-0.5150380749100544,0.3000000000000007,5.0,4
2025-10-05 09:00:00,39.32061762833333,10.6,21.5,248,28.0,93,0.0,0.0,99,9,6,10,278,1,0,0,-0.9271838545667873,-0.3746065934159123,0.5,4.4,4
2025-10-05 10:00:00,38.12021815333332,10.8,20.1,245,84.0,93,0.0,0.0,92,10,6,10,278,1,0,0,-0.90630778703665,-0.42261826174069916,0.7000000000000011,4.199999999999999,4
2025-10-05 11:00:00,39.56876940333332,11.9,21.2,251,192.0,89,0.0,0.0,49,11,6,10,278,1,0,0,-0.9455185755993168,-0.32556815445715664,1.9000000000000004,3.0999999999999996,4
2025-10-05 12:00:00,40.54248870833331,13.4,22.5,242,313.0,82,0.0,0.0,47,12,6,10,278,1,0,0,-0.882947592858927,-0.46947156278589075,2.8000000000000007,1.5999999999999996,4
2025-10-05 13:00:00,40.017042493333314,13.1,21.3,251,388.0,80,0.0,0.0,71,13,6,10,278,1,0,0,-0.9455185755993168,-0.32556815445715664,2.299999999999999,1.9000000000000004,4
2025-10-05 14:00:00,39.43885524333332,12.6,23.0,251,419.0,88,0.0,0.0,100,14,6,10,278,1,0,0,-0.9455185755993168,-0.32556815445715664,0.6999999999999993,2.4000000000000004,4
2025-10-05 15:00:00,40.61395086083332,12.2,23.5,259,253.0,86,0.0,0.0,34,15,6,10,278,1,0,0,-0.981627183447664,-0.1908089953765446,-1.200000000000001,2.8000000000000007,4
2025-10-05 16:00:00,43.24512543333332,12.4,29.9,267,320.0,83,0.0,0.0,55,16,6,10,278,1,0,0,-0.9986295347545738,-0.052335956242944306,-0.6999999999999993,2.5999999999999996,4
2025-10-05 17:00:00,42.19257357499998,12.1,27.3,265,168.0,85,0.0,0.0,88,17,6,10,278,1,0,0,-0.9961946980917455,-0.08715574274765825,-0.5,2.9000000000000004,4
2025-10-05 18:00:00,39.76879715916665,11.6,28.0,263,71.0,87,0.0,0.0,100,18,6,10,278,1,0,0,-0.9925461516413221,-0.12186934340514717,-0.5999999999999996,3.4000000000000004,4
2025-10-05 19:00:00,37.66683471249999,11.6,29.6,273,4.0,90,0.0,0.0,91,19,6,10,278,1,0,0,-0.9986295347545738,0.052335956242943946,-0.8000000000000007,3.4000000000000004,4
2025-10-05 20:00:00,35.51730037083332,11.6,27.9,276,0.0,90,0.0,0.0,84,20,6,10,278,1,0,0,-0.9945218953682734,0.10452846326765299,-0.5,3.4000000000000004,4
2025-10-05 21:00:00,33.21654991833332,11.5,29.6,282,0.0,88,0.0,0.0,100,21,6,10,278,1,0,0,-0.9781476007338056,0.20791169081775945,-0.09999999999999964,3.5,4
2025-10-05 22:00:00,31.590083783333327,12.2,31.0,289,0.0,82,0.0,0.0,100,22,6,10,278,1,0,0,-0.945518575599317,0.3255681544571563,0.5999999999999996,2.8000000000000007,4
2025-10-05 23:00:00,31.114330813333325,12.7,32.1,295,0.0,75,0.0,0.0,90,23,6,10,278,1,0,0,-0.9063077870366498,0.4226182617406996,1.0999999999999996,2.3000000000000007,4
2025-10-06 00:00:00,30.988701216666655,12.8,30.8,298,0.0,75,0.0,0.0,29,0,0,10,279,0,0,0,-0.8829475928589271,0.4694715627858904,1.3000000000000007,2.1999999999999993,5
2025-10-06 01:00:00,31.039589529999994,12.4,29.7,300,0.0,74,0.0,0.0,30,1,0,10,279,0,0,0,-0.8660254037844386,0.5000000000000001,0.20000000000000107,2.5999999999999996,5
2025-10-06 02:00:00,31.213554283333323,11.3,27.3,295,0.0,86,0.0,0.0,45,2,0,10,279,0,0,0,-0.9063077870366498,0.4226182617406996,-1.3999999999999986,3.6999999999999993,5
2025-10-06 03:00:00,33.465240248333316,11.4,26.8,300,0.0,83,0.0,0.0,58,3,0,10,279,0,0,0,-0.8660254037844386,0.5000000000000001,-1.4000000000000004,3.5999999999999996,5
2025-10-06 04:00:00,36.63928986833332,11.5,26.4,303,0.0,81,0.0,0.0,86,4,0,10,279,0,0,0,-0.8386705679454243,0.5446390350150266,-0.9000000000000004,3.5,5
2025-10-06 05:00:00,39.77865155666665,11.6,25.7,303,0.0,78,0.0,0.0,100,5,0,10,279,0,0,0,-0.8386705679454243,0.5446390350150266,0.29999999999999893,3.4000000000000004,5
2025-10-06 06:00:00,40.29742856583332,12.1,23.9,307,0.0,71,0.0,0.0,63,6,0,10,279,0,0,0,-0.7986355100472932,0.6018150231520479,0.6999999999999993,2.9000000000000004,5
2025-10-06 07:00:00,38.99157851333331,11.4,20.7,310,0.0,73,0.0,0.0,66,7,0,10,279,0,0,0,-0.7660444431189781,0.6427876096865393,-0.09999999999999964,3.5999999999999996,5
2025-10-06 08:00:00,37.368149338333325,10.7,17.3,306,4.0,76,0.0,0.0,98,8,0,10,279,0,0,0,-0.8090169943749476,0.5877852522924729,-0.9000000000000004,4.300000000000001,5
2025-10-06 09:00:00,37.51575020833332,11.6,15.7,303,66.0,73,0.0,0.0,84,9,0,10,279,0,0,0,-0.8386705679454243,0.5446390350150266,-0.5,3.4000000000000004,5
2025-10-06 10:00:00,36.18649667833333,12.8,17.2,307,158.0,69,0.0,0.0,82,10,0,10,279,0,0,0,-0.7986355100472932,0.6018150231520479,1.4000000000000004,2.1999999999999993,5
2025-10-06 11:00:00,35.03748762333332,14.1,16.6,304,254.0,67,0.0,0.0,56,11,0,10,279,0,0,0,-0.8290375725550416,0.559192903470747,3.4000000000000004,0.9000000000000004,5
2025-10-06 12:00:00,35.11260680083332,15.2,22.7,308,387.0,65,0.0,0.0,89,12,0,10,279,0,0,0,-0.7880107536067218,0.6156614753256585,3.5999999999999996,0.0,5
2025-10-06 13:00:00,35.53699458916665,15.3,23.2,309,335.0,68,0.0,0.0,81,13,0,10,279,0,0,0,-0.7771459614569708,0.6293203910498375,2.5,0.0,5
2025-10-06 14:00:00,35.01447195166665,15.5,22.0,310,273.0,68,0.0,0.0,95,14,0,10,279,0,0,0,-0.7660444431189781,0.6427876096865393,1.4000000000000004,0.0,5
2025-10-06 15:00:00,37.33676858416665,15.1,21.1,310,202.0,72,0.0,0.0,100,15,0,10,279,0,0,0,-0.7660444431189781,0.6427876096865393,-0.09999999999999964,0.0,5
2025-10-06 16:00:00,39.087214799166645,15.0,19.0,308,178.0,74,0.0,0.0,100,16,0,10,279,0,0,0,-0.7880107536067218,0.6156614753256585,-0.3000000000000007,0.0,5
2025-10-06 17:00:00,40.43770119916665,14.6,14.5,304,91.0,78,0.0,0.0,100,17,0,10,279,0,0,0,-0.8290375725550416,0.559192903470747,-0.9000000000000004,0.40000000000000036,5
2025-10-06 18:00:00,39.91465205583332,14.0,13.0,296,63.0,83,0.0,0.0,100,18,0,10,279,0,0,0,-0.898794046299167,0.4383711467890774,-1.0999999999999996,1.0,5
2025-10-06 19:00:00,38.01825654583332,12.9,11.0,293,12.0,89,0.0,0.0,99,19,0,10,279,0,0,0,-0.9205048534524405,0.3907311284892735,-2.0999999999999996,2.0999999999999996,5
2025-10-06 20:00:00,35.961873353333324,12.8,10.7,287,0.0,95,0.0,0.0,99,20,0,10,279,0,0,0,-0.9563047559630354,0.2923717047227367,-1.799999999999999,2.1999999999999993,5
2025-10-06 21:00:00,34.091628530833326,12.1,8.2,279,0.0,96,0.0,0.0,100,21,0,10,279,0,0,0,-0.9876883405951378,0.15643446504023067,-1.9000000000000004,2.9000000000000004,5
2025-10-06 22:00:00,31.79258386666666,12.4,7.2,267,0.0,96,0.0,0.0,98,22,0,10,279,0,0,0,-0.9986295347545738,-0.052335956242944306,-0.5,2.5999999999999996,5
2025-10-06 23:00:00,30.76484862666666,12.2,6.3,257,0.0,97,0.0,0.0,83,23,0,10,279,0,0,0,-0.9743700647852351,-0.22495105434386525,-0.6000000000000014,2.8000000000000007,5
2025-10-07 00:00:00,31.014269126666665,11.4,5.6,237,0.0,98,0.0,0.0,97,0,1,10,280,0,0,0,-0.8386705679454242,-0.544639035015027,-0.6999999999999993,3.5999999999999996,6
2025-10-07 01:00:00,31.263324541666663,11.9,7.5,237,0.0,98,0.0,0.0,100,1,1,10,280,0,0,0,-0.8386705679454242,-0.544639035015027,-0.5,3.0999999999999996,6
2025-10-07 02:00:00,31.814089481666663,12.0,7.5,228,0.0,97,0.0,0.0,100,2,1,10,280,0,0,0,-0.7431448254773944,-0.6691306063588581,-0.1999999999999993,3.0,6
2025-10-07 03:00:00,33.18802404083333,12.4,7.3,232,0.0,97,0.0,0.0,100,3,1,10,280,0,0,0,-0.7880107536067221,-0.6156614753256581,1.0,2.5999999999999996,6
2025-10-07 04:00:00,36.39030109583332,12.4,7.0,222,0.0,97,0.0,0.0,100,4,1,10,280,0,0,0,-0.6691306063588582,-0.7431448254773942,0.5,2.5999999999999996,6
2025-10-07 05:00:00,38.37855136333333,12.4,8.0,230,0.0,97,0.0,0.0,100,5,1,10,280,0,0,0,-0.7660444431189779,-0.6427876096865395,0.40000000000000036,2.5999999999999996,6
2025-10-07 06:00:00,39.97202909083332,12.6,8.5,234,0.0,97,0.0,0.0,100,6,1,10,280,0,0,0,-0.8090169943749473,-0.5877852522924732,0.1999999999999993,2.4000000000000004,6
2025-10-07 07:00:00,38.78840902833332,12.8,7.7,229,0.0,97,0.0,0.0,100,7,1,10,280,0,0,0,-0.754709580222772,-0.6560590289905073,0.40000000000000036,2.1999999999999993,6
2025-10-07 08:00:00,37.03686176333333,13.1,8.1,201,1.0,98,0.0,0.0,100,8,1,10,280,0,0,0,-0.35836794954530043,-0.9335804264972016,0.6999999999999993,1.9000000000000004,6
2025-10-07 09:00:00,36.24191790083332,13.6,8.9,208,17.0,97,0.0,0.0,100,9,1,10,280,0,0,0,-0.46947156278589086,-0.8829475928589269,1.0,1.4000000000000004,6
2025-10-07 10:00:00,36.14003452583332,14.1,11.7,221,40.0,96,0.0,0.0,100,10,1,10,280,0,0,0,-0.656059028990507,-0.7547095802227721,1.299999999999999,0.9000000000000004,6
2025-10-07 11:00:00,35.66925618333332,14.9,12.2,229,62.0,95,0.0,0.0,100,11,1,10,280,0,0,0,-0.754709580222772,-0.6560590289905073,1.8000000000000007,0.09999999999999964,6
2025-10-07 12:00:00,35.70323861833332,15.3,14.3,231,73.0,95,0.0,0.0,100,12,1,10,280,0,0,0,-0.7771459614569706,-0.6293203910498378,1.700000000000001,0.0,6
2025-10-07 13:00:00,33.015937706666655,15.0,15.4,237,48.0,98,0.0,0.0,100,13,1,10,280,0,0,0,-0.8386705679454242,-0.544639035015027,0.9000000000000004,0.0,6
2025-10-07 14:00:00,32.766511411666656,15.2,16.0,237,59.0,96,0.0,0.0,95,14,1,10,280,0,0,0,-0.8386705679454242,-0.544639035015027,0.29999999999999893,0.0,6
2025-10-07 15:00:00,33.84142532583332,16.3,17.3,245,193.0,87,0.0,0.0,100,15,1,10,280,0,0,0,-0.90630778703665,-0.42261826174069916,1.0,0.0,6
2025-10-07 16:00:00,35.31730037083332,15.9,16.5,237,86.0,92,0.0,0.0,100,16,1,10,280,0,0,0,-0.8386705679454242,-0.544639035015027,0.9000000000000004,0.0,6
2025-10-07 17:00:00,36.59150598985929,15.4,16.7,236,57.0,93,0.0,0.0,100,17,1,10,280,0,0,0,-0.8290375725550418,-0.5591929034707466,0.20000000000000107,0.0,6
2025-10-07 18:00:00,35.83355581748916,14.9,16.5,238,27.0,95,0.0,0.0,100,18,1,10,280,0,0,0,-0.848048096156426,-0.529919264233205,-1.4000000000000004,0.09999999999999964,6
2025-10-07 19:00:00,33.32917063396103,14.6,15.8,241,5.0,96,0.0,0.0,100,19,1,10,280,0,0,0,-0.874619707139396,-0.48480962024633684,-1.3000000000000007,0.40000000000000036,6
2025-10-07 20:00:00,31.671171887932893,14.6,15.4,238,0.0,97,0.0,0.0,100,20,1,10,280,0,0,0,-0.848048096156426,-0.529919264233205,-0.8000000000000007,0.40000000000000036,6
2025-10-07 21:00:00,30.168437440238087,14.6,15.4,241,0.0,97,0.0,0.0,100,21,1,10,280,0,0,0,-0.874619707139396,-0.48480962024633684,-0.3000000000000007,0.40000000000000036,6
2025-10-07 22:00:00,28.586576572543287,14.4,15.7,246,0.0,96,0.0,0.0,100,22,1,10,280,0,0,0,-0.913545457642601,-0.4067366430758001,-0.1999999999999993,0.5999999999999996,6
2025-10-07 23:00:00,27.73403877484848,14.1,15.2,251,0.0,94,0.0,0.0,100,23,1,10,280,0,0,0,-0.9455185755993168,-0.32556815445715664,-0.5,0.9000000000000004,6
2025-10-08 00:00:00,27.32766758465368,13.8,14.9,253,0.0,92,0.0,0.0,100,0,2,10,281,0,0,0,-0.9563047559630353,-0.2923717047227371,-0.7999999999999989,1.1999999999999993,7
2025-10-08 01:00:00,27.93257364945887,13.4,13.9,253,0.0,92,0.0,0.0,100,1,2,10,281,0,0,0,-0.9563047559630353,-0.2923717047227371,-1.0,1.5999999999999996,7
2025-10-08 02:00:00,28.49171006426407,13.4,12.9,251,0.0,92,0.0,0.0,100,2,2,10,281,0,0,0,-0.9455185755993168,-0.32556815445715664,-0.6999999999999993,1.5999999999999996,7
2025-10-08 03:00:00,30.11143702656926,12.7,12.7,247,0.0,94,0.0,0.0,100,3,2,10,281,0,0,0,-0.9205048534524403,-0.3907311284892738,-1.1000000000000014,2.3000000000000007,7
2025-10-08 04:00:00,32.83283836387445,12.9,12.9,243,0.0,93,0.0,0.0,100,4,2,10,281,0,0,0,-0.8910065241883678,-0.45399049973954697,-0.5,2.0999999999999996,7
2025-10-08 05:00:00,35.33877079784631,13.1,12.2,246,0.0,92,0.0,0.0,100,5,2,10,281,0,0,0,-0.913545457642601,-0.4067366430758001,-0.3000000000000007,1.9000000000000004,7
2025-10-08 06:00:00,35.39778280515151,13.1,12.2,242,0.0,93,0.0,0.0,100,6,2,10,281,0,0,0,-0.882947592858927,-0.46947156278589075,0.40000000000000036,1.9000000000000004,7
2025-10-08 07:00:00,34.9150729699567,13.3,12.5,245,0.0,93,0.0,0.0,100,7,2,10,281,0,0,0,-0.90630778703665,-0.42261826174069916,0.40000000000000036,1.6999999999999993,7
2025-10-08 08:00:00,33.88760471226188,13.4,12.3,249,1.0,94,0.0,0.0,100,8,2,10,281,0,0,0,-0.9335804264972015,-0.3583679495453007,0.3000000000000007,1.5999999999999996,7
2025-10-08 09:00:00,32.98212595206709,13.7,11.9,245,12.0,93,0.0,0.0,100,9,2,10,281,0,0,0,-0.90630778703665,-0.42261826174069916,0.5999999999999996,1.3000000000000007,7
2025-10-08 10:00:00,31.70244316520562,13.9,11.6,244,29.0,92,0.0,0.0,100,10,2,10,281,0,0,0,-0.8987940462991668,-0.43837114678907774,0.5999999999999996,1.0999999999999996,7
2025-10-08 11:00:00,32.34439432251081,14.1,11.0,246,34.0,94,0.0,0.0,100,11,2,10,281,0,0,0,-0.913545457642601,-0.4067366430758001,0.6999999999999993,0.9000000000000004,7
2025-10-08 12:00:00,32.48736387680735,14.3,11.3,250,52.0,94,0.0,0.0,100,12,2,10,281,0,0,0,-0.9396926207859084,-0.34202014332566855,0.6000000000000014,0.6999999999999993,7
2025-10-08 13:00:00,31.71386347666666,14.6,10.8,273,90.0,94,0.0,0.0,100,13,2,10,281,0,0,0,-0.9986295347545738,0.052335956242943946,0.6999999999999993,0.40000000000000036,7
2025-10-08 14:00:00,32.76338538916666,15.1,10.5,289,136.0,86,0.0,0.0,100,14,2,10,281,0,0,0,-0.945518575599317,0.3255681544571563,1.0,0.0,7
2025-10-08 15:00:00,33.914289409166656,15.6,11.5,293,240.0,76,0.0,0.0,35,15,2,10,281,0,0,0,-0.9205048534524405,0.3907311284892735,1.299999999999999,0.0,7
2025-10-08 16:00:00,37.00224683416666,15.7,13.6,292,308.0,73,0.0,0.0,29,16,2,10,281,0,0,0,-0.9271838545667874,0.37460659341591196,1.0999999999999996,0.0,7
2025-10-08 17:00:00,38.791152960833315,14.8,13.4,287,206.0,74,0.0,0.0,26,17,2,10,281,0,0,0,-0.9563047559630354,0.2923717047227367,-0.29999999999999893,0.1999999999999993,7
2025-10-08 18:00:00,38.04200772333333,13.3,12.4,280,96.0,81,0.0,0.0,22,18,2,10,281,0,0,0,-0.9848077530122081,0.17364817766692997,-2.299999999999999,1.6999999999999993,7
2025-10-08 19:00:00,36.93943474333332,11.6,10.1,269,12.0,88,0.0,0.0,85,19,2,10,281,0,0,0,-0.9998476951563913,-0.017452406437283498,-4.1,3.4000000000000004,7
2025-10-08 20:00:00,35.239848246666654,10.8,10.0,257,0.0,92,0.0,0.0,68,20,2,10,281,0,0,0,-0.9743700647852351,-0.22495105434386525,-4.0,4.199999999999999,7
2025-10-08 21:00:00,32.63977908666666,10.3,10.0,253,0.0,92,0.0,0.0,14,21,2,10,281,0,0,0,-0.9563047559630353,-0.2923717047227371,-3.0,4.699999999999999,7
2025-10-08 22:00:00,31.28940820666666,10.0,10.2,263,0.0,92,0.0,0.0,95,22,2,10,281,0,0,0,-0.9925461516413221,-0.12186934340514717,-1.5999999999999996,5.0,7
2025-10-08 23:00:00,30.665173146666667,9.9,11.0,265,0.0,92,0.0,0.0,20,23,2,10,281,0,0,0,-0.9961946980917455,-0.08715574274765825,-0.9000000000000004,5.1,7
2025-10-09 00:00:00,30.814454566666665,9.9,10.6,270,0.0,91,0.0,0.0,90,0,3,10,282,0,0,0,-1.0,-1.8369701987210297e-16,-0.40000000000000036,5.1,8
2025-10-09 01:00:00,30.612866736666664,10.4,9.7,270,0.0,90,0.0,0.0,72,1,3,10,282,0,0,0,-1.0,-1.8369701987210297e-16,0.40000000000000036,4.6,8
2025-10-09 02:00:00,31.214906576666664,11.0,8.6,272,0.0,88,0.0,0.0,100,2,3,10,282,0,0,0,-0.9993908270190958,0.03489949670250128,1.0999999999999996,4.0,8
2025-10-09 03:00:00,33.56524642333333,10.9,8.3,274,0.0,89,0.0,0.0,100,3,3,10,282,0,0,0,-0.9975640502598243,0.06975647374412522,1.0,4.1,8
2025-10-09 04:00:00,36.69044886833332,10.9,8.7,283,0.0,91,0.0,0.0,100,4,3,10,282,0,0,0,-0.9743700647852352,0.22495105434386492,0.5,4.1,8
2025-10-09 05:00:00,40.42446299083333,10.8,6.4,278,0.0,92,0.0,0.0,100,5,3,10,282,0,0,0,-0.9902680687415704,0.13917310096006547,-0.1999999999999993,4.199999999999999,8
2025-10-09 06:00:00,41.67157997833332,10.7,6.1,256,0.0,92,0.0,0.0,100,6,3,10,282,0,0,0,-0.9702957262759965,-0.24192189559966779,-0.20000000000000107,4.300000000000001,8
2025-10-09 07:00:00,39.114457923333326,10.4,7.3,237,0.0,92,0.0,0.0,100,7,3,10,282,0,0,0,-0.8386705679454242,-0.544639035015027,-0.5,4.6,8
2025-10-09 08:00:00,35.614659909166654,10.7,8.6,239,1.0,92,0.0,0.0,100,8,3,10,282,0,0,0,-0.8571673007021121,-0.5150380749100544,-0.10000000000000142,4.300000000000001,8
2025-10-09 09:00:00,34.565289046666656,11.2,9.9,235,30.0,89,0.0,0.0,100,9,3,10,282,0,0,0,-0.8191520442889916,-0.5735764363510464,0.5,3.8000000000000007,8
2025-10-09 10:00:00,34.100958665833325,12.4,12.1,242,108.0,83,0.0,0.0,100,10,3,10,282,0,0,0,-0.882947592858927,-0.46947156278589075,2.0,2.5999999999999996,8
2025-10-09 11:00:00,34.46633756166665,13.2,15.1,242,143.0,79,0.0,0.0,100,11,3,10,282,0,0,0,-0.882947592858927,-0.46947156278589075,2.5,1.8000000000000007,8
2025-10-09 12:00:00,34.01477496999998,14.0,20.4,262,170.0,79,0.0,0.0,100,12,3,10,282,0,0,0,-0.9902680687415703,-0.13917310096006583,2.8000000000000007,1.0,8
2025-10-09 13:00:00,34.715071734166656,14.2,22.9,261,137.0,80,0.0,0.0,100,13,3,10,282,0,0,0,-0.9876883405951377,-0.15643446504023104,1.799999999999999,0.8000000000000007,8
2025-10-09 14:00:00,35.83769372583332,14.1,22.6,264,227.0,83,0.0,0.0,100,14,3,10,282,0,0,0,-0.9945218953682734,-0.10452846326765336,0.9000000000000004,0.9000000000000004,8
2025-10-09 15:00:00,36.864283234166656,13.9,22.0,257,95.0,88,0.0,0.0,100,15,3,10,282,0,0,0,-0.9743700647852351,-0.22495105434386525,-0.09999999999999964,1.0999999999999996,8
2025-10-09 16:00:00,38.23919920666665,13.9,20.6,253,72.0,89,0.0,0.0,100,16,3,10,282,0,0,0,-0.9563047559630353,-0.2923717047227371,-0.29999999999999893,1.0999999999999996,8
2025-10-09 17:00:00,39.46345828583332,13.6,19.5,252,28.0,90,0.0,0.0,100,17,3,10,282,0,0,0,-0.9510565162951535,-0.30901699437494756,-0.5,1.4000000000000004,8
2025-10-09 18:00:00,38.46428986833332,13.6,20.3,255,28.0,91,0.0,0.0,100,18,3,10,282,0,0,0,-0.9659258262890683,-0.25881904510252063,-0.3000000000000007,1.4000000000000004,8
2025-10-09 19:00:00,36.815544485833314,13.4,19.9,264,2.0,93,0.0,0.0,100,19,3,10,282,0,0,0,-0.9945218953682734,-0.10452846326765336,-0.5,1.5999999999999996,8
2025-10-09 20:00:00,34.488817575833316,13.2,19.2,264,0.0,95,0.0,0.0,100,20,3,10,282,0,0,0,-0.9945218953682734,-0.10452846326765336,-0.40000000000000036,1.8000000000000007,8
2025-10-09 21:00:00,32.713125453333326,13.1,19.0,266,0.0,95,0.0,0.0,100,21,3,10,282,0,0,0,-0.9975640502598242,-0.06975647374412558,-0.5,1.9000000000000004,8
2025-10-09 22:00:00,31.23956467166666,12.7,18.1,276,0.0,96,0.0,0.0,100,22,3,10,282,0,0,0,-0.9945218953682734,0.10452846326765299,-0.7000000000000011,2.3000000000000007,8
2025-10-09 23:00:00,30.763423056666664,12.6,16.8,283,0.0,96,0.0,0.0,100,23,3,10,282,0,0,0,-0.9743700647852352,0.22495105434386492,-0.5999999999999996,2.4000000000000004,8
2025-10-10 00:00:00,30.962994226666662,12.6,18.2,293,0.0,94,0.0,0.0,100,0,4,10,283,0,0,0,-0.9205048534524405,0.3907311284892735,-0.5,2.4000000000000004,9
2025-10-10 01:00:00,30.710896436666665,11.9,19.2,292,0.0,86,0.0,0.0,100,1,4,10,283,0,0,0,-0.9271838545667874,0.37460659341591196,-0.7999999999999989,3.0999999999999996,9
2025-10-10 02:00:00,31.98862008666666,11.8,18.6,293,0.0,84,0.0,0.0,98,2,4,10,283,0,0,0,-0.9205048534524405,0.3907311284892735,-0.7999999999999989,3.1999999999999993,9
2025-10-10 03:00:00,34.26292468666666,11.3,18.4,290,0.0,85,0.0,0.0,32,3,4,10,283,0,0,0,-0.9396926207859083,0.342020143325669,-1.299999999999999,3.6999999999999993,9
2025-10-10 04:00:00,37.06653459166666,11.4,18.5,291,0.0,84,0.0,0.0,60,4,4,10,283,0,0,0,-0.9335804264972017,0.3583679495453004,-0.5,3.5999999999999996,9
2025-10-10 05:00:00,39.45347602833332,11.5,18.1,291,0.0,82,0.0,0.0,66,5,4,10,283,0,0,0,-0.9335804264972017,0.3583679495453004,-0.3000000000000007,3.5,9
2025-10-10 06:00:00,40.39623227833332,11.9,20.0,289,0.0,82,0.0,0.0,59,6,4,10,283,0,0,0,-0.945518575599317,0.3255681544571563,0.5999999999999996,3.0999999999999996,9
2025-10-10 07:00:00,38.91549522833332,12.2,22.1,292,0.0,84,0.0,0.0,46,7,4,10,283,0,0,0,-0.9271838545667874,0.37460659341591196,0.7999999999999989,2.8000000000000007,9
2025-10-10 08:00:00,36.63977954583332,12.2,21.9,289,1.0,89,0.0,0.0,98,8,4,10,283,0,0,0,-0.945518575599317,0.3255681544571563,0.6999999999999993,2.8000000000000007,9
2025-10-10 09:00:00,34.83844501749999,13.1,21.0,288,51.0,86,0.0,0.0,35,9,4,10,283,0,0,0,-0.9510565162951536,0.30901699437494723,1.1999999999999993,1.9000000000000004,9
2025-10-10 10:00:00,35.49022697999999,14.1,18.5,289,169.0,82,0.0,0.0,16,10,4,10,283,0,0,0,-0.945518575599317,0.3255681544571563,1.9000000000000004,0.9000000000000004,9
2025-10-10 11:00:00,36.08862923833332,14.9,25.7,301,271.0,77,0.0,0.0,86,11,4,10,283,0,0,0,-0.8571673007021123,0.5150380749100542,2.700000000000001,0.09999999999999964,9
2025-10-10 12:00:00,35.03777363666666,15.1,25.9,300,266.0,75,0.0,0.0,100,12,4,10,283,0,0,0,-0.8660254037844386,0.5000000000000001,2.0,0.0,9
2025-10-10 13:00:00,34.79870357166666,14.6,24.1,293,139.0,80,0.0,0.0,100,13,4,10,283,0,0,0,-0.9205048534524405,0.3907311284892735,0.5,0.40000000000000036,9
2025-10-10 14:00:00,35.93920500166666,15.1,26.2,293,133.0,77,0.0,0.0,75,14,4,10,283,0,0,0,-0.9205048534524405,0.3907311284892735,0.1999999999999993,0.0,9
2025-10-10 15:00:00,36.664825905833325,15.4,26.3,289,227.0,76,0.0,0.0,95,15,4,10,283,0,0,0,-0.945518575599317,0.3255681544571563,0.3000000000000007,0.0,9
2025-10-10 16:00:00,38.062496315833314,15.1,25.3,287,166.0,78,0.0,0.0,98,16,4,10,283,0,0,0,-0.9563047559630354,0.2923717047227367,0.5,0.0,9
2025-10-10 17:00:00,39.08961728583332,14.8,22.4,283,120.0,82,0.0,0.0,63,17,4,10,283,0,0,0,-0.9743700647852352,0.22495105434386492,-0.29999999999999893,0.1999999999999993,9
2025-10-10 18:00:00,38.64078787583332,14.3,20.8,275,67.0,85,0.0,0.0,76,18,4,10,283,0,0,0,-0.9961946980917455,0.08715574274765789,-1.0999999999999996,0.6999999999999993,9
2025-10-10 19:00:00,37.14083339666666,13.5,19.3,274,6.0,89,0.0,0.0,28,19,4,10,283,0,0,0,-0.9975640502598243,0.06975647374412522,-1.5999999999999996,1.5,9
2025-10-10 20:00:00,35.21619268666666,12.8,17.5,274,0.0,93,0.0,0.0,98,20,4,10,283,0,0,0,-0.9975640502598243,0.06975647374412522,-2.0,2.1999999999999993,9
2025-10-10 21:00:00,32.989443815833326,13.1,18.6,279,0.0,90,0.0,0.0,100,21,4,10,283,0,0,0,-0.9876883405951378,0.15643446504023067,-1.200000000000001,1.9000000000000004,9
2025-10-10 22:00:00,31.53823761666666,12.9,18.7,281,0.0,91,0.0,0.0,100,22,4,10,283,0,0,0,-0.9816271834476639,0.1908089953765451,-0.5999999999999996,2.0999999999999996,9
2025-10-10 23:00:00,30.914344461666666,13.2,19.1,278,0.0,89,0.0,0.0,100,23,4,10,283,0,0,0,-0.9902680687415704,0.13917310096006547,0.3999999999999986,1.8000000000000007,9
2025-10-11 00:00:00,30.565149966666663,13.1,18.9,278,0.0,88,0.0,0.0,27,0,5,10,284,1,0,0,-0.9902680687415704,0.13917310096006547,0.0,1.9000000000000004,10
2025-10-11 01:00:00,30.539628416666663,12.6,19.6,281,0.0,90,0.0,0.0,89,1,5,10,284,1,0,0,-0.9816271834476639,0.1908089953765451,-0.3000000000000007,2.4000000000000004,10
2025-10-11 02:00:00,30.763924324166663,13.1,19.8,290,0.0,87,0.0,0.0,100,2,5,10,284,1,0,0,-0.9396926207859083,0.342020143325669,-0.09999999999999964,1.9000000000000004,10
2025-10-11 03:00:00,32.21377944916666,13.1,19.0,292,0.0,86,0.0,0.0,100,3,5,10,284,1,0,0,-0.9271838545667874,0.37460659341591196,0.0,1.9000000000000004,10
2025-10-11 04:00:00,33.69181107333332,13.1,19.4,295,0.0,85,0.0,0.0,100,4,5,10,284,1,0,0,-0.9063077870366498,0.4226182617406996,0.5,1.9000000000000004,10
2025-10-11 05:00:00,35.90121308083332,12.8,19.2,293,0.0,84,0.0,0.0,100,5,5,10,284,1,0,0,-0.9205048534524405,0.3907311284892735,-0.29999999999999893,2.1999999999999993,10
2025-10-11 06:00:00,38.271707468333325,12.4,19.2,294,0.0,83,0.0,0.0,95,6,5,10,284,1,0,0,-0.9135454576426011,0.40673664307579976,-0.6999999999999993,2.5999999999999996,10
2025-10-11 07:00:00,39.75172902083332,12.1,18.9,295,0.0,82,0.0,0.0,99,7,5,10,284,1,0,0,-0.9063077870366498,0.4226182617406996,-1.0,2.9000000000000004,10
2025-10-11 08:00:00,37.51925038833332,12.4,18.2,286,1.0,81,0.0,0.0,95,8,5,10,284,1,0,0,-0.9612616959383188,0.2756373558169994,-0.40000000000000036,2.5999999999999996,10
2025-10-11 09:00:00,34.25699088083333,12.9,19.2,292,39.0,80,0.0,0.0,100,9,5,10,284,1,0,0,-0.9271838545667874,0.37460659341591196,0.5,2.0999999999999996,10
2025-10-11 10:00:00,32.94676252083332,13.5,20.0,294,90.0,77,0.0,0.0,84,10,5,10,284,1,0,0,-0.9135454576426011,0.40673664307579976,1.4000000000000004,1.5,10
2025-10-11 11:00:00,31.895110106666657,14.1,24.9,298,198.0,72,0.0,0.0,98,11,5,10,284,1,0,0,-0.8829475928589271,0.4694715627858904,1.6999999999999993,0.9000000000000004,10
2025-10-11 12:00:00,30.443766046666656,14.6,27.0,299,236.0,70,0.0,0.0,100,12,5,10,284,1,0,0,-0.8746197071393956,0.4848096202463373,1.6999999999999993,0.40000000000000036,10
2025-10-11 13:00:00,30.34477147916666,14.9,27.6,300,261.0,68,0.0,0.0,100,13,5,10,284,1,0,0,-0.8660254037844386,0.5000000000000001,1.4000000000000004,0.09999999999999964,10
2025-10-11 14:00:00,30.270507444166658,15.2,27.8,300,228.0,68,0.0,0.0,87,14,5,10,284,1,0,0,-0.8660254037844386,0.5000000000000001,1.0999999999999996,0.0,10
2025-10-11 15:00:00,31.420710269166655,14.9,26.0,299,286.0,71,0.0,0.0,91,15,5,10,284,1,0,0,-0.8746197071393956,0.4848096202463373,0.3000000000000007,0.09999999999999964,10
2025-10-11 16:00:00,34.12460534833332,14.3,23.3,299,193.0,73,0.0,0.0,100,16,5,10,284,1,0,0,-0.8746197071393956,0.4848096202463373,-0.5999999999999996,0.6999999999999993,10
2025-10-11 17:00:00,35.062186098333314,13.8,20.8,302,121.0,75,0.0,0.0,69,17,5,10,284,1,0,0,-0.8480480961564262,0.5299192642332047,-1.3999999999999986,1.1999999999999993,10
2025-10-11 18:00:00,34.57513810833332,13.0,17.2,298,68.0,80,0.0,0.0,34,18,5,10,284,1,0,0,-0.8829475928589271,0.4694715627858904,-1.9000000000000004,2.0,10
2025-10-11 19:00:00,33.73310062333332,12.1,15.9,296,6.0,83,0.0,0.0,45,19,5,10,284,1,0,0,-0.898794046299167,0.4383711467890774,-2.200000000000001,2.9000000000000004,10
2025-10-11 20:00:00,31.398758898333323,11.9,15.2,286,0.0,87,0.0,0.0,48,20,5,10,284,1,0,0,-0.9612616959383188,0.2756373558169994,-1.9000000000000004,3.0999999999999996,10
2025-10-11 21:00:00,29.87361318416666,11.4,15.5,295,0.0,92,0.0,0.0,75,21,5,10,284,1,0,0,-0.9063077870366498,0.4226182617406996,-1.5999999999999996,3.5999999999999996,10
2025-10-11 22:00:00,29.222860214166666,11.2,14.6,296,0.0,93,0.0,0.0,100,22,5,10,284,1,0,0,-0.898794046299167,0.4383711467890774,-0.9000000000000004,3.8000000000000007,10
2025-10-11 23:00:00,27.998706284166666,11.9,15.2,294,0.0,89,0.0,0.0,100,23,5,10,284,1,0,0,-0.9135454576426011,0.40673664307579976,0.0,3.0999999999999996,10
2025-10-12 00:00:00,27.848665719166664,12.4,15.2,294,0.0,86,0.0,0.0,100,0,6,10,285,1,0,1,-0.9135454576426011,0.40673664307579976,1.0,2.5999999999999996,11
2025-10-12 01:00:00,27.522440076666665,12.4,14.4,290,0.0,86,0.0,0.0,100,1,6,10,285,1,0,1,-0.9396926207859083,0.342020143325669,1.200000000000001,2.5999999999999996,11
2025-10-12 02:00:00,28.072132941666663,11.6,15.1,285,0.0,91,0.0,0.0,98,2,6,10,285,1,0,1,-0.9659258262890684,0.2588190451025203,-0.3000000000000007,3.4000000000000004,11
2025-10-12 03:00:00,28.997442974166663,11.6,15.9,280,0.0,91,0.0,0.0,98,3,6,10,285,1,0,1,-0.9848077530122081,0.17364817766692997,-0.8000000000000007,3.4000000000000004,11
2025-10-12 04:00:00,29.94872656666666,11.9,16.2,280,0.0,91,0.0,0.0,100,4,6,10,285,1,0,1,-0.9848077530122081,0.17364817766692997,-0.5,3.0999999999999996,11
2025-10-12 05:00:00,31.747051811666655,12.6,16.8,279,0.0,89,0.0,0.0,100,5,6,10,285,1,0,1,-0.9876883405951378,0.15643446504023067,1.0,2.4000000000000004,11
2025-10-12 06:00:00,34.219374141666655,12.8,17.5,275,0.0,89,0.0,0.0,100,6,6,10,285,1,0,1,-0.9961946980917455,0.08715574274765789,1.200000000000001,2.1999999999999993,11
2025-10-12 07:00:00,36.06565169333332,13.1,18.8,280,0.0,90,0.0,0.0,100,7,6,10,285,1,0,1,-0.9848077530122081,0.17364817766692997,1.1999999999999993,1.9000000000000004,11
2025-10-12 08:00:00,35.46702221083331,13.1,17.8,277,0.0,92,0.0,0.0,100,8,6,10,285,1,0,1,-0.992546151641322,0.12186934340514768,0.5,1.9000000000000004,11
2025-10-12 09:00:00,33.314278278333326,13.6,18.6,283,19.0,91,0.0,0.0,100,9,6,10,285,1,0,1,-0.9743700647852352,0.22495105434386492,0.7999999999999989,1.4000000000000004,11
2025-10-12 10:00:00,30.81386973083333,14.1,23.1,304,66.0,89,0.0,0.0,100,10,6,10,285,1,0,1,-0.8290375725550416,0.559192903470747,1.0,0.9000000000000004,11
2025-10-12 11:00:00,31.339747673333328,15.1,23.4,313,158.0,81,0.0,0.0,71,11,6,10,285,1,0,1,-0.7313537016191703,0.6819983600624987,2.0,0.0,11
2025-10-12 12:00:00,30.33884113583333,15.8,22.1,316,280.0,77,0.0,0.0,94,12,6,10,285,1,0,1,-0.6946583704589976,0.7193398003386509,2.200000000000001,0.0,11
2025-10-12 13:00:00,29.58901994166666,16.3,20.8,320,311.0,73,0.0,0.0,100,13,6,10,285,1,0,1,-0.6427876096865396,0.7660444431189778,2.200000000000001,0.0,11
2025-10-12 14:00:00,29.76282037666666,15.4,18.7,331,262.0,78,0.0,0.0,98,14,6,10,285,1,0,1,-0.4848096202463369,0.8746197071393959,0.3000000000000007,0.0,11
2025-10-12 15:00:00,30.913014509166658,16.2,15.5,333,221.0,74,0.0,0.0,98,15,6,10,285,1,0,1,-0.45399049973954697,0.8910065241883678,0.3999999999999986,0.0,11
2025-10-12 16:00:00,32.68951793166665,16.3,12.7,330,170.0,71,0.0,0.0,100,16,6,10,285,1,0,1,-0.5000000000000004,0.8660254037844384,0.0,0.0,11
2025-10-12 17:00:00,34.838834960833324,16.0,9.2,321,90.0,74,0.0,0.0,100,17,6,10,285,1,0,1,-0.6293203910498378,0.7771459614569706,0.5999999999999996,0.0,11
2025-10-12 18:00:00,34.42841826333332,15.1,10.0,298,48.0,81,0.0,0.0,100,18,6,10,285,1,0,1,-0.8829475928589271,0.4694715627858904,-1.0999999999999996,0.0,11
2025-10-12 19:00:00,32.94027044249999,13.8,12.1,297,4.0,89,0.0,0.0,86,19,6,10,285,1,0,1,-0.8910065241883679,0.45399049973954664,-2.5,1.1999999999999993,11
2025-10-12 20:00:00,30.939151168333325,12.3,11.5,302,0.0,96,0.0,0.0,70,20,6,10,285,1,0,1,-0.8480480961564262,0.5299192642332047,-3.6999999999999993,2.6999999999999993,11
2025-10-12 21:00:00,29.112959456666665,11.6,10.2,312,0.0,96,0.0,0.0,95,21,6,10,285,1,0,1,-0.7431448254773946,0.6691306063588578,-3.5,3.4000000000000004,11
2025-10-12 22:00:00,27.563101434166665,11.1,8.7,320,0.0,97,0.0,0.0,100,22,6,10,285,1,0,1,-0.6427876096865396,0.7660444431189778,-2.700000000000001,3.9000000000000004,11
2025-10-12 23:00:00,27.388802629166666,10.9,7.8,331,0.0,97,0.0,0.0,100,23,6,10,285,1,0,1,-0.4848096202463369,0.8746197071393959,-1.4000000000000004,4.1,11
2025-10-13 00:00:00,27.238092741666662,10.4,6.7,346,0.0,98,0.0,0.0,93,0,0,10,286,0,0,1,-0.24192189559966787,0.9702957262759965,-1.1999999999999993,4.6,12
2025-10-13 01:00:00,27.364732726666663,10.1,5.3,348,0.0,99,0.0,0.0,87,1,0,10,286,0,0,1,-0.20791169081775987,0.9781476007338056,-1.0,4.9,12
2025-10-13 02:00:00,28.589373436666666,10.8,4.9,352,0.0,99,0.0,0.0,100,2,0,10,286,0,0,1,-0.13917310096006588,0.9902680687415703,-0.09999999999999964,4.199999999999999,12
2025-10-13 03:00:00,30.466100346666657,11.1,4.5,7,0.0,98,0.0,0.0,100,3,0,10,286,0,0,1,0.12186934340514748,0.992546151641322,0.6999999999999993,3.9000000000000004,12
2025-10-13 04:00:00,33.36607099166666,11.4,5.3,38,0.0,95,0.0,0.0,100,4,0,10,286,0,0,1,0.6156614753256583,0.7880107536067219,1.3000000000000007,3.5999999999999996,12
2025-10-13 05:00:00,36.55211710083333,11.2,4.8,63,0.0,94,0.0,0.0,72,5,0,10,286,0,0,1,0.8910065241883679,0.45399049973954686,0.3999999999999986,3.8000000000000007,12
2025-10-13 06:00:00,38.624484112499985,9.6,3.5,55,0.0,96,0.0,0.0,52,6,0,10,286,0,0,1,0.8191520442889918,0.573576436351046,-1.5,5.4,12
2025-10-13 07:00:00,38.015611967499986,8.4,4.2,43,0.0,98,0.0,0.0,16,7,0,10,286,0,0,1,0.6819983600624985,0.7313537016191705,-3.0,6.6,12
2025-10-13 08:00:00,36.39246842583333,8.2,5.2,61,0.0,98,0.0,0.0,43,8,0,10,286,0,0,1,0.8746197071393957,0.4848096202463371,-3.0,6.800000000000001,12
2025-10-13 09:00:00,34.26708305833332,9.0,4.6,77,44.0,98,0.0,0.0,50,9,0,10,286,0,0,1,0.9743700647852352,0.22495105434386492,-0.5999999999999996,6.0,12
2025-10-13 10:00:00,32.66552458333332,10.7,1.8,143,137.0,93,0.0,0.0,29,10,0,10,286,0,0,1,0.6018150231520482,-0.7986355100472929,2.299999999999999,4.300000000000001,12
2025-10-13 11:00:00,30.139512516666663,12.1,3.2,196,238.0,85,0.0,0.0,30,11,0,10,286,0,0,1,-0.275637355816999,-0.9612616959383189,3.9000000000000004,2.9000000000000004,12
2025-10-13 12:00:00,28.500668076666663,13.4,4.2,239,327.0,73,0.0,0.0,35,12,0,10,286,0,0,1,-0.8571673007021121,-0.5150380749100544,4.4,1.5999999999999996,12
2025-10-13 13:00:00,28.488620086666664,14.1,5.1,264,366.0,68,0.0,0.0,44,13,0,10,286,0,0,1,-0.9945218953682734,-0.10452846326765336,3.4000000000000004,0.9000000000000004,12
2025-10-13 14:00:00,29.614489336666654,14.6,6.8,270,372.0,72,0.0,0.0,52,14,0,10,286,0,0,1,-1.0,-1.8369701987210297e-16,2.5,0.40000000000000036,12
2025-10-13 15:00:00,31.139700854166655,14.9,9.3,262,240.0,72,0.0,0.0,100,15,0,10,286,0,0,1,-0.9902680687415703,-0.13917310096006583,1.5,0.09999999999999964,12
2025-10-13 16:00:00,33.263489699166655,14.6,12.8,271,134.0,75,0.0,0.0,100,16,0,10,286,0,0,1,-0.9998476951563913,0.01745240643728313,0.5,0.40000000000000036,12
2025-10-13 17:00:00,35.270651939166655,14.3,13.2,277,107.0,75,0.0,0.0,100,17,0,10,286,0,0,1,-0.992546151641322,0.12186934340514768,-0.29999999999999893,0.6999999999999993,12
2025-10-13 18:00:00,35.64044597083331,13.4,11.3,279,35.0,79,0.0,0.0,93,18,0,10,286,0,0,1,-0.9876883405951378,0.15643446504023067,-1.5,1.5999999999999996,12
2025-10-13 19:00:00,33.41460981249999,11.6,8.4,285,4.0,88,0.0,0.0,22,19,0,10,286,0,0,1,-0.9659258262890684,0.2588190451025203,-3.0,3.4000000000000004,12
2025-10-13 20:00:00,31.789556438333324,10.4,7.9,270,0.0,94,0.0,0.0,96,20,0,10,286,0,0,1,-1.0,-1.8369701987210297e-16,-3.9000000000000004,4.6,12
2025-10-13 21:00:00,29.289145373333326,11.2,9.9,268,0.0,92,0.0,0.0,100,21,0,10,286,0,0,1,-0.9993908270190958,-0.03489949670250076,-2.200000000000001,3.8000000000000007,12
2025-10-13 22:00:00,28.338999659166664,11.7,10.1,274,0.0,92,0.0,0.0,100,22,0,10,286,0,0,1,-0.9975640502598243,0.06975647374412522,0.09999999999999964,3.3000000000000007,12
2025-10-13 23:00:00,27.388605599166663,12.1,11.5,279,0.0,91,0.0,0.0,100,23,0,10,286,0,0,1,-0.9876883405951378,0.15643446504023067,1.6999999999999993,2.9000000000000004,12
2025-10-14 00:00:00,27.263269489166664,12.6,12.7,291,0.0,93,0.0,0.0,100,0,1,10,287,0,0,1,-0.9335804264972017,0.3583679495453004,1.4000000000000004,2.4000000000000004,13
2025-10-14 01:00:00,27.213556341666667,12.8,12.7,295,0.0,92,0.0,0.0,21,1,1,10,287,0,0,1,-0.9063077870366498,0.4226182617406996,1.1000000000000014,2.1999999999999993,13
2025-10-14 02:00:00,27.790346996666663,11.4,12.5,291,0.0,97,0.0,0.0,73,2,1,10,287,0,0,1,-0.9335804264972017,0.3583679495453004,-0.6999999999999993,3.5999999999999996,13
2025-10-14 03:00:00,30.26530063666666,11.1,13.1,293,0.0,97,0.0,0.0,100,3,1,10,287,0,0,1,-0.9205048534524405,0.3907311284892735,-1.5,3.9000000000000004,13
2025-10-14 04:00:00,33.24093892583332,11.9,13.7,304,0.0,95,0.0,0.0,100,4,1,10,287,0,0,1,-0.8290375725550416,0.559192903470747,-0.9000000000000004,3.0999999999999996,13
2025-10-14 05:00:00,36.00224748833332,11.8,13.7,304,0.0,94,0.0,0.0,100,5,1,10,287,0,0,1,-0.8290375725550416,0.559192903470747,0.40000000000000036,3.1999999999999993,13
2025-10-14 06:00:00,37.04731884083332,11.8,14.0,303,0.0,90,0.0,0.0,81,6,1,10,287,0,0,1,-0.8386705679454243,0.5446390350150266,0.7000000000000011,3.1999999999999993,13
2025-10-14 07:00:00,36.71614716583332,11.5,11.3,313,0.0,90,0.0,0.0,99,7,1,10,287,0,0,1,-0.7313537016191703,0.6819983600624987,-0.40000000000000036,3.5,13
2025-10-14 08:00:00,35.46657889333331,11.7,9.2,313,0.0,90,0.0,0.0,100,8,1,10,287,0,0,1,-0.7313537016191703,0.6819983600624987,-0.10000000000000142,3.3000000000000007,13
2025-10-14 09:00:00,33.96340902833332,12.0,9.3,306,14.0,88,0.0,0.0,100,9,1,10,287,0,0,1,-0.8090169943749476,0.5877852522924729,0.1999999999999993,3.0,13
2025-10-14 10:00:00,33.44048859416665,12.6,12.6,316,71.0,83,0.0,0.0,100,10,1,10,287,0,0,1,-0.6946583704589976,0.7193398003386509,1.0999999999999996,2.4000000000000004,13
2025-10-14 11:00:00,32.815508876666655,13.1,13.0,332,117.0,79,0.0,0.0,100,11,1,10,287,0,0,1,-0.4694715627858908,0.882947592858927,1.4000000000000004,1.9000000000000004,13
2025-10-14 12:00:00,32.53896656749998,13.8,11.7,329,163.0,76,0.0,0.0,100,12,1,10,287,0,0,1,-0.5150380749100545,0.8571673007021121,1.8000000000000007,1.1999999999999993,13
2025-10-14 13:00:00,36.015210434166654,14.4,9.8,336,224.0,74,0.0,0.0,100,13,1,10,287,0,0,1,-0.40673664307580015,0.9135454576426009,1.8000000000000007,0.5999999999999996,13
2025-10-14 14:00:00,36.83601980999999,14.4,6.6,349,231.0,75,0.0,0.0,99,14,1,10,287,0,0,1,-0.19080899537654467,0.981627183447664,1.3000000000000007,0.5999999999999996,13
2025-10-14 15:00:00,37.76289533166665,14.9,6.5,3,213.0,74,0.0,0.0,100,15,1,10,287,0,0,1,0.052335956242943835,0.9986295347545738,1.0999999999999996,0.09999999999999964,13
2025-10-14 16:00:00,39.340162015833315,14.8,8.2,19,167.0,76,0.0,0.0,100,16,1,10,287,0,0,1,0.3255681544571567,0.9455185755993168,0.40000000000000036,0.1999999999999993,13
2025-10-14 17:00:00,40.26505191083332,14.1,9.7,31,91.0,80,0.0,0.0,100,17,1,10,287,0,0,1,0.5150380749100542,0.8571673007021123,-0.3000000000000007,0.9000000000000004,13
2025-10-14 18:00:00,39.99934437833332,13.1,9.8,41,28.0,85,0.0,0.0,100,18,1,10,287,0,0,1,0.6560590289905073,0.754709580222772,-1.8000000000000007,1.9000000000000004,13
2025-10-14 19:00:00,39.13585053583331,12.5,8.2,41,1.0,86,0.0,0.0,98,19,1,10,287,0,0,1,0.6560590289905073,0.754709580222772,-2.3000000000000007,2.5,13
2025-10-14 20:00:00,37.43981431583333,11.8,4.3,42,0.0,90,0.0,0.0,0,20,1,10,287,0,0,1,0.6691306063588582,0.7431448254773942,-2.299999999999999,3.1999999999999993,13
2025-10-14 21:00:00,34.93708403166666,10.0,1.6,360,0.0,94,0.0,0.0,1,21,1,10,287,0,0,1,-2.4492935982947064e-16,1.0,-3.0999999999999996,5.0,13
2025-10-14 22:00:00,33.83727274916666,9.2,1.9,299,0.0,96,0.0,0.0,9,22,1,10,287,0,0,1,-0.8746197071393956,0.4848096202463373,-3.3000000000000007,5.800000000000001,13
2025-10-14 23:00:00,33.46328397666666,8.6,3.9,286,0.0,98,0.0,0.0,3,23,1,10,287,0,0,1,-0.9612616959383188,0.2756373558169994,-3.200000000000001,6.4,13
2025-10-15 00:00:00,33.46311012666666,8.6,6.0,280,0.0,98,0.0,0.0,23,0,2,10,288,0,0,1,-0.9848077530122081,0.17364817766692997,-1.4000000000000004,6.4,14
2025-10-15 01:00:00,33.11312171666666,8.6,7.0,271,0.0,99,0.0,0.0,50,1,2,10,288,0,0,1,-0.9998476951563913,0.01745240643728313,-0.5999999999999996,6.4,14
2025-10-15 02:00:00,32.92329212666667,8.6,8.3,252,0.0,100,0.0,0.0,100,2,2,10,288,0,0,1,-0.9510565162951535,-0.30901699437494756,0.0,6.4,14
2025-10-15 03:00:00,34.81419463083332,8.7,7.6,243,0.0,100,0.0,0.0,100,3,2,10,288,0,0,1,-0.8910065241883678,-0.45399049973954697,0.09999999999999964,6.300000000000001,14
2025-10-15 04:00:00,38.26506433999999,9.1,8.1,253,0.0,100,0.0,0.0,100,4,2,10,288,0,0,1,-0.9563047559630353,-0.2923717047227371,0.5,5.9,14
2025-10-15 05:00:00,38.076674622499986,10.2,8.0,262,0.0,100,0.0,0.0,100,5,2,10,288,0,0,1,-0.9902680687415703,-0.13917310096006583,1.5999999999999996,4.800000000000001,14
2025-10-15 06:00:00,38.54731594333333,10.9,7.4,231,0.0,99,0.0,0.0,100,6,2,10,288,0,0,1,-0.7771459614569706,-0.6293203910498378,2.200000000000001,4.1,14
2025-10-15 07:00:00,37.81395543666665,11.3,9.6,240,0.0,97,0.0,0.0,100,7,2,10,288,0,0,1,-0.8660254037844384,-0.5000000000000004,2.200000000000001,3.6999999999999993,14
2025-10-15 08:00:00,38.06404358083332,11.8,10.8,252,0.0,96,0.0,0.0,100,8,2,10,288,0,0,1,-0.9510565162951535,-0.30901699437494756,1.6000000000000014,3.1999999999999993,14
2025-10-15 09:00:00,38.43800048083331,12.1,9.4,268,10.0,97,0.0,0.0,100,9,2,10,288,0,0,1,-0.9993908270190958,-0.03489949670250076,1.1999999999999993,2.9000000000000004,14
2025-10-15 10:00:00,37.71353941583332,12.4,11.0,272,41.0,96,0.0,0.0,100,10,2,10,288,0,0,1,-0.9993908270190958,0.03489949670250128,1.0999999999999996,2.5999999999999996,14
2025-10-15 11:00:00,37.56415368583332,12.8,12.2,287,70.0,91,0.0,0.0,100,11,2,10,288,0,0,1,-0.9563047559630354,0.2923717047227367,1.0,2.1999999999999993,14
2025-10-15 12:00:00,37.66548363833332,13.1,15.1,295,115.0,89,0.0,0.0,44,12,2,10,288,0,0,1,-0.9063077870366498,0.4226182617406996,1.0,1.9000000000000004,14
2025-10-15 13:00:00,38.76313086833332,13.8,17.5,291,309.0,77,0.0,0.0,100,13,2,10,288,0,0,1,-0.9335804264972017,0.3583679495453004,1.4000000000000004,1.1999999999999993,14
2025-10-15 14:00:00,39.13883496083332,13.4,18.6,288,144.0,74,0.0,0.0,100,14,2,10,288,0,0,1,-0.9510565162951536,0.30901699437494723,0.5999999999999996,1.5999999999999996,14
2025-10-15 15:00:00,40.18866111083331,13.2,20.6,289,170.0,75,0.0,0.0,77,15,2,10,288,0,0,1,-0.945518575599317,0.3255681544571563,0.09999999999999964,1.8000000000000007,14
2025-10-15 16:00:00,41.66532427583332,12.8,17.6,285,133.0,80,0.0,0.0,96,16,2,10,288,0,0,1,-0.9659258262890684,0.2588190451025203,-1.0,2.1999999999999993,14
2025-10-15 17:00:00,43.41456802833332,12.2,17.2,284,103.0,83,0.0,0.0,100,17,2,10,288,0,0,1,-0.9702957262759966,0.24192189559966745,-1.200000000000001,2.8000000000000007,14
2025-10-15 18:00:00,42.115251838333315,12.1,14.5,275,26.0,86,0.0,0.0,59,18,2,10,288,0,0,1,-0.9961946980917455,0.08715574274765789,-1.0999999999999996,2.9000000000000004,14
2025-10-15 19:00:00,41.01364372583332,11.4,14.5,276,2.0,89,0.0,0.0,99,19,2,10,288,0,0,1,-0.9945218953682734,0.10452846326765299,-1.4000000000000004,3.5999999999999996,14
2025-10-15 20:00:00,37.59175274333331,10.9,13.9,271,0.0,91,0.0,0.0,37,20,2,10,288,0,0,1,-0.9998476951563913,0.01745240643728313,-1.299999999999999,4.1,14
2025-10-15 21:00:00,35.16176530666666,10.6,13.2,266,0.0,92,0.0,0.0,30,21,2,10,288,0,0,1,-0.9975640502598242,-0.06975647374412558,-1.5,4.4,14
2025-10-15 22:00:00,33.46378234666666,10.6,14.1,273,0.0,93,0.0,0.0,77,22,2,10,288,0,0,1,-0.9986295347545738,0.052335956242943946,-0.8000000000000007,4.4,14
2025-10-15 23:00:00,32.486481731666665,11.1,15.2,281,0.0,94,0.0,0.0,27,23,2,10,288,0,0,1,-0.9816271834476639,0.1908089953765451,0.1999999999999993,3.9000000000000004,14
2025-10-16 00:00:00,32.83698010166666,11.1,15.7,286,0.0,94,0.0,0.0,83,0,3,10,289,0,0,1,-0.9612616959383188,0.2756373558169994,0.5,3.9000000000000004,15
2025-10-16 01:00:00,32.86413004666666,11.4,15.2,292,0.0,94,0.0,0.0,100,1,3,10,289,0,0,1,-0.9271838545667874,0.37460659341591196,0.8000000000000007,3.5999999999999996,15
2025-10-16 02:00:00,33.539072096666665,11.1,13.7,292,0.0,95,0.0,0.0,10,2,3,10,289,0,0,1,-0.9271838545667874,0.37460659341591196,0.0,3.9000000000000004,15
2025-10-16 03:00:00,35.76584910333332,10.8,13.3,291,0.0,95,0.0,0.0,94,3,3,10,289,0,0,1,-0.9335804264972017,0.3583679495453004,-0.29999999999999893,4.199999999999999,15
2025-10-16 04:00:00,39.06205299833332,10.9,13.4,292,0.0,94,0.0,0.0,92,4,3,10,289,0,0,1,-0.9271838545667874,0.37460659341591196,-0.5,4.1,15
2025-10-16 05:00:00,41.577704074166654,10.6,12.8,289,0.0,94,0.0,0.0,12,5,3,10,289,0,0,1,-0.945518575599317,0.3255681544571563,-0.5,4.4,15
2025-10-16 06:00:00,40.72086429583331,9.9,12.9,286,0.0,95,0.0,0.0,11,6,3,10,289,0,0,1,-0.9612616959383188,0.2756373558169994,-0.9000000000000004,5.1,15
2025-10-16 07:00:00,38.265330070833315,9.7,12.4,279,0.0,95,0.0,0.0,93,7,3,10,289,0,0,1,-0.9876883405951378,0.15643446504023067,-1.200000000000001,5.300000000000001,15
2025-10-16 08:00:00,36.31392768083332,11.3,15.0,312,0.0,88,0.0,0.0,40,8,3,10,289,0,0,1,-0.7431448254773946,0.6691306063588578,0.7000000000000011,3.6999999999999993,15
2025-10-16 09:00:00,34.013338649166656,11.4,14.8,316,40.0,89,0.0,0.0,100,9,3,10,289,0,0,1,-0.6946583704589976,0.7193398003386509,1.5,3.5999999999999996,15
2025-10-16 10:00:00,35.313684670833325,12.8,14.4,311,69.0,87,0.0,0.0,30,10,3,10,289,0,0,1,-0.7547095802227722,0.656059028990507,3.1000000000000014,2.1999999999999993,15
2025-10-16 11:00:00,35.73911312083332,14.0,22.2,318,248.0,79,0.0,0.0,24,11,3,10,289,0,0,1,-0.6691306063588581,0.7431448254773944,2.6999999999999993,1.0,15
2025-10-16 12:00:00,34.68786345916666,14.4,19.3,310,304.0,77,0.0,0.0,20,12,3,10,289,0,0,1,-0.7660444431189781,0.6427876096865393,3.0,0.5999999999999996,15
2025-10-16 13:00:00,33.83603261916666,14.8,20.1,307,354.0,74,0.0,0.0,39,13,3,10,289,0,0,1,-0.7986355100472932,0.6018150231520479,2.0,0.1999999999999993,15
2025-10-16 14:00:00,34.86240893166666,14.1,20.1,302,313.0,80,0.0,0.0,80,14,3,10,289,0,0,1,-0.8480480961564262,0.5299192642332047,0.09999999999999964,0.9000000000000004,15
2025-10-16 15:00:00,36.41277691416665,14.1,21.2,304,207.0,76,0.0,0.0,44,15,3,10,289,0,0,1,-0.8290375725550416,0.559192903470747,-0.3000000000000007,0.9000000000000004,15
2025-10-16 16:00:00,39.16396161166666,14.1,20.9,312,250.0,73,0.0,0.0,84,16,3,10,289,0,0,1,-0.7431448254773946,0.6691306063588578,-0.7000000000000011,0.9000000000000004,15
2025-10-16 17:00:00,40.488878423333325,13.6,19.4,308,143.0,76,0.0,0.0,22,17,3,10,289,0,0,1,-0.7880107536067218,0.6156614753256585,-0.5,1.4000000000000004,15
2025-10-16 18:00:00,39.81434492083333,12.4,17.5,302,59.0,82,0.0,0.0,9,18,3,10,289,0,0,1,-0.8480480961564262,0.5299192642332047,-1.6999999999999993,2.5999999999999996,15
2025-10-16 19:00:00,38.34130652833332,11.4,16.0,301,2.0,88,0.0,0.0,26,19,3,10,289,0,0,1,-0.8571673007021123,0.5150380749100542,-2.6999999999999993,3.5999999999999996,15
2025-10-16 20:00:00,36.826505913333314,11.0,15.2,301,0.0,90,0.0,0.0,41,20,3,10,289,0,0,1,-0.8571673007021123,0.5150380749100542,-2.5999999999999996,4.0,15
2025-10-16 21:00:00,34.86594182333332,10.7,14.2,299,0.0,91,0.0,0.0,48,21,3,10,289,0,0,1,-0.8746197071393956,0.4848096202463373,-1.700000000000001,4.300000000000001,15
2025-10-16 22:00:00,33.311951126666656,10.4,13.1,295,0.0,92,0.0,0.0,21,22,3,10,289,0,0,1,-0.9063077870366498,0.4226182617406996,-1.0,4.6,15
2025-10-16 23:00:00,32.41266970666666,10.1,13.2,298,0.0,92,0.0,0.0,24,23,3,10,289,0,0,1,-0.8829475928589271,0.4694715627858904,-0.9000000000000004,4.9,15
2025-10-17 00:00:00,32.21327238666666,9.9,13.1,297,0.0,92,0.0,0.0,39,0,4,10,290,0,0,1,-0.8910065241883679,0.45399049973954664,-0.7999999999999989,5.1,16
2025-10-17 01:00:00,33.08885188666666,9.6,13.7,302,0.0,92,0.0,0.0,21,1,4,10,290,0,0,1,-0.8480480961564262,0.5299192642332047,-0.8000000000000007,5.4,16
2025-10-17 02:00:00,32.38921079666666,9.7,12.8,304,0.0,87,0.0,0.0,12,2,4,10,290,0,0,1,-0.8290375725550416,0.559192903470747,-0.40000000000000036,5.300000000000001,16
2025-10-17 03:00:00,34.56407255583331,9.1,11.9,301,0.0,86,0.0,0.0,96,3,4,10,290,0,0,1,-0.8571673007021123,0.5150380749100542,-0.8000000000000007,5.9,16
2025-10-17 04:00:00,38.11513967499999,9.2,11.5,299,0.0,84,0.0,0.0,100,4,4,10,290,0,0,1,-0.8746197071393956,0.4848096202463373,-0.40000000000000036,5.800000000000001,16
2025-10-17 05:00:00,41.300448599999974,10.1,14.3,311,0.0,75,0.0,0.0,99,5,4,10,290,0,0,1,-0.7547095802227722,0.656059028990507,0.40000000000000036,4.9,16
2025-10-17 06:00:00,42.92031422999999,9.3,16.1,310,0.0,71,0.0,0.0,99,6,4,10,290,0,0,1,-0.7660444431189781,0.6427876096865393,0.20000000000000107,5.699999999999999,16
2025-10-17 07:00:00,42.079384809166655,9.0,16.1,306,0.0,72,0.0,0.0,100,7,4,10,290,0,0,1,-0.8090169943749476,0.5877852522924729,-0.1999999999999993,6.0,16
2025-10-17 08:00:00,40.116619078333315,7.9,14.6,314,0.0,79,0.0,0.0,26,8,4,10,290,0,0,1,-0.7193398003386512,0.6946583704589973,-2.1999999999999993,7.1,16
2025-10-17 09:00:00,38.81436520333332,8.3,15.7,317,40.0,76,0.0,0.0,48,9,4,10,290,0,0,1,-0.6819983600624984,0.7313537016191707,-1.0,6.699999999999999,16
2025-10-17 10:00:00,38.36442315333332,9.4,17.7,322,147.0,71,0.0,0.0,73,10,4,10,290,0,0,1,-0.6156614753256582,0.7880107536067221,0.40000000000000036,5.6,16
2025-10-17 11:00:00,38.66647458333332,10.4,15.9,317,208.0,68,0.0,0.0,74,11,4,10,290,0,0,1,-0.6819983600624984,0.7313537016191707,2.5,4.6,16
2025-10-17 12:00:00,38.84141373583332,11.1,21.6,314,294.0,64,0.0,0.0,100,12,4,10,290,0,0,1,-0.7193398003386512,0.6946583704589973,2.799999999999999,3.9000000000000004,16
2025-10-17 13:00:00,39.19173246083332,11.0,22.1,307,141.0,66,0.0,0.0,100,13,4,10,290,0,0,1,-0.7986355100472932,0.6018150231520479,1.5999999999999996,4.0,16
2025-10-17 14:00:00,37.21466074833331,10.8,21.2,311,211.0,67,0.0,0.0,100,14,4,10,290,0,0,1,-0.7547095802227722,0.656059028990507,0.40000000000000036,4.199999999999999,16
2025-10-17 15:00:00,37.96493311333331,10.8,20.3,312,150.0,67,0.0,0.0,79,15,4,10,290,0,0,1,-0.7431448254773946,0.6691306063588578,-0.29999999999999893,4.199999999999999,16
2025-10-17 16:00:00,42.36680863499999,10.6,24.0,312,189.0,64,0.0,0.0,73,16,4,10,290,0,0,1,-0.7431448254773946,0.6691306063588578,-0.40000000000000036,4.4,16
2025-10-17 17:00:00,44.46634755249998,10.4,18.5,310,131.0,66,0.0,0.0,9,17,4,10,290,0,0,1,-0.7660444431189781,0.6427876096865393,-0.40000000000000036,4.6,16
2025-10-17 18:00:00,45.71984193749999,9.4,17.8,326,63.0,60,0.0,0.0,5,18,4,10,290,0,0,1,-0.5591929034707466,0.8290375725550418,-1.4000000000000004,5.6,16
2025-10-17 19:00:00,46.59142288749999,7.8,15.0,334,1.0,63,0.0,0.0,0,19,4,10,290,0,0,1,-0.4383711467890778,0.8987940462991668,-2.8,7.2,16
2025-10-17 20:00:00,46.59226895749998,6.7,15.1,335,0.0,68,0.0,0.0,0,20,4,10,290,0,0,1,-0.4226182617406992,0.90630778703665,-3.7,8.3,16
2025-10-17 21:00:00,44.11754917583332,5.8,15.1,343,0.0,70,0.0,0.0,0,21,4,10,290,0,0,1,-0.29237170472273716,0.9563047559630353,-3.6000000000000005,9.2,16
2025-10-17 22:00:00,41.99141045833331,5.2,13.6,349,0.0,75,0.0,0.0,1,22,4,10,290,0,0,1,-0.19080899537654467,0.981627183447664,-2.5999999999999996,9.8,16
2025-10-17 23:00:00,41.99239766666665,4.7,12.7,352,0.0,83,0.0,0.0,45,23,4,10,290,0,0,1,-0.13917310096006588,0.9902680687415703,-2.0,10.3,16
2025-10-18 00:00:00,41.86666375999998,4.8,11.7,345,0.0,84,0.0,0.0,58,0,5,10,291,1,0,1,-0.2588190451025207,0.9659258262890683,-1.0,10.2,17
2025-10-18 01:00:00,42.666173243333326,4.1,11.0,341,0.0,87,0.0,0.0,1,1,5,10,291,1,0,1,-0.3255681544571567,0.9455185755993168,-1.1000000000000005,10.9,17
2025-10-18 02:00:00,43.768075681666645,3.0,11.1,346,0.0,84,0.0,0.0,0,2,5,10,291,1,0,1,-0.24192189559966787,0.9702957262759965,-1.7000000000000002,12.0,17
2025-10-18 03:00:00,46.39280537499998,2.2,10.2,347,0.0,87,0.0,0.0,0,3,5,10,291,1,0,1,-0.22495105434386534,0.9743700647852351,-2.5999999999999996,12.8,17
2025-10-18 04:00:00,50.14378808666665,1.8,9.6,351,0.0,88,0.0,0.0,0,4,5,10,291,1,0,1,-0.15643446504023112,0.9876883405951377,-2.3,13.2,17
2025-10-18 05:00:00,54.628013346666656,1.5,8.1,360,0.0,89,0.0,0.0,0,5,5,10,291,1,0,1,-2.4492935982947064e-16,1.0,-1.5,13.5,17
2025-10-18 06:00:00,60.275978921666656,1.3,7.6,3,0.0,90,0.0,0.0,0,6,5,10,291,1,0,1,0.052335956242943835,0.9986295347545738,-0.9000000000000001,13.7,17
2025-10-18 07:00:00,62.29670015333332,1.2,7.3,353,0.0,91,0.0,0.0,0,7,5,10,291,1,0,1,-0.12186934340514723,0.9925461516413221,-0.6000000000000001,13.8,17
2025-10-18 08:00:00,55.344602743333326,0.8,8.1,355,0.0,91,0.0,0.0,6,8,5,10,291,1,0,1,-0.08715574274765832,0.9961946980917455,-0.7,14.2,17
2025-10-18 09:00:00,45.91935599666665,1.5,8.5,358,38.0,90,0.0,0.0,0,9,5,10,291,1,0,1,-0.034899496702500823,0.9993908270190958,0.19999999999999996,13.5,17
2025-10-18 10:00:00,40.99278387333331,4.1,5.9,348,153.0,85,0.0,0.0,0,10,5,10,291,1,0,1,-0.20791169081775987,0.9781476007338056,2.8999999999999995,10.9,17
2025-10-18 11:00:00,42.19136158083331,6.5,2.9,360,269.0,79,0.0,0.0,0,11,5,10,291,1,0,1,-2.4492935982947064e-16,1.0,5.7,8.5,17
2025-10-18 12:00:00,41.11572413083332,8.1,1.2,39,357.0,72,0.0,0.0,22,12,5,10,291,1,0,1,0.6293203910498374,0.7771459614569709,6.6,6.9,17
2025-10-18 13:00:00,38.51849703833331,8.9,1.9,209,404.0,65,0.0,0.0,9,13,5,10,291,1,0,1,-0.48480962024633695,-0.8746197071393959,4.800000000000001,6.1,17
2025-10-18 14:00:00,38.81664843333332,9.7,2.9,191,410.0,59,0.0,0.0,5,14,5,10,291,1,0,1,-0.19080899537654472,-0.981627183447664,3.1999999999999993,5.300000000000001,17
2025-10-18 15:00:00,40.76653543083332,9.9,3.9,193,368.0,59,0.0,0.0,6,15,5,10,291,1,0,1,-0.22495105434386498,-0.9743700647852352,1.8000000000000007,5.1,17
2025-10-18 16:00:00,45.99386174333331,9.7,5.1,212,286.0,60,0.0,0.0,20,16,5,10,291,1,0,1,-0.5299192642332048,-0.8480480961564261,0.7999999999999989,5.300000000000001,17
2025-10-18 17:00:00,48.819353938333315,9.1,5.1,225,171.0,65,0.0,0.0,11,17,5,10,291,1,0,1,-0.7071067811865475,-0.7071067811865477,-0.5999999999999996,5.9,17
2025-10-18 18:00:00,48.71915606916665,6.9,3.4,227,60.0,78,0.0,0.0,2,18,5,10,291,1,0,1,-0.7313537016191703,-0.6819983600624986,-3.0,8.1,17
2025-10-18 19:00:00,48.121648758333315,5.6,2.2,215,1.0,80,0.0,0.0,30,19,5,10,291,1,0,1,-0.5735764363510462,-0.8191520442889918,-4.1,9.4,17
2025-10-18 20:00:00,46.76973724749998,4.8,0.9,101,0.0,83,0.0,0.0,100,20,5,10,291,1,0,1,0.981627183447664,-0.1908089953765448,-4.3,10.2,17
2025-10-18 21:00:00,44.62013916083332,3.7,2.4,126,0.0,86,0.0,0.0,100,21,5,10,291,1,0,1,0.8090169943749475,-0.587785252292473,-3.2,11.3,17
2025-10-18 22:00:00,42.643958199999986,3.0,4.0,144,0.0,87,0.0,0.0,99,22,5,10,291,1,0,1,0.5877852522924732,-0.8090169943749473,-2.5999999999999996,12.0,17
2025-10-18 23:00:00,41.843836504999985,3.2,6.6,147,0.0,86,0.0,0.0,100,23,5,10,291,1,0,1,0.5446390350150273,-0.8386705679454239,-1.5999999999999996,11.8,17
2025-10-19 00:00:00,41.54445862833333,3.3,7.6,153,0.0,89,0.0,0.0,100,0,6,10,292,1,0,1,0.45399049973954686,-0.8910065241883678,-0.40000000000000036,11.7,18
2025-10-19 01:00:00,42.518519838333326,3.0,9.6,164,0.0,91,0.0,0.0,100,1,6,10,292,1,0,1,0.2756373558169992,-0.9612616959383189,0.0,12.0,18
2025-10-19 02:00:00,43.09693972749998,3.0,9.9,153,0.0,90,0.0,0.0,100,2,6,10,292,1,0,1,0.45399049973954686,-0.8910065241883678,-0.20000000000000018,12.0,18
2025-10-19 03:00:00,44.74357283249998,2.7,10.4,154,0.0,89,0.0,0.0,100,3,6,10,292,1,0,1,0.4383711467890773,-0.898794046299167,-0.5999999999999996,12.3,18
2025-10-19 04:00:00,47.19472313999999,2.5,10.8,152,0.0,88,0.0,0.0,100,4,6,10,292,1,0,1,0.4694715627858907,-0.882947592858927,-0.5,12.5,18
2025-10-19 05:00:00,50.11489076416666,2.5,11.5,151,0.0,87,0.0,0.0,100,5,6,10,292,1,0,1,0.48480962024633717,-0.8746197071393957,-0.5,12.5,18
2025-10-19 06:00:00,54.62633073833333,2.3,11.6,150,0.0,87,0.0,0.0,100,6,6,10,292,1,0,1,0.49999999999999994,-0.8660254037844387,-0.40000000000000036,12.7,18
2025-10-19 07:00:00,58.31879723833332,2.5,12.7,145,0.0,84,0.0,0.0,100,7,6,10,292,1,0,1,0.5735764363510459,-0.8191520442889919,0.0,12.5,18
2025-10-19 08:00:00,55.193450377499985,2.8,13.5,137,0.0,82,0.0,0.0,100,8,6,10,292,1,0,1,0.6819983600624986,-0.7313537016191705,0.2999999999999998,12.2,18
2025-10-19 09:00:00,48.54278722999998,3.2,14.1,138,25.0,80,0.0,0.0,100,9,6,10,292,1,0,1,0.6691306063588585,-0.743144825477394,0.9000000000000004,11.8,18
2025-10-19 10:00:00,44.779328537499985,4.7,12.0,130,122.0,78,0.0,0.0,95,10,6,10,292,1,0,1,0.766044443118978,-0.6427876096865394,2.2,10.3,18
2025-10-19 11:00:00,43.816301192499985,6.3,14.5,133,237.0,73,0.0,0.0,4,11,6,10,292,1,0,1,0.7313537016191706,-0.6819983600624984,3.5,8.7,18
2025-10-19 12:00:00,42.01758974083332,7.7,15.9,135,354.0,68,0.0,0.0,0,12,6,10,292,1,0,1,0.7071067811865476,-0.7071067811865475,4.5,7.3,18
2025-10-19 13:00:00,41.96557635833332,8.8,17.1,138,404.0,64,0.0,0.0,0,13,6,10,292,1,0,1,0.6691306063588585,-0.743144825477394,4.1000000000000005,6.199999999999999,18
2025-10-19 14:00:00,41.989823008333325,9.9,17.8,133,410.0,61,0.0,0.0,0,14,6,10,292,1,0,1,0.7313537016191706,-0.6819983600624984,3.6000000000000005,5.1,18
2025-10-19 15:00:00,44.46787659333332,10.1,17.9,128,369.0,61,0.0,0.0,0,15,6,10,292,1,0,1,0.788010753606722,-0.6156614753256583,2.3999999999999995,4.9,18
2025-10-19 16:00:00,48.146290687499985,9.9,17.8,126,289.0,62,0.0,0.0,0,16,6,10,292,1,0,1,0.8090169943749475,-0.587785252292473,1.0999999999999996,5.1,18
2025-10-19 17:00:00,50.81825578583332,9.2,17.0,122,178.0,67,0.0,0.0,0,17,6,10,292,1,0,1,0.8480480961564261,-0.5299192642332048,-0.7000000000000011,5.800000000000001,18
2025-10-19 18:00:00,50.569034374166655,7.9,17.7,125,59.0,71,0.0,0.0,0,18,6,10,292,1,0,1,0.8191520442889917,-0.5735764363510462,-2.1999999999999993,7.1,18
2025-10-19 19:00:00,48.868024824999985,7.2,17.9,131,0.0,73,0.0,0.0,0,19,6,10,292,1,0,1,0.7547095802227721,-0.6560590289905072,-2.7,7.8,18
2025-10-19 20:00:00,46.64333401833332,7.0,19.0,132,0.0,70,0.0,0.0,0,20,6,10,292,1,0,1,0.7431448254773942,-0.6691306063588582,-2.1999999999999993,8.0,18
2025-10-19 21:00:00,43.75635388999999,6.6,19.1,135,0.0,71,0.0,0.0,0,21,6,10,292,1,0,1,0.7071067811865476,-0.7071067811865475,-1.3000000000000007,8.4,18
2025-10-19 22:00:00,42.293091847499994,6.1,18.6,136,0.0,71,0.0,0.0,5,22,6,10,292,1,0,1,0.6946583704589971,-0.7193398003386513,-1.1000000000000005,8.9,18
2025-10-19 23:00:00,41.44319036249999,5.6,18.3,136,0.0,72,0.0,0.0,66,23,6,10,292,1,0,1,0.6946583704589971,-0.7193398003386513,-1.4000000000000004,9.4,18
2025-10-20 00:00:00,41.91774162999999,5.2,17.4,135,0.0,74,0.0,0.0,42,0,0,10,293,0,0,1,0.7071067811865476,-0.7071067811865475,-1.3999999999999995,9.8,19
2025-10-20 01:00:00,42.74376033083332,4.8,16.8,133,0.0,77,0.0,0.0,97,1,0,10,293,0,0,1,0.7313537016191706,-0.6819983600624984,-1.2999999999999998,10.2,19
2025-10-20 02:00:00,44.01815848999998,4.5,17.0,132,0.0,78,0.0,0.0,100,2,0,10,293,0,0,1,0.7431448254773942,-0.6691306063588582,-1.0999999999999996,10.5,19
2025-10-20 03:00:00,46.11853226749998,4.3,16.7,133,0.0,80,0.0,0.0,100,3,0,10,293,0,0,1,0.7313537016191706,-0.6819983600624984,-0.9000000000000004,10.7,19
2025-10-20 04:00:00,51.22894550249999,4.2,16.5,135,0.0,81,0.0,0.0,100,4,0,10,293,0,0,1,0.7071067811865476,-0.7071067811865475,-0.5999999999999996,10.8,19
2025-10-20 05:00:00,54.87701370916666,4.0,16.4,132,0.0,82,0.0,0.0,100,5,0,10,293,0,0,1,0.7431448254773942,-0.6691306063588582,-0.5,11.0,19
2025-10-20 06:00:00,56.45303324916665,3.8,16.8,128,0.0,83,0.0,0.0,100,6,0,10,293,0,0,1,0.788010753606722,-0.6156614753256583,-0.5,11.2,19
2025-10-20 07:00:00,54.81600352869047,3.7,17.1,129,0.0,85,0.0,0.0,100,7,0,10,293,0,0,1,0.777145961456971,-0.6293203910498373,-0.5,11.3,19
2025-10-20 08:00:00,53.03033598297618,4.0,18.2,124,0.0,86,0.0,0.0,100,8,0,10,293,0,0,1,0.8290375725550417,-0.5591929034707467,0.0,11.0,19
2025-10-20 09:00:00,51.34519128559523,4.8,18.7,129,24.0,84,0.0,0.0,100,9,0,10,293,0,0,1,0.777145961456971,-0.6293203910498373,1.0,10.2,19
2025-10-20 10:00:00,47.66084344607141,6.2,15.5,125,44.0,81,0.0,0.0,100,10,0,10,293,0,0,1,0.8191520442889917,-0.5735764363510462,2.5,8.8,19
2025-10-20 11:00:00,47.94490857999998,6.8,15.5,122,46.0,80,0.0,0.0,100,11,0,10,293,0,0,1,0.8480480961564261,-0.5299192642332048,2.8,8.2,19
2025-10-20 12:00:00,48.04521571499998,8.0,17.2,130,129.0,76,0.0,0.0,100,12,0,10,293,0,0,1,0.766044443118978,-0.6427876096865394,3.2,7.0,19
2025-10-20 13:00:00,48.11870032249999,9.2,15.0,129,172.0,77,0.0,0.0,100,13,0,10,293,0,0,1,0.777145961456971,-0.6293203910498373,2.999999999999999,5.800000000000001,19
2025-10-20 14:00:00,48.97116899249998,11.1,17.1,138,311.0,74,0.0,0.0,100,14,0,10,293,0,0,1,0.6691306063588585,-0.743144825477394,4.3,3.9000000000000004,19
2025-10-20 15:00:00,50.528419376666655,10.6,18.4,149,93.0,82,0.0,0.0,100,15,0,10,293,0,0,1,0.5150380749100544,-0.8571673007021122,2.5999999999999996,4.4,19
2025-10-20 16:00:00,51.65134438666665,10.1,18.1,149,24.0,86,0.0,0.0,100,16,0,10,293,0,0,1,0.5150380749100544,-0.8571673007021122,0.9000000000000004,4.9,19
2025-10-20 17:00:00,50.072965901666656,10.1,17.5,151,19.0,86,0.0,0.0,100,17,0,10,293,0,0,1,0.48480962024633717,-0.8746197071393957,-1.0,4.9,19
2025-10-20 18:00:00,48.82164006583333,9.6,16.9,149,7.0,93,0.0,0.0,100,18,0,10,293,0,0,1,0.5150380749100544,-0.8571673007021122,-1.0,5.4,19
2025-10-20 19:00:00,46.42116403666665,9.8,19.0,150,0.0,95,0.0,0.0,100,19,0,10,293,0,0,1,0.49999999999999994,-0.8660254037844387,-0.29999999999999893,5.199999999999999,19
2025-10-20 20:00:00,45.370450412499984,10.1,18.3,149,0.0,93,0.0,0.0,100,20,0,10,293,0,0,1,0.5150380749100544,-0.8571673007021122,0.0,4.9,19
2025-10-20 21:00:00,42.417292137499985,9.6,17.9,146,0.0,95,0.0,0.0,100,21,0,10,293,0,0,1,0.5591929034707469,-0.8290375725550416,0.0,5.4,19
2025-10-20 22:00:00,39.429569409999985,9.6,18.2,148,0.0,96,0.0,0.0,100,22,0,10,293,0,0,1,0.529919264233205,-0.848048096156426,-0.20000000000000107,5.4,19
2025-10-20 23:00:00,38.44336085583332,9.6,18.8,146,0.0,95,0.0,0.0,98,23,0,10,293,0,0,1,0.5591929034707469,-0.8290375725550416,-0.5,5.4,19
2025-10-21 00:00:00,37.66566328333331,9.4,17.0,146,0.0,96,0.0,0.0,88,0,1,10,294,0,0,0,0.5591929034707469,-0.8290375725550416,-0.1999999999999993,5.6,20
2025-10-21 01:00:00,37.51590957083332,8.9,15.6,144,0.0,97,0.0,0.0,99,1,1,10,294,0,0,0,0.5877852522924732,-0.8090169943749473,-0.6999999999999993,6.1,20
2025-10-21 02:00:00,37.965332968333314,9.4,16.1,143,0.0,98,0.0,0.0,100,2,1,10,294,0,0,0,0.6018150231520482,-0.7986355100472929,-0.1999999999999993,5.6,20
2025-10-21 03:00:00,39.965715438333326,9.5,16.3,139,0.0,98,0.0,0.0,100,3,1,10,294,0,0,0,0.6560590289905073,-0.754709580222772,0.09999999999999964,5.5,20
2025-10-21 04:00:00,43.37022067083332,9.7,16.5,145,0.0,98,0.0,0.0,96,4,1,10,294,0,0,0,0.5735764363510459,-0.8191520442889919,0.7999999999999989,5.300000000000001,20
2025-10-21 05:00:00,46.15834138999998,9.7,16.8,145,0.0,98,0.0,0.0,98,5,1,10,294,0,0,0,0.5735764363510459,-0.8191520442889919,0.29999999999999893,5.300000000000001,20
2025-10-21 06:00:00,46.69984675916665,9.8,17.1,161,0.0,97,0.0,0.0,84,6,1,10,294,0,0,0,0.3255681544571566,-0.9455185755993168,0.3000000000000007,5.199999999999999,20
2025-10-21 07:00:00,46.21816390499998,10.4,20.3,162,0.0,96,0.0,0.0,52,7,1,10,294,0,0,0,0.3090169943749475,-0.9510565162951535,0.7000000000000011,4.6,20
2025-10-21 08:00:00,44.77227583749998,10.4,19.0,155,0.0,96,0.0,0.0,77,8,1,10,294,0,0,0,0.4226182617406995,-0.9063077870366499,0.7000000000000011,4.6,20
2025-10-21 09:00:00,42.693888659999985,10.5,20.6,161,24.0,96,0.0,0.0,89,9,1,10,294,0,0,0,0.3255681544571566,-0.9455185755993168,0.6999999999999993,4.5,20
2025-10-21 10:00:00,42.49406250999999,11.2,19.9,158,78.0,95,0.0,0.0,99,10,1,10,294,0,0,0,0.37460659341591224,-0.9271838545667873,0.7999999999999989,3.8000000000000007,20
2025-10-21 11:00:00,43.24760904999998,12.7,26.3,163,175.0,90,0.0,0.0,100,11,1,10,294,0,0,0,0.2923717047227366,-0.9563047559630355,2.299999999999999,2.3000000000000007,20
2025-10-21 12:00:00,43.29484193749998,12.9,22.2,156,111.0,90,0.0,0.0,100,12,1,10,294,0,0,0,0.40673664307580043,-0.9135454576426008,2.4000000000000004,2.0999999999999996,20
2025-10-21 13:00:00,43.76889735249999,13.8,21.6,158,171.0,86,0.0,0.0,100,13,1,10,294,0,0,0,0.37460659341591224,-0.9271838545667873,2.6000000000000014,1.1999999999999993,20
2025-10-21 14:00:00,44.643320749999994,13.4,24.7,178,210.0,88,0.0,0.0,100,14,1,10,294,0,0,0,0.03489949670250114,-0.9993908270190958,0.7000000000000011,1.5999999999999996,20
2025-10-21 15:00:00,46.09226605999999,12.9,25.9,191,106.0,92,0.0,0.0,100,15,1,10,294,0,0,0,-0.19080899537654472,-0.981627183447664,0.0,2.0999999999999996,20
2025-10-21 16:00:00,46.616848819999994,12.6,25.1,201,68.0,94,0.0,0.0,100,16,1,10,294,0,0,0,-0.35836794954530043,-0.9335804264972016,-1.200000000000001,2.4000000000000004,20
2025-10-21 17:00:00,47.24345982999999,12.4,25.3,211,70.0,91,0.0,0.0,100,17,1,10,294,0,0,0,-0.5150380749100542,-0.8571673007021123,-1.0,2.5999999999999996,20
2025-10-21 18:00:00,45.91880173499999,12.1,24.9,216,16.0,93,0.0,0.0,100,18,1,10,294,0,0,0,-0.587785252292473,-0.8090169943749475,-0.8000000000000007,2.9000000000000004,20
2025-10-21 19:00:00,44.01969706249999,12.1,23.8,217,0.0,92,0.0,0.0,95,19,1,10,294,0,0,0,-0.6018150231520484,-0.7986355100472928,-0.5,2.9000000000000004,20
2025-10-21 20:00:00,40.91769321166666,12.0,19.9,214,0.0,94,0.0,0.0,59,20,1,10,294,0,0,0,-0.5591929034707467,-0.8290375725550418,-0.40000000000000036,3.0,20
2025-10-21 21:00:00,37.79265180749998,11.4,19.3,208,0.0,94,0.0,0.0,38,21,1,10,294,0,0,0,-0.46947156278589086,-0.8829475928589269,-0.6999999999999993,3.5999999999999996,20
2025-10-21 22:00:00,35.71695556833332,11.1,21.6,208,0.0,95,0.0,0.0,69,22,1,10,294,0,0,0,-0.46947156278589086,-0.8829475928589269,-1.0,3.9000000000000004,20
2025-10-21 23:00:00,34.94282481833332,11.1,19.0,200,0.0,95,0.0,0.0,74,23,1,10,294,0,0,0,-0.34202014332566866,-0.9396926207859084,-0.9000000000000004,3.9000000000000004,20
2025-10-22 00:00:00,34.54114426833332,11.1,19.9,207,0.0,95,0.0,0.0,100,0,2,10,295,0,0,0,-0.4539904997395467,-0.8910065241883679,-0.3000000000000007,3.9000000000000004,21
2025-10-22 01:00:00,34.81872594083332,11.4,20.6,206,0.0,96,0.0,0.0,81,1,2,10,295,0,0,0,-0.43837114678907746,-0.8987940462991669,0.3000000000000007,3.5999999999999996,21
2025-10-22 02:00:00,34.89140794083332,11.3,20.6,201,0.0,96,0.0,0.0,97,2,2,10,295,0,0,0,-0.35836794954530043,-0.9335804264972016,0.20000000000000107,3.6999999999999993,21
2025-10-22 03:00:00,37.34055897333331,11.0,18.9,198,0.0,96,0.0,0.0,41,3,2,10,295,0,0,0,-0.3090169943749473,-0.9510565162951536,-0.09999999999999964,4.0,21
2025-10-22 04:00:00,40.86655075749999,10.6,18.4,194,0.0,96,0.0,0.0,95,4,2,10,295,0,0,0,-0.2419218955996675,-0.9702957262759965,-0.8000000000000007,4.4,21
2025-10-22 05:00:00,43.23026424499999,10.6,17.7,192,0.0,96,0.0,0.0,50,5,2,10,295,0,0,0,-0.2079116908177595,-0.9781476007338056,-0.7000000000000011,4.4,21
2025-10-22 06:00:00,44.89842614499999,10.3,18.2,189,0.0,96,0.0,0.0,83,6,2,10,295,0,0,0,-0.15643446504023073,-0.9876883405951378,-0.6999999999999993,4.699999999999999,21
2025-10-22 07:00:00,44.717248674999986,10.3,18.5,190,0.0,96,0.0,0.0,89,7,2,10,295,0,0,0,-0.17364817766693047,-0.984807753012208,-0.29999999999999893,4.699999999999999,21
2025-10-22 08:00:00,43.46591002999998,10.2,17.1,191,0.0,98,0.0,0.0,95,8,2,10,295,0,0,0,-0.19080899537654472,-0.981627183447664,-0.40000000000000036,4.800000000000001,21
2025-10-22 09:00:00,42.48992404083332,10.9,18.4,190,17.0,97,0.0,0.0,100,9,2,10,295,0,0,0,-0.17364817766693047,-0.984807753012208,0.5999999999999996,4.1,21
2025-10-22 10:00:00,42.11934272833332,11.5,18.9,193,54.0,96,0.0,0.0,89,10,2,10,295,0,0,0,-0.22495105434386498,-0.9743700647852352,1.1999999999999993,3.5,21
2025-10-22 11:00:00,41.77012795083332,12.2,22.6,218,109.0,93,0.0,0.0,100,11,2,10,295,0,0,0,-0.6156614753256582,-0.788010753606722,2.0,2.8000000000000007,21
2025-10-22 12:00:00,39.764391280833316,13.1,19.0,223,142.0,87,0.0,0.0,100,12,2,10,295,0,0,0,-0.6819983600624984,-0.7313537016191706,2.1999999999999993,1.9000000000000004,21
2025-10-22 13:00:00,38.46586321083332,13.8,21.6,236,174.0,83,0.0,0.0,83,13,2,10,295,0,0,0,-0.8290375725550418,-0.5591929034707466,2.3000000000000007,1.1999999999999993,21
2025-10-22 14:00:00,38.96267016583332,13.8,19.8,242,236.0,82,0.0,0.0,98,14,2,10,295,0,0,0,-0.882947592858927,-0.46947156278589075,1.6000000000000014,1.1999999999999993,21
2025-10-22 15:00:00,41.26613267833332,13.9,19.5,247,244.0,74,0.0,0.0,100,15,2,10,295,0,0,0,-0.9205048534524403,-0.3907311284892738,0.8000000000000007,1.0999999999999996,21
2025-10-22 16:00:00,43.200777777777766,13.6,16.5,248,176.0,74,0.0,0.0,100,16,2,10,295,0,0,0,-0.9271838545667873,-0.3746065934159123,-0.20000000000000107,1.4000000000000004,21
2025-10-22 17:00:00,44.31188888888888,12.9,13.3,238,113.0,76,0.0,0.0,47,17,2,10,295,0,0,0,-0.848048096156426,-0.529919264233205,-0.9000000000000004,2.0999999999999996,21
2025-10-22 18:00:00,44.768329822499986,11.6,11.6,228,38.0,83,0.0,0.0,5,18,2,10,295,0,0,0,-0.7431448254773944,-0.6691306063588581,-2.3000000000000007,3.4000000000000004,21
2025-10-22 19:00:00,43.44191462333332,10.1,10.7,210,0.0,91,0.0,0.0,20,19,2,10,295,0,0,0,-0.5000000000000001,-0.8660254037844386,-3.5,4.9,21
2025-10-22 20:00:00,40.74062271833332,10.1,11.5,197,0.0,92,0.0,0.0,7,20,2,10,295,0,0,0,-0.29237170472273677,-0.9563047559630354,-2.8000000000000007,4.9,21
2025-10-22 21:00:00,38.19457201083331,9.4,10.7,200,0.0,93,0.0,0.0,15,21,2,10,295,0,0,0,-0.34202014332566866,-0.9396926207859084,-2.1999999999999993,5.6,21
2025-10-22 22:00:00,37.04048943333331,8.9,10.1,192,0.0,94,0.0,0.0,23,22,2,10,295,0,0,0,-0.2079116908177595,-0.9781476007338056,-1.1999999999999993,6.1,21
2025-10-22 23:00:00,36.86576469583331,8.8,10.7,187,0.0,95,0.0,0.0,26,23,2,10,295,0,0,0,-0.12186934340514731,-0.9925461516413221,-1.299999999999999,6.199999999999999,21
2025-10-23 00:00:00,37.19047494583332,8.6,10.3,180,0.0,95,0.0,0.0,12,0,3,10,296,0,0,0,1.2246467991473532e-16,-1.0,-0.8000000000000007,6.4,22
2025-10-23 01:00:00,37.81533007083332,8.2,10.6,169,0.0,96,0.0,0.0,14,1,3,10,296,0,0,0,0.19080899537654497,-0.9816271834476639,-0.7000000000000011,6.800000000000001,22
2025-10-23 02:00:00,38.29304502833332,7.9,10.4,163,0.0,96,0.0,0.0,75,2,3,10,296,0,0,0,0.2923717047227366,-0.9563047559630355,-0.9000000000000004,7.1,22
2025-10-23 03:00:00,40.364446333333326,7.6,9.5,147,0.0,97,0.0,0.0,96,3,3,10,296,0,0,0,0.5446390350150273,-0.8386705679454239,-1.0,7.4,22
2025-10-23 04:00:00,44.02926395333333,7.3,10.5,127,0.0,97,0.0,0.0,100,4,3,10,296,0,0,0,0.7986355100472927,-0.6018150231520484,-0.8999999999999995,7.7,22
2025-10-23 05:00:00,45.87708278999998,7.7,13.1,117,0.0,96,0.0,0.0,99,5,3,10,296,0,0,0,0.8910065241883679,-0.45399049973954675,-0.20000000000000018,7.3,22
2025-10-23 06:00:00,47.121529960833314,8.4,16.0,102,0.0,96,0.0,0.0,100,6,3,10,296,0,0,0,0.9781476007338057,-0.20791169081775934,0.8000000000000007,6.6,22
2025-10-23 07:00:00,46.369755012499986,9.9,19.9,103,0.0,96,0.0,0.0,100,7,3,10,296,0,0,0,0.9743700647852352,-0.22495105434386503,2.6000000000000005,5.1,22
2025-10-23 08:00:00,45.37045620749998,10.8,23.0,97,0.0,96,0.0,0.0,100,8,3,10,296,0,0,0,0.9925461516413221,-0.12186934340514737,3.1000000000000005,4.199999999999999,22
2025-10-23 09:00:00,44.94143157999998,11.5,27.9,103,6.0,95,0.0,0.0,100,9,3,10,296,0,0,0,0.9743700647852352,-0.22495105434386503,3.0999999999999996,3.5,22
2025-10-23 10:00:00,45.066835171666646,11.4,27.6,102,12.0,97,0.0,0.0,100,10,3,10,296,0,0,0,0.9781476007338057,-0.20791169081775934,1.5,3.5999999999999996,22
2025-10-23 11:00:00,44.790956389999984,11.4,27.1,115,24.0,97,0.0,0.0,100,11,3,10,296,0,0,0,0.90630778703665,-0.42261826174069933,0.5999999999999996,3.5999999999999996,22
2025-10-23 12:00:00,43.96624613999999,11.6,24.6,120,36.0,97,0.0,0.0,100,12,3,10,296,0,0,0,0.8660254037844387,-0.49999999999999983,0.09999999999999964,3.4000000000000004,22
2025-10-23 13:00:00,43.96836421249999,12.1,23.9,129,41.0,95,0.0,0.0,100,13,3,10,296,0,0,0,0.777145961456971,-0.6293203910498373,0.6999999999999993,2.9000000000000004,22
2025-10-23 14:00:00,44.16794986999999,12.8,17.3,125,96.0,96,0.0,0.0,100,14,3,10,296,0,0,0,0.8191520442889917,-0.5735764363510462,1.4000000000000004,2.1999999999999993,22
2025-10-23 15:00:00,43.516374009999986,13.1,17.4,135,56.0,98,0.0,0.0,100,15,3,10,296,0,0,0,0.7071067811865476,-0.7071067811865475,1.5,1.9000000000000004,22
2025-10-23 16:00:00,44.41558756833333,13.2,18.5,173,18.0,98,0.0,0.0,100,16,3,10,296,0,0,0,0.12186934340514755,-0.992546151641322,1.0999999999999996,1.8000000000000007,22
2025-10-23 17:00:00,45.21643157999999,12.9,16.8,195,18.0,95,0.0,0.0,100,17,3,10,296,0,0,0,-0.2588190451025208,-0.9659258262890683,0.09999999999999964,2.0999999999999996,22
2025-10-23 18:00:00,44.265473726666656,12.4,11.7,177,10.0,95,0.0,0.0,84,18,3,10,296,0,0,0,0.05233595624294381,-0.9986295347545738,-0.6999999999999993,2.5999999999999996,22
2025-10-23 19:00:00,41.441722549166656,10.9,6.7,149,0.0,97,0.0,0.0,98,19,3,10,296,0,0,0,0.5150380749100544,-0.8571673007021122,-2.299999999999999,4.1,22
2025-10-23 20:00:00,38.316934905833314,11.1,10.3,134,0.0,92,0.0,0.0,99,20,3,10,296,0,0,0,0.7193398003386511,-0.6946583704589974,-1.8000000000000007,3.9000000000000004,22
2025-10-23 21:00:00,35.58919135333331,11.0,14.7,132,0.0,87,0.0,0.0,69,21,3,10,296,0,0,0,0.7431448254773942,-0.6691306063588582,-1.4000000000000004,4.0,22
2025-10-23 22:00:00,38.264724493333325,10.1,21.4,149,0.0,89,0.0,0.0,77,22,3,10,296,0,0,0,0.5150380749100544,-0.8571673007021122,-0.8000000000000007,4.9,22
2025-10-23 23:00:00,37.11456223333332,9.5,16.0,157,0.0,92,0.0,0.0,86,23,3,10,296,0,0,0,0.39073112848927377,-0.9205048534524404,-1.5999999999999996,5.5,22
2025-10-24 00:00:00,36.21512145083333,9.1,13.2,142,0.0,93,0.0,0.0,100,0,4,10,297,0,0,0,0.6156614753256584,-0.7880107536067219,-1.9000000000000004,5.9,23
2025-10-24 01:00:00,35.689512975833324,9.4,17.7,153,0.0,92,0.0,0.0,41,1,4,10,297,0,0,0,0.45399049973954686,-0.8910065241883678,-0.6999999999999993,5.6,23
2025-10-24 02:00:00,36.25593039583332,9.3,22.7,179,0.0,95,0.0,0.0,72,2,4,10,297,0,0,0,0.01745240643728344,-0.9998476951563913,-0.1999999999999993,5.699999999999999,23
2025-10-24 03:00:00,38.440356148333315,9.4,21.2,189,0.0,95,0.0,0.0,89,3,4,10,297,0,0,0,-0.15643446504023073,-0.9876883405951378,0.3000000000000007,5.6,23
2025-10-24 04:00:00,42.71680741583332,9.4,22.7,184,0.0,94,0.0,0.0,100,4,4,10,297,0,0,0,-0.06975647374412527,-0.9975640502598242,0.0,5.6,23
2025-10-24 05:00:00,44.499760214166656,9.9,29.2,179,0.0,90,0.0,0.0,100,5,4,10,297,0,0,0,0.01745240643728344,-0.9998476951563913,0.5999999999999996,5.1,23
2025-10-24 06:00:00,46.02210366583331,10.2,32.4,195,0.0,89,0.0,0.0,55,6,4,10,297,0,0,0,-0.2588190451025208,-0.9659258262890683,0.7999999999999989,4.800000000000001,23
2025-10-24 07:00:00,46.21553914999999,10.6,26.5,215,0.0,86,0.0,0.0,45,7,4,10,297,0,0,0,-0.5735764363510462,-0.8191520442889918,1.1999999999999993,4.4,23
2025-10-24 08:00:00,46.21869162999999,10.6,31.1,222,0.0,85,0.0,0.0,84,8,4,10,297,0,0,0,-0.6691306063588582,-0.7431448254773942,0.6999999999999993,4.4,23
2025-10-24 09:00:00,44.78986692999998,10.8,27.2,231,14.0,83,0.0,0.0,98,9,4,10,297,0,0,0,-0.7771459614569706,-0.6293203910498378,0.6000000000000014,4.199999999999999,23
2025-10-24 10:00:00,45.016083879999975,10.8,28.8,219,57.0,80,0.0,0.0,100,10,4,10,297,0,0,0,-0.6293203910498376,-0.7771459614569708,0.20000000000000107,4.199999999999999,23
2025-10-24 11:00:00,46.77008616666665,10.4,37.6,210,44.0,80,0.0,0.0,100,11,4,10,297,0,0,0,-0.5000000000000001,-0.8660254037844386,-0.1999999999999993,4.6,23
2025-10-24 12:00:00,46.99106443666665,10.6,40.8,218,63.0,82,0.0,0.0,94,12,4,10,297,0,0,0,-0.6156614753256582,-0.788010753606722,-0.20000000000000107,4.4,23
2025-10-24 13:00:00,47.59312829583332,10.9,37.6,223,129.0,80,0.0,0.0,100,13,4,10,297,0,0,0,-0.6819983600624984,-0.7313537016191706,0.09999999999999964,4.1,23
2025-10-24 14:00:00,47.64505345499998,10.0,37.0,236,170.0,91,0.0,0.0,100,14,4,10,297,0,0,0,-0.8290375725550418,-0.5591929034707466,-0.40000000000000036,5.0,23
2025-10-24 15:00:00,48.44168739916665,9.9,37.2,232,67.0,91,0.0,0.0,100,15,4,10,297,0,0,0,-0.7880107536067221,-0.6156614753256581,-0.6999999999999993,5.1,23
2025-10-24 16:00:00,49.443269054166656,10.2,40.3,237,45.0,86,0.0,0.0,92,16,4,10,297,0,0,0,-0.8386705679454242,-0.544639035015027,-0.7000000000000011,4.800000000000001,23
2025-10-24 17:00:00,49.243360934999984,10.1,38.3,237,73.0,84,0.0,0.0,100,17,4,10,297,0,0,0,-0.8386705679454242,-0.544639035015027,0.09999999999999964,4.9,23
2025-10-24 18:00:00,48.46719156416665,9.6,35.1,233,11.0,87,0.0,0.0,100,18,4,10,297,0,0,0,-0.7986355100472928,-0.6018150231520483,-0.3000000000000007,5.4,23
2025-10-24 19:00:00,47.22112804749998,9.6,33.7,226,0.0,83,0.0,0.0,41,19,4,10,297,0,0,0,-0.7193398003386512,-0.6946583704589973,-0.5999999999999996,5.4,23
2025-10-24 20:00:00,44.59265432499999,9.8,36.4,225,0.0,77,0.0,0.0,91,20,4,10,297,0,0,0,-0.7071067811865475,-0.7071067811865477,-0.29999999999999893,5.199999999999999,23
2025-10-24 21:00:00,41.74177844083332,9.8,35.3,223,0.0,75,0.0,0.0,77,21,4,10,297,0,0,0,-0.6819983600624984,-0.7313537016191706,0.20000000000000107,5.199999999999999,23
2025-10-24 22:00:00,40.31726438166665,9.6,34.3,222,0.0,77,0.0,0.0,96,22,4,10,297,0,0,0,-0.6691306063588582,-0.7431448254773942,0.0,5.4,23
2025-10-24 23:00:00,40.14162777083332,9.2,32.7,218,0.0,80,0.0,0.0,95,23,4,10,297,0,0,0,-0.6156614753256582,-0.788010753606722,-0.6000000000000014,5.800000000000001,23
2025-10-25 00:00:00,39.64607375499999,9.2,31.8,216,0.0,79,0.0,0.0,98,0,5,10,298,1,0,0,-0.587785252292473,-0.8090169943749475,-0.6000000000000014,5.800000000000001,24
2025-10-25 01:00:00,39.09054738333332,8.9,30.4,215,0.0,83,0.0,0.0,95,1,5,10,298,1,0,0,-0.5735764363510462,-0.8191520442889918,-0.6999999999999993,6.1,24
2025-10-25 02:00:00,39.36556187083332,8.7,29.0,210,0.0,85,0.0,0.0,96,2,5,10,298,1,0,0,-0.5000000000000001,-0.8660254037844386,-0.5,6.300000000000001,24
2025-10-25 03:00:00,40.96550392083332,8.9,27.8,211,0.0,85,0.0,0.0,100,3,5,10,298,1,0,0,-0.5150380749100542,-0.8571673007021123,-0.29999999999999893,6.1,24
2025-10-25 04:00:00,43.942702743333314,8.8,27.5,207,0.0,87,0.0,0.0,95,4,5,10,298,1,0,0,-0.4539904997395467,-0.8910065241883679,-0.09999999999999964,6.199999999999999,24
2025-10-25 05:00:00,46.62837881166665,8.4,28.4,200,0.0,88,0.0,0.0,87,5,5,10,298,1,0,0,-0.34202014332566866,-0.9396926207859084,-0.29999999999999893,6.6,24
2025-10-25 06:00:00,52.07756133666665,8.0,28.3,198,0.0,88,0.0,0.0,100,6,5,10,298,1,0,0,-0.3090169943749473,-0.9510565162951536,-0.9000000000000004,7.0,24
2025-10-25 07:00:00,53.66822559166666,8.2,28.9,199,0.0,86,0.0,0.0,100,7,5,10,298,1,0,0,-0.32556815445715676,-0.9455185755993167,-0.6000000000000014,6.800000000000001,24
2025-10-25 08:00:00,54.19313866666667,8.3,29.6,197,0.0,88,0.0,0.0,100,8,5,10,298,1,0,0,-0.29237170472273677,-0.9563047559630354,-0.09999999999999964,6.699999999999999,24
2025-10-25 09:00:00,52.84283442916666,7.8,30.2,190,8.0,95,0.0,0.0,100,9,5,10,298,1,0,0,-0.17364817766693047,-0.984807753012208,-0.20000000000000018,7.2,24
2025-10-25 10:00:00,51.746537434166655,8.0,30.4,189,14.0,96,0.0,0.0,100,10,5,10,298,1,0,0,-0.15643446504023073,-0.9876883405951378,-0.1999999999999993,7.0,24
2025-10-25 11:00:00,51.34340813416665,8.4,30.3,197,41.0,96,0.0,0.0,100,11,5,10,298,1,0,0,-0.29237170472273677,-0.9563047559630354,0.09999999999999964,6.6,24
2025-10-25 12:00:00,49.71931794916664,8.7,29.4,203,34.0,96,0.0,0.0,100,12,5,10,298,1,0,0,-0.39073112848927355,-0.9205048534524404,0.8999999999999995,6.300000000000001,24
2025-10-25 13:00:00,48.31633680166666,9.2,28.5,203,38.0,94,0.0,0.0,100,13,5,10,298,1,0,0,-0.39073112848927355,-0.9205048534524404,1.1999999999999993,5.800000000000001,24
2025-10-25 14:00:00,51.34206323499999,9.6,21.7,197,71.0,96,0.0,0.0,100,14,5,10,298,1,0,0,-0.29237170472273677,-0.9563047559630354,1.1999999999999993,5.4,24
2025-10-25 15:00:00,52.74386921666665,11.0,20.4,226,98.0,92,0.0,0.0,100,15,5,10,298,1,0,0,-0.7193398003386512,-0.6946583704589973,2.3000000000000007,4.0,24
2025-10-25 16:00:00,53.86897024916665,10.9,21.9,245,97.0,92,0.0,0.0,98,16,5,10,298,1,0,0,-0.90630778703665,-0.42261826174069916,1.700000000000001,4.1,24
2025-10-25 17:00:00,54.69329139499999,10.5,24.2,265,81.0,90,0.0,0.0,100,17,5,10,298,1,0,0,-0.9961946980917455,-0.08715574274765825,0.9000000000000004,4.5,24
2025-10-25 18:00:00,53.36962920083331,10.4,24.9,275,19.0,86,0.0,0.0,100,18,5,10,298,1,0,0,-0.9961946980917455,0.08715574274765789,-0.5999999999999996,4.6,24
2025-10-25 19:00:00,51.87358260999999,10.3,22.9,267,0.0,87,0.0,0.0,73,19,5,10,298,1,0,0,-0.9986295347545738,-0.052335956242944306,-0.5999999999999996,4.699999999999999,24
2025-10-25 20:00:00,49.69671082499998,9.2,22.8,254,0.0,89,0.0,0.0,100,20,5,10,298,1,0,0,-0.961261695938319,-0.2756373558169989,-1.3000000000000007,5.800000000000001,24
2025-10-25 21:00:00,47.31817007999999,9.1,22.5,254,0.0,89,0.0,0.0,100,21,5,10,298,1,0,0,-0.961261695938319,-0.2756373558169989,-1.3000000000000007,5.9,24
2025-10-25 22:00:00,45.644323284999984,9.0,23.5,249,0.0,86,0.0,0.0,96,22,5,10,298,1,0,0,-0.9335804264972015,-0.3583679495453007,-1.3000000000000007,6.0,24
2025-10-25 23:00:00,44.71886464083332,9.0,23.2,247,0.0,81,0.0,0.0,50,23,5,10,298,1,0,0,-0.9205048534524403,-0.3907311284892738,-0.1999999999999993,6.0,24
2025-10-26 00:00:00,44.04470117916665,9.0,23.8,246,0.0,78,0.0,0.0,23,0,6,10,299,1,0,0,-0.913545457642601,-0.4067366430758001,-0.09999999999999964,6.0,25
2025-10-26 01:00:00,45.18435585333332,8.9,23.8,240,0.0,77,0.0,0.0,26,1,6,10,299,1,0,0,-0.8660254037844384,-0.5000000000000004,-0.09999999999999964,6.1,25
2025-10-26 02:00:00,45.778259771666654,9.1,25.3,227,0.0,75,0.0,0.0,24,2,6,10,299,1,0,0,-0.7313537016191703,-0.6819983600624986,0.09999999999999964,5.9,25
2025-10-26 03:00:00,46.96867424499998,8.9,26.9,221,0.0,74,0.0,0.0,39,3,6,10,299,1,0,0,-0.656059028990507,-0.7547095802227721,-0.09999999999999964,6.1,25
2025-10-26 04:00:00,49.470599024166646,8.9,27.8,217,0.0,75,0.0,0.0,43,4,6,10,299,1,0,0,-0.6018150231520484,-0.7986355100472928,0.0,6.1,25
2025-10-26 05:00:00,52.10398149166665,8.2,33.2,212,0.0,81,0.0,0.0,100,5,6,10,299,1,0,0,-0.5299192642332048,-0.8480480961564261,-0.9000000000000004,6.800000000000001,25
2025-10-26 06:00:00,55.66395944749999,7.9,34.5,209,0.0,83,0.0,0.0,100,6,6,10,299,1,0,0,-0.48480962024633695,-0.8746197071393959,-1.0,7.1,25
2025-10-26 07:00:00,59.24796468249999,6.8,34.5,202,0.0,95,0.0,0.0,100,7,6,10,299,1,0,0,-0.374606593415912,-0.9271838545667874,-2.1000000000000005,8.2,25
2025-10-26 08:00:00,59.69545338916666,7.2,32.7,205,0.0,94,0.0,0.0,99,8,6,10,299,1,0,0,-0.4226182617406993,-0.90630778703665,-0.9999999999999991,7.8,25
2025-10-26 09:00:00,55.54457208999999,7.8,19.8,211,5.0,95,0.0,0.0,100,9,6,10,299,1,0,0,-0.5150380749100542,-0.8571673007021123,-0.10000000000000053,7.2,25
2025-10-26 10:00:00,53.66691835999999,9.1,15.3,240,49.0,96,0.0,0.0,64,10,6,10,299,1,0,0,-0.8660254037844384,-0.5000000000000004,2.3,5.9,25
2025-10-26 11:00:00,50.11719072499999,10.8,18.9,279,176.0,89,0.0,0.0,72,11,6,10,299,1,0,0,-0.9876883405951378,0.15643446504023067,3.6000000000000005,4.199999999999999,25
2025-10-26 12:00:00,49.018275229166655,11.1,21.0,302,230.0,86,0.0,0.0,30,12,6,10,299,1,0,0,-0.8480480961564262,0.5299192642332047,3.3,3.9000000000000004,25
2025-10-26 13:00:00,51.46850908749998,11.9,26.2,299,325.0,75,0.0,0.0,55,13,6,10,299,1,0,0,-0.8746197071393956,0.4848096202463373,2.8000000000000007,3.0999999999999996,25
2025-10-26 14:00:00,51.969178409999984,11.9,22.5,289,311.0,84,0.0,0.0,88,14,6,10,299,1,0,0,-0.945518575599317,0.3255681544571563,1.0999999999999996,3.0999999999999996,25
2025-10-26 15:00:00,52.216924994166654,10.8,25.5,294,196.0,87,0.0,0.0,70,15,6,10,299,1,0,0,-0.9135454576426011,0.40673664307579976,-0.29999999999999893,4.199999999999999,25
2025-10-26 16:00:00,54.01162779916665,10.5,22.6,289,156.0,85,0.0,0.0,34,16,6,10,299,1,0,0,-0.945518575599317,0.3255681544571563,-1.4000000000000004,4.5,25
2025-10-26 17:00:00,55.14368919166665,10.2,20.0,277,113.0,85,0.0,0.0,27,17,6,10,299,1,0,0,-0.992546151641322,0.12186934340514768,-1.700000000000001,4.800000000000001,25
2025-10-26 18:00:00,54.69369788416665,9.2,17.0,265,25.0,87,0.0,0.0,81,18,6,10,299,1,0,0,-0.9961946980917455,-0.08715574274765825,-1.6000000000000014,5.800000000000001,25
2025-10-26 19:00:00,54.81902530166665,8.6,18.1,265,0.0,91,0.0,0.0,100,19,6,10,299,1,0,0,-0.9961946980917455,-0.08715574274765825,-1.9000000000000004,6.4,25
2025-10-26 20:00:00,53.993679659999984,8.9,23.9,279,0.0,92,0.0,0.0,100,20,6,10,299,1,0,0,-0.9876883405951378,0.15643446504023067,-1.299999999999999,6.1,25
2025-10-26 21:00:00,50.79437132333331,8.9,30.6,283,0.0,91,0.0,0.0,100,21,6,10,299,1,0,0,-0.9743700647852352,0.22495105434386492,-0.29999999999999893,6.1,25
2025-10-26 22:00:00,47.89736004999998,8.4,28.0,275,0.0,94,0.0,0.0,100,22,6,10,299,1,0,0,-0.9961946980917455,0.08715574274765789,-0.1999999999999993,6.6,25
2025-10-26 23:00:00,45.99435225999998,8.0,24.3,276,0.0,95,0.0,0.0,100,23,6,10,299,1,0,0,-0.9945218953682734,0.10452846326765299,-0.9000000000000004,7.0,25
2025-10-27 00:00:00,45.36858152499999,8.1,23.9,265,0.0,92,0.0,0.0,100,0,0,10,300,0,0,0,-0.9961946980917455,-0.08715574274765825,-0.8000000000000007,6.9,26
2025-10-27 01:00:00,45.06747216249998,7.6,22.0,260,0.0,90,0.0,0.0,100,1,0,10,300,0,0,0,-0.984807753012208,-0.17364817766693033,-0.8000000000000007,7.4,26
2025-10-27 02:00:00,44.793143543333315,7.1,18.0,246,0.0,90,0.0,0.0,100,2,0,10,300,0,0,0,-0.913545457642601,-0.4067366430758001,-0.9000000000000004,7.9,26
2025-10-27 03:00:00,46.418483389999984,6.9,16.6,227,0.0,93,0.0,0.0,100,3,0,10,300,0,0,0,-0.7313537016191703,-0.6819983600624986,-1.1999999999999993,8.1,26
2025-10-27 04:00:00,48.56704005499999,6.8,13.8,198,0.0,97,0.0,0.0,100,4,0,10,300,0,0,0,-0.3090169943749473,-0.9510565162951536,-0.7999999999999998,8.2,26
2025-10-27 05:00:00,52.75035382166665,6.7,10.5,175,0.0,97,0.0,0.0,97,5,0,10,300,0,0,0,0.0871557427476582,-0.9961946980917455,-0.39999999999999947,8.3,26
2025-10-27 06:00:00,56.275362134166656,6.8,13.3,208,0.0,98,0.0,0.0,100,6,0,10,300,0,0,0,-0.46947156278589086,-0.8829475928589269,-0.10000000000000053,8.2,26
2025-10-27 07:00:00,58.324705240833325,6.7,9.3,209,0.0,96,0.0,0.0,100,7,0,10,300,0,0,0,-0.48480962024633695,-0.8746197071393959,-0.09999999999999964,8.3,26
2025-10-27 08:00:00,57.33916019027777,6.1,6.3,215,0.0,97,0.0,0.0,28,8,0,10,300,0,0,0,-0.5735764363510462,-0.8191520442889918,-0.6000000000000005,8.9,26
2025-10-27 09:00:00,52.84791233212962,5.7,4.3,265,14.0,99,0.0,0.0,4,9,0,10,300,0,0,0,-0.9961946980917455,-0.08715574274765825,-1.0999999999999996,9.3,26
2025-10-27 10:00:00,48.8321909798148,7.1,8.1,274,103.0,97,0.0,0.0,12,10,0,10,300,0,0,0,-0.9975640502598243,0.06975647374412522,0.39999999999999947,7.9,26
2025-10-27 11:00:00,47.29445077499999,8.4,10.4,285,203.0,91,0.0,0.0,20,11,0,10,300,0,0,0,-0.9659258262890684,0.2588190451025203,2.3000000000000007,6.6,26
2025-10-27 12:00:00,46.979224515185166,9.4,13.9,295,276.0,81,0.0,0.0,13,12,0,10,300,0,0,0,-0.9063077870366498,0.4226182617406996,3.7,5.6,26
2025-10-27 13:00:00,47.71380991787036,10.0,16.3,298,319.0,71,0.0,0.0,26,13,0,10,300,0,0,0,-0.8829475928589271,0.4694715627858904,2.9000000000000004,5.0,26
2025-10-27 14:00:00,45.92396528888887,9.8,17.4,297,298.0,71,0.0,0.0,22,14,0,10,300,0,0,0,-0.8910065241883679,0.45399049973954664,1.4000000000000004,5.199999999999999,26
2025-10-27 15:00:00,46.16698995833332,9.8,18.4,297,270.0,70,0.0,0.0,54,15,0,10,300,0,0,0,-0.8910065241883679,0.45399049973954664,0.40000000000000036,5.199999999999999,26
2025-10-27 16:00:00,49.81775825499999,9.6,17.1,284,171.0,72,0.0,0.0,34,16,0,10,300,0,0,0,-0.9702957262759966,0.24192189559966745,-0.40000000000000036,5.4,26
2025-10-27 17:00:00,50.819834923333325,9.0,16.0,273,107.0,76,0.0,0.0,43,17,0,10,300,0,0,0,-0.9986295347545738,0.052335956242943946,-0.8000000000000007,6.0,26
2025-10-27 18:00:00,51.14129249999999,8.3,16.8,265,22.0,80,0.0,0.0,41,18,0,10,300,0,0,0,-0.9961946980917455,-0.08715574274765825,-1.5,6.699999999999999,26
2025-10-27 19:00:00,50.242274752499995,7.8,16.4,275,0.0,84,0.0,0.0,62,19,0,10,300,0,0,0,-0.9961946980917455,0.08715574274765789,-1.7999999999999998,7.2,26
2025-10-27 20:00:00,48.56788322749999,7.8,17.9,275,0.0,90,0.0,0.0,38,20,0,10,300,0,0,0,-0.9961946980917455,0.08715574274765789,-1.2000000000000002,7.2,26
2025-10-27 21:00:00,45.31706239583331,7.9,17.9,267,0.0,90,0.0,0.0,44,21,0,10,300,0,0,0,-0.9986295347545738,-0.052335956242944306,-0.40000000000000036,7.1,26
2025-10-27 22:00:00,42.414489795833326,8.1,19.3,272,0.0,90,0.0,0.0,34,22,0,10,300,0,0,0,-0.9993908270190958,0.03489949670250128,0.2999999999999998,6.9,26
2025-10-27 23:00:00,40.71498237083332,8.4,21.8,274,0.0,87,0.0,0.0,52,23,0,10,300,0,0,0,-0.9975640502598243,0.06975647374412522,0.6000000000000005,6.6,26
2025-10-28 00:00:00,40.59034455833332,8.6,23.7,276,0.0,86,0.0,0.0,52,0,1,10,301,0,0,0,-0.9945218953682734,0.10452846326765299,0.6999999999999993,6.4,27
2025-10-28 01:00:00,40.440542427499985,8.7,25.9,282,0.0,85,0.0,0.0,66,1,1,10,301,0,0,0,-0.9781476007338056,0.20791169081775945,0.5999999999999996,6.300000000000001,27
2025-10-28 02:00:00,40.941121927499985,8.4,26.3,281,0.0,92,0.0,0.0,84,2,1,10,301,0,0,0,-0.9816271834476639,0.1908089953765451,0.0,6.6,27
2025-10-28 03:00:00,43.04476576333332,8.3,24.0,291,0.0,90,0.0,0.0,87,3,1,10,301,0,0,0,-0.9335804264972017,0.3583679495453004,-0.29999999999999893,6.699999999999999,27
2025-10-28 04:00:00,46.16881500333332,8.2,19.0,274,0.0,91,0.0,0.0,13,4,1,10,301,0,0,0,-0.9975640502598243,0.06975647374412522,-0.5,6.800000000000001,27
2025-10-28 05:00:00,49.45168751083333,7.6,17.3,272,0.0,86,0.0,0.0,17,5,1,10,301,0,0,0,-0.9993908270190958,0.03489949670250128,-0.8000000000000007,7.4,27
2025-10-28 06:00:00,52.026909399166655,7.3,16.6,269,0.0,80,0.0,0.0,55,6,1,10,301,0,0,0,-0.9998476951563913,-0.017452406437283498,-1.0000000000000009,7.7,27
2025-10-28 07:00:00,53.94365442166666,7.2,13.3,254,0.0,77,0.0,0.0,52,7,1,10,301,0,0,0,-0.961261695938319,-0.2756373558169989,-0.9999999999999991,7.8,27
2025-10-28 08:00:00,54.32053657749999,6.3,11.1,233,0.0,86,0.0,0.0,100,8,1,10,301,0,0,0,-0.7986355100472928,-0.6018150231520483,-1.2999999999999998,8.7,27
2025-10-28 09:00:00,53.396012986666655,7.1,13.8,249,6.0,84,0.0,0.0,100,9,1,10,301,0,0,0,-0.9335804264972015,-0.3583679495453007,-0.20000000000000018,7.9,27
2025-10-28 10:00:00,54.41759103916666,7.6,9.3,226,48.0,88,0.0,0.0,100,10,1,10,301,0,0,0,-0.7193398003386512,-0.6946583704589973,0.39999999999999947,7.4,27
2025-10-28 11:00:00,54.46690555083332,7.8,13.2,202,82.0,92,0.0,0.0,100,11,1,10,301,0,0,0,-0.374606593415912,-0.9271838545667874,1.5,7.2,27
2025-10-28 12:00:00,55.943037254166654,7.0,12.7,187,31.0,97,0.0,0.0,100,12,1,10,301,0,0,0,-0.12186934340514731,-0.9925461516413221,-0.09999999999999964,8.0,27
2025-10-28 13:00:00,52.49504148499998,7.2,13.9,166,65.0,96,0.0,0.0,100,13,1,10,301,0,0,0,0.24192189559966773,-0.9702957262759965,-0.39999999999999947,7.8,27
2025-10-28 14:00:00,51.169879604999984,7.2,7.2,86,71.0,94,0.0,0.0,100,14,1,10,301,0,0,0,0.9975640502598242,0.06975647374412523,-0.5999999999999996,7.8,27
2025-10-28 15:00:00,54.22017804749999,7.8,2.6,344,81.0,89,0.0,0.0,94,15,1,10,301,0,0,0,-0.27563735581699894,0.9612616959383189,0.7999999999999998,7.2,27
2025-10-28 16:00:00,56.421388822499985,8.4,9.0,269,141.0,85,0.0,0.0,92,16,1,10,301,0,0,0,-0.9998476951563913,-0.017452406437283498,1.2000000000000002,6.6,27
2025-10-28 17:00:00,57.16959321166666,7.8,13.6,248,85.0,91,0.0,0.0,100,17,1,10,301,0,0,0,-0.9271838545667873,-0.3746065934159123,0.5999999999999996,7.2,27
2025-10-28 18:00:00,56.14406876416666,6.9,10.3,216,12.0,90,0.0,0.0,98,18,1,10,301,0,0,0,-0.587785252292473,-0.8090169943749475,-0.8999999999999995,8.1,27
2025-10-28 19:00:00,54.171661187499986,7.8,17.1,241,0.0,94,0.0,0.0,80,19,1,10,301,0,0,0,-0.874619707139396,-0.48480962024633684,-0.6000000000000005,7.2,27
2025-10-28 20:00:00,52.041712637499984,8.1,20.0,253,0.0,94,0.0,0.0,66,20,1,10,301,0,0,0,-0.9563047559630353,-0.2923717047227371,0.2999999999999998,6.9,27
2025-10-28 21:00:00,48.89186330749999,8.6,20.8,252,0.0,94,0.0,0.0,42,21,1,10,301,0,0,0,-0.9510565162951535,-0.30901699437494756,1.6999999999999993,6.4,27
2025-10-28 22:00:00,45.091958085833326,8.6,20.7,251,0.0,93,0.0,0.0,36,22,1,10,301,0,0,0,-0.9455185755993168,-0.32556815445715664,0.7999999999999998,6.4,27
2025-10-28 23:00:00,43.74130073333332,8.9,19.7,254,0.0,90,0.0,0.0,62,23,1,10,301,0,0,0,-0.961261695938319,-0.2756373558169989,0.8000000000000007,6.1,27
2025-10-29 00:00:00,43.16937787833332,8.9,21.5,266,0.0,86,0.0,0.0,68,0,2,10,302,0,0,0,-0.9975640502598242,-0.06975647374412558,0.3000000000000007,6.1,28
2025-10-29 01:00:00,43.14072123333331,9.0,19.8,254,0.0,88,0.0,0.0,29,1,2,10,302,0,0,0,-0.961261695938319,-0.2756373558169989,0.40000000000000036,6.0,28
2025-10-29 02:00:00,43.71695556833332,9.1,19.5,252,0.0,88,0.0,0.0,35,2,2,10,302,0,0,0,-0.9510565162951535,-0.30901699437494756,0.1999999999999993,5.9,28
2025-10-29 03:00:00,44.36700772333331,9.6,20.9,255,0.0,82,0.0,0.0,22,3,2,10,302,0,0,0,-0.9659258262890683,-0.25881904510252063,0.6999999999999993,5.4,28
2025-10-29 04:00:00,47.26804464833331,9.6,20.7,251,0.0,80,0.0,0.0,100,4,2,10,302,0,0,0,-0.9455185755993168,-0.32556815445715664,0.5999999999999996,5.4,28
2025-10-29 05:00:00,50.60451089499998,9.9,19.7,252,0.0,76,0.0,0.0,98,5,2,10,302,0,0,0,-0.9510565162951535,-0.30901699437494756,0.8000000000000007,5.1,28
2025-10-29 06:00:00,52.89771297999999,10.1,19.4,247,0.0,75,0.0,0.0,91,6,2,10,302,0,0,0,-0.9205048534524403,-0.3907311284892738,0.5,4.9,28
2025-10-29 07:00:00,52.04419625416666,10.2,19.7,246,0.0,75,0.0,0.0,91,7,2,10,302,0,0,0,-0.913545457642601,-0.4067366430758001,0.5999999999999996,4.800000000000001,28
2025-10-29 08:00:00,51.822551559166655,10.1,18.3,240,0.0,80,0.0,0.0,80,8,2,10,302,0,0,0,-0.8660254037844384,-0.5000000000000004,0.1999999999999993,4.9,28
2025-10-29 09:00:00,49.59429598833332,10.2,18.9,239,9.0,80,0.0,0.0,99,9,2,10,302,0,0,0,-0.8571673007021121,-0.5150380749100544,0.09999999999999964,4.800000000000001,28
2025-10-29 10:00:00,48.59383734416665,10.9,20.0,228,72.0,79,0.0,0.0,100,10,2,10,302,0,0,0,-0.7431448254773944,-0.6691306063588581,0.7000000000000011,4.1,28
2025-10-29 11:00:00,49.27021159833332,10.8,19.3,219,114.0,82,0.0,0.0,100,11,2,10,302,0,0,0,-0.6293203910498376,-0.7771459614569708,0.7000000000000011,4.199999999999999,28
2025-10-29 12:00:00,49.44370573749999,11.1,17.6,207,152.0,83,0.0,0.0,100,12,2,10,302,0,0,0,-0.4539904997395467,-0.8910065241883679,0.9000000000000004,3.9000000000000004,28
2025-10-29 13:00:00,49.06778265416665,11.1,23.1,216,171.0,85,0.0,0.0,100,13,2,10,302,0,0,0,-0.587785252292473,-0.8090169943749475,0.1999999999999993,3.9000000000000004,28
2025-10-29 14:00:00,49.01811792499998,10.8,26.0,211,63.0,87,0.0,0.0,100,14,2,10,302,0,0,0,-0.5150380749100542,-0.8571673007021123,0.0,4.199999999999999,28
2025-10-29 15:00:00,49.37118058249999,10.8,24.9,202,46.0,89,0.0,0.0,100,15,2,10,302,0,0,0,-0.374606593415912,-0.9271838545667874,-0.29999999999999893,4.199999999999999,28
2025-10-29 16:00:00,50.242544219999985,10.8,25.3,200,31.0,91,0.0,0.0,100,16,2,10,302,0,0,0,-0.34202014332566866,-0.9396926207859084,-0.29999999999999893,4.199999999999999,28
2025-10-29 17:00:00,50.58354999999998,11.0,24.8,207,11.0,91,0.0,0.0,100,17,2,10,302,0,0,0,-0.4539904997395467,-0.8910065241883679,0.1999999999999993,4.0,28
2025-10-29 18:00:00,50.082916666666655,11.1,23.3,206,7.0,88,0.0,0.0,100,18,2,10,302,0,0,0,-0.43837114678907746,-0.8987940462991669,0.29999999999999893,3.9000000000000004,28
2025-10-29 19:00:00,45.055066666666654,11.1,20.5,204,0.0,88,0.0,0.0,100,19,2,10,302,0,0,0,-0.4067366430758002,-0.9135454576426009,0.29999999999999893,3.9000000000000004,28
2025-10-29 20:00:00,46.158549999999984,10.9,17.6,204,0.0,89,0.0,0.0,100,20,2,10,302,0,0,0,-0.4067366430758002,-0.9135454576426009,-0.09999999999999964,4.1,28
2025-10-29 21:00:00,41.65791666666666,10.7,22.6,193,0.0,88,0.0,0.0,100,21,2,10,302,0,0,0,-0.22495105434386498,-0.9743700647852352,-0.40000000000000036,4.300000000000001,28
2025-10-29 22:00:00,38.50712499999998,10.1,20.8,195,0.0,91,0.0,0.0,100,22,2,10,302,0,0,0,-0.2588190451025208,-0.9659258262890683,-1.0,4.9,28
2025-10-29 23:00:00,40.78259999999998,9.4,16.4,195,0.0,96,0.0,0.0,100,23,2,10,302,0,0,0,-0.2588190451025208,-0.9659258262890683,-1.5,5.6,28
2025-10-30 00:00:00,40.23164999999998,9.2,15.0,190,0.0,96,0.0,0.0,100,0,3,10,303,0,0,0,-0.17364817766693047,-0.984807753012208,-1.5,5.800000000000001,29
2025-10-30 01:00:00,40.60633333333331,8.9,12.6,182,0.0,96,0.0,0.0,100,1,3,10,303,0,0,0,-0.0348994967025009,-0.9993908270190958,-1.1999999999999993,6.1,29
2025-10-30 02:00:00,40.88133333333331,9.0,11.1,172,0.0,97,0.0,0.0,100,2,3,10,303,0,0,0,0.13917310096006533,-0.9902680687415704,-0.40000000000000036,6.0,29
2025-10-30 03:00:00,40.98164999999998,8.8,10.0,159,0.0,97,0.0,0.0,100,3,3,10,303,0,0,0,0.3583679495453002,-0.9335804264972017,-0.3999999999999986,6.199999999999999,29
2025-10-30 04:00:00,43.68259999999999,8.7,11.9,146,0.0,96,0.0,0.0,100,4,3,10,303,0,0,0,0.5591929034707469,-0.8290375725550416,-0.20000000000000107,6.300000000000001,29
2025-10-30 05:00:00,46.78275833333331,8.5,10.2,167,0.0,97,0.0,0.0,100,5,3,10,303,0,0,0,0.2249510543438652,-0.9743700647852351,-0.5,6.5,29
2025-10-30 06:00:00,50.48386666666665,8.4,7.6,187,0.0,98,0.0,0.0,100,6,3,10,303,0,0,0,-0.12186934340514731,-0.9925461516413221,-0.40000000000000036,6.6,29
2025-10-30 07:00:00,52.45886666666665,8.4,8.8,239,0.0,98,0.0,0.0,100,7,3,10,303,0,0,0,-0.8571673007021121,-0.5150380749100544,-0.29999999999999893,6.6,29
2025-10-30 08:00:00,52.95886666666665,8.9,20.1,299,0.0,97,0.0,0.0,100,8,3,10,303,0,0,0,-0.8746197071393956,0.4848096202463373,0.40000000000000036,6.1,29
2025-10-30 09:00:00,50.43323333333332,8.6,20.9,299,1.0,96,0.0,0.0,100,9,3,10,303,0,0,0,-0.8746197071393956,0.4848096202463373,0.1999999999999993,6.4,29
2025-10-30 10:00:00,46.883549999999985,8.9,23.6,291,24.0,91,0.0,0.0,100,10,3,10,303,0,0,0,-0.9335804264972017,0.3583679495453004,0.5,6.1,29
2025-10-30 11:00:00,45.53259999999998,9.4,23.0,285,57.0,84,0.0,0.0,100,11,3,10,303,0,0,0,-0.9659258262890684,0.2588190451025203,0.5,5.6,29
2025-10-30 12:00:00,44.50759999999998,10.9,26.5,288,186.0,72,0.0,0.0,20,12,3,10,303,0,0,0,-0.9510565162951536,0.30901699437494723,2.3000000000000007,4.1,29
2025-10-30 13:00:00,44.05759999999999,11.3,26.9,288,299.0,68,0.0,0.0,23,13,3,10,303,0,0,0,-0.9510565162951536,0.30901699437494723,2.4000000000000004,3.6999999999999993,29
2025-10-30 14:00:00,44.656649999999985,10.6,23.8,280,302.0,74,0.0,0.0,44,14,3,10,303,0,0,0,-0.9848077530122081,0.17364817766692997,1.1999999999999993,4.4,29
2025-10-30 15:00:00,45.406649999999985,11.3,23.1,283,236.0,73,0.0,0.0,21,15,3,10,303,0,0,0,-0.9743700647852352,0.22495105434386492,0.40000000000000036,3.6999999999999993,29
2025-10-30 16:00:00,49.03259999999998,11.4,21.9,282,187.0,73,0.0,0.0,25,16,3,10,303,0,0,0,-0.9781476007338056,0.20791169081775945,0.09999999999999964,3.5999999999999996,29
2025-10-30 17:00:00,49.85854999999999,10.7,20.4,282,101.0,77,0.0,0.0,30,17,3,10,303,0,0,0,-0.9781476007338056,0.20791169081775945,0.09999999999999964,4.300000000000001,29
2025-10-30 18:00:00,49.63291666666665,9.8,18.2,278,18.0,81,0.0,0.0,28,18,3,10,303,0,0,0,-0.9902680687415704,0.13917310096006547,-1.5,5.199999999999999,29
2025-10-30 19:00:00,49.307599999999994,9.4,17.0,275,0.0,82,0.0,0.0,41,19,3,10,303,0,0,0,-0.9961946980917455,0.08715574274765789,-2.0,5.6,29
2025-10-30 20:00:00,47.482599999999984,9.1,17.1,262,0.0,83,0.0,0.0,20,20,3,10,303,0,0,0,-0.9902680687415703,-0.13917310096006583,-1.5999999999999996,5.9,29
2025-10-30 21:00:00,45.582599999999985,8.9,15.8,258,0.0,82,0.0,0.0,22,21,3,10,303,0,0,0,-0.9781476007338056,-0.2079116908177598,-0.9000000000000004,6.1,29
2025-10-30 22:00:00,43.08196666666665,8.6,14.4,260,0.0,83,0.0,0.0,20,22,3,10,303,0,0,0,-0.984807753012208,-0.17364817766693033,-0.8000000000000007,6.4,29
2025-10-30 23:00:00,42.15759999999998,8.1,11.4,259,0.0,87,0.0,0.0,58,23,3,10,303,0,0,0,-0.981627183447664,-0.1908089953765446,-1.0,6.9,29
2025-10-31 00:00:00,43.13259999999998,7.8,11.7,256,0.0,88,0.0,0.0,100,0,4,10,304,0,0,0,-0.9702957262759965,-0.24192189559966779,-1.1000000000000005,7.2,30
2025-10-31 01:00:00,43.50759999999998,7.7,10.3,259,0.0,88,0.0,0.0,98,1,4,10,304,0,0,0,-0.981627183447664,-0.1908089953765446,-0.8999999999999995,7.3,30
2025-10-31 02:00:00,42.832599999999985,7.3,8.5,245,0.0,89,0.0,0.0,100,2,4,10,304,0,0,0,-0.90630778703665,-0.42261826174069916,-0.7999999999999998,7.7,30
2025-10-31 03:00:00,42.38259999999998,6.6,7.3,218,0.0,91,0.0,0.0,86,3,4,10,304,0,0,0,-0.6156614753256582,-0.788010753606722,-1.2000000000000002,8.4,30
2025-10-31 04:00:00,45.082599999999985,5.8,7.5,191,0.0,94,0.0,0.0,98,4,4,10,304,0,0,0,-0.19080899537654472,-0.981627183447664,-1.9000000000000004,9.2,30
2025-10-31 05:00:00,48.357916666666654,6.3,9.2,196,0.0,96,0.0,0.0,96,5,4,10,304,0,0,0,-0.275637355816999,-0.9612616959383189,-1.0,8.7,30
2025-10-31 06:00:00,51.10886666666666,6.8,10.6,194,0.0,97,0.0,0.0,99,6,4,10,304,0,0,0,-0.2419218955996675,-0.9702957262759965,0.20000000000000018,8.2,30
2025-10-31 07:00:00,54.95949999999999,6.2,10.4,189,0.0,97,0.0,0.0,100,7,4,10,304,0,0,0,-0.15643446504023073,-0.9876883405951378,0.40000000000000036,8.8,30
2025-10-31 08:00:00,54.68386666666665,5.8,11.3,170,0.0,97,0.0,0.0,100,8,4,10,304,0,0,0,0.17364817766693028,-0.984807753012208,-0.5,9.2,30
2025-10-31 09:00:00,53.383866666666655,5.7,11.7,169,6.0,96,0.0,0.0,100,9,4,10,304,0,0,0,0.19080899537654497,-0.9816271834476639,-1.0999999999999996,9.3,30
2025-10-31 10:00:00,51.008866666666655,6.3,13.9,159,54.0,93,0.0,0.0,100,10,4,10,304,0,0,0,0.3583679495453002,-0.9335804264972017,0.09999999999999964,8.7,30
2025-10-31 11:00:00,48.50791666666665,7.3,11.4,149,114.0,91,0.0,0.0,100,11,4,10,304,0,0,0,0.5150380749100544,-0.8571673007021122,1.5,7.7,30
2025-10-31 12:00:00,47.40759999999998,8.6,11.7,165,194.0,86,0.0,0.0,100,12,4,10,304,0,0,0,0.258819045102521,-0.9659258262890682,2.8999999999999995,6.4,30
2025-10-31 13:00:00,46.43259999999998,9.7,11.2,161,240.0,81,0.0,0.0,100,13,4,10,304,0,0,0,0.3255681544571566,-0.9455185755993168,3.3999999999999995,5.300000000000001,30
2025-10-31 14:00:00,47.50759999999998,10.4,11.8,152,235.0,80,0.0,0.0,100,14,4,10,304,0,0,0,0.4694715627858907,-0.882947592858927,3.1000000000000005,4.6,30
2025-10-31 15:00:00,49.90791666666665,10.9,12.9,134,209.0,79,0.0,0.0,100,15,4,10,304,0,0,0,0.7193398003386511,-0.6946583704589974,2.3000000000000007,4.1,30
2025-10-31 16:00:00,51.98323333333332,10.6,13.1,134,170.0,79,0.0,0.0,100,16,4,10,304,0,0,0,0.7193398003386511,-0.6946583704589974,0.9000000000000004,4.4,30
2025-10-31 17:00:00,51.55886666666665,9.6,12.5,141,75.0,82,0.0,0.0,100,17,4,10,304,0,0,0,0.6293203910498374,-0.7771459614569709,-0.8000000000000007,5.4,30
2025-10-31 18:00:00,51.258866666666655,8.5,12.5,143,12.0,85,0.0,0.0,100,18,4,10,304,0,0,0,0.6018150231520482,-0.7986355100472929,-2.4000000000000004,6.5,30
2025-10-31 19:00:00,50.508233333333315,7.8,13.0,147,0.0,87,0.0,0.0,100,19,4,10,304,0,0,0,0.5446390350150273,-0.8386705679454239,-2.8,7.2,30
2025-10-31 20:00:00,48.133549999999985,8.1,14.4,154,0.0,87,0.0,0.0,100,20,4,10,304,0,0,0,0.4383711467890773,-0.898794046299167,-1.5,6.9,30
2025-10-31 21:00:00,45.63259999999999,8.4,15.1,165,0.0,83,0.0,0.0,100,21,4,10,304,0,0,0,0.258819045102521,-0.9659258262890682,-0.09999999999999964,6.6,30
2025-10-31 22:00:00,43.332599999999985,8.8,14.8,157,0.0,81,0.0,0.0,100,22,4,10,304,0,0,0,0.39073112848927377,-0.9205048534524404,1.0000000000000009,6.199999999999999,30
2025-10-31 23:00:00,42.332599999999985,8.8,14.9,158,0.0,81,0.0,0.0,100,23,4,10,304,0,0,0,0.37460659341591224,-0.9271838545667873,0.7000000000000011,6.199999999999999,30
2025-11-01 00:00:00,42.482599999999984,8.8,15.2,173,0.0,81,0.0,0.0,100,0,5,11,305,1,0,0,0.12186934340514755,-0.992546151641322,0.40000000000000036,6.199999999999999,31
2025-11-01 01:00:00,42.53259999999998,8.9,15.3,179,0.0,80,0.0,0.0,30,1,5,11,305,1,0,0,0.01745240643728344,-0.9998476951563913,0.09999999999999964,6.1,31
2025-11-01 02:00:00,42.758757407407394,8.0,14.0,173,0.0,85,0.0,0.0,2,2,5,11,305,1,0,0,0.12186934340514755,-0.992546151641322,-0.8000000000000007,7.0,31
2025-11-01 03:00:00,43.93560925925924,7.5,14.0,165,0.0,88,0.0,0.0,1,3,5,11,305,1,0,0,0.258819045102521,-0.9659258262890682,-1.3000000000000007,7.5,31
2025-11-01 04:00:00,45.83777777777776,7.2,14.6,179,0.0,91,0.0,0.0,0,4,5,11,305,1,0,0,0.01745240643728344,-0.9998476951563913,-1.7000000000000002,7.8,31
2025-11-01 05:00:00,48.07744629629628,6.9,14.1,175,0.0,92,0.0,0.0,0,5,5,11,305,1,0,0,0.0871557427476582,-0.9961946980917455,-1.0999999999999996,8.1,31
2025-11-01 06:00:00,50.31743148148147,6.9,14.2,167,0.0,93,0.0,0.0,0,6,5,11,305,1,0,0,0.2249510543438652,-0.9743700647852351,-0.5999999999999996,8.1,31
2025-11-01 07:00:00,53.59428333333332,6.9,15.4,166,0.0,94,0.0,0.0,0,7,5,11,305,1,0,0,0.24192189559966773,-0.9702957262759965,-0.2999999999999998,8.1,31
2025-11-01 08:00:00,53.246135185185175,7.1,15.5,158,0.0,93,0.0,0.0,100,8,5,11,305,1,0,0,0.37460659341591224,-0.9271838545667873,0.1999999999999993,7.9,31
2025-11-01 09:00:00,51.84798703703703,7.6,16.8,157,6.0,92,0.0,0.0,100,9,5,11,305,1,0,0,0.39073112848927377,-0.9205048534524404,0.6999999999999993,7.4,31
2025-11-01 10:00:00,50.849838888888875,8.9,18.1,155,52.0,88,0.0,0.0,100,10,5,11,305,1,0,0,0.4226182617406995,-0.9063077870366499,2.0,6.1,31
2025-11-01 11:00:00,50.026690740740726,10.2,15.5,160,110.0,85,0.0,0.0,100,11,5,11,305,1,0,0,0.3420201433256689,-0.9396926207859083,3.0999999999999996,4.800000000000001,31
2025-11-01 12:00:00,49.42854259259258,11.1,19.3,156,111.0,83,0.0,0.0,100,12,5,11,305,1,0,0,0.40673664307580043,-0.9135454576426008,3.5,3.9000000000000004,31
2025-11-01 13:00:00,47.90444444444443,12.1,16.7,159,143.0,81,0.0,0.0,100,13,5,11,305,1,0,0,0.3583679495453002,-0.9335804264972017,3.1999999999999993,2.9000000000000004,31
2025-11-01 14:00:00,48.630979629629614,12.4,21.0,171,115.0,80,0.0,0.0,100,14,5,11,305,1,0,0,0.15643446504023098,-0.9876883405951377,2.200000000000001,2.5999999999999996,31
2025-11-01 15:00:00,49.407831481481466,12.1,20.0,180,44.0,88,0.0,0.0,100,15,5,11,305,1,0,0,1.2246467991473532e-16,-1.0,1.0,2.9000000000000004,31
2025-11-01 16:00:00,49.910633333333315,12.6,20.2,183,60.0,89,0.0,0.0,100,16,5,11,305,1,0,0,-0.052335956242943564,-0.9986295347545738,0.5,2.4000000000000004,31
2025-11-01 17:00:00,50.36280185185184,11.8,20.1,187,15.0,96,0.0,0.0,100,17,5,11,305,1,0,0,-0.12186934340514731,-0.9925461516413221,-0.5999999999999996,3.1999999999999993,31
2025-11-01 18:00:00,50.53933703703702,11.9,19.4,218,1.0,98,0.0,0.0,100,18,5,11,305,1,0,0,-0.6156614753256582,-0.788010753606722,-0.1999999999999993,3.0999999999999996,31
2025-11-01 19:00:00,48.74118888888887,11.4,14.5,225,0.0,97,0.0,0.0,100,19,5,11,305,1,0,0,-0.7071067811865475,-0.7071067811865477,-1.1999999999999993,3.5999999999999996,31
2025-11-01 20:00:00,46.80490740740739,11.1,15.7,226,0.0,95,0.0,0.0,98,20,5,11,305,1,0,0,-0.7193398003386512,-0.6946583704589973,-0.7000000000000011,3.9000000000000004,31
2025-11-01 21:00:00,44.88144259259258,10.9,17.7,222,0.0,96,0.0,0.0,73,21,5,11,305,1,0,0,-0.6691306063588582,-0.7431448254773942,-1.0,4.1,31
2025-11-01 22:00:00,42.370477777777765,10.4,18.7,219,0.0,97,0.0,0.0,74,22,5,11,305,1,0,0,-0.6293203910498376,-0.7771459614569708,-1.0,4.6,31
2025-11-01 23:00:00,40.322012962962944,9.9,17.8,218,0.0,98,0.0,0.0,14,23,5,11,305,1,0,0,-0.6156614753256582,-0.788010753606722,-1.1999999999999993,5.1,31
2025-11-02 00:00:00,39.09823148148147,9.8,18.1,221,0.0,97,0.0,0.0,22,0,6,11,306,1,0,0,-0.656059028990507,-0.7547095802227721,-1.0999999999999996,5.199999999999999,32
2025-11-02 01:00:00,38.87508333333332,9.6,17.1,220,0.0,98,0.0,0.0,31,1,6,11,306,1,0,0,-0.6427876096865393,-0.766044443118978,-0.8000000000000007,5.4,32
2025-11-02 02:00:00,39.07693518518517,9.9,16.8,215,0.0,98,0.0,0.0,48,2,6,11,306,1,0,0,-0.5735764363510462,-0.8191520442889918,0.0,5.1,32
2025-11-02 03:00:00,39.60378703703703,9.8,15.9,209,0.0,98,0.0,0.0,63,3,6,11,306,1,0,0,-0.48480962024633695,-0.8746197071393959,0.0,5.199999999999999,32
2025-11-02 04:00:00,41.68063888888887,9.6,15.8,203,0.0,99,0.0,0.0,100,4,6,11,306,1,0,0,-0.39073112848927355,-0.9205048534524404,0.0,5.4,32
2025-11-02 05:00:00,43.00844074074072,9.4,16.0,199,0.0,99,0.0,0.0,100,5,6,11,306,1,0,0,-0.32556815445715676,-0.9455185755993167,-0.5,5.6,32
2025-11-02 06:00:00,45.160609259259246,9.6,15.8,197,0.0,98,0.0,0.0,100,6,6,11,306,1,0,0,-0.29237170472273677,-0.9563047559630354,-0.20000000000000107,5.4,32
2025-11-02 07:00:00,49.288411111111095,9.5,17.2,196,0.0,97,0.0,0.0,100,7,6,11,306,1,0,0,-0.275637355816999,-0.9612616959383189,-0.09999999999999964,5.5,32
2025-11-02 08:00:00,50.91557962962962,9.6,17.8,193,0.0,97,0.0,0.0,98,8,6,11,306,1,0,0,-0.22495105434386498,-0.9743700647852352,0.1999999999999993,5.4,32
2025-11-02 09:00:00,50.86743148148147,9.9,20.4,205,2.0,95,0.0,0.0,100,9,6,11,306,1,0,0,-0.4226182617406993,-0.90630778703665,0.3000000000000007,5.1,32
2025-11-02 10:00:00,48.86833333333332,9.9,19.0,205,36.0,96,0.0,0.0,100,10,6,11,306,1,0,0,-0.4226182617406993,-0.90630778703665,0.40000000000000036,5.1,32
2025-11-02 11:00:00,47.7198685185185,9.9,14.8,198,60.0,96,0.0,0.0,100,11,6,11,306,1,0,0,-0.3090169943749473,-0.9510565162951536,0.3000000000000007,5.1,32
2025-11-02 12:00:00,45.796720370370366,10.8,21.8,232,129.0,90,0.0,0.0,81,12,6,11,306,1,0,0,-0.7880107536067221,-0.6156614753256581,0.9000000000000004,4.199999999999999,32
2025-11-02 13:00:00,45.77357222222221,11.2,17.8,227,207.0,88,0.0,0.0,100,13,6,11,306,1,0,0,-0.7313537016191703,-0.6819983600624986,1.299999999999999,3.8000000000000007,32
2025-11-02 14:00:00,46.30042407407406,11.1,18.0,221,166.0,87,0.0,0.0,100,14,6,11,306,1,0,0,-0.656059028990507,-0.7547095802227721,1.1999999999999993,3.9000000000000004,32
2025-11-02 15:00:00,47.60227592592591,10.6,17.1,214,97.0,86,0.0,0.0,100,15,6,11,306,1,0,0,-0.5591929034707467,-0.8290375725550418,-0.20000000000000107,4.4,32
2025-11-02 16:00:00,50.167736111111104,10.4,16.0,215,99.0,87,0.0,0.0,100,16,6,11,306,1,0,0,-0.5735764363510462,-0.8191520442889918,-0.7999999999999989,4.6,32
2025-11-02 17:00:00,51.28224629629628,10.0,14.4,217,61.0,89,0.0,0.0,100,17,6,11,306,1,0,0,-0.6018150231520484,-0.7986355100472928,-1.0999999999999996,5.0,32
2025-11-02 18:00:00,52.18409814814814,9.1,11.2,212,7.0,93,0.0,0.0,100,18,6,11,306,1,0,0,-0.5299192642332048,-0.8480480961564261,-1.5,5.9,32
2025-11-02 19:00:00,52.01094999999999,8.6,11.5,200,0.0,95,0.0,0.0,99,19,6,11,306,1,0,0,-0.34202014332566866,-0.9396926207859084,-1.8000000000000007,6.4,32
2025-11-02 20:00:00,49.587485185185166,8.2,11.2,177,0.0,95,0.0,0.0,16,20,6,11,306,1,0,0,0.05233595624294381,-0.9986295347545738,-1.8000000000000007,6.800000000000001,32
2025-11-02 21:00:00,46.83838703703702,7.4,11.5,183,0.0,96,0.0,0.0,40,21,6,11,306,1,0,0,-0.052335956242943564,-0.9986295347545738,-1.6999999999999993,7.6,32
2025-11-02 22:00:00,44.19023888888887,7.2,11.7,185,0.0,96,0.0,0.0,98,22,6,11,306,1,0,0,-0.08715574274765794,-0.9961946980917455,-1.3999999999999995,7.8,32
2025-11-02 23:00:00,42.21709074074072,7.2,12.6,190,0.0,95,0.0,0.0,65,23,6,11,306,1,0,0,-0.17364817766693047,-0.984807753012208,-0.9999999999999991,7.8,32
2025-11-03 00:00:00,41.29394259259257,7.0,12.4,199,0.0,95,0.0,0.0,26,0,0,11,307,0,0,0,-0.32556815445715676,-0.9455185755993167,-0.40000000000000036,8.0,33
2025-11-03 01:00:00,41.395161111111086,6.7,12.0,204,0.0,96,0.0,0.0,42,1,0,11,307,0,0,0,-0.4067366430758002,-0.9135454576426009,-0.5,8.3,33
2025-11-03 02:00:00,41.622646296296274,7.2,12.1,207,0.0,96,0.0,0.0,34,2,0,11,307,0,0,0,-0.4539904997395467,-0.8910065241883679,0.0,7.8,33
2025-11-03 03:00:00,42.749498148148135,7.2,13.9,205,0.0,96,0.0,0.0,41,3,0,11,307,0,0,0,-0.4226182617406993,-0.90630778703665,0.20000000000000018,7.8,33
2025-11-03 04:00:00,45.451349999999984,7.4,13.4,206,0.0,97,0.0,0.0,38,4,0,11,307,0,0,0,-0.43837114678907746,-0.8987940462991669,0.7000000000000002,7.6,33
2025-11-03 05:00:00,50.20415185185183,7.6,12.2,211,0.0,97,0.0,0.0,90,5,0,11,307,0,0,0,-0.5150380749100542,-0.8571673007021123,0.39999999999999947,7.4,33
2025-11-03 06:00:00,54.68163703703703,7.3,12.0,224,0.0,96,0.0,0.0,91,6,0,11,307,0,0,0,-0.6946583704589974,-0.7193398003386511,0.09999999999999964,7.7,33
2025-11-03 07:00:00,55.00943888888889,7.4,12.7,239,0.0,94,0.0,0.0,37,7,0,11,307,0,0,0,-0.8571673007021121,-0.5150380749100544,0.0,7.6,33
2025-11-03 08:00:00,52.28418333333333,7.2,11.5,228,0.0,94,0.0,0.0,49,8,0,11,307,0,0,0,-0.7431448254773944,-0.6691306063588581,-0.39999999999999947,7.8,33
2025-11-03 09:00:00,48.60823333333332,7.1,13.1,210,5.0,94,0.0,0.0,30,9,0,11,307,0,0,0,-0.5000000000000001,-0.8660254037844386,-0.20000000000000018,7.9,33
2025-11-03 10:00:00,46.30791666666666,8.1,14.9,203,66.0,92,0.0,0.0,38,10,0,11,307,0,0,0,-0.39073112848927355,-0.9205048534524404,0.6999999999999993,6.9,33
2025-11-03 11:00:00,45.107599999999984,9.6,19.2,220,146.0,84,0.0,0.0,97,11,0,11,307,0,0,0,-0.6427876096865393,-0.766044443118978,2.3999999999999995,5.4,33
2025-11-03 12:00:00,46.13259999999998,10.3,18.6,215,201.0,80,0.0,0.0,97,12,0,11,307,0,0,0,-0.5735764363510462,-0.8191520442889918,3.200000000000001,4.699999999999999,33
2025-11-03 13:00:00,48.332599999999985,10.4,20.1,211,248.0,81,0.0,0.0,100,13,0,11,307,0,0,0,-0.5150380749100542,-0.8571673007021123,2.3000000000000007,4.6,33
2025-11-03 14:00:00,50.657599999999995,10.6,21.9,210,191.0,81,0.0,0.0,100,14,0,11,307,0,0,0,-0.5000000000000001,-0.8660254037844386,1.0,4.4,33
2025-11-03 15:00:00,51.63291666666666,10.2,21.7,202,113.0,84,0.0,0.0,100,15,0,11,307,0,0,0,-0.374606593415912,-0.9271838545667874,-0.10000000000000142,4.800000000000001,33
2025-11-03 16:00:00,52.98386666666666,9.0,23.1,200,18.0,95,0.0,0.0,100,16,0,11,307,0,0,0,-0.34202014332566866,-0.9396926207859084,-1.4000000000000004,6.0,33
2025-11-03 17:00:00,52.85886666666666,9.0,24.8,201,19.0,96,0.0,0.0,100,17,0,11,307,0,0,0,-0.35836794954530043,-0.9335804264972016,-1.5999999999999996,6.0,33
2025-11-03 18:00:00,51.80886666666665,9.4,25.5,207,1.0,94,0.0,0.0,100,18,0,11,307,0,0,0,-0.4539904997395467,-0.8910065241883679,-0.7999999999999989,5.6,33
2025-11-03 19:00:00,50.85886666666666,10.1,25.5,205,0.0,94,0.0,0.0,100,19,0,11,307,0,0,0,-0.4226182617406993,-0.90630778703665,1.0999999999999996,4.9,33
2025-11-03 20:00:00,48.332916666666655,10.4,26.9,209,0.0,96,0.0,0.0,100,20,0,11,307,0,0,0,-0.48480962024633695,-0.8746197071393959,1.4000000000000004,4.6,33
2025-11-03 21:00:00,45.28259999999998,10.6,26.9,212,0.0,97,0.0,0.0,100,21,0,11,307,0,0,0,-0.5299192642332048,-0.8480480961564261,1.1999999999999993,4.4,33
2025-11-03 22:00:00,42.607599999999984,10.8,28.0,215,0.0,97,0.0,0.0,100,22,0,11,307,0,0,0,-0.5735764363510462,-0.8191520442889918,0.7000000000000011,4.199999999999999,33
2025-11-03 23:00:00,40.30728333333332,11.1,27.0,218,0.0,97,0.0,0.0,100,23,0,11,307,0,0,0,-0.6156614753256582,-0.788010753606722,0.6999999999999993,3.9000000000000004,33
2025-11-04 00:00:00,39.73164999999998,11.4,27.1,221,0.0,94,0.0,0.0,100,0,1,11,308,0,0,0,-0.656059028990507,-0.7547095802227721,0.8000000000000007,3.5999999999999996,34
2025-11-04 01:00:00,39.656649999999985,11.5,26.0,219,0.0,93,0.0,0.0,100,1,1,11,308,0,0,0,-0.6293203910498376,-0.7771459614569708,0.6999999999999993,3.5,34
2025-11-04 02:00:00,39.706333333333326,11.4,25.5,218,0.0,93,0.0,0.0,100,2,1,11,308,0,0,0,-0.6156614753256582,-0.788010753606722,0.3000000000000007,3.5999999999999996,34
2025-11-04 03:00:00,40.45633333333331,11.7,25.6,219,0.0,91,0.0,0.0,100,3,1,11,308,0,0,0,-0.6293203910498376,-0.7771459614569708,0.29999999999999893,3.3000000000000007,34
2025-11-04 04:00:00,42.58228333333332,11.9,25.2,219,0.0,90,0.0,0.0,100,4,1,11,308,0,0,0,-0.6293203910498376,-0.7771459614569708,0.40000000000000036,3.0999999999999996,34
2025-11-04 05:00:00,46.857916666666654,12.1,25.1,219,0.0,88,0.0,0.0,100,5,1,11,308,0,0,0,-0.6293203910498376,-0.7771459614569708,0.6999999999999993,2.9000000000000004,34
2025-11-04 06:00:00,49.55886666666665,12.1,24.0,220,0.0,88,0.0,0.0,100,6,1,11,308,0,0,0,-0.6427876096865393,-0.766044443118978,0.40000000000000036,2.9000000000000004,34
2025-11-04 07:00:00,49.45791666666665,12.5,24.0,221,0.0,87,0.0,0.0,100,7,1,11,308,0,0,0,-0.656059028990507,-0.7547095802227721,0.5999999999999996,2.5,34
2025-11-04 08:00:00,48.33354999999998,12.6,24.3,226,0.0,88,0.0,0.0,100,8,1,11,308,0,0,0,-0.7193398003386512,-0.6946583704589973,0.5,2.4000000000000004,34
2025-11-04 09:00:00,47.457916666666655,12.6,23.9,224,2.0,88,0.0,0.0,100,9,1,11,308,0,0,0,-0.6946583704589974,-0.7193398003386511,0.5,2.4000000000000004,34
2025-11-04 10:00:00,44.832599999999985,12.9,24.5,221,35.0,86,0.0,0.0,100,10,1,11,308,0,0,0,-0.656059028990507,-0.7547095802227721,0.40000000000000036,2.0999999999999996,34
2025-11-04 11:00:00,43.88259999999998,13.4,19.1,218,96.0,84,0.0,0.0,100,11,1,11,308,0,0,0,-0.6156614753256582,-0.788010753606722,0.8000000000000007,1.5999999999999996,34
2025-11-04 12:00:00,43.40759999999998,13.6,20.0,216,101.0,83,0.0,0.0,100,12,1,11,308,0,0,0,-0.587785252292473,-0.8090169943749475,1.0,1.4000000000000004,34
2025-11-04 13:00:00,42.83228333333332,14.0,23.2,221,125.0,80,0.0,0.0,100,13,1,11,308,0,0,0,-0.656059028990507,-0.7547095802227721,1.0999999999999996,1.0,34
2025-11-04 14:00:00,43.33228333333332,13.9,24.1,223,98.0,81,0.0,0.0,100,14,1,11,308,0,0,0,-0.6819983600624984,-0.7313537016191706,0.5,1.0999999999999996,34
2025-11-04 15:00:00,44.732599999999984,14.0,21.8,220,182.0,80,0.0,0.0,100,15,1,11,308,0,0,0,-0.6427876096865393,-0.766044443118978,0.40000000000000036,1.0,34
2025-11-04 16:00:00,46.25759999999998,13.9,21.1,217,138.0,79,0.0,0.0,100,16,1,11,308,0,0,0,-0.6018150231520484,-0.7986355100472928,-0.09999999999999964,1.0999999999999996,34
2025-11-04 17:00:00,46.832599999999985,13.1,18.5,217,70.0,82,0.0,0.0,99,17,1,11,308,0,0,0,-0.6018150231520484,-0.7986355100472928,-0.8000000000000007,1.9000000000000004,34
2025-11-04 18:00:00,46.90759999999998,12.2,17.1,213,8.0,85,0.0,0.0,98,18,1,11,308,0,0,0,-0.5446390350150271,-0.838670567945424,-1.8000000000000007,2.8000000000000007,34
2025-11-04 19:00:00,46.1076,11.8,16.7,204,0.0,86,0.0,0.0,100,19,1,11,308,0,0,0,-0.4067366430758002,-0.9135454576426009,-2.0999999999999996,3.1999999999999993,34
2025-11-04 20:00:00,44.05759999999999,12.1,17.3,196,0.0,81,0.0,0.0,100,20,1,11,308,0,0,0,-0.275637355816999,-0.9612616959383189,-1.0,2.9000000000000004,34
2025-11-04 21:00:00,41.531649999999985,12.1,17.7,192,0.0,81,0.0,0.0,100,21,1,11,308,0,0,0,-0.2079116908177595,-0.9781476007338056,-0.09999999999999964,2.9000000000000004,34
2025-11-04 22:00:00,38.656333333333315,12.1,18.3,186,0.0,82,0.0,0.0,100,22,1,11,308,0,0,0,-0.1045284632676535,-0.9945218953682733,0.29999999999999893,2.9000000000000004,34
2025-11-04 23:00:00,37.00633333333331,12.2,18.4,183,0.0,80,0.0,0.0,100,23,1,11,308,0,0,0,-0.052335956242943564,-0.9986295347545738,0.09999999999999964,2.8000000000000007,34
2025-11-05 00:00:00,36.48133333333332,12.1,19.3,184,0.0,76,0.0,0.0,100,0,2,11,309,0,0,0,-0.06975647374412527,-0.9975640502598242,0.0,2.9000000000000004,35
2025-11-05 01:00:00,36.33133333333331,12.0,19.1,191,0.0,78,0.0,0.0,100,1,2,11,309,0,0,0,-0.19080899537654472,-0.981627183447664,-0.09999999999999964,3.0,35
2025-11-05 02:00:00,36.35633333333332,11.5,18.5,188,0.0,81,0.0,0.0,100,2,2,11,309,0,0,0,-0.13917310096006552,-0.9902680687415703,-0.6999999999999993,3.5,35
2025-11-05 03:00:00,37.85633333333331,11.1,18.0,183,0.0,82,0.0,0.0,98,3,2,11,309,0,0,0,-0.052335956242943564,-0.9986295347545738,-1.0,3.9000000000000004,35
2025-11-05 04:00:00,40.60664999999998,11.0,19.3,182,0.0,82,0.0,0.0,99,4,2,11,309,0,0,0,-0.0348994967025009,-0.9993908270190958,-1.0,4.0,35
2025-11-05 05:00:00,44.38259999999998,10.2,17.6,182,0.0,84,0.0,0.0,100,5,2,11,309,0,0,0,-0.0348994967025009,-0.9993908270190958,-1.3000000000000007,4.800000000000001,35
2025-11-05 06:00:00,47.908549999999984,10.2,18.4,185,0.0,83,0.0,0.0,100,6,2,11,309,0,0,0,-0.08715574274765794,-0.9961946980917455,-0.9000000000000004,4.800000000000001,35
2025-11-05 07:00:00,48.93354999999998,10.2,15.7,190,0.0,84,0.0,0.0,100,7,2,11,309,0,0,0,-0.17364817766693047,-0.984807753012208,-0.8000000000000007,4.800000000000001,35
2025-11-05 08:00:00,47.55759999999998,10.9,17.0,198,0.0,79,0.0,0.0,100,8,2,11,309,0,0,0,-0.3090169943749473,-0.9510565162951536,0.7000000000000011,4.1,35
2025-11-05 09:00:00,45.25759999999998,11.3,16.4,201,1.0,75,0.0,0.0,100,9,2,11,309,0,0,0,-0.35836794954530043,-0.9335804264972016,1.1000000000000014,3.6999999999999993,35
2025-11-05 10:00:00,43.68259999999999,11.6,17.2,195,41.0,74,0.0,0.0,100,10,2,11,309,0,0,0,-0.2588190451025208,-0.9659258262890683,1.4000000000000004,3.4000000000000004,35
2025-11-05 11:00:00,43.13259999999998,12.1,12.6,189,118.0,75,0.0,0.0,100,11,2,11,309,0,0,0,-0.15643446504023073,-0.9876883405951378,1.1999999999999993,2.9000000000000004,35
2025-11-05 12:00:00,42.63259999999998,13.1,15.1,205,199.0,73,0.0,0.0,98,12,2,11,309,0,0,0,-0.4226182617406993,-0.90630778703665,1.799999999999999,1.9000000000000004,35
2025-11-05 13:00:00,42.58660724249998,14.0,17.0,213,264.0,70,0.0,0.0,100,13,2,11,309,0,0,0,-0.5446390350150271,-0.838670567945424,2.4000000000000004,1.0,35
2025-11-05 14:00:00,40.21681031333332,12.9,16.1,208,111.0,71,0.0,0.0,100,14,2,11,309,0,0,0,-0.46947156278589086,-0.8829475928589269,0.8000000000000007,2.0999999999999996,35
2025-11-05 15:00:00,42.56694191999999,13.5,11.8,196,143.0,72,0.0,0.0,100,15,2,11,309,0,0,0,-0.275637355816999,-0.9612616959383189,0.40000000000000036,1.5,35
2025-11-05 16:00:00,45.74993863999998,13.4,13.6,211,97.0,74,0.0,0.0,35,16,2,11,309,0,0,0,-0.5150380749100542,-0.8571673007021123,-0.5999999999999996,1.5999999999999996,35
2025-11-05 17:00:00,46.391871999999985,12.8,13.4,206,74.0,76,0.0,0.0,1,17,2,11,309,0,0,0,-0.43837114678907746,-0.8987940462991669,-0.09999999999999964,2.1999999999999993,35
2025-11-05 18:00:00,46.74238775499999,12.1,13.9,197,8.0,79,0.0,0.0,92,18,2,11,309,0,0,0,-0.29237170472273677,-0.9563047559630354,-1.4000000000000004,2.9000000000000004,35
2025-11-05 19:00:00,45.11654747999999,12.8,14.1,199,0.0,76,0.0,0.0,97,19,2,11,309,0,0,0,-0.32556815445715676,-0.9455185755993167,-0.5999999999999996,2.1999999999999993,35
2025-11-05 20:00:00,43.44139307333332,12.9,12.6,184,0.0,77,0.0,0.0,85,20,2,11,309,0,0,0,-0.06975647374412527,-0.9975640502598242,0.09999999999999964,2.0999999999999996,35
2025-11-05 21:00:00,40.86530361333332,11.9,13.2,184,0.0,80,0.0,0.0,36,21,2,11,309,0,0,0,-0.06975647374412527,-0.9975640502598242,-0.1999999999999993,3.0999999999999996,35
2025-11-05 22:00:00,37.41597415499999,11.6,12.8,184,0.0,80,0.0,0.0,11,22,2,11,309,0,0,0,-0.06975647374412527,-0.9975640502598242,-1.200000000000001,3.4000000000000004,35
2025-11-05 23:00:00,35.915254735833315,11.1,12.6,181,0.0,80,0.0,0.0,88,23,2,11,309,0,0,0,-0.017452406437283637,-0.9998476951563913,-1.8000000000000007,3.9000000000000004,35
2025-11-06 00:00:00,35.44052420333332,10.9,12.1,180,0.0,80,0.0,0.0,83,0,3,11,310,0,0,0,1.2246467991473532e-16,-1.0,-1.0,4.1,36
2025-11-06 01:00:00,35.614817213333325,10.6,10.6,181,0.0,82,0.0,0.0,97,1,3,11,310,0,0,0,-0.017452406437283637,-0.9998476951563913,-1.0,4.4,36
2025-11-06 02:00:00,36.17644198333332,10.9,10.5,172,0.0,85,0.0,0.0,95,2,3,11,310,0,0,0,0.13917310096006533,-0.9902680687415704,-0.1999999999999993,4.1,36
2025-11-06 03:00:00,37.145499210833314,10.9,12.6,158,0.0,84,0.0,0.0,81,3,3,11,310,0,0,0,0.37460659341591224,-0.9271838545667873,0.0,4.1,36
2025-11-06 04:00:00,40.11586862583332,9.9,10.6,162,0.0,87,0.0,0.0,100,4,3,11,310,0,0,0,0.3090169943749475,-0.9510565162951535,-0.6999999999999993,5.1,36
2025-11-06 05:00:00,44.94458489916666,9.1,11.0,170,0.0,87,0.0,0.0,95,5,3,11,310,0,0,0,0.17364817766693028,-0.984807753012208,-1.8000000000000007,5.9,36
2025-11-06 06:00:00,49.09474967666665,8.9,12.1,174,0.0,85,0.0,0.0,68,6,3,11,310,0,0,0,0.10452846326765373,-0.9945218953682733,-2.0,6.1,36
2025-11-06 07:00:00,49.89247224166666,8.2,11.9,177,0.0,83,0.0,0.0,92,7,3,11,310,0,0,0,0.05233595624294381,-0.9986295347545738,-1.700000000000001,6.800000000000001,36
2025-11-06 08:00:00,47.16742214499998,8.3,11.6,173,0.0,83,0.0,0.0,100,8,3,11,310,0,0,0,0.12186934340514755,-0.992546151641322,-0.7999999999999989,6.699999999999999,36
2025-11-06 09:00:00,43.56572458999998,8.4,11.5,166,2.0,81,0.0,0.0,100,9,3,11,310,0,0,0,0.24192189559966773,-0.9702957262759965,-0.5,6.6,36
2025-11-06 10:00:00,39.16378364499998,9.1,11.0,157,46.0,78,0.0,0.0,25,10,3,11,310,0,0,0,0.39073112848927377,-0.9205048534524404,0.9000000000000004,5.9,36
2025-11-06 11:00:00,37.08904358083331,10.3,7.9,150,155.0,77,0.0,0.0,15,11,3,11,310,0,0,0,0.49999999999999994,-0.8660254037844387,2.0,4.699999999999999,36
2025-11-06 12:00:00,35.438087405833315,11.4,7.6,142,240.0,73,0.0,0.0,13,12,3,11,310,0,0,0,0.6156614753256584,-0.7880107536067219,3.0,3.5999999999999996,36
2025-11-06 13:00:00,34.79105154833332,12.4,7.5,130,286.0,72,0.0,0.0,5,13,3,11,310,0,0,0,0.766044443118978,-0.6427876096865394,3.3000000000000007,2.5999999999999996,36
2025-11-06 14:00:00,36.61577049083333,14.1,8.4,115,293.0,69,0.0,0.0,0,14,3,11,310,0,0,0,0.90630778703665,-0.42261826174069933,3.799999999999999,0.9000000000000004,36
2025-11-06 15:00:00,40.515852459999984,14.4,8.0,106,256.0,70,0.0,0.0,32,15,3,11,310,0,0,0,0.9612616959383189,-0.27563735581699905,3.0,0.5999999999999996,36
2025-11-06 16:00:00,43.91980716749999,13.6,9.6,103,182.0,72,0.0,0.0,95,16,3,11,310,0,0,0,0.9743700647852352,-0.22495105434386503,1.1999999999999993,1.4000000000000004,36
2025-11-06 17:00:00,46.09371480999999,11.7,11.0,100,81.0,76,0.0,0.0,9,17,3,11,310,0,0,0,0.984807753012208,-0.1736481776669303,-2.4000000000000004,3.3000000000000007,36
2025-11-06 18:00:00,46.91824541499998,9.9,12.2,106,8.0,83,0.0,0.0,96,18,3,11,310,0,0,0,0.9612616959383189,-0.27563735581699905,-4.5,5.1,36
2025-11-06 19:00:00,46.519471057499985,9.1,12.8,118,0.0,85,0.0,0.0,100,19,3,11,310,0,0,0,0.8829475928589269,-0.4694715627858909,-4.5,5.9,36
2025-11-06 20:00:00,44.994048022499975,8.9,14.0,125,0.0,86,0.0,0.0,99,20,3,11,310,0,0,0,0.8191520442889917,-0.5735764363510462,-2.799999999999999,6.1,36
2025-11-06 21:00:00,43.51639886833332,8.4,14.2,129,0.0,86,0.0,0.0,99,21,3,11,310,0,0,0,0.777145961456971,-0.6293203910498373,-1.5,6.6,36
2025-11-06 22:00:00,41.11528660833331,7.9,14.4,132,0.0,87,0.0,0.0,98,22,3,11,310,0,0,0,0.7431448254773942,-0.6691306063588582,-1.1999999999999993,7.1,36
2025-11-06 23:00:00,40.24212530166665,7.3,12.9,140,0.0,90,0.0,0.0,97,23,3,11,310,0,0,0,0.6427876096865395,-0.7660444431189779,-1.6000000000000005,7.7,36
2025-11-07 00:00:00,40.12665040833331,6.7,11.4,142,0.0,91,0.0,0.0,39,0,4,11,311,0,0,0,0.6156614753256584,-0.7880107536067219,-1.7000000000000002,8.3,37
2025-11-07 01:00:00,40.74206735166665,6.1,10.3,142,0.0,92,0.0,0.0,0,1,4,11,311,0,0,0,0.6156614753256584,-0.7880107536067219,-1.8000000000000007,8.9,37
2025-11-07 02:00:00,41.051372902499985,5.8,10.6,132,0.0,94,0.0,0.0,0,2,4,11,311,0,0,0,0.7431448254773942,-0.6691306063588582,-1.5,9.2,37
2025-11-07 03:00:00,42.070596506666654,5.3,10.0,131,0.0,95,0.0,0.0,0,3,4,11,311,0,0,0,0.7547095802227721,-0.6560590289905072,-1.4000000000000004,9.7,37
2025-11-07 04:00:00,45.36845777166665,4.8,9.3,137,0.0,96,0.0,0.0,3,4,4,11,311,0,0,0,0.6819983600624986,-0.7313537016191705,-1.2999999999999998,10.2,37
2025-11-07 05:00:00,51.87044012083332,4.5,9.9,132,0.0,96,0.0,0.0,3,5,4,11,311,0,0,0,0.7431448254773942,-0.6691306063588582,-1.2999999999999998,10.5,37
2025-11-07 06:00:00,57.12713296583332,4.2,9.7,138,0.0,97,0.0,0.0,0,6,4,11,311,0,0,0,0.6691306063588585,-0.743144825477394,-1.0999999999999996,10.8,37
2025-11-07 07:00:00,58.99878345583332,3.8,9.0,149,0.0,97,0.0,0.0,2,7,4,11,311,0,0,0,0.5150380749100544,-0.8571673007021122,-1.0,11.2,37
2025-11-07 08:00:00,57.52337406916666,3.7,9.3,151,0.0,97,0.0,0.0,50,8,4,11,311,0,0,0,0.48480962024633717,-0.8746197071393957,-0.7999999999999998,11.3,37
2025-11-07 09:00:00,53.444538159166655,3.4,9.3,156,2.0,98,0.0,0.0,23,9,4,11,311,0,0,0,0.40673664307580043,-0.9135454576426008,-0.8000000000000003,11.6,37
2025-11-07 10:00:00,47.19230456666664,4.4,9.0,175,63.0,96,0.0,0.0,10,10,4,11,311,0,0,0,0.0871557427476582,-0.9961946980917455,0.6000000000000005,10.6,37
2025-11-07 11:00:00,44.016006027499984,5.7,5.8,182,162.0,93,0.0,0.0,100,11,4,11,311,0,0,0,-0.0348994967025009,-0.9993908270190958,2.0,9.3,37
2025-11-07 12:00:00,43.32013122833331,7.1,5.5,157,221.0,89,0.0,0.0,0,12,4,11,311,0,0,0,0.39073112848927377,-0.9205048534524404,3.6999999999999997,7.9,37
2025-11-07 13:00:00,45.39996677583332,8.7,5.2,149,288.0,85,0.0,0.0,0,13,4,11,311,0,0,0,0.5150380749100544,-0.8571673007021122,4.299999999999999,6.300000000000001,37
2025-11-07 14:00:00,49.37109533583333,9.1,5.4,195,293.0,84,0.0,0.0,2,14,4,11,311,0,0,0,-0.2588190451025208,-0.9659258262890683,3.3999999999999995,5.9,37
2025-11-07 15:00:00,51.61873760999998,9.4,5.1,207,252.0,84,0.0,0.0,13,15,4,11,311,0,0,0,-0.4539904997395467,-0.8910065241883679,2.3000000000000007,5.6,37
2025-11-07 16:00:00,53.194332436666656,9.4,5.5,221,174.0,86,0.0,0.0,61,16,4,11,311,0,0,0,-0.656059028990507,-0.7547095802227721,0.7000000000000011,5.6,37
2025-11-07 17:00:00,53.220236456666655,7.9,2.6,196,70.0,93,0.0,0.0,100,17,4,11,311,0,0,0,-0.275637355816999,-0.9612616959383189,-1.1999999999999993,7.1,37
2025-11-07 18:00:00,52.17887324999998,7.8,3.8,172,5.0,95,0.0,0.0,100,18,4,11,311,0,0,0,0.13917310096006533,-0.9902680687415704,-1.6000000000000005,7.2,37
2025-11-07 19:00:00,51.14631348749999,7.8,4.9,178,0.0,97,0.0,0.0,100,19,4,11,311,0,0,0,0.03489949670250114,-0.9993908270190958,-1.6000000000000005,7.2,37
2025-11-07 20:00:00,48.84306950666665,8.1,5.2,168,0.0,97,0.0,0.0,100,20,4,11,311,0,0,0,0.20791169081775931,-0.9781476007338057,0.1999999999999993,6.9,37
2025-11-07 21:00:00,46.24336131499999,8.1,5.1,174,0.0,98,0.0,0.0,100,21,4,11,311,0,0,0,0.10452846326765373,-0.9945218953682733,0.2999999999999998,6.9,37
2025-11-07 22:00:00,43.71834392999998,8.1,5.2,184,0.0,99,0.0,0.0,100,22,4,11,311,0,0,0,-0.06975647374412527,-0.9975640502598242,0.2999999999999998,6.9,37
2025-11-07 23:00:00,41.94301651249999,8.0,5.5,193,0.0,100,0.0,0.0,100,23,4,11,311,0,0,0,-0.22495105434386498,-0.9743700647852352,-0.09999999999999964,7.0,37
2025-11-08 00:00:00,41.34240430083331,7.3,5.7,212,0.0,100,0.0,0.0,100,0,5,11,312,1,0,0,-0.5299192642332048,-0.8480480961564261,-0.7999999999999998,7.7,38
2025-11-08 01:00:00,41.57749666833332,7.1,3.3,221,0.0,100,0.0,0.0,100,1,5,11,312,1,0,0,-0.656059028990507,-0.7547095802227721,-1.0,7.9,38
2025-11-08 02:00:00,41.727458625833314,7.4,2.7,32,0.0,100,0.0,0.0,100,2,5,11,312,1,0,0,0.5299192642332049,0.848048096156426,-0.5999999999999996,7.6,38
2025-11-08 03:00:00,42.62229611999999,7.4,3.9,56,0.0,100,0.0,0.0,100,3,5,11,312,1,0,0,0.8290375725550417,0.5591929034707468,0.10000000000000053,7.6,38
2025-11-08 04:00:00,44.51713856999998,7.2,4.1,88,0.0,99,0.0,0.0,100,4,5,11,312,1,0,0,0.9993908270190958,0.03489949670250108,0.10000000000000053,7.8,38
2025-11-08 05:00:00,46.493879967499986,7.0,4.5,90,0.0,99,0.0,0.0,100,5,5,11,312,1,0,0,1.0,6.123233995736766e-17,-0.40000000000000036,8.0,38
2025-11-08 06:00:00,49.26944292166665,6.9,6.5,96,0.0,98,0.0,0.0,100,6,5,11,312,1,0,0,0.9945218953682733,-0.10452846326765355,-0.5,8.1,38
2025-11-08 07:00:00,52.64635778916666,6.8,7.2,108,0.0,97,0.0,0.0,100,7,5,11,312,1,0,0,0.9510565162951536,-0.30901699437494734,-0.40000000000000036,8.2,38
2025-11-08 08:00:00,54.795146634166656,6.8,5.9,108,0.0,96,0.0,0.0,100,8,5,11,312,1,0,0,0.9510565162951536,-0.30901699437494734,-0.20000000000000018,8.2,38
2025-11-08 09:00:00,54.77330780666665,6.9,4.7,122,0.0,95,0.0,0.0,100,9,5,11,312,1,0,0,0.8480480961564261,-0.5299192642332048,0.0,8.1,38
2025-11-08 10:00:00,53.79437589916665,7.4,7.5,110,25.0,91,0.0,0.0,100,10,5,11,312,1,0,0,0.9396926207859084,-0.3420201433256687,0.6000000000000005,7.6,38
2025-11-08 11:00:00,52.897667459166655,7.8,8.6,105,62.0,88,0.0,0.0,100,11,5,11,312,1,0,0,0.9659258262890683,-0.25881904510252085,1.0,7.2,38
2025-11-08 12:00:00,53.094060071666654,8.2,7.9,102,93.0,86,0.0,0.0,100,12,5,11,312,1,0,0,0.9781476007338057,-0.20791169081775934,1.299999999999999,6.800000000000001,38
2025-11-08 13:00:00,53.118454494166656,8.6,6.9,99,96.0,83,0.0,0.0,100,13,5,11,312,1,0,0,0.9876883405951378,-0.1564344650402308,1.1999999999999993,6.4,38
2025-11-08 14:00:00,53.244819216666656,8.4,5.0,88,118.0,86,0.0,0.0,100,14,5,11,312,1,0,0,0.9993908270190958,0.03489949670250108,0.6000000000000005,6.6,38
2025-11-08 15:00:00,53.370769596666655,8.5,4.9,66,65.0,84,0.0,0.0,100,15,5,11,312,1,0,0,0.9135454576426009,0.4067366430758002,0.3000000000000007,6.5,38
2025-11-08 16:00:00,54.26992352666665,8.4,6.0,57,51.0,84,0.0,0.0,100,16,5,11,312,1,0,0,0.838670567945424,0.5446390350150271,-0.1999999999999993,6.6,38
2025-11-08 17:00:00,54.21940655249999,8.1,6.4,58,16.0,84,0.0,0.0,100,17,5,11,312,1,0,0,0.848048096156426,0.5299192642332049,-0.3000000000000007,6.9,38
2025-11-08 18:00:00,53.294259999166655,7.7,6.4,63,2.0,86,0.0,0.0,100,18,5,11,312,1,0,0,0.8910065241883679,0.45399049973954686,-0.7999999999999998,7.3,38
2025-11-08 19:00:00,52.144483106666655,7.4,6.7,76,0.0,87,0.0,0.0,100,19,5,11,312,1,0,0,0.9702957262759965,0.24192189559966767,-1.0,7.6,38
2025-11-08 20:00:00,50.40430787499998,7.2,5.4,70,0.0,90,0.0,0.0,100,20,5,11,312,1,0,0,0.9396926207859083,0.3420201433256688,-0.8999999999999995,7.8,38
2025-11-08 21:00:00,47.20339264499999,7.1,3.9,37,0.0,90,0.0,0.0,98,21,5,11,312,1,0,0,0.6018150231520483,0.7986355100472928,-0.6000000000000005,7.9,38
2025-11-08 22:00:00,44.76803099999999,7.0,5.1,6,0.0,90,0.0,0.0,100,22,5,11,312,1,0,0,0.10452846326765347,0.9945218953682733,-0.40000000000000036,8.0,38
2025-11-08 23:00:00,43.39394081499998,7.0,6.1,357,0.0,90,0.0,0.0,100,23,5,11,312,1,0,0,-0.05233595624294437,0.9986295347545738,-0.20000000000000018,8.0,38
2025-11-09 00:00:00,42.41907989499999,6.8,5.8,358,0.0,91,0.0,0.0,100,0,6,11,313,1,0,0,-0.034899496702500823,0.9993908270190958,-0.2999999999999998,8.2,39
2025-11-09 01:00:00,42.80532237999998,6.7,4.8,22,0.0,90,0.0,0.0,100,1,6,11,313,1,0,0,0.374606593415912,0.9271838545667874,-0.2999999999999998,8.3,39
2025-11-09 02:00:00,42.82653226499998,6.7,2.9,30,0.0,88,0.0,0.0,100,2,6,11,313,1,0,0,0.49999999999999994,0.8660254037844387,-0.2999999999999998,8.3,39
2025-11-09 03:00:00,43.42293067249998,6.7,0.3,315,0.0,89,0.0,0.0,100,3,6,11,313,1,0,0,-0.7071067811865477,0.7071067811865474,-0.09999999999999964,8.3,39
2025-11-09 04:00:00,45.493465624999985,6.5,1.0,248,0.0,91,0.0,0.0,100,4,6,11,313,1,0,0,-0.9271838545667873,-0.3746065934159123,-0.20000000000000018,8.5,39
2025-11-09 05:00:00,47.77186728999998,6.5,2.2,215,0.0,91,0.0,0.0,100,5,6,11,313,1,0,0,-0.5735764363510462,-0.8191520442889918,-0.20000000000000018,8.5,39
2025-11-09 06:00:00,50.24445618999999,6.3,2.7,217,0.0,93,0.0,0.0,97,6,6,11,313,1,0,0,-0.6018150231520484,-0.7986355100472928,-0.40000000000000036,8.7,39
2025-11-09 07:00:00,54.06945413166666,6.3,4.1,225,0.0,94,0.0,0.0,46,7,6,11,313,1,0,0,-0.7071067811865475,-0.7071067811865477,-0.20000000000000018,8.7,39
2025-11-09 08:00:00,57.243929304166656,6.1,3.1,211,0.0,98,0.0,0.0,45,8,6,11,313,1,0,0,-0.5150380749100542,-0.8571673007021123,-0.40000000000000036,8.9,39
2025-11-09 09:00:00,56.41911016833332,5.3,4.0,219,1.0,99,0.0,0.0,69,9,6,11,313,1,0,0,-0.6293203910498376,-0.7771459614569708,-1.0,9.7,39
2025-11-09 10:00:00,54.84324587416665,6.3,5.6,211,28.0,95,0.0,0.0,83,10,6,11,313,1,0,0,-0.5150380749100542,-0.8571673007021123,0.0,8.7,39
2025-11-09 11:00:00,53.84375377583333,7.2,4.9,216,71.0,83,0.0,0.0,100,11,6,11,313,1,0,0,-0.587785252292473,-0.8090169943749475,1.1000000000000005,7.8,39
2025-11-09 12:00:00,53.54601588416666,7.7,4.7,212,81.0,78,0.0,0.0,100,12,6,11,313,1,0,0,-0.5299192642332048,-0.8480480961564261,2.4000000000000004,7.3,39
2025-11-09 13:00:00,52.84440777166666,7.9,4.6,201,78.0,76,0.0,0.0,100,13,6,11,313,1,0,0,-0.35836794954530043,-0.9335804264972016,1.6000000000000005,7.1,39
2025-11-09 14:00:00,53.11848636666666,7.9,7.7,219,89.0,86,0.0,0.0,100,14,6,11,313,1,0,0,-0.6293203910498376,-0.7771459614569708,0.7000000000000002,7.1,39
2025-11-09 15:00:00,53.394488901666655,8.3,9.0,233,59.0,86,0.0,0.0,100,15,6,11,313,1,0,0,-0.7986355100472928,-0.6018150231520483,0.6000000000000005,6.699999999999999,39
2025-11-09 16:00:00,54.293958659166655,8.5,7.5,228,34.0,87,0.0,0.0,100,16,6,11,313,1,0,0,-0.7431448254773944,-0.6691306063588581,0.5999999999999996,6.5,39
2025-11-09 17:00:00,54.444549749166654,8.4,7.7,201,15.0,89,0.0,0.0,100,17,6,11,313,1,0,0,-0.35836794954530043,-0.9335804264972016,0.5,6.6,39
2025-11-09 18:00:00,54.01917597166666,8.2,9.1,201,1.0,91,0.0,0.0,100,18,6,11,313,1,0,0,-0.35836794954530043,-0.9335804264972016,-0.10000000000000142,6.800000000000001,39
2025-11-09 19:00:00,52.46957872416665,8.2,10.1,211,0.0,91,0.0,0.0,100,19,6,11,313,1,0,0,-0.5150380749100542,-0.8571673007021123,-0.3000000000000007,6.800000000000001,39
2025-11-09 20:00:00,49.46816390499998,8.8,8.6,221,0.0,92,0.0,0.0,100,20,6,11,313,1,0,0,-0.656059028990507,-0.7547095802227721,0.40000000000000036,6.199999999999999,39
2025-11-09 21:00:00,46.81658224999998,8.9,7.5,240,0.0,95,0.0,0.0,100,21,6,11,313,1,0,0,-0.8660254037844384,-0.5000000000000004,0.7000000000000011,6.1,39
2025-11-09 22:00:00,43.893146899999984,8.9,6.4,248,0.0,97,0.0,0.0,100,22,6,11,313,1,0,0,-0.9271838545667873,-0.3746065934159123,0.7000000000000011,6.1,39
2025-11-09 23:00:00,41.51893501999999,8.9,6.9,264,0.0,99,0.0,0.0,100,23,6,11,313,1,0,0,-0.9945218953682734,-0.10452846326765336,0.09999999999999964,6.1,39
2025-11-10 00:00:00,40.99216792499998,8.8,4.9,272,0.0,99,0.0,0.0,100,0,0,11,314,0,0,0,-0.9993908270190958,0.03489949670250128,-0.09999999999999964,6.199999999999999,40
2025-11-10 01:00:00,41.16574441333332,8.6,2.8,281,0.0,100,0.0,0.0,100,1,0,11,314,0,0,0,-0.9816271834476639,0.1908089953765451,-0.3000000000000007,6.4,40
2025-11-10 02:00:00,41.30114643833332,8.4,4.8,13,0.0,100,0.0,0.0,99,2,0,11,314,0,0,0,0.224951054343865,0.9743700647852352,-0.5,6.6,40
2025-11-10 03:00:00,42.14643594249998,8.3,3.6,27,0.0,97,0.0,0.0,99,3,0,11,314,0,0,0,0.4539904997395468,0.8910065241883679,-0.5,6.699999999999999,40
2025-11-10 04:00:00,44.842654324999984,7.9,5.2,56,0.0,96,0.0,0.0,100,4,0,11,314,0,0,0,0.8290375725550417,0.5591929034707468,-0.6999999999999993,7.1,40
2025-11-10 05:00:00,49.74280583416666,7.3,4.0,85,0.0,96,0.0,0.0,100,5,0,11,314,0,0,0,0.9961946980917455,0.08715574274765814,-1.1000000000000005,7.7,40
2025-11-10 06:00:00,52.89885253666665,7.2,2.4,126,0.0,96,0.0,0.0,100,6,0,11,314,0,0,0,0.8090169943749475,-0.587785252292473,-1.1000000000000005,7.8,40
2025-11-10 07:00:00,53.07008540666666,7.6,3.4,137,0.0,95,0.0,0.0,100,7,0,11,314,0,0,0,0.6819983600624986,-0.7313537016191705,-0.3000000000000007,7.4,40
2025-11-10 08:00:00,52.619577504999995,7.8,4.2,126,0.0,96,0.0,0.0,100,8,0,11,314,0,0,0,0.8090169943749475,-0.587785252292473,0.5,7.2,40
2025-11-10 09:00:00,51.67323910583332,8.1,4.0,141,0.0,96,0.0,0.0,100,9,0,11,314,0,0,0,0.6293203910498374,-0.7771459614569709,0.8999999999999995,6.9,40
2025-11-10 10:00:00,48.694946706666656,8.6,4.9,176,31.0,97,0.0,0.0,100,10,0,11,314,0,0,0,0.06975647374412552,-0.9975640502598242,1.0,6.4,40
2025-11-10 11:00:00,47.82328172916665,9.6,5.2,196,89.0,95,0.0,0.0,100,11,0,11,314,0,0,0,-0.275637355816999,-0.9612616959383189,1.7999999999999998,5.4,40
2025-11-10 12:00:00,48.498284626666646,9.9,8.2,202,106.0,92,0.0,0.0,100,12,0,11,314,0,0,0,-0.374606593415912,-0.9271838545667874,1.8000000000000007,5.1,40
2025-11-10 13:00:00,47.82306769416665,10.1,9.4,203,118.0,89,0.0,0.0,100,13,0,11,314,0,0,0,-0.39073112848927355,-0.9205048534524404,1.5,4.9,40
2025-11-10 14:00:00,48.66722923166665,9.9,8.7,194,163.0,86,0.0,0.0,100,14,0,11,314,0,0,0,-0.2419218955996675,-0.9702957262759965,0.3000000000000007,5.1,40
2025-11-10 15:00:00,51.693616754166655,10.4,9.7,195,123.0,82,0.0,0.0,100,15,0,11,314,0,0,0,-0.2588190451025208,-0.9659258262890683,0.5,4.6,40
2025-11-10 16:00:00,53.92124478666666,9.9,9.9,192,72.0,84,0.0,0.0,100,16,0,11,314,0,0,0,-0.2079116908177595,-0.9781476007338056,-0.1999999999999993,5.1,40
2025-11-10 17:00:00,55.26977575416665,9.2,9.2,177,27.0,87,0.0,0.0,100,17,0,11,314,0,0,0,0.05233595624294381,-0.9986295347545738,-0.7000000000000011,5.800000000000001,40
2025-11-10 18:00:00,54.767805454166655,8.6,9.8,157,2.0,91,0.0,0.0,100,18,0,11,314,0,0,0,0.39073112848927377,-0.9205048534524404,-1.8000000000000007,6.4,40
2025-11-10 19:00:00,54.39368339666666,8.2,10.2,150,0.0,93,0.0,0.0,100,19,0,11,314,0,0,0,0.49999999999999994,-0.8660254037844387,-1.700000000000001,6.800000000000001,40
2025-11-10 20:00:00,51.79363909499999,7.7,13.5,157,0.0,95,0.0,0.0,100,20,0,11,314,0,0,0,0.39073112848927377,-0.9205048534524404,-1.4999999999999991,7.3,40
2025-11-10 21:00:00,48.92711774499999,7.1,15.2,164,0.0,95,0.0,0.0,100,21,0,11,314,0,0,0,0.2756373558169992,-0.9612616959383189,-1.5,7.9,40
2025-11-10 22:00:00,46.04139680999999,6.9,14.4,160,0.0,92,0.0,0.0,100,22,0,11,314,0,0,0,0.3420201433256689,-0.9396926207859083,-1.299999999999999,8.1,40
2025-11-10 23:00:00,43.64159673749998,6.6,13.1,133,0.0,95,0.0,0.0,100,23,0,11,314,0,0,0,0.7313537016191706,-0.6819983600624984,-1.1000000000000005,8.4,40
2025-11-11 00:00:00,43.591898077499984,6.3,13.6,132,0.0,97,0.0,0.0,100,0,1,11,315,0,0,0,0.7431448254773942,-0.6691306063588582,-0.7999999999999998,8.7,41
2025-11-11 01:00:00,43.49224287999998,6.6,13.9,144,0.0,96,0.0,0.0,91,1,1,11,315,0,0,0,0.5877852522924732,-0.8090169943749473,-0.3000000000000007,8.4,41
2025-11-11 02:00:00,44.20228851249998,6.2,14.5,139,0.0,96,0.0,0.0,100,2,1,11,315,0,0,0,0.6560590289905073,-0.754709580222772,-0.39999999999999947,8.8,41
2025-11-11 03:00:00,45.32219470749999,6.1,13.3,145,0.0,97,0.0,0.0,100,3,1,11,315,0,0,0,0.5735764363510459,-0.8191520442889919,-0.20000000000000018,8.9,41
2025-11-11 04:00:00,47.76934440666665,5.9,13.8,149,0.0,97,0.0,0.0,100,4,1,11,315,0,0,0,0.5150380749100544,-0.8571673007021122,-0.6999999999999993,9.1,41
2025-11-11 05:00:00,53.49433823166665,5.8,13.2,160,0.0,97,0.0,0.0,100,5,1,11,315,0,0,0,0.3420201433256689,-0.9396926207859083,-0.40000000000000036,9.2,41
2025-11-11 06:00:00,56.572058604166656,5.9,13.5,164,0.0,98,0.0,0.0,100,6,1,11,315,0,0,0,0.2756373558169992,-0.9612616959383189,-0.1999999999999993,9.1,41
2025-11-11 07:00:00,57.24718983083332,6.0,13.0,166,0.0,98,0.0,0.0,100,7,1,11,315,0,0,0,0.24192189559966773,-0.9702957262759965,0.09999999999999964,9.0,41
2025-11-11 08:00:00,56.69410315416666,6.3,13.3,164,0.0,99,0.0,0.0,100,8,1,11,315,0,0,0,0.2756373558169992,-0.9612616959383189,0.5,8.7,41
2025-11-11 09:00:00,54.42149107416666,6.8,13.9,175,0.0,97,0.0,0.0,100,9,1,11,315,0,0,0,0.0871557427476582,-0.9961946980917455,0.8999999999999995,8.2,41
2025-11-11 10:00:00,52.64614337416665,7.4,15.1,179,7.0,97,0.0,0.0,100,10,1,11,315,0,0,0,0.01745240643728344,-0.9998476951563913,1.4000000000000004,7.6,41
2025-11-11 11:00:00,52.04685615916665,8.5,16.0,197,44.0,97,0.0,0.0,96,11,1,11,315,0,0,0,-0.29237170472273677,-0.9563047559630354,2.2,6.5,41
2025-11-11 12:00:00,52.32166408499999,9.8,18.1,215,108.0,92,0.0,0.0,69,12,1,11,315,0,0,0,-0.5735764363510462,-0.8191520442889918,3.000000000000001,5.199999999999999,41
2025-11-11 13:00:00,53.59540694999998,10.9,19.6,235,156.0,88,0.0,0.0,100,13,1,11,315,0,0,0,-0.8191520442889916,-0.5735764363510464,3.5,4.1,41
2025-11-11 14:00:00,54.59055653499998,10.6,18.4,234,197.0,93,0.0,0.0,97,14,1,11,315,0,0,0,-0.8090169943749473,-0.5877852522924732,2.0999999999999996,4.4,41
2025-11-11 15:00:00,53.26786873999998,10.9,16.4,234,113.0,91,0.0,0.0,100,15,1,11,315,0,0,0,-0.8090169943749473,-0.5877852522924732,1.0999999999999996,4.1,41
2025-11-11 16:00:00,53.1730114225,10.6,20.2,238,102.0,91,0.0,0.0,95,16,1,11,315,0,0,0,-0.848048096156426,-0.529919264233205,-0.3000000000000007,4.4,41
2025-11-11 17:00:00,53.77109411666666,9.6,16.7,233,46.0,95,0.0,0.0,100,17,1,11,315,0,0,0,-0.7986355100472928,-0.6018150231520483,-1.0,5.4,41
2025-11-11 18:00:00,53.993135769166656,9.2,16.3,229,2.0,95,0.0,0.0,99,18,1,11,315,0,0,0,-0.754709580222772,-0.6560590289905073,-1.700000000000001,5.800000000000001,41
2025-11-11 19:00:00,53.36943674666665,8.9,15.0,224,0.0,96,0.0,0.0,92,19,1,11,315,0,0,0,-0.6946583704589974,-0.7193398003386511,-1.6999999999999993,6.1,41
2025-11-11 20:00:00,51.819711169999984,8.7,13.2,210,0.0,96,0.0,0.0,36,20,1,11,315,0,0,0,-0.5000000000000001,-0.8660254037844386,-0.9000000000000004,6.300000000000001,41
2025-11-11 21:00:00,48.54392510833332,8.2,13.4,200,0.0,97,0.0,0.0,87,21,1,11,315,0,0,0,-0.34202014332566866,-0.9396926207859084,-1.0,6.800000000000001,41
2025-11-11 22:00:00,44.992857149999985,8.1,14.9,193,0.0,97,0.0,0.0,97,22,1,11,315,0,0,0,-0.22495105434386498,-0.9743700647852352,-0.8000000000000007,6.9,41
2025-11-11 23:00:00,43.51783976499998,7.7,15.1,192,0.0,97,0.0,0.0,96,23,1,11,315,0,0,0,-0.2079116908177595,-0.9781476007338056,-0.9999999999999991,7.3,41
2025-11-12 00:00:00,43.14299622999999,7.4,14.6,189,0.0,97,0.0,0.0,100,0,2,11,316,0,0,0,-0.15643446504023073,-0.9876883405951378,-0.7999999999999989,7.6,42
2025-11-12 01:00:00,43.31814895833331,7.2,15.6,188,0.0,97,0.0,0.0,100,1,2,11,316,0,0,0,-0.13917310096006552,-0.9902680687415703,-0.8999999999999995,7.8,42
2025-11-12 02:00:00,43.85359734333332,7.3,16.7,181,0.0,97,0.0,0.0,100,2,2,11,316,0,0,0,-0.017452406437283637,-0.9998476951563913,-0.40000000000000036,7.7,42
2025-11-12 03:00:00,44.372803182499986,7.3,16.2,179,0.0,97,0.0,0.0,100,3,2,11,316,0,0,0,0.01745240643728344,-0.9998476951563913,-0.10000000000000053,7.7,42
2025-11-12 04:00:00,47.243817061666654,7.4,17.1,179,0.0,96,0.0,0.0,100,4,2,11,316,0,0,0,0.01745240643728344,-0.9998476951563913,0.20000000000000018,7.6,42
2025-11-12 05:00:00,51.29495372083332,7.4,18.6,174,0.0,95,0.0,0.0,100,5,2,11,316,0,0,0,0.10452846326765373,-0.9945218953682733,0.10000000000000053,7.6,42
2025-11-12 06:00:00,54.97637587916666,7.6,20.0,177,0.0,94,0.0,0.0,100,6,2,11,316,0,0,0,0.05233595624294381,-0.9986295347545738,0.2999999999999998,7.4,42
2025-11-12 07:00:00,55.369996423333326,7.7,21.2,180,0.0,93,0.0,0.0,100,7,2,11,316,0,0,0,1.2246467991473532e-16,-1.0,0.2999999999999998,7.3,42
2025-11-12 08:00:00,55.021934391666655,8.4,20.6,185,0.0,91,0.0,0.0,100,8,2,11,316,0,0,0,-0.08715574274765794,-0.9961946980917455,1.0,6.6,42
2025-11-12 09:00:00,53.02012840999999,8.6,21.5,186,0.0,89,0.0,0.0,100,9,2,11,316,0,0,0,-0.1045284632676535,-0.9945218953682733,1.0,6.4,42
2025-11-12 10:00:00,50.06974266249999,9.1,22.7,188,27.0,86,0.0,0.0,100,10,2,11,316,0,0,0,-0.13917310096006552,-0.9902680687415703,1.3999999999999995,5.9,42
2025-11-12 11:00:00,48.96948432583332,9.9,22.9,191,70.0,82,0.0,0.0,100,11,2,11,316,0,0,0,-0.19080899537654472,-0.981627183447664,1.5,5.1,42
2025-11-12 12:00:00,47.89375911166665,11.1,23.9,194,84.0,77,0.0,0.0,100,12,2,11,316,0,0,0,-0.2419218955996675,-0.9702957262759965,2.5,3.9000000000000004,42
2025-11-12 13:00:00,48.56858236416665,12.4,24.1,205,121.0,72,0.0,0.0,100,13,2,11,316,0,0,0,-0.4226182617406993,-0.90630778703665,3.3000000000000007,2.5999999999999996,42
2025-11-12 14:00:00,48.59733752416665,12.9,15.1,207,55.0,73,0.0,0.0,100,14,2,11,316,0,0,0,-0.4539904997395467,-0.8910065241883679,3.0,2.0999999999999996,42
2025-11-12 15:00:00,50.018505809999986,13.0,21.1,210,74.0,70,0.0,0.0,100,15,2,11,316,0,0,0,-0.5000000000000001,-0.8660254037844386,1.9000000000000004,2.0,42
2025-11-12 16:00:00,51.56901081416665,12.7,20.2,206,38.0,72,0.0,0.0,100,16,2,11,316,0,0,0,-0.43837114678907746,-0.8987940462991669,0.29999999999999893,2.3000000000000007,42
2025-11-12 17:00:00,52.21902240416665,12.5,19.7,205,14.0,71,0.0,0.0,100,17,2,11,316,0,0,0,-0.4226182617406993,-0.90630778703665,-0.40000000000000036,2.5,42
2025-11-12 18:00:00,51.96932374416666,11.9,19.9,203,2.0,74,0.0,0.0,100,18,2,11,316,0,0,0,-0.39073112848927355,-0.9205048534524404,-1.0999999999999996,3.0999999999999996,42
2025-11-12 19:00:00,50.56658392833332,12.1,21.3,201,0.0,73,0.0,0.0,100,19,2,11,316,0,0,0,-0.35836794954530043,-0.9335804264972016,-0.5999999999999996,2.9000000000000004,42
2025-11-12 20:00:00,48.09478070999998,11.8,21.1,202,0.0,77,0.0,0.0,100,20,2,11,316,0,0,0,-0.374606593415912,-0.9271838545667874,-0.6999999999999993,3.1999999999999993,42
2025-11-12 21:00:00,45.418740887499986,12.2,20.1,205,0.0,74,0.0,0.0,100,21,2,11,316,0,0,0,-0.4226182617406993,-0.90630778703665,0.29999999999999893,2.8000000000000007,42
2025-11-12 22:00:00,42.34190303333332,12.1,20.3,213,0.0,73,0.0,0.0,67,22,2,11,316,0,0,0,-0.5446390350150271,-0.838670567945424,0.0,2.9000000000000004,42
2025-11-12 23:00:00,40.39254048333332,11.4,20.1,214,0.0,76,0.0,0.0,100,23,2,11,316,0,0,0,-0.5591929034707467,-0.8290375725550418,-0.40000000000000036,3.5999999999999996,42
2025-11-13 00:00:00,40.066907149999984,10.9,19.2,215,0.0,79,0.0,0.0,100,0,3,11,317,0,0,0,-0.5735764363510462,-0.8191520442889918,-1.299999999999999,4.1,43
2025-11-13 01:00:00,40.292122404166655,10.6,19.3,215,0.0,81,0.0,0.0,100,1,3,11,317,0,0,0,-0.5735764363510462,-0.8191520442889918,-1.5,4.4,43
2025-11-13 02:00:00,40.22773968333332,10.4,18.3,219,0.0,82,0.0,0.0,100,2,3,11,317,0,0,0,-0.6293203910498376,-0.7771459614569708,-1.0,4.6,43
2025-11-13 03:00:00,42.071164416666655,10.1,18.0,217,0.0,83,0.0,0.0,100,3,3,11,317,0,0,0,-0.6018150231520484,-0.7986355100472928,-0.8000000000000007,4.9,43
2025-11-13 04:00:00,45.24313614916666,9.9,18.3,217,0.0,84,0.0,0.0,99,4,3,11,317,0,0,0,-0.6018150231520484,-0.7986355100472928,-0.6999999999999993,5.1,43
2025-11-13 05:00:00,50.547583431666645,9.4,17.2,209,0.0,86,0.0,0.0,95,5,3,11,317,0,0,0,-0.48480962024633695,-0.8746197071393959,-1.0,5.6,43
2025-11-13 06:00:00,54.896151686666656,8.9,17.2,205,0.0,88,0.0,0.0,100,6,3,11,317,0,0,0,-0.4226182617406993,-0.90630778703665,-1.1999999999999993,6.1,43
2025-11-13 07:00:00,55.29708262333333,8.7,18.1,208,0.0,90,0.0,0.0,100,7,3,11,317,0,0,0,-0.46947156278589086,-0.8829475928589269,-1.200000000000001,6.300000000000001,43
2025-11-13 08:00:00,51.89451170166666,8.6,17.4,202,0.0,90,0.0,0.0,99,8,3,11,317,0,0,0,-0.374606593415912,-0.9271838545667874,-0.8000000000000007,6.4,43
2025-11-13 09:00:00,47.84598149416666,8.7,18.8,209,0.0,90,0.0,0.0,100,9,3,11,317,0,0,0,-0.48480962024633695,-0.8746197071393959,-0.20000000000000107,6.300000000000001,43
2025-11-13 10:00:00,46.97352755749998,9.9,19.6,209,36.0,87,0.0,0.0,99,10,3,11,317,0,0,0,-0.48480962024633695,-0.8746197071393959,1.200000000000001,5.1,43
2025-11-13 11:00:00,47.51854095999998,11.6,22.8,216,122.0,82,0.0,0.0,98,11,3,11,317,0,0,0,-0.587785252292473,-0.8090169943749475,3.0,3.4000000000000004,43
2025-11-13 12:00:00,51.244995504999984,13.1,21.0,221,187.0,79,0.0,0.0,99,12,3,11,317,0,0,0,-0.656059028990507,-0.7547095802227721,4.4,1.9000000000000004,43
2025-11-13 13:00:00,50.943398982499986,14.1,28.1,230,234.0,76,0.0,0.0,100,13,3,11,317,0,0,0,-0.7660444431189779,-0.6427876096865395,4.199999999999999,0.9000000000000004,43
2025-11-13 14:00:00,51.16756739999999,13.7,24.0,229,155.0,82,0.0,0.0,100,14,3,11,317,0,0,0,-0.754709580222772,-0.6560590289905073,2.0999999999999996,1.3000000000000007,43
2025-11-13 15:00:00,52.64177927999999,13.8,22.1,231,103.0,84,0.0,0.0,41,15,3,11,317,0,0,0,-0.7771459614569706,-0.6293203910498378,0.7000000000000011,1.1999999999999993,43
2025-11-13 16:00:00,54.092567399999986,13.6,30.0,244,137.0,83,0.0,0.0,27,16,3,11,317,0,0,0,-0.8987940462991668,-0.43837114678907774,-0.5,1.4000000000000004,43
2025-11-13 17:00:00,54.73105834499999,12.8,28.0,246,53.0,88,0.0,0.0,98,17,3,11,317,0,0,0,-0.913545457642601,-0.4067366430758001,-0.8999999999999986,2.1999999999999993,43
2025-11-13 18:00:00,54.56893463999998,12.4,28.1,247,1.0,89,0.0,0.0,40,18,3,11,317,0,0,0,-0.9205048534524403,-0.3907311284892738,-1.4000000000000004,2.5999999999999996,43
2025-11-13 19:00:00,53.46938870833332,11.9,27.8,248,0.0,90,0.0,0.0,100,19,3,11,317,0,0,0,-0.9271838545667873,-0.3746065934159123,-1.6999999999999993,3.0999999999999996,43
2025-11-13 20:00:00,52.59417223499998,12.2,26.2,254,0.0,90,0.0,0.0,100,20,3,11,317,0,0,0,-0.961261695938319,-0.2756373558169989,-0.6000000000000014,2.8000000000000007,43
2025-11-13 21:00:00,50.24175609999998,11.3,17.6,284,0.0,88,0.0,0.0,94,21,3,11,317,0,0,0,-0.9702957262759966,0.24192189559966745,-1.0999999999999996,3.6999999999999993,43
2025-11-13 22:00:00,46.49287453499998,8.1,13.3,305,0.0,88,0.0,0.0,3,22,3,11,317,0,0,0,-0.8191520442889918,0.573576436351046,-3.8000000000000007,6.9,43
2025-11-13 23:00:00,44.39206323499998,6.6,7.6,301,0.0,91,0.0,0.0,37,23,3,11,317,0,0,0,-0.8571673007021123,0.5150380749100542,-5.6,8.4,43
2025-11-14 00:00:00,43.842008562499984,5.7,5.2,270,0.0,92,0.0,0.0,83,0,4,11,318,0,0,0,-1.0,-1.8369701987210297e-16,-5.6000000000000005,9.3,44
2025-11-14 01:00:00,44.01694191999999,5.8,5.1,266,0.0,93,0.0,0.0,100,1,4,11,318,0,0,0,-0.9975640502598242,-0.06975647374412558,-2.3,9.2,44
2025-11-14 02:00:00,44.42705671249998,6.5,4.0,262,0.0,93,0.0,0.0,100,2,4,11,318,0,0,0,-0.9902680687415703,-0.13917310096006583,-0.09999999999999964,8.5,44
2025-11-14 03:00:00,45.79638172916665,6.3,4.4,277,0.0,92,0.0,0.0,100,3,4,11,318,0,0,0,-0.992546151641322,0.12186934340514768,0.5999999999999996,8.7,44
2025-11-14 04:00:00,48.717840604166646,6.4,4.2,263,0.0,91,0.0,0.0,100,4,4,11,318,0,0,0,-0.9925461516413221,-0.12186934340514717,0.6000000000000005,8.6,44
2025-11-14 05:00:00,50.34479435833332,6.7,4.4,289,0.0,88,0.0,0.0,100,5,4,11,318,0,0,0,-0.945518575599317,0.3255681544571563,0.20000000000000018,8.3,44
2025-11-14 06:00:00,54.02469654833333,6.7,4.1,319,0.0,86,0.0,0.0,100,6,4,11,318,0,0,0,-0.6560590289905074,0.7547095802227719,0.40000000000000036,8.3,44
2025-11-14 07:00:00,56.14583669833332,6.8,5.1,343,0.0,84,0.0,0.0,100,7,4,11,318,0,0,0,-0.29237170472273716,0.9563047559630353,0.39999999999999947,8.2,44
2025-11-14 08:00:00,55.54381050666666,6.7,4.2,353,0.0,89,0.0,0.0,100,8,4,11,318,0,0,0,-0.12186934340514723,0.9925461516413221,0.0,8.3,44
2025-11-14 09:00:00,53.34363413916666,6.4,4.6,21,0.0,96,0.0,0.0,100,9,4,11,318,0,0,0,0.35836794954530027,0.9335804264972017,-0.2999999999999998,8.6,44
2025-11-14 10:00:00,51.993622549166645,6.4,5.2,12,10.0,96,0.0,0.0,100,10,4,11,318,0,0,0,0.20791169081775934,0.9781476007338057,-0.39999999999999947,8.6,44
2025-11-14 11:00:00,51.96818464666666,6.8,5.2,12,38.0,96,0.0,0.0,100,11,4,11,318,0,0,0,0.20791169081775934,0.9781476007338057,0.09999999999999964,8.2,44
2025-11-14 12:00:00,53.09512429333332,6.8,4.7,2,41.0,95,0.0,0.0,100,12,4,11,318,0,0,0,0.03489949670250097,0.9993908270190958,0.39999999999999947,8.2,44
2025-11-14 13:00:00,56.87335416666665,6.7,7.0,21,42.0,92,0.0,0.0,100,13,4,11,318,0,0,0,0.35836794954530027,0.9335804264972017,0.2999999999999998,8.3,44
2025-11-14 14:00:00,58.77557449083332,7.2,8.1,18,64.0,88,0.0,0.0,100,14,4,11,318,0,0,0,0.3090169943749474,0.9510565162951535,0.40000000000000036,7.8,44
2025-11-14 15:00:00,60.24471658499999,7.1,10.2,28,59.0,88,0.0,0.0,100,15,4,11,318,0,0,0,0.4694715627858908,0.882947592858927,0.2999999999999998,7.9,44
2025-11-14 16:00:00,61.4189835175,7.0,12.0,33,37.0,87,0.0,0.0,100,16,4,11,318,0,0,0,0.5446390350150271,0.838670567945424,0.2999999999999998,8.0,44
2025-11-14 17:00:00,60.64532010416666,7.1,11.8,39,12.0,85,0.0,0.0,100,17,4,11,318,0,0,0,0.6293203910498374,0.7771459614569709,-0.10000000000000053,7.9,44
2025-11-14 18:00:00,59.86888042666666,6.9,12.6,42,0.0,82,0.0,0.0,100,18,4,11,318,0,0,0,0.6691306063588582,0.7431448254773942,-0.1999999999999993,8.1,44
2025-11-14 19:00:00,59.49436720666666,6.8,14.0,45,0.0,82,0.0,0.0,100,19,4,11,318,0,0,0,0.7071067811865475,0.7071067811865476,-0.20000000000000018,8.2,44
2025-11-14 20:00:00,57.19424551166665,6.8,14.0,45,0.0,84,0.0,0.0,100,20,4,11,318,0,0,0,0.7071067811865475,0.7071067811865476,-0.2999999999999998,8.2,44
2025-11-14 21:00:00,54.84308689166666,6.8,15.4,55,0.0,86,0.0,0.0,100,21,4,11,318,0,0,0,0.8191520442889918,0.573576436351046,-0.10000000000000053,8.2,44
2025-11-14 22:00:00,52.39369041083332,6.8,17.0,57,0.0,85,0.0,0.0,100,22,4,11,318,0,0,0,0.838670567945424,0.5446390350150271,0.0,8.2,44
2025-11-14 23:00:00,50.99359647166665,6.6,18.0,61,0.0,71,0.0,0.0,100,23,4,11,318,0,0,0,0.8746197071393957,0.4848096202463371,-0.20000000000000018,8.4,44
2025-11-15 00:00:00,50.61819120166665,6.1,19.2,62,0.0,64,0.0,0.0,100,0,5,11,319,1,0,0,0.8829475928589269,0.46947156278589086,-0.7000000000000002,8.9,45
2025-11-15 01:00:00,49.719143639999984,5.8,19.3,63,0.0,69,0.0,0.0,98,1,5,11,319,1,0,0,0.8910065241883679,0.45399049973954686,-1.0,9.2,45
2025-11-15 02:00:00,49.752552184999985,5.8,18.4,67,0.0,70,0.0,0.0,100,2,5,11,319,1,0,0,0.9205048534524404,0.3907311284892737,-0.7999999999999998,9.2,45
2025-11-15 03:00:00,50.87389843749998,5.9,18.5,66,0.0,69,0.0,0.0,100,3,5,11,319,1,0,0,0.9135454576426009,0.4067366430758002,-0.1999999999999993,9.1,45
2025-11-15 04:00:00,53.67122778166665,5.8,20.0,67,0.0,66,0.0,0.0,100,4,5,11,319,1,0,0,0.9205048534524404,0.3907311284892737,0.0,9.2,45
2025-11-15 05:00:00,56.24422644833332,5.7,19.1,74,0.0,69,0.0,0.0,100,5,5,11,319,1,0,0,0.9612616959383189,0.27563735581699916,-0.09999999999999964,9.3,45
2025-11-15 06:00:00,60.096445553333325,5.4,19.3,74,0.0,72,0.0,0.0,100,6,5,11,319,1,0,0,0.9612616959383189,0.27563735581699916,-0.5,9.6,45
2025-11-15 07:00:00,64.80009396499999,5.4,19.8,73,0.0,71,0.0,0.0,100,7,5,11,319,1,0,0,0.9563047559630354,0.29237170472273677,-0.39999999999999947,9.6,45
2025-11-15 08:00:00,68.2972341325,5.1,19.8,71,0.0,73,0.0,0.0,97,8,5,11,319,1,0,0,0.9455185755993167,0.32556815445715676,-0.6000000000000005,9.9,45
2025-11-15 09:00:00,67.14716085583332,4.5,19.6,75,0.0,74,0.0,0.0,91,9,5,11,319,1,0,0,0.9659258262890683,0.25881904510252074,-0.9000000000000004,10.5,45
2025-11-15 10:00:00,62.74732227666666,4.6,19.6,79,30.0,74,0.0,0.0,98,10,5,11,319,1,0,0,0.981627183447664,0.19080899537654492,-0.8000000000000007,10.4,45
2025-11-15 11:00:00,55.469608538333325,5.3,19.0,83,104.0,70,0.0,0.0,83,11,5,11,319,1,0,0,0.992546151641322,0.12186934340514749,0.20000000000000018,9.7,45
2025-11-15 12:00:00,56.321511815833325,5.9,22.3,92,173.0,73,0.0,0.0,68,12,5,11,319,1,0,0,0.9993908270190958,-0.034899496702500955,1.4000000000000004,9.1,45
2025-11-15 13:00:00,56.725546354999985,6.4,24.5,97,186.0,70,0.0,0.0,78,13,5,11,319,1,0,0,0.9925461516413221,-0.12186934340514737,1.8000000000000007,8.6,45
2025-11-15 14:00:00,59.52271138083333,6.9,24.1,97,191.0,70,0.0,0.0,60,14,5,11,319,1,0,0,0.9925461516413221,-0.12186934340514737,1.6000000000000005,8.1,45
2025-11-15 15:00:00,61.721734923333315,7.0,23.0,96,168.0,67,0.0,0.0,54,15,5,11,319,1,0,0,0.9945218953682733,-0.10452846326765355,1.0999999999999996,8.0,45
2025-11-15 16:00:00,63.67254912083331,6.7,20.0,90,114.0,69,0.0,0.0,34,16,5,11,319,1,0,0,1.0,6.123233995736766e-17,0.2999999999999998,8.3,45
2025-11-15 17:00:00,63.12162481833331,5.7,18.2,82,49.0,74,0.0,0.0,63,17,5,11,319,1,0,0,0.9902680687415704,0.13917310096006547,-1.2000000000000002,9.3,45
2025-11-15 18:00:00,62.271940645833325,5.4,17.7,80,1.0,74,0.0,0.0,41,18,5,11,319,1,0,0,0.984807753012208,0.17364817766693041,-1.5999999999999996,9.6,45
2025-11-15 19:00:00,61.22201887833332,5.2,17.8,82,0.0,75,0.0,0.0,80,19,5,11,319,1,0,0,0.9902680687415704,0.13917310096006547,-1.5,9.8,45
2025-11-15 20:00:00,58.07338360083332,4.7,17.9,77,0.0,79,0.0,0.0,34,20,5,11,319,1,0,0,0.9743700647852352,0.22495105434386492,-1.0,10.3,45
2025-11-15 21:00:00,54.89679325333333,4.7,18.3,77,0.0,80,0.0,0.0,33,21,5,11,319,1,0,0,0.9743700647852352,0.22495105434386492,-0.7000000000000002,10.3,45
2025-11-15 22:00:00,52.39597821666665,4.4,18.2,76,0.0,82,0.0,0.0,33,22,5,11,319,1,0,0,0.9702957262759965,0.24192189559966767,-0.7999999999999998,10.6,45
2025-11-15 23:00:00,49.743393646666654,4.3,16.9,78,0.0,84,0.0,0.0,46,23,5,11,319,1,0,0,0.9781476007338056,0.20791169081775945,-0.40000000000000036,10.7,45
2025-11-16 00:00:00,48.89527450416665,4.2,15.9,75,0.0,87,0.0,0.0,58,0,6,11,320,1,0,0,0.9659258262890683,0.25881904510252074,-0.5,10.8,46
2025-11-16 01:00:00,49.42259250416664,4.3,14.8,68,0.0,87,0.0,0.0,96,1,6,11,320,1,0,0,0.9271838545667874,0.37460659341591196,-0.10000000000000053,10.7,46
2025-11-16 02:00:00,50.10698292166665,4.1,14.4,54,0.0,87,0.0,0.0,100,2,6,11,320,1,0,0,0.8090169943749475,0.5877852522924731,-0.20000000000000018,10.9,46
2025-11-16 03:00:00,50.85056206166666,4.3,14.0,53,0.0,87,0.0,0.0,42,3,6,11,320,1,0,0,0.7986355100472928,0.6018150231520483,0.09999999999999964,10.7,46
2025-11-16 04:00:00,54.471641744166654,3.2,12.9,42,0.0,93,0.0,0.0,63,4,6,11,320,1,0,0,0.6691306063588582,0.7431448254773942,-1.0999999999999996,11.8,46
2025-11-16 05:00:00,58.14623319666666,2.7,12.1,37,0.0,95,0.0,0.0,98,5,6,11,320,1,0,0,0.6018150231520483,0.7986355100472928,-1.3999999999999995,12.3,46
2025-11-16 06:00:00,63.97337696666665,2.6,14.3,29,0.0,97,0.0,0.0,95,6,6,11,320,1,0,0,0.48480962024633706,0.8746197071393957,-1.6999999999999997,12.4,46
2025-11-16 07:00:00,69.44893664333333,2.3,14.0,29,0.0,96,0.0,0.0,65,7,6,11,320,1,0,0,0.48480962024633706,0.8746197071393957,-0.9000000000000004,12.7,46
2025-11-16 08:00:00,72.0232362875,1.8,13.0,29,0.0,95,0.0,0.0,76,8,6,11,320,1,0,0,0.48480962024633706,0.8746197071393957,-0.9000000000000001,13.2,46
2025-11-16 09:00:00,68.93087858916665,1.5,11.8,24,0.0,95,0.0,0.0,100,9,6,11,320,1,0,0,0.4067366430758002,0.9135454576426009,-1.1,13.5,46
2025-11-16 10:00:00,66.27200027416666,2.2,10.9,19,25.0,93,0.0,0.0,100,10,6,11,320,1,0,0,0.3255681544571567,0.9455185755993168,-0.09999999999999964,12.8,46
2025-11-16 11:00:00,59.99567939416665,3.6,11.5,22,88.0,87,0.0,0.0,80,11,6,11,320,1,0,0,0.374606593415912,0.9271838545667874,1.8,11.4,46
2025-11-16 12:00:00,54.29374424416665,4.3,9.4,11,186.0,84,0.0,0.0,98,12,6,11,320,1,0,0,0.1908089953765448,0.981627183447664,2.8,10.7,46
2025-11-16 13:00:00,54.469309256666655,4.8,7.3,350,223.0,75,0.0,0.0,96,13,6,11,320,1,0,0,-0.1736481776669304,0.984807753012208,2.5999999999999996,10.2,46
2025-11-16 14:00:00,59.42070379333332,5.8,6.8,325,229.0,64,0.0,0.0,98,14,6,11,320,1,0,0,-0.5735764363510465,0.8191520442889916,2.1999999999999997,9.2,46
2025-11-16 15:00:00,62.397291243333314,5.8,6.6,305,163.0,59,0.0,0.0,100,15,6,11,320,1,0,0,-0.8191520442889918,0.573576436351046,1.5,9.2,46
2025-11-16 16:00:00,64.1709873683333,5.6,7.5,278,78.0,63,0.0,0.0,100,16,6,11,320,1,0,0,-0.9902680687415704,0.13917310096006547,0.7999999999999998,9.4,46
2025-11-16 17:00:00,64.09640918416665,5.2,10.3,257,20.0,69,0.0,0.0,100,17,6,11,320,1,0,0,-0.9743700647852351,-0.22495105434386525,-0.5999999999999996,9.8,46
2025-11-16 18:00:00,64.09860091333331,4.1,10.7,253,1.0,74,0.0,0.0,100,18,6,11,320,1,0,0,-0.9563047559630353,-0.2923717047227371,-1.7000000000000002,10.9,46
2025-11-16 19:00:00,62.44870774083331,4.2,13.1,247,0.0,74,0.0,0.0,100,19,6,11,320,1,0,0,-0.9205048534524403,-0.3907311284892738,-1.3999999999999995,10.8,46
2025-11-16 20:00:00,58.47073734416666,4.3,12.6,248,0.0,82,0.0,0.0,90,20,6,11,320,1,0,0,-0.9271838545667873,-0.3746065934159123,-0.9000000000000004,10.7,46
2025-11-16 21:00:00,54.97872921416666,4.9,13.5,254,0.0,87,0.0,0.0,100,21,6,11,320,1,0,0,-0.961261695938319,-0.2756373558169989,0.8000000000000007,10.1,46
2025-11-16 22:00:00,51.54517850666666,5.6,13.6,259,0.0,90,0.0,0.0,100,22,6,11,320,1,0,0,-0.981627183447664,-0.1908089953765446,1.3999999999999995,9.4,46
2025-11-16 23:00:00,50.36924673083332,5.6,12.3,256,0.0,94,0.0,0.0,95,23,6,11,320,1,0,0,-0.9702957262759965,-0.24192189559966779,1.2999999999999998,9.4,46
2025-11-17 00:00:00,51.29596952416666,5.3,11.1,277,0.0,96,0.0,0.0,51,0,0,11,321,0,0,0,-0.992546151641322,0.12186934340514768,0.39999999999999947,9.7,47
2025-11-17 01:00:00,52.14743565916666,4.6,12.0,291,0.0,96,0.0,0.0,40,1,0,11,321,0,0,0,-0.9335804264972017,0.3583679495453004,-1.0,10.4,47
2025-11-17 02:00:00,52.02921291166666,4.7,11.8,309,0.0,91,0.0,0.0,94,2,0,11,321,0,0,0,-0.7771459614569708,0.6293203910498375,-0.8999999999999995,10.3,47
2025-11-17 03:00:00,53.37439726666666,3.9,11.1,306,0.0,90,0.0,0.0,48,3,0,11,321,0,0,0,-0.8090169943749476,0.5877852522924729,-1.4,11.1,47
2025-11-17 04:00:00,56.09562266333332,2.8,10.1,297,0.0,92,0.0,0.0,56,4,0,11,321,0,0,0,-0.8910065241883679,0.45399049973954664,-1.7999999999999998,12.2,47
2025-11-17 05:00:00,62.19736451999999,2.3,9.9,286,0.0,93,0.0,0.0,25,5,0,11,321,0,0,0,-0.9612616959383188,0.2756373558169994,-2.4000000000000004,12.7,47
2025-11-17 06:00:00,67.35155766166666,2.0,9.5,285,0.0,94,0.0,0.0,83,6,0,11,321,0,0,0,-0.9659258262890684,0.2588190451025203,-1.9,13.0,47
2025-11-17 07:00:00,69.02570251916664,2.0,10.7,293,0.0,94,0.0,0.0,87,7,0,11,321,0,0,0,-0.9205048534524405,0.3907311284892735,-0.7999999999999998,13.0,47
2025-11-17 08:00:00,68.69939406833332,1.8,11.1,310,0.0,95,0.0,0.0,100,8,0,11,321,0,0,0,-0.7660444431189781,0.6427876096865393,-0.4999999999999998,13.2,47
2025-11-17 09:00:00,65.77247798166665,1.5,11.8,309,0.0,95,0.0,0.0,91,9,0,11,321,0,0,0,-0.7771459614569708,0.6293203910498375,-0.5,13.5,47
2025-11-17 10:00:00,60.29681567333332,1.5,13.3,320,26.0,93,0.0,0.0,29,10,0,11,321,0,0,0,-0.6427876096865396,0.7660444431189778,-0.5,13.5,47
2025-11-17 11:00:00,58.42066864333332,2.3,12.4,334,115.0,89,0.0,0.0,0,11,0,11,321,0,0,0,-0.4383711467890778,0.8987940462991668,0.4999999999999998,12.7,47
2025-11-17 12:00:00,57.097093374166654,3.4,13.6,336,196.0,81,0.0,0.0,0,12,0,11,321,0,0,0,-0.40673664307580015,0.9135454576426009,1.9,11.6,47
2025-11-17 13:00:00,57.40110351416665,4.0,17.3,341,241.0,77,0.0,0.0,0,13,0,11,321,0,0,0,-0.3255681544571567,0.9455185755993168,2.5,11.0,47
2025-11-17 14:00:00,59.62461503833332,4.7,16.3,346,244.0,73,0.0,0.0,0,14,0,11,321,0,0,0,-0.24192189559966787,0.9702957262759965,2.4000000000000004,10.3,47
2025-11-17 15:00:00,64.45179685583331,4.8,15.9,345,208.0,68,0.0,0.0,0,15,0,11,321,0,0,0,-0.2588190451025207,0.9659258262890683,1.4,10.2,47
2025-11-17 16:00:00,69.65337561333331,4.3,13.4,328,140.0,73,0.0,0.0,1,16,0,11,321,0,0,0,-0.529919264233205,0.8480480961564258,0.2999999999999998,10.7,47
2025-11-17 17:00:00,70.30325475749999,3.0,11.2,316,50.0,80,0.0,0.0,0,17,0,11,321,0,0,0,-0.6946583704589976,0.7193398003386509,-1.7000000000000002,12.0,47
2025-11-17 18:00:00,69.40351179583331,1.5,7.8,292,1.0,87,0.0,0.0,1,18,0,11,321,0,0,0,-0.9271838545667874,0.37460659341591196,-3.3,13.5,47
2025-11-17 19:00:00,67.49919535999999,1.4,10.6,272,0.0,87,0.0,0.0,2,19,0,11,321,0,0,0,-0.9993908270190958,0.03489949670250128,-2.9,13.6,47
2025-11-17 20:00:00,65.24954427916666,2.0,11.2,276,0.0,84,0.0,0.0,43,20,0,11,321,0,0,0,-0.9945218953682734,0.10452846326765299,-1.0,13.0,47
2025-11-17 21:00:00,60.47470402166665,1.7,10.5,267,0.0,84,0.0,0.0,38,21,0,11,321,0,0,0,-0.9986295347545738,-0.052335956242944306,0.19999999999999996,13.3,47
2025-11-17 22:00:00,56.39665333416666,2.2,11.9,280,0.0,79,0.0,0.0,30,22,0,11,321,0,0,0,-0.9848077530122081,0.17364817766692997,0.8000000000000003,12.8,47
2025-11-17 23:00:00,54.849203134166665,2.8,12.5,277,0.0,77,0.0,0.0,38,23,0,11,321,0,0,0,-0.992546151641322,0.12186934340514768,0.7999999999999998,12.2,47
2025-11-18 00:00:00,54.29709375416666,2.8,14.2,268,0.0,80,0.0,0.0,69,0,1,11,322,0,0,0,-0.9993908270190958,-0.03489949670250076,1.0999999999999999,12.2,48
2025-11-18 01:00:00,53.89621291416666,2.8,13.9,272,0.0,82,0.0,0.0,83,1,1,11,322,0,0,0,-0.9993908270190958,0.03489949670250128,0.5999999999999996,12.2,48
2025-11-18 02:00:00,55.52864210416666,2.8,12.5,262,0.0,91,0.0,0.0,100,2,1,11,322,0,0,0,-0.9902680687415703,-0.13917310096006583,0.0,12.2,48
2025-11-18 03:00:00,57.04960878416666,2.9,14.2,266,0.0,90,0.0,0.0,71,3,1,11,322,0,0,0,-0.9975640502598242,-0.06975647374412558,0.10000000000000009,12.1,48
2025-11-18 04:00:00,59.972661284166655,2.9,15.1,267,0.0,90,0.0,0.0,83,4,1,11,322,0,0,0,-0.9986295347545738,-0.052335956242944306,0.10000000000000009,12.1,48
2025-11-18 05:00:00,65.59876942749999,2.8,14.1,263,0.0,91,0.0,0.0,94,5,1,11,322,0,0,0,-0.9925461516413221,-0.12186934340514717,0.0,12.2,48
2025-11-18 06:00:00,69.58208693083333,2.7,11.2,260,0.0,92,0.07,0.0,99,6,1,11,322,0,0,0,-0.984807753012208,-0.17364817766693033,-0.19999999999999973,12.3,48
2025-11-18 07:00:00,70.80444235249999,2.7,11.3,257,0.0,94,0.0,0.0,100,7,1,11,322,0,0,0,-0.9743700647852351,-0.22495105434386525,-0.19999999999999973,12.3,48
2025-11-18 08:00:00,68.782314155,3.0,12.7,258,0.0,92,0.0,0.0,97,8,1,11,322,0,0,0,-0.9781476007338056,-0.2079116908177598,0.20000000000000018,12.0,48
2025-11-18 09:00:00,63.98885381249999,2.5,11.3,252,0.0,93,0.0,0.0,59,9,1,11,322,0,0,0,-0.9510565162951535,-0.30901699437494756,-0.20000000000000018,12.5,48
2025-11-18 10:00:00,61.60632069249999,3.2,12.3,262,23.0,91,0.0,0.0,59,10,1,11,322,0,0,0,-0.9902680687415703,-0.13917310096006583,0.5,11.8,48
2025-11-18 11:00:00,61.75463930333333,4.0,12.6,253,86.0,88,0.0,0.0,100,11,1,11,322,0,0,0,-0.9563047559630353,-0.2923717047227371,1.0,11.0,48
2025-11-18 12:00:00,63.250774038333326,4.8,12.4,260,116.0,81,0.0,0.0,100,12,1,11,322,0,0,0,-0.984807753012208,-0.17364817766693033,2.3,10.2,48
2025-11-18 13:00:00,63.58284477749998,5.2,11.8,250,146.0,78,0.0,0.0,100,13,1,11,322,0,0,0,-0.9396926207859084,-0.34202014332566855,2.0,9.8,48
2025-11-18 14:00:00,64.32568589416664,4.6,10.2,246,134.0,85,0.0,0.0,100,14,1,11,322,0,0,0,-0.913545457642601,-0.4067366430758001,0.5999999999999996,10.4,48
2025-11-18 15:00:00,67.12816493499999,4.9,10.7,248,122.0,84,0.0,0.0,100,15,1,11,322,0,0,0,-0.9271838545667873,-0.3746065934159123,0.10000000000000053,10.1,48
2025-11-18 16:00:00,70.67857927749999,4.2,10.8,237,78.0,87,0.0,0.0,100,16,1,11,322,0,0,0,-0.8386705679454242,-0.544639035015027,-1.0,10.8,48
2025-11-18 17:00:00,72.67770712999999,3.6,9.6,240,31.0,92,0.0,0.0,100,17,1,11,322,0,0,0,-0.8660254037844384,-0.5000000000000004,-0.9999999999999996,11.4,48
2025-11-18 18:00:00,73.07724642749997,2.6,8.7,233,0.0,94,0.0,0.0,100,18,1,11,322,0,0,0,-0.7986355100472928,-0.6018150231520483,-2.3000000000000003,12.4,48
2025-11-18 19:00:00,73.70208127,2.6,8.0,230,0.0,94,0.0,0.0,100,19,1,11,322,0,0,0,-0.7660444431189779,-0.6427876096865395,-1.6,12.4,48
2025-11-18 20:00:00,71.17928253083333,2.2,7.3,213,0.0,98,0.0,0.0,100,20,1,11,322,0,0,0,-0.5446390350150271,-0.838670567945424,-1.4,12.8,48
2025-11-18 21:00:00,67.69686820833331,1.9,9.8,221,0.0,98,0.0,0.0,100,21,1,11,322,0,0,0,-0.656059028990507,-0.7547095802227721,-0.7000000000000002,13.1,48
2025-11-18 22:00:00,64.02150891833332,1.7,4.7,230,0.0,97,0.0,0.0,100,22,1,11,322,0,0,0,-0.7660444431189779,-0.6427876096865395,-0.9000000000000001,13.3,48
2025-11-18 23:00:00,61.19677091249999,1.3,6.0,205,0.0,98,0.0,0.0,100,23,1,11,322,0,0,0,-0.4226182617406993,-0.90630778703665,-0.9000000000000001,13.7,48
2025-11-19 00:00:00,61.69654986333332,0.9,5.2,200,0.0,99,0.0,0.0,100,0,2,11,323,0,0,0,-0.34202014332566866,-0.9396926207859084,-0.9999999999999999,14.1,49
2025-11-19 01:00:00,62.14533207416665,0.9,7.1,214,0.0,100,0.0,0.0,100,1,2,11,323,0,0,0,-0.5591929034707467,-0.8290375725550418,-0.7999999999999999,14.1,49
2025-11-19 02:00:00,62.730327229999986,0.7,6.2,201,0.0,99,0.0,0.0,100,2,2,11,323,0,0,0,-0.35836794954530043,-0.9335804264972016,-0.6000000000000001,14.3,49
2025-11-19 03:00:00,64.85568735916665,0.1,4.8,209,0.0,99,0.0,0.0,96,3,2,11,323,0,0,0,-0.48480962024633695,-0.8746197071393959,-0.8,14.9,49
2025-11-19 04:00:00,69.25488810833332,-0.4,6.9,221,0.0,100,0.0,0.0,100,4,2,11,323,0,0,0,-0.656059028990507,-0.7547095802227721,-1.3,15.4,49
2025-11-19 05:00:00,75.78043451666666,-0.9,3.1,177,0.0,99,0.0,0.0,100,5,2,11,323,0,0,0,0.05233595624294381,-0.9986295347545738,-1.6,15.9,49
2025-11-19 06:00:00,78.75750584916666,-0.8,5.9,162,0.0,100,0.0,0.0,100,6,2,11,323,0,0,0,0.3090169943749475,-0.9510565162951535,-0.9,15.8,49
2025-11-19 07:00:00,79.63975641833332,-0.9,8.3,146,0.0,100,0.0,0.0,100,7,2,11,323,0,0,0,0.5591929034707469,-0.8290375725550416,-0.5,15.9,49
2025-11-19 08:00:00,78.67451164666666,0.7,6.5,182,0.0,99,0.0,0.0,100,8,2,11,323,0,0,0,-0.0348994967025009,-0.9993908270190958,1.6,14.3,49
2025-11-19 09:00:00,77.17433901583331,0.5,7.0,162,0.0,99,0.0,0.0,100,9,2,11,323,0,0,0,0.3090169943749475,-0.9510565162951535,1.3,14.5,49
2025-11-19 10:00:00,75.27405795833333,1.5,9.6,172,13.0,98,0.0,0.0,100,10,2,11,323,0,0,0,0.13917310096006533,-0.9902680687415704,2.4,13.5,49
2025-11-19 11:00:00,76.55512700166665,2.0,7.9,169,32.0,99,0.0,0.0,100,11,2,11,323,0,0,0,0.19080899537654497,-0.9816271834476639,1.3,13.0,49
2025-11-19 12:00:00,77.81299100166666,1.9,4.7,140,35.0,100,0.07,0.0,100,12,2,11,323,0,0,0,0.6427876096865395,-0.7660444431189779,1.4,13.1,49
2025-11-19 13:00:00,78.30599045666665,1.5,5.0,111,30.0,100,0.35,0.0,100,13,2,11,323,0,0,0,0.9335804264972017,-0.35836794954530027,0.0,13.5,49
2025-11-19 14:00:00,77.79929723166666,0.9,7.3,57,22.0,99,0.77,0.01,100,14,2,11,323,0,0,0,0.838670567945424,0.5446390350150271,-1.1,14.1,49
2025-11-19 15:00:00,77.89865436666666,1.0,7.6,54,35.0,100,0.28,0.01,100,15,2,11,323,0,0,0,0.8090169943749475,0.5877852522924731,-0.8999999999999999,14.0,49
2025-11-19 16:00:00,79.17474672416665,1.0,8.1,51,26.0,100,0.21,0.01,100,16,2,11,323,0,0,0,0.7771459614569709,0.6293203910498374,-0.5,14.0,49
2025-11-19 17:00:00,80.50160943666666,1.1,7.2,37,18.0,100,0.0,0.01,100,17,2,11,323,0,0,0,0.6018150231520483,0.7986355100472928,0.20000000000000007,13.9,49
2025-11-19 18:00:00,79.20001329416665,1.6,7.8,22,0.0,99,0.0,0.01,100,18,2,11,323,0,0,0,0.374606593415912,0.9271838545667874,0.6000000000000001,13.4,49
2025-11-19 19:00:00,77.25094133333332,2.0,10.5,16,0.0,99,0.0,0.01,100,19,2,11,323,0,0,0,0.27563735581699916,0.9612616959383189,1.0,13.0,49
2025-11-19 20:00:00,73.92532248749998,2.0,11.4,4,0.0,98,0.0,0.01,100,20,2,11,323,0,0,0,0.0697564737441253,0.9975640502598242,0.8999999999999999,13.0,49
2025-11-19 21:00:00,69.02389150249999,1.8,13.7,359,0.0,98,0.0,0.01,100,21,2,11,323,0,0,0,-0.01745240643728356,0.9998476951563913,0.19999999999999996,13.2,49
2025-11-19 22:00:00,65.72295187333332,1.2,13.9,6,0.0,97,0.0,0.01,100,22,2,11,323,0,0,0,0.10452846326765347,0.9945218953682733,-0.8,13.8,49
2025-11-19 23:00:00,64.64916302833332,0.8,14.0,1,0.0,98,0.0,0.01,98,23,2,11,323,0,0,0,0.01745240643728351,0.9998476951563913,-1.2,14.2,49
2025-11-20 00:00:00,64.50094209333332,0.3,15.5,359,0.0,97,0.0,0.0,83,0,3,11,324,0,0,0,-0.01745240643728356,0.9998476951563913,-1.5,14.7,50
2025-11-20 01:00:00,65.37387907333331,-0.1,15.0,356,0.0,98,0.0,0.0,86,1,3,11,324,0,0,0,-0.06975647374412564,0.9975640502598242,-1.3,15.1,50
2025-11-20 02:00:00,66.13145893333332,-0.2,16.4,357,0.0,95,0.0,0.0,93,2,3,11,324,0,0,0,-0.05233595624294437,0.9986295347545738,-1.0,15.2,50
2025-11-20 03:00:00,68.50140073749998,-0.8,16.3,354,0.0,95,0.0,0.0,100,3,3,11,324,0,0,0,-0.10452846326765342,0.9945218953682733,-1.1,15.8,50
2025-11-20 04:00:00,72.42579935583332,-0.8,16.4,351,0.0,94,0.0,0.0,100,4,3,11,324,0,0,0,-0.15643446504023112,0.9876883405951377,-0.7000000000000001,15.8,50
2025-11-20 05:00:00,79.40228950999999,-0.9,17.1,353,0.0,92,0.0,0.0,10,5,3,11,324,0,0,0,-0.12186934340514723,0.9925461516413221,-0.7,15.9,50
2025-11-20 06:00:00,84.78522911916664,-1.5,16.5,352,0.0,91,0.0,0.0,4,6,3,11,324,0,0,0,-0.13917310096006588,0.9902680687415703,-0.7,16.5,50
2025-11-20 07:00:00,88.17875694333331,-1.7,16.2,352,0.0,92,0.0,0.0,20,7,3,11,324,0,0,0,-0.13917310096006588,0.9902680687415703,-0.8999999999999999,16.7,50
2025-11-20 08:00:00,87.1523951183333,-1.5,15.6,344,0.0,93,0.0,0.0,15,8,3,11,324,0,0,0,-0.27563735581699894,0.9612616959383189,-0.6,16.5,50
2025-11-20 09:00:00,81.4785602933333,-2.0,15.2,344,0.0,91,0.0,0.0,17,9,3,11,324,0,0,0,-0.27563735581699894,0.9612616959383189,-0.5,17.0,50
2025-11-20 10:00:00,76.36073488333332,-1.6,16.3,347,23.0,88,0.0,0.0,3,10,3,11,324,0,0,0,-0.22495105434386534,0.9743700647852351,0.09999999999999987,16.6,50
2025-11-20 11:00:00,72.98085755166666,-0.4,14.7,348,109.0,82,0.0,0.0,3,11,3,11,324,0,0,0,-0.20791169081775987,0.9781476007338056,1.1,15.4,50
2025-11-20 12:00:00,71.34987215583332,1.0,14.7,349,185.0,73,0.0,0.0,12,12,3,11,324,0,0,0,-0.19080899537654467,0.981627183447664,3.0,14.0,50
2025-11-20 13:00:00,72.67992455666665,1.5,15.3,342,226.0,70,0.0,0.0,11,13,3,11,324,0,0,0,-0.3090169943749477,0.9510565162951535,3.1,13.5,50
2025-11-20 14:00:00,74.75390837333332,1.2,14.8,351,226.0,71,0.0,0.0,27,14,3,11,324,0,0,0,-0.15643446504023112,0.9876883405951377,1.6,13.8,50
2025-11-20 15:00:00,78.45259664499997,1.1,14.0,340,177.0,70,0.0,0.0,9,15,3,11,324,0,0,0,-0.3420201433256686,0.9396926207859084,0.10000000000000009,13.9,50
2025-11-20 16:00:00,81.42700639416664,0.6,12.3,330,124.0,73,0.0,0.0,20,16,3,11,324,0,0,0,-0.5000000000000004,0.8660254037844384,-0.9,14.4,50
2025-11-20 17:00:00,83.0045570333333,-0.9,11.8,316,41.0,78,0.0,0.0,14,17,3,11,324,0,0,0,-0.6946583704589976,0.7193398003386509,-2.1,15.9,50
2025-11-20 18:00:00,84.68074089166664,-2.0,12.8,322,0.0,82,0.0,0.0,0,18,3,11,324,0,0,0,-0.6156614753256582,0.7880107536067221,-3.1,17.0,50
2025-11-20 19:00:00,83.70273946166664,-2.6,12.6,323,0.0,83,0.0,0.0,0,19,3,11,324,0,0,0,-0.6018150231520483,0.7986355100472928,-3.2,17.6,50
2025-11-20 20:00:00,80.70129940416663,-2.8,12.2,316,0.0,84,0.0,0.0,0,20,3,11,324,0,0,0,-0.6946583704589976,0.7193398003386509,-1.9,17.8,50
2025-11-20 21:00:00,76.32755607999998,-2.8,12.2,313,0.0,86,0.0,0.0,0,21,3,11,324,0,0,0,-0.7313537016191703,0.6819983600624987,-0.7999999999999998,17.8,50
2025-11-20 22:00:00,72.626507565,-2.8,12.4,313,0.0,87,0.0,0.0,0,22,3,11,324,0,0,0,-0.7313537016191703,0.6819983600624987,-0.19999999999999973,17.8,50
2025-11-20 23:00:00,73.27690452249999,-2.7,12.9,316,0.0,89,0.0,0.0,0,23,3,11,324,0,0,0,-0.6946583704589976,0.7193398003386509,0.09999999999999964,17.7,50
2025-11-21 00:00:00,69.87847206999999,-2.6,13.0,319,0.0,88,0.0,0.0,0,0,4,11,325,0,0,0,-0.6560590289905074,0.7547095802227719,0.19999999999999973,17.6,51
2025-11-21 01:00:00,70.76904209965052,-2.6,13.0,317,0.0,89,0.0,0.0,0,1,4,11,325,0,0,0,-0.6819983600624984,0.7313537016191707,0.19999999999999973,17.6,51
2025-11-21 02:00:00,73.34020292790322,-2.5,12.1,316,0.0,87,0.0,0.0,0,2,4,11,325,0,0,0,-0.6946583704589976,0.7193398003386509,0.20000000000000018,17.5,51
2025-11-21 03:00:00,74.77277575798387,-2.7,11.2,318,0.0,88,0.0,0.0,0,3,4,11,325,0,0,0,-0.6691306063588581,0.7431448254773944,-0.10000000000000009,17.7,51
2025-11-21 04:00:00,82.2323967405645,-3.0,9.9,314,0.0,87,0.0,0.0,0,4,4,11,325,0,0,0,-0.7193398003386512,0.6946583704589973,-0.3999999999999999,18.0,51
2025-11-21 05:00:00,88.9981641598118,-3.2,9.5,306,0.0,86,0.0,0.0,0,5,4,11,325,0,0,0,-0.8090169943749476,0.5877852522924729,-0.7000000000000002,18.2,51
2025-11-21 06:00:00,94.2630838307258,-3.3,8.3,304,0.0,85,0.0,0.0,0,6,4,11,325,0,0,0,-0.8290375725550416,0.559192903470747,-0.5999999999999996,18.3,51
2025-11-21 07:00:00,95.9463864508064,-3.5,7.3,303,0.0,84,0.0,0.0,0,7,4,11,325,0,0,0,-0.8386705679454243,0.5446390350150266,-0.5,18.5,51
2025-11-21 08:00:00,97.05604670005374,-3.7,7.2,298,0.0,85,0.0,0.0,0,8,4,11,325,0,0,0,-0.8829475928589271,0.4694715627858904,-0.5,18.7,51
2025-11-21 09:00:00,89.95208592499998,-4.5,6.1,300,0.0,84,0.0,0.0,0,9,4,11,325,0,0,0,-0.8660254037844386,0.5000000000000001,-1.2000000000000002,19.5,51
2025-11-21 10:00:00,82.9823328383333,-3.4,5.3,298,22.0,79,0.0,0.0,0,10,4,11,325,0,0,0,-0.8829475928589271,0.4694715627858904,0.10000000000000009,18.4,51
2025-11-21 11:00:00,76.75743920666665,-0.8,6.9,309,106.0,64,0.0,0.0,0,11,4,11,325,0,0,0,-0.7771459614569708,0.6293203910498375,2.9000000000000004,15.8,51
2025-11-21 12:00:00,73.24901159833333,1.1,4.6,306,185.0,55,0.0,0.0,0,12,4,11,325,0,0,0,-0.8090169943749476,0.5877852522924729,5.6,13.9,51
2025-11-21 13:00:00,73.65532646999998,2.4,3.9,307,231.0,50,0.0,0.0,0,13,4,11,325,0,0,0,-0.7986355100472932,0.6018150231520479,5.8,12.6,51
2025-11-21 14:00:00,76.27377232499998,3.0,4.5,275,237.0,60,0.0,0.0,0,14,4,11,325,0,0,0,-0.9961946980917455,0.08715574274765789,3.8,12.0,51
2025-11-21 15:00:00,80.80059569166663,3.0,4.7,254,199.0,60,0.0,0.0,0,15,4,11,325,0,0,0,-0.961261695938319,-0.2756373558169989,1.9,12.0,51
2025-11-21 16:00:00,85.33543232416663,1.1,4.4,210,128.0,72,0.0,0.0,0,16,4,11,325,0,0,0,-0.5000000000000001,-0.8660254037844386,-1.2999999999999998,13.9,51
2025-11-21 17:00:00,85.60278917833331,-1.3,6.0,201,41.0,83,0.0,0.0,0,17,4,11,325,0,0,0,-0.35836794954530043,-0.9335804264972016,-4.3,16.3,51
2025-11-21 18:00:00,86.5783628833333,-2.4,5.9,192,0.0,87,0.0,0.0,0,18,4,11,325,0,0,0,-0.2079116908177595,-0.9781476007338056,-5.4,17.4,51
2025-11-21 19:00:00,87.9787540458333,-2.0,7.3,189,0.0,89,0.0,0.0,2,19,4,11,325,0,0,0,-0.15643446504023073,-0.9876883405951378,-3.1,17.0,51
2025-11-21 20:00:00,85.5291397933333,-1.3,9.8,186,0.0,94,0.0,0.0,7,20,4,11,325,0,0,0,-0.1045284632676535,-0.9945218953682733,0.0,16.3,51
2025-11-21 21:00:00,81.70617010166664,-1.0,10.8,184,0.0,95,0.0,0.0,13,21,4,11,325,0,0,0,-0.06975647374412527,-0.9975640502598242,1.4,16.0,51
2025-11-21 22:00:00,78.66026137166665,-0.9,11.1,187,0.0,94,0.0,0.0,2,22,4,11,325,0,0,0,-0.12186934340514731,-0.9925461516413221,1.1,15.9,51
2025-11-21 23:00:00,76.25899554416665,-1.1,12.2,200,0.0,92,0.0,0.0,7,23,4,11,325,0,0,0,-0.34202014332566866,-0.9396926207859084,0.19999999999999996,16.1,51
2025-11-22 00:00:00,75.75326924499998,-1.1,12.3,202,0.0,91,0.0,0.0,98,0,5,11,326,1,0,0,-0.374606593415912,-0.9271838545667874,-0.10000000000000009,16.1,52
2025-11-22 01:00:00,73.99989075999999,-0.8,11.9,198,0.0,90,0.0,0.0,95,1,5,11,326,1,0,0,-0.3090169943749473,-0.9510565162951536,0.09999999999999998,15.8,52
2025-11-22 02:00:00,72.23102972333331,0.1,13.0,200,0.0,91,0.0,0.0,20,2,5,11,326,1,0,0,-0.34202014332566866,-0.9396926207859084,1.2000000000000002,14.9,52
2025-11-22 03:00:00,71.45228737249997,-0.2,13.6,202,0.0,92,0.0,0.0,45,3,5,11,326,1,0,0,-0.374606593415912,-0.9271838545667874,0.9000000000000001,15.2,52
2025-11-22 04:00:00,72.57518050999998,0.3,16.6,204,0.0,92,0.0,0.0,57,4,5,11,326,1,0,0,-0.4067366430758002,-0.9135454576426009,1.1,14.7,52
2025-11-22 05:00:00,75.27551661999999,1.2,18.8,207,0.0,94,0.0,0.0,50,5,5,11,326,1,0,0,-0.4539904997395467,-0.8910065241883679,1.0999999999999999,13.8,52
2025-11-22 06:00:00,78.92986127083331,0.9,18.1,201,0.0,96,0.0,0.0,100,6,5,11,326,1,0,0,-0.35836794954530043,-0.9335804264972016,1.1,14.1,52
2025-11-22 07:00:00,83.1813936683333,0.8,17.2,200,0.0,98,0.0,0.0,98,7,5,11,326,1,0,0,-0.34202014332566866,-0.9396926207859084,0.5,14.2,52
2025-11-22 08:00:00,87.0296899383333,0.9,17.4,197,0.0,98,0.0,0.0,58,8,5,11,326,1,0,0,-0.29237170472273677,-0.9563047559630354,-0.29999999999999993,14.1,52
2025-11-22 09:00:00,85.4042263383333,0.8,16.8,196,0.0,99,0.0,0.0,100,9,5,11,326,1,0,0,-0.275637355816999,-0.9612616959383189,-0.09999999999999998,14.2,52
2025-11-22 10:00:00,83.3288293808333,1.3,17.5,189,14.0,99,0.0,0.0,78,10,5,11,326,1,0,0,-0.15643446504023073,-0.9876883405951378,0.5,13.7,52
2025-11-22 11:00:00,80.6273636258333,2.5,20.6,196,72.0,97,0.0,0.0,99,11,5,11,326,1,0,0,-0.275637355816999,-0.9612616959383189,1.6,12.5,52
2025-11-22 12:00:00,78.05347542666664,3.2,19.8,199,120.0,94,0.0,0.0,91,12,5,11,326,1,0,0,-0.32556815445715676,-0.9455185755993167,2.4000000000000004,11.8,52
2025-11-22 13:00:00,77.42845140749996,4.0,20.0,204,184.0,89,0.0,0.0,72,13,5,11,326,1,0,0,-0.4067366430758002,-0.9135454576426009,2.7,11.0,52
2025-11-22 14:00:00,80.47877013249996,4.2,19.9,211,192.0,87,0.0,0.0,100,14,5,11,326,1,0,0,-0.5150380749100542,-0.8571673007021123,1.7000000000000002,10.8,52
2025-11-22 15:00:00,82.98340407416664,3.9,19.2,207,142.0,88,0.0,0.0,100,15,5,11,326,1,0,0,-0.4539904997395467,-0.8910065241883679,0.6999999999999997,11.1,52
2025-11-22 16:00:00,85.21226933916664,3.3,19.4,206,89.0,88,0.0,0.0,100,16,5,11,326,1,0,0,-0.43837114678907746,-0.8987940462991669,-0.7000000000000002,11.7,52
2025-11-22 17:00:00,84.51080114583331,2.5,19.6,206,28.0,90,0.0,0.0,100,17,5,11,326,1,0,0,-0.43837114678907746,-0.8987940462991669,-1.7000000000000002,12.5,52
2025-11-22 18:00:00,84.34017945333332,2.2,20.4,208,0.0,79,0.0,0.0,98,18,5,11,326,1,0,0,-0.46947156278589086,-0.8829475928589269,-1.6999999999999997,12.8,52
2025-11-22 19:00:00,82.85139212416664,1.8,20.7,203,0.0,71,0.0,0.0,62,19,5,11,326,1,0,0,-0.39073112848927355,-0.9205048534524404,-1.4999999999999998,13.2,52
2025-11-22 20:00:00,80.37815380416664,1.5,21.3,198,0.0,69,0.0,0.0,73,20,5,11,326,1,0,0,-0.3090169943749473,-0.9510565162951536,-1.0,13.5,52
2025-11-22 21:00:00,76.80180356916664,1.4,21.7,196,0.0,68,0.0,0.0,100,21,5,11,326,1,0,0,-0.275637355816999,-0.9612616959383189,-0.8000000000000003,13.6,52
2025-11-22 22:00:00,73.45253122166665,0.9,21.8,193,0.0,68,0.0,0.0,52,22,5,11,326,1,0,0,-0.22495105434386498,-0.9743700647852352,-0.9,14.1,52
2025-11-22 23:00:00,71.47559691083332,0.4,21.8,195,0.0,65,0.0,0.0,94,23,5,11,326,1,0,0,-0.2588190451025208,-0.9659258262890683,-1.1,14.6,52
2025-11-23 00:00:00,70.70115117249998,0.3,22.0,197,0.0,59,0.0,0.0,88,0,6,11,327,1,0,0,-0.29237170472273677,-0.9563047559630354,-1.0999999999999999,14.7,53
2025-11-23 01:00:00,71.50148728249998,0.1,22.1,194,0.0,56,0.0,0.0,100,1,6,11,327,1,0,0,-0.2419218955996675,-0.9702957262759965,-0.8,14.9,53
2025-11-23 02:00:00,75.68335725499998,0.4,21.6,191,0.0,56,0.0,0.0,100,2,6,11,327,1,0,0,-0.19080899537654472,-0.981627183447664,0.0,14.6,53
2025-11-23 03:00:00,76.60477098916664,0.2,21.5,192,0.0,57,0.0,0.0,59,3,6,11,327,1,0,0,-0.2079116908177595,-0.9781476007338056,-0.09999999999999998,14.8,53
2025-11-23 04:00:00,79.12673402916666,-0.3,21.5,192,0.0,59,0.0,0.0,58,4,6,11,327,1,0,0,-0.2079116908177595,-0.9781476007338056,-0.4,15.3,53
2025-11-23 05:00:00,81.55328419166665,-0.9,20.9,191,0.0,61,0.0,0.0,58,5,6,11,327,1,0,0,-0.19080899537654472,-0.981627183447664,-1.3,15.9,53
2025-11-23 06:00:00,85.90468330416664,-1.1,21.2,190,0.0,62,0.0,0.0,98,6,6,11,327,1,0,0,-0.17364817766693047,-0.984807753012208,-1.3,16.1,53
2025-11-23 07:00:00,92.23297074749996,-1.2,21.0,187,0.0,62,0.0,0.0,90,7,6,11,327,1,0,0,-0.12186934340514731,-0.9925461516413221,-0.8999999999999999,16.2,53
2025-11-23 08:00:00,97.106802675,-1.6,19.5,184,0.0,66,0.0,0.0,98,8,6,11,327,1,0,0,-0.06975647374412527,-0.9975640502598242,-0.7000000000000001,16.6,53
2025-11-23 09:00:00,93.83568532499996,-1.6,20.0,183,0.0,65,0.0,0.0,100,9,6,11,327,1,0,0,-0.052335956242943564,-0.9986295347545738,-0.5,16.6,53
2025-11-23 10:00:00,91.78856665916663,-1.6,20.3,179,16.0,64,0.0,0.0,100,10,6,11,327,1,0,0,0.01745240643728344,-0.9998476951563913,-0.40000000000000013,16.6,53
2025-11-23 11:00:00,90.08273894749998,-0.6,21.1,180,71.0,60,0.0,0.0,100,11,6,11,327,1,0,0,1.2246467991473532e-16,-1.0,1.0,15.6,53
2025-11-23 12:00:00,89.0022473458333,-0.2,16.0,171,115.0,62,0.0,0.0,100,12,6,11,327,1,0,0,0.15643446504023098,-0.9876883405951377,1.4000000000000001,15.2,53
2025-11-23 13:00:00,87.77694310833331,0.3,16.9,165,154.0,63,0.0,0.0,100,13,6,11,327,1,0,0,0.258819045102521,-0.9659258262890682,1.9000000000000001,14.7,53
2025-11-23 14:00:00,85.17779123666664,0.9,15.4,159,140.0,61,0.0,0.0,100,14,6,11,327,1,0,0,0.3583679495453002,-0.9335804264972017,1.5,14.1,53
2025-11-23 15:00:00,87.05263682999997,0.8,15.0,148,107.0,65,0.0,0.0,100,15,6,11,327,1,0,0,0.529919264233205,-0.848048096156426,1.0,14.2,53
2025-11-23 16:00:00,88.30366048666664,0.7,20.5,152,53.0,58,0.14,0.0,99,16,6,11,327,1,0,0,0.4694715627858907,-0.882947592858927,0.39999999999999997,14.3,53
2025-11-23 17:00:00,89.85492173833332,0.7,20.5,151,17.0,53,0.0,0.0,100,17,6,11,327,1,0,0,0.48480962024633717,-0.8746197071393957,-0.20000000000000007,14.3,53
2025-11-23 18:00:00,88.7046146033333,0.9,22.3,152,0.0,49,0.0,0.0,100,18,6,11,327,1,0,0,0.4694715627858907,-0.882947592858927,0.09999999999999998,14.1,53
2025-11-23 19:00:00,85.72937494999995,0.7,23.2,151,0.0,46,0.0,0.0,100,19,6,11,327,1,0,0,0.48480962024633717,-0.8746197071393957,0.0,14.3,53
2025-11-23 20:00:00,82.5535110358333,1.0,23.8,148,0.0,48,0.0,0.0,100,20,6,11,327,1,0,0,0.529919264233205,-0.848048096156426,0.30000000000000004,14.0,53
2025-11-23 21:00:00,80.70237063999998,0.9,23.2,151,0.0,51,0.0,0.0,100,21,6,11,327,1,0,0,0.48480962024633717,-0.8746197071393957,0.0,14.1,53
2025-11-23 22:00:00,76.87731642666664,0.6,23.1,153,0.0,57,0.07,0.0,100,22,6,11,327,1,0,0,0.45399049973954686,-0.8910065241883678,-0.09999999999999998,14.4,53
2025-11-23 23:00:00,73.8262728675,-0.6,20.9,148,0.0,71,0.84,0.01,100,23,6,11,327,1,0,0,0.529919264233205,-0.848048096156426,-1.6,15.6,53
2025-11-24 00:00:00,73.02637717749998,-1.0,21.1,143,0.0,77,0.49,0.01,100,0,0,11,328,0,0,0,0.6018150231520482,-0.7986355100472929,-1.9,16.0,54
2025-11-24 01:00:00,72.62609901749998,-1.5,19.6,141,0.0,85,0.35,0.02,100,1,0,11,328,0,0,0,0.6293203910498374,-0.7771459614569709,-2.1,16.5,54
2025-11-24 02:00:00,73.01391176249999,-1.6,17.5,143,0.0,89,0.07,0.01,100,2,0,11,328,0,0,0,0.6018150231520482,-0.7986355100472929,-1.0,16.6,54
2025-11-24 03:00:00,74.21228626499999,-1.4,17.7,143,0.0,89,0.21,0.01,100,3,0,11,328,0,0,0,0.6018150231520482,-0.7986355100472929,-0.3999999999999999,16.4,54
2025-11-24 04:00:00,77.3568377458333,-1.2,15.3,143,0.0,94,0.07,0.01,100,4,0,11,328,0,0,0,0.6018150231520482,-0.7986355100472929,0.30000000000000004,16.2,54
2025-11-24 05:00:00,83.4014509133333,-0.7,16.0,154,0.0,92,0.0,0.01,100,5,0,11,328,0,0,0,0.4383711467890773,-0.898794046299167,0.9000000000000001,15.7,54
2025-11-24 06:00:00,87.62860879083331,-0.3,14.7,153,0.0,93,0.0,0.01,100,6,0,11,328,0,0,0,0.45399049973954686,-0.8910065241883678,1.0999999999999999,15.3,54
2025-11-24 07:00:00,88.67849372999997,-0.2,15.0,147,0.0,97,0.63,0.02,100,7,0,11,328,0,0,0,0.5446390350150273,-0.8386705679454239,1.0,15.2,54
2025-11-24 08:00:00,87.77885050249996,-0.2,16.3,132,0.0,96,0.98,0.03,100,8,0,11,328,0,0,0,0.7431448254773942,-0.6691306063588582,0.49999999999999994,15.2,54
2025-11-24 09:00:00,85.0256309208333,0.2,14.0,138,0.0,97,0.14,0.03,100,9,0,11,328,0,0,0,0.6691306063588585,-0.743144825477394,0.5,14.8,54
2025-11-24 10:00:00,82.97791209249996,1.0,14.1,166,4.0,99,0.0,0.03,100,10,0,11,328,0,0,0,0.24192189559966773,-0.9702957262759965,1.2,14.0,54
2025-11-24 11:00:00,83.33118131166664,2.1,17.9,189,39.0,98,0.0,0.03,100,11,0,11,328,0,0,0,-0.15643446504023073,-0.9876883405951378,2.3000000000000003,12.9,54
2025-11-24 12:00:00,81.2287920933333,2.3,16.8,193,68.0,98,0.0,0.03,100,12,0,11,328,0,0,0,-0.22495105434386498,-0.9743700647852352,2.0999999999999996,12.7,54
2025-11-24 13:00:00,80.78953190666664,2.9,17.2,193,102.0,96,0.0,0.02,100,13,0,11,328,0,0,0,-0.22495105434386498,-0.9743700647852352,1.9,12.1,54
2025-11-24 14:00:00,80.59945060916664,2.5,20.1,198,102.0,99,0.0,0.02,100,14,0,11,328,0,0,0,-0.3090169943749473,-0.9510565162951536,0.3999999999999999,12.5,54
2025-11-24 15:00:00,80.72678038916665,2.7,14.9,192,67.0,100,0.21,0.02,100,15,0,11,328,0,0,0,-0.2079116908177595,-0.9781476007338056,0.40000000000000036,12.3,54
2025-11-24 16:00:00,81.02666738666663,2.8,17.0,190,15.0,100,0.0,0.01,100,16,0,11,328,0,0,0,-0.17364817766693047,-0.984807753012208,-0.10000000000000009,12.2,54
2025-11-24 17:00:00,81.10299444166662,3.0,17.0,200,8.0,100,0.0,0.01,100,17,0,11,328,0,0,0,-0.34202014332566866,-0.9396926207859084,0.5,12.0,54
2025-11-24 18:00:00,81.17739176166664,2.8,16.4,189,0.0,100,0.0,0.01,100,18,0,11,328,0,0,0,-0.15643446504023073,-0.9876883405951378,0.09999999999999964,12.2,54
2025-11-24 19:00:00,79.08032730916663,2.7,16.7,186,0.0,100,0.0,0.01,100,19,0,11,328,0,0,0,-0.1045284632676535,-0.9945218953682733,-0.09999999999999964,12.3,54
2025-11-24 20:00:00,75.9836950433333,3.3,14.2,193,0.0,99,0.0,0.01,100,20,0,11,328,0,0,0,-0.22495105434386498,-0.9743700647852352,0.2999999999999998,11.7,54
2025-11-24 21:00:00,71.43319415583333,2.5,16.6,183,0.0,100,0.0,0.01,100,21,0,11,328,0,0,0,-0.052335956242943564,-0.9986295347545738,-0.2999999999999998,12.5,54
2025-11-24 22:00:00,66.94815637666665,2.8,16.1,187,0.0,100,0.0,0.0,100,22,0,11,328,0,0,0,-0.12186934340514731,-0.9925461516413221,0.09999999999999964,12.2,54
2025-11-24 23:00:00,64.49989609583331,2.8,14.6,181,0.0,100,0.0,0.0,100,23,0,11,328,0,0,0,-0.017452406437283637,-0.9998476951563913,-0.5,12.2,54
2025-11-25 00:00:00,63.69804749083332,2.8,13.0,180,0.0,100,0.0,0.0,100,0,1,11,329,0,0,0,1.2246467991473532e-16,-1.0,0.2999999999999998,12.2,55
2025-11-25 01:00:00,64.34858352833332,2.5,14.2,178,0.0,100,0.0,0.0,100,1,1,11,329,0,0,0,0.03489949670250114,-0.9993908270190958,-0.2999999999999998,12.5,55
2025-11-25 02:00:00,64.53175158083332,2.1,11.3,155,0.0,100,0.0,0.01,100,2,1,11,329,0,0,0,0.4226182617406995,-0.9063077870366499,-0.6999999999999997,12.9,55
2025-11-25 03:00:00,65.55179769499998,1.9,10.5,153,0.0,100,0.0,0.01,100,3,1,11,329,0,0,0,0.45399049973954686,-0.8910065241883678,-0.8999999999999999,13.1,55
2025-11-25 04:00:00,68.99963577999999,2.0,14.5,143,0.0,100,0.0,0.01,100,4,1,11,329,0,0,0,0.6018150231520482,-0.7986355100472929,-0.5,13.0,55
2025-11-25 05:00:00,75.8254467,1.8,13.4,154,0.0,100,0.0,0.01,100,5,1,11,329,0,0,0,0.4383711467890773,-0.898794046299167,-0.30000000000000004,13.2,55
2025-11-25 06:00:00,79.40748724499997,1.6,12.6,153,0.0,99,0.0,0.01,100,6,1,11,329,0,0,0,0.45399049973954686,-0.8910065241883678,-0.2999999999999998,13.4,55
2025-11-25 07:00:00,80.04222302999997,1.5,11.6,131,0.0,99,0.0,0.0,100,7,1,11,329,0,0,0,0.7547095802227721,-0.6560590289905072,-0.5,13.5,55
2025-11-25 08:00:00,79.72879377166664,2.2,9.6,113,0.0,99,0.0,0.0,100,8,1,11,329,0,0,0,0.9205048534524403,-0.39073112848927377,0.40000000000000013,12.8,55
2025-11-25 09:00:00,77.00935360999998,2.3,10.0,129,0.0,99,0.0,0.0,100,9,1,11,329,0,0,0,0.777145961456971,-0.6293203910498373,0.6999999999999997,12.7,55
2025-11-25 10:00:00,74.74921815999998,2.0,6.2,112,2.0,99,0.0,0.0,100,10,1,11,329,0,0,0,0.9271838545667874,-0.37460659341591207,0.5,13.0,55
2025-11-25 11:00:00,75.22385223583332,2.5,5.3,78,21.0,98,0.0,0.0,100,11,1,11,329,0,0,0,0.9781476007338056,0.20791169081775945,0.2999999999999998,12.5,55
2025-11-25 12:00:00,72.34597204166666,3.4,8.0,76,51.0,96,0.0,0.0,100,12,1,11,329,0,0,0,0.9702957262759965,0.24192189559966767,1.1,11.6,55
2025-11-25 13:00:00,74.87638716833332,3.7,6.9,67,58.0,97,0.0,0.0,100,13,1,11,329,0,0,0,0.9205048534524404,0.3907311284892737,1.7000000000000002,11.3,55
2025-11-25 14:00:00,76.57895351416666,4.2,6.8,90,88.0,97,0.0,0.0,98,14,1,11,329,0,0,0,1.0,6.123233995736766e-17,1.7000000000000002,10.8,55
2025-11-25 15:00:00,78.77406954833332,4.7,8.9,98,73.0,94,0.0,0.0,100,15,1,11,329,0,0,0,0.9902680687415704,-0.13917310096006535,1.3000000000000003,10.3,55
2025-11-25 16:00:00,80.37523022666666,4.1,8.4,75,23.0,97,0.0,0.0,99,16,1,11,329,0,0,0,0.9659258262890683,0.25881904510252074,0.39999999999999947,10.9,55
2025-11-25 17:00:00,79.92578654666664,3.5,8.9,48,12.0,96,0.0,0.0,21,17,1,11,329,0,0,0,0.7431448254773942,0.6691306063588582,-0.7000000000000002,11.5,55
2025-11-25 18:00:00,79.12933888166665,1.7,9.2,35,0.0,98,0.0,0.0,30,18,1,11,329,0,0,0,0.573576436351046,0.8191520442889918,-3.0,13.3,55
2025-11-25 19:00:00,77.30555537249998,1.4,9.4,40,0.0,98,0.0,0.0,41,19,1,11,329,0,0,0,0.6427876096865393,0.766044443118978,-2.6999999999999997,13.6,55
2025-11-25 20:00:00,73.82754113333333,2.2,10.7,41,0.0,93,0.0,0.0,80,20,1,11,329,0,0,0,0.6560590289905073,0.754709580222772,-1.2999999999999998,12.8,55
2025-11-25 21:00:00,69.67145096833332,1.8,9.2,28,0.0,96,0.0,0.0,50,21,1,11,329,0,0,0,0.4694715627858908,0.882947592858927,0.10000000000000009,13.2,55
2025-11-25 22:00:00,65.64720142083333,1.6,9.7,24,0.0,96,0.0,0.0,39,22,1,11,329,0,0,0,0.4067366430758002,0.9135454576426009,0.20000000000000018,13.4,55
2025-11-25 23:00:00,63.84626758666665,1.1,9.4,24,0.0,98,0.0,0.0,23,23,1,11,329,0,0,0,0.4067366430758002,0.9135454576426009,-1.1,13.9,55
2025-11-26 00:00:00,63.82357811333331,0.9,9.6,20,0.0,99,0.0,0.0,64,0,2,11,330,0,0,0,0.3420201433256687,0.9396926207859084,-0.9,14.1,56
2025-11-26 01:00:00,63.023460994166655,0.8,8.9,28,0.0,100,0.0,0.0,100,1,2,11,330,0,0,0,0.4694715627858908,0.882947592858927,-0.8,14.2,56
2025-11-26 02:00:00,62.73386666666666,2.0,8.4,20,0.0,99,0.0,0.0,100,2,2,11,330,0,0,0,0.3420201433256687,0.9396926207859084,0.8999999999999999,13.0,56
2025-11-26 03:00:00,64.68481666666665,3.0,10.3,25,0.0,100,0.0,0.0,100,3,2,11,330,0,0,0,0.42261826174069944,0.9063077870366499,2.1,12.0,56
2025-11-26 04:00:00,68.33544999999998,2.9,9.9,33,0.0,100,0.0,0.0,100,4,2,11,330,0,0,0,0.5446390350150271,0.838670567945424,2.0999999999999996,12.1,56
2025-11-26 05:00:00,75.91234999999998,2.8,8.5,32,0.0,100,0.0,0.0,100,5,2,11,330,0,0,0,0.5299192642332049,0.848048096156426,0.7999999999999998,12.2,56
2025-11-26 06:00:00,80.36329999999998,2.8,6.9,14,0.0,99,0.0,0.0,100,6,2,11,330,0,0,0,0.24192189559966773,0.9702957262759965,-0.20000000000000018,12.2,56
2025-11-26 07:00:00,81.99253446666665,2.2,8.3,342,0.0,100,0.0,0.0,100,7,2,11,330,0,0,0,-0.3090169943749477,0.9510565162951535,-0.6999999999999997,12.8,56
2025-11-26 08:00:00,82.4035544983333,1.9,9.1,352,0.0,100,0.0,0.0,94,8,2,11,330,0,0,0,-0.13917310096006588,0.9902680687415703,-0.8999999999999999,13.1,56
2025-11-26 09:00:00,79.68113617083331,1.0,9.1,9,0.0,100,0.0,0.0,13,9,2,11,330,0,0,0,0.15643446504023087,0.9876883405951378,-1.7999999999999998,14.0,56
2025-11-26 10:00:00,77.50262440083334,0.9,9.6,16,11.0,100,0.0,0.0,0,10,2,11,330,0,0,0,0.27563735581699916,0.9612616959383189,-1.3000000000000003,14.1,56
2025-11-26 11:00:00,71.85160112416666,2.2,9.4,20,77.0,98,0.0,0.0,0,11,2,11,330,0,0,0,0.3420201433256687,0.9396926207859084,0.30000000000000027,12.8,56
2025-11-26 12:00:00,69.33024861749998,3.5,7.4,22,147.0,96,0.0,0.0,0,12,2,11,330,0,0,0,0.374606593415912,0.9271838545667874,2.5,11.5,56
2025-11-26 13:00:00,69.78237706083331,4.4,6.7,8,191.0,92,0.0,0.0,19,13,2,11,330,0,0,0,0.13917310096006544,0.9902680687415704,3.5000000000000004,10.6,56
2025-11-26 14:00:00,72.23378982166666,4.2,4.5,5,183.0,91,0.0,0.0,70,14,2,11,330,0,0,0,0.08715574274765817,0.9961946980917455,2.0,10.8,56
2025-11-26 15:00:00,77.63127646999997,4.2,3.4,328,138.0,88,0.0,0.0,100,15,2,11,330,0,0,0,-0.529919264233205,0.8480480961564258,0.7000000000000002,10.8,56
2025-11-26 16:00:00,79.27487299499997,3.8,3.7,299,67.0,90,0.0,0.0,100,16,2,11,330,0,0,0,-0.8746197071393956,0.4848096202463373,-0.6000000000000005,11.2,56
2025-11-26 17:00:00,79.57143964749997,2.5,2.7,270,18.0,96,0.0,0.0,100,17,2,11,330,0,0,0,-1.0,-1.8369701987210297e-16,-1.7000000000000002,12.5,56
2025-11-26 18:00:00,79.63559766666664,2.1,6.5,265,0.0,98,0.0,0.0,100,18,2,11,330,0,0,0,-0.9961946980917455,-0.08715574274765825,-2.1,12.9,56
2025-11-26 19:00:00,78.77707883166664,2.0,6.4,248,0.0,100,0.0,0.0,100,19,2,11,330,0,0,0,-0.9271838545667873,-0.3746065934159123,-1.7999999999999998,13.0,56
2025-11-26 20:00:00,77.05184992916664,1.6,5.5,218,0.0,97,0.0,0.0,100,20,2,11,330,0,0,0,-0.6156614753256582,-0.788010753606722,-0.8999999999999999,13.4,56
2025-11-26 21:00:00,72.59835882166665,1.5,5.8,216,0.0,97,0.0,0.0,100,21,2,11,330,0,0,0,-0.587785252292473,-0.8090169943749475,-0.6000000000000001,13.5,56
2025-11-26 22:00:00,67.94953063083331,1.2,7.1,201,0.0,98,0.0,0.0,100,22,2,11,330,0,0,0,-0.35836794954530043,-0.9335804264972016,-0.8,13.8,56
2025-11-26 23:00:00,65.24883850833332,1.1,8.6,180,0.0,99,0.0,0.0,100,23,2,11,330,0,0,0,1.2246467991473532e-16,-1.0,-0.5,13.9,56
2025-11-27 00:00:00,63.94372442083332,1.0,11.7,191,0.0,98,0.0,0.0,100,0,3,11,331,0,0,0,-0.19080899537654472,-0.981627183447664,-0.5,14.0,57
2025-11-27 01:00:00,62.03513333333332,1.4,11.7,179,0.0,98,0.0,0.0,100,1,3,11,331,0,0,0,0.01745240643728344,-0.9998476951563913,0.19999999999999996,13.6,57
2025-11-27 02:00:00,61.06013333333332,1.8,12.7,192,0.0,98,0.0,0.0,100,2,3,11,331,0,0,0,-0.2079116908177595,-0.9781476007338056,0.7,13.2,57
2025-11-27 03:00:00,62.83513333333332,2.5,15.1,195,0.0,98,0.0,0.0,100,3,3,11,331,0,0,0,-0.2588190451025208,-0.9659258262890683,1.5,12.5,57
2025-11-27 04:00:00,67.58639999999998,3.0,16.6,203,0.0,97,0.0,0.0,100,4,3,11,331,0,0,0,-0.39073112848927355,-0.9205048534524404,1.6,12.0,57
2025-11-27 05:00:00,75.6129833333333,2.3,18.5,204,0.0,96,0.0,0.0,100,5,3,11,331,0,0,0,-0.4067366430758002,-0.9135454576426009,0.4999999999999998,12.7,57
2025-11-27 06:00:00,80.13893333333331,1.6,19.8,203,0.0,96,0.0,0.0,100,6,3,11,331,0,0,0,-0.39073112848927355,-0.9205048534524404,-0.8999999999999999,13.4,57
2025-11-27 07:00:00,81.7889333333333,2.0,21.1,197,0.0,94,0.0,0.0,100,7,3,11,331,0,0,0,-0.29237170472273677,-0.9563047559630354,-1.0,13.0,57
2025-11-27 08:00:00,82.6639333333333,2.0,21.9,196,0.0,95,0.0,0.0,100,8,3,11,331,0,0,0,-0.275637355816999,-0.9612616959383189,-0.2999999999999998,13.0,57
2025-11-27 09:00:00,80.8639333333333,2.0,22.6,192,0.0,94,0.0,0.0,100,9,3,11,331,0,0,0,-0.2079116908177595,-0.9781476007338056,0.3999999999999999,13.0,57
2025-11-27 10:00:00,78.58798333333331,2.5,24.6,195,2.0,92,0.0,0.0,100,10,3,11,331,0,0,0,-0.2588190451025208,-0.9659258262890683,0.5,12.5,57
2025-11-27 11:00:00,78.73766666666666,3.0,26.1,196,25.0,91,0.0,0.0,100,11,3,11,331,0,0,0,-0.275637355816999,-0.9612616959383189,1.0,12.0,57
2025-11-27 12:00:00,79.86266666666666,3.0,27.2,199,15.0,95,0.0,0.0,100,12,3,11,331,0,0,0,-0.32556815445715676,-0.9455185755993167,1.0,12.0,57
2025-11-27 13:00:00,78.76923819666665,3.3,27.7,201,22.0,96,0.0,0.0,100,13,3,11,331,0,0,0,-0.35836794954530043,-0.9335804264972016,0.7999999999999998,11.7,57
2025-11-27 14:00:00,79.30869961916665,4.0,27.6,208,28.0,95,0.0,0.0,100,14,3,11,331,0,0,0,-0.46947156278589086,-0.8829475928589269,1.0,11.0,57
2025-11-27 15:00:00,79.10388976916664,4.0,27.6,208,17.0,97,0.0,0.0,100,15,3,11,331,0,0,0,-0.46947156278589086,-0.8829475928589269,1.0,11.0,57
2025-11-27 16:00:00,79.22744101916665,4.3,26.2,212,12.0,98,0.0,0.0,100,16,3,11,331,0,0,0,-0.5299192642332048,-0.8480480961564261,1.0,10.7,57
2025-11-27 17:00:00,78.35158915416665,4.9,24.7,213,4.0,98,0.0,0.0,100,17,3,11,331,0,0,0,-0.5446390350150271,-0.838670567945424,0.9000000000000004,10.1,57
2025-11-27 18:00:00,77.70235737166664,5.3,22.5,212,0.0,98,0.0,0.0,100,18,3,11,331,0,0,0,-0.5299192642332048,-0.8480480961564261,1.2999999999999998,9.7,57
2025-11-27 19:00:00,75.46203333333331,6.0,23.6,216,0.0,99,0.0,0.0,100,19,3,11,331,0,0,0,-0.587785252292473,-0.8090169943749475,1.7000000000000002,9.0,57
2025-11-27 20:00:00,71.8614,5.9,24.6,218,0.0,98,0.0,0.0,100,20,3,11,331,0,0,0,-0.6156614753256582,-0.788010753606722,1.0,9.1,57
2025-11-27 21:00:00,67.06044999999999,6.0,24.6,218,0.0,98,0.0,0.0,100,21,3,11,331,0,0,0,-0.6156614753256582,-0.788010753606722,0.7000000000000002,9.0,57
2025-11-27 22:00:00,61.78513333333333,6.3,25.0,218,0.0,99,0.0,0.0,100,22,3,11,331,0,0,0,-0.6156614753256582,-0.788010753606722,0.2999999999999998,8.7,57
2025-11-27 23:00:00,58.759183333333326,6.9,26.6,219,0.0,98,0.0,0.0,100,23,3,11,331,0,0,0,-0.6293203910498376,-0.7771459614569708,1.0,8.1,57
2025-11-28 00:00:00,58.08386666666665,7.3,27.4,221,0.0,98,0.0,0.0,100,0,4,11,332,0,0,0,-0.656059028990507,-0.7547095802227721,1.2999999999999998,7.7,58
2025-11-28 01:00:00,59.358866666666664,7.6,27.3,220,0.0,97,0.0,0.0,100,1,4,11,332,0,0,0,-0.6427876096865393,-0.766044443118978,1.2999999999999998,7.4,58
2025-11-28 02:00:00,59.65886666666666,7.3,25.8,219,0.0,98,0.0,0.0,100,2,4,11,332,0,0,0,-0.6293203910498376,-0.7771459614569708,0.39999999999999947,7.7,58
2025-11-28 03:00:00,59.55886666666665,7.6,25.2,219,0.0,99,0.0,0.0,100,3,4,11,332,0,0,0,-0.6293203910498376,-0.7771459614569708,0.2999999999999998,7.4,58
2025-11-28 04:00:00,62.809816666666656,8.1,24.5,218,0.0,98,0.0,0.0,100,4,4,11,332,0,0,0,-0.6156614753256582,-0.788010753606722,0.5,6.9,58
2025-11-28 05:00:00,68.31108333333331,8.1,24.4,217,0.0,98,0.0,0.0,100,5,4,11,332,0,0,0,-0.6018150231520484,-0.7986355100472928,0.7999999999999998,6.9,58
2025-11-28 06:00:00,71.16139999999999,8.1,24.6,216,0.0,98,0.0,0.0,100,6,4,11,332,0,0,0,-0.587785252292473,-0.8090169943749475,0.5,6.9,58
2025-11-28 07:00:00,71.98421098333331,8.1,24.8,216,0.0,98,0.0,0.0,100,7,4,11,332,0,0,0,-0.587785252292473,-0.8090169943749475,0.0,6.9,58
2025-11-28 08:00:00,70.39916432666665,7.9,22.8,217,0.0,98,0.0,0.0,100,8,4,11,332,0,0,0,-0.6018150231520484,-0.7986355100472928,-0.1999999999999993,7.1,58
2025-11-28 09:00:00,68.54799373666664,8.1,22.5,220,0.0,98,0.0,0.0,100,9,4,11,332,0,0,0,-0.6427876096865393,-0.766044443118978,0.0,6.9,58
2025-11-28 10:00:00,68.921674535,8.2,22.5,221,2.0,99,0.0,0.0,100,10,4,11,332,0,0,0,-0.656059028990507,-0.7547095802227721,0.09999999999999964,6.800000000000001,58
2025-11-28 11:00:00,70.25461780166664,8.8,23.1,222,20.0,97,0.0,0.0,100,11,4,11,332,0,0,0,-0.6691306063588582,-0.7431448254773942,0.9000000000000004,6.199999999999999,58
2025-11-28 12:00:00,70.47020260499998,8.6,21.6,218,43.0,97,0.0,0.0,100,12,4,11,332,0,0,0,-0.6156614753256582,-0.788010753606722,0.5,6.4,58
2025-11-28 13:00:00,70.34688605249998,8.7,22.4,214,55.0,96,0.0,0.0,100,13,4,11,332,0,0,0,-0.5591929034707467,-0.8290375725550418,0.5,6.300000000000001,58
2025-11-28 14:00:00,71.09809926583331,8.2,20.7,210,52.0,97,0.0,0.0,100,14,4,11,332,0,0,0,-0.5000000000000001,-0.8660254037844386,-0.6000000000000014,6.800000000000001,58
2025-11-28 15:00:00,72.14859885499999,8.4,20.5,214,65.0,95,0.0,0.0,100,15,4,11,332,0,0,0,-0.5591929034707467,-0.8290375725550418,-0.1999999999999993,6.6,58
2025-11-28 16:00:00,72.23042498499998,8.4,20.2,214,37.0,95,0.0,0.0,100,16,4,11,332,0,0,0,-0.5591929034707467,-0.8290375725550418,-0.29999999999999893,6.6,58
2025-11-28 17:00:00,71.40147569249997,8.1,20.0,212,8.0,96,0.0,0.0,100,17,4,11,332,0,0,0,-0.5299192642332048,-0.8480480961564261,-0.09999999999999964,6.9,58
2025-11-28 18:00:00,70.27250238083333,7.9,19.8,209,0.0,96,0.0,0.0,100,18,4,11,332,0,0,0,-0.48480962024633695,-0.8746197071393959,-0.5,7.1,58
2025-11-28 19:00:00,69.0710482158333,7.9,20.4,208,0.0,95,0.0,0.0,100,19,4,11,332,0,0,0,-0.46947156278589086,-0.8829475928589269,-0.5,7.1,58
2025-11-28 20:00:00,66.62326770083332,8.2,21.1,207,0.0,96,0.0,0.0,100,20,4,11,332,0,0,0,-0.4539904997395467,-0.8910065241883679,0.09999999999999964,6.800000000000001,58
2025-11-28 21:00:00,63.77807793083332,8.4,23.4,210,0.0,92,0.0,0.0,100,21,4,11,332,0,0,0,-0.5000000000000001,-0.8660254037844386,0.5,6.6,58
2025-11-28 22:00:00,59.569213639166655,8.1,24.0,211,0.0,92,0.0,0.0,100,22,4,11,332,0,0,0,-0.5150380749100542,-0.8571673007021123,0.1999999999999993,6.9,58
2025-11-28 23:00:00,57.695077094166656,7.7,25.3,214,0.0,92,0.0,0.0,100,23,4,11,332,0,0,0,-0.5591929034707467,-0.8290375725550418,-0.4999999999999991,7.3,58
2025-11-29 00:00:00,56.995511719166664,7.9,26.3,213,0.0,91,0.0,0.0,100,0,5,11,333,1,0,0,-0.5446390350150271,-0.838670567945424,-0.5,7.1,59
2025-11-29 01:00:00,55.24539292166666,8.4,27.0,215,0.0,91,0.0,0.0,100,1,5,11,333,1,0,0,-0.5735764363510462,-0.8191520442889918,0.3000000000000007,6.6,59
2025-11-29 02:00:00,55.20562399416666,8.7,25.8,231,0.0,89,0.0,0.0,100,2,5,11,333,1,0,0,-0.7771459614569706,-0.6293203910498378,0.9999999999999991,6.300000000000001,59
2025-11-29 03:00:00,57.32904775416666,8.2,23.4,231,0.0,92,0.0,0.0,42,3,5,11,333,1,0,0,-0.7771459614569706,-0.6293203910498378,0.29999999999999893,6.800000000000001,59
2025-11-29 04:00:00,60.10300465416666,7.8,20.2,229,0.0,93,0.0,0.0,4,4,5,11,333,1,0,0,-0.754709580222772,-0.6560590289905073,-0.6000000000000005,7.2,59
2025-11-29 05:00:00,62.976767041666655,7.2,18.8,226,0.0,95,0.0,0.0,7,5,5,11,333,1,0,0,-0.7193398003386512,-0.6946583704589973,-1.4999999999999991,7.8,59
2025-11-29 06:00:00,66.72430584499999,6.8,18.6,226,0.0,95,0.0,0.0,5,6,5,11,333,1,0,0,-0.7193398003386512,-0.6946583704589973,-1.3999999999999995,8.2,59
2025-11-29 07:00:00,70.09993711999999,6.7,18.7,223,0.0,95,0.0,0.0,22,7,5,11,333,1,0,0,-0.6819983600624984,-0.7313537016191706,-1.0999999999999996,8.3,59
2025-11-29 08:00:00,73.67442426249998,6.4,18.8,216,0.0,98,0.0,0.0,20,8,5,11,333,1,0,0,-0.587785252292473,-0.8090169943749475,-0.7999999999999998,8.6,59
2025-11-29 09:00:00,71.25258543499999,6.1,17.4,212,0.0,98,0.0,0.0,80,9,5,11,333,1,0,0,-0.5299192642332048,-0.8480480961564261,-0.7000000000000002,8.9,59
2025-11-29 10:00:00,69.23754180999998,6.3,18.3,210,8.0,98,0.0,0.0,100,10,5,11,333,1,0,0,-0.5000000000000001,-0.8660254037844386,-0.40000000000000036,8.7,59
2025-11-29 11:00:00,69.79952773333332,7.2,19.7,207,46.0,98,0.0,0.0,100,11,5,11,333,1,0,0,-0.4539904997395467,-0.8910065241883679,0.7999999999999998,7.8,59
2025-11-29 12:00:00,68.57363240583334,7.4,22.6,210,61.0,98,0.0,0.0,100,12,5,11,333,1,0,0,-0.5000000000000001,-0.8660254037844386,1.3000000000000007,7.6,59
2025-11-29 13:00:00,67.52240218749998,7.8,24.9,212,57.0,97,0.0,0.0,100,13,5,11,333,1,0,0,-0.5299192642332048,-0.8480480961564261,1.5,7.2,59
2025-11-29 14:00:00,67.87062601999997,8.1,19.9,209,55.0,92,0.0,0.0,100,14,5,11,333,1,0,0,-0.48480962024633695,-0.8746197071393959,0.8999999999999995,6.9,59
2025-11-29 15:00:00,68.17201392249999,8.1,18.2,200,57.0,92,0.0,0.0,100,15,5,11,333,1,0,0,-0.34202014332566866,-0.9396926207859084,0.6999999999999993,6.9,59
2025-11-29 16:00:00,68.87224862,8.4,17.2,195,48.0,91,0.0,0.0,100,16,5,11,333,1,0,0,-0.2588190451025208,-0.9659258262890683,0.6000000000000005,6.6,59
2025-11-29 17:00:00,68.59787364083331,8.3,16.2,188,11.0,92,0.0,0.0,100,17,5,11,333,1,0,0,-0.13917310096006552,-0.9902680687415703,0.20000000000000107,6.699999999999999,59
2025-11-29 18:00:00,67.64651471333332,8.3,17.0,185,0.0,94,0.0,0.0,100,18,5,11,333,1,0,0,-0.08715574274765794,-0.9961946980917455,0.20000000000000107,6.699999999999999,59
2025-11-29 19:00:00,66.74693774833332,8.2,18.6,184,0.0,92,0.0,0.0,100,19,5,11,333,1,0,0,-0.06975647374412527,-0.9975640502598242,-0.20000000000000107,6.800000000000001,59
2025-11-29 20:00:00,64.82193980666665,8.0,17.6,179,0.0,92,0.0,0.0,100,20,5,11,333,1,0,0,0.01745240643728344,-0.9998476951563913,-0.3000000000000007,7.0,59
2025-11-29 21:00:00,62.52202215583333,7.7,18.0,173,0.0,91,0.0,0.0,100,21,5,11,333,1,0,0,0.12186934340514755,-0.992546151641322,-0.6000000000000005,7.3,59
2025-11-29 22:00:00,59.50113660583333,6.8,17.2,169,0.0,91,0.0,0.0,100,22,5,11,333,1,0,0,0.19080899537654497,-0.9816271834476639,-1.3999999999999995,8.2,59
2025-11-29 23:00:00,57.02142443166665,6.6,16.9,168,0.0,91,0.0,0.0,100,23,5,11,333,1,0,0,0.20791169081775931,-0.9781476007338057,-1.4000000000000004,8.4,59
2025-11-30 00:00:00,55.770752211666654,6.6,17.1,166,0.0,90,0.0,0.0,100,0,6,11,334,1,0,0,0.24192189559966773,-0.9702957262759965,-1.1000000000000005,8.4,60
2025-11-30 01:00:00,53.520650799166646,6.0,16.2,161,0.0,94,0.0,0.0,100,1,6,11,334,1,0,0,0.3255681544571566,-0.9455185755993168,-0.7999999999999998,9.0,60
2025-11-30 02:00:00,51.40486027333333,6.5,17.6,162,0.0,91,0.0,0.0,100,2,6,11,334,1,0,0,0.3090169943749475,-0.9510565162951535,-0.09999999999999964,8.5,60
2025-11-30 03:00:00,51.89965720249998,6.8,17.3,166,0.0,92,0.0,0.0,100,3,6,11,334,1,0,0,0.24192189559966773,-0.9702957262759965,0.20000000000000018,8.2,60
2025-11-30 04:00:00,53.29483866,7.2,17.3,165,0.0,92,0.0,0.0,100,4,6,11,334,1,0,0,0.258819045102521,-0.9659258262890682,1.2000000000000002,7.8,60
2025-11-30 05:00:00,55.67160697416666,7.6,19.4,170,0.0,92,0.0,0.0,100,5,6,11,334,1,0,0,0.17364817766693028,-0.984807753012208,1.0999999999999996,7.4,60
2025-11-30 06:00:00,58.373655126666655,7.8,21.6,182,0.0,94,0.0,0.0,100,6,6,11,334,1,0,0,-0.0348994967025009,-0.9993908270190958,1.0,7.2,60
2025-11-30 07:00:00,63.37224572249998,8.2,21.4,190,0.0,95,0.0,0.0,100,7,6,11,334,1,0,0,-0.17364817766693047,-0.984807753012208,0.9999999999999991,6.800000000000001,60
2025-11-30 08:00:00,67.62402440749999,8.1,18.8,207,0.0,95,0.0,0.0,100,8,6,11,334,1,0,0,-0.4539904997395467,-0.8910065241883679,0.5,6.9,60
2025-11-30 09:00:00,68.09878391499998,7.6,18.5,208,0.0,96,0.0,0.0,99,9,6,11,334,1,0,0,-0.46947156278589086,-0.8829475928589269,-0.20000000000000018,7.4,60
2025-11-30 10:00:00,66.67304794999998,6.8,21.1,206,7.0,94,0.0,0.0,100,10,6,11,334,1,0,0,-0.43837114678907746,-0.8987940462991669,-1.3999999999999995,8.2,60
2025-11-30 11:00:00,65.14922349583333,6.8,22.9,206,52.0,90,0.0,0.0,100,11,6,11,334,1,0,0,-0.43837114678907746,-0.8987940462991669,-1.2999999999999998,8.2,60
2025-11-30 12:00:00,63.90031913083332,7.2,21.9,204,117.0,87,0.0,0.0,92,12,6,11,334,1,0,0,-0.4067366430758002,-0.9135454576426009,-0.39999999999999947,7.8,60
2025-11-30 13:00:00,65.09739845083332,7.6,22.5,202,167.0,82,0.0,0.0,32,13,6,11,334,1,0,0,-0.374606593415912,-0.9271838545667874,0.7999999999999998,7.4,60
2025-11-30 14:00:00,66.22320685333331,7.9,24.8,209,177.0,77,0.0,0.0,14,14,6,11,334,1,0,0,-0.48480962024633695,-0.8746197071393959,1.1000000000000005,7.1,60
2025-11-30 15:00:00,67.89878017833331,7.6,27.6,215,155.0,76,0.0,0.0,49,15,6,11,334,1,0,0,-0.5735764363510462,-0.8191520442889918,0.39999999999999947,7.4,60
2025-11-30 16:00:00,68.08146228999999,7.0,27.5,216,78.0,78,0.0,0.0,99,16,6,11,334,1,0,0,-0.587785252292473,-0.8090169943749475,-0.5999999999999996,8.0,60
2025-11-30 17:00:00,68.78098709999998,6.4,28.6,214,15.0,76,0.0,0.0,73,17,6,11,334,1,0,0,-0.5591929034707467,-0.8290375725550418,-1.5,8.6,60
2025-11-30 18:00:00,70.60324896249999,6.2,29.9,210,0.0,74,0.0,0.0,100,18,6,11,334,1,0,0,-0.5000000000000001,-0.8660254037844386,-1.3999999999999995,8.8,60
2025-11-30 19:00:00,69.22500086499997,6.3,32.7,212,0.0,73,0.0,0.0,100,19,6,11,334,1,0,0,-0.5299192642332048,-0.8480480961564261,-0.7000000000000002,8.7,60
2025-11-30 20:00:00,64.94772670749998,6.0,32.7,218,0.0,82,0.0,0.0,100,20,6,11,334,1,0,0,-0.6156614753256582,-0.788010753606722,-0.40000000000000036,9.0,60
2025-11-30 21:00:00,60.944061559999994,6.5,23.1,242,0.0,88,0.0,0.0,26,21,6,11,334,1,0,0,-0.882947592858927,-0.46947156278589075,0.2999999999999998,8.5,60
2025-11-30 22:00:00,56.971967942499994,6.3,22.3,250,0.0,83,0.0,0.0,23,22,6,11,334,1,0,0,-0.9396926207859084,-0.34202014332566855,0.0,8.7,60
2025-11-30 23:00:00,54.995598644166655,6.4,21.7,251,0.0,77,0.0,0.0,7,23,6,11,334,1,0,0,-0.9455185755993168,-0.32556815445715664,0.40000000000000036,8.6,60
2025-12-01 00:00:00,55.27193439166666,6.4,21.3,252,0.0,74,0.0,0.0,7,0,0,12,335,0,0,0,-0.9510565162951535,-0.30901699437494756,-0.09999999999999964,8.6,61
2025-12-01 01:00:00,55.12325565166666,6.2,19.6,251,0.0,74,0.0,0.0,13,1,0,12,335,0,0,0,-0.9455185755993168,-0.32556815445715664,-0.09999999999999964,8.8,61
2025-12-01 02:00:00,55.305638481666655,5.6,19.5,241,0.0,82,0.0,0.0,18,2,0,12,335,0,0,0,-0.874619707139396,-0.48480962024633684,-0.8000000000000007,9.4,61
2025-12-01 03:00:00,56.47587872833332,5.3,18.0,238,0.0,81,0.0,0.0,20,3,0,12,335,0,0,0,-0.848048096156426,-0.529919264233205,-1.1000000000000005,9.7,61
2025-12-01 04:00:00,60.599853472499994,4.7,16.6,229,0.0,89,0.0,0.0,42,4,0,12,335,0,0,0,-0.754709580222772,-0.6560590289905073,-1.5,10.3,61
2025-12-01 05:00:00,66.82605555499998,4.8,16.6,229,0.0,88,0.0,0.0,18,5,0,12,335,0,0,0,-0.754709580222772,-0.6560590289905073,-0.7999999999999998,10.2,61
2025-12-01 06:00:00,70.07686479666667,4.2,15.5,223,0.0,91,0.0,0.0,58,6,0,12,335,0,0,0,-0.6819983600624984,-0.7313537016191706,-1.0999999999999996,10.8,61
2025-12-01 07:00:00,71.98074996416665,4.4,16.7,224,0.0,90,0.0,0.0,59,7,0,12,335,0,0,0,-0.6946583704589974,-0.7193398003386511,-0.2999999999999998,10.6,61
2025-12-01 08:00:00,73.12544753916666,4.9,18.3,214,0.0,93,0.0,0.0,51,8,0,12,335,0,0,0,-0.5591929034707467,-0.8290375725550418,0.10000000000000053,10.1,61
2025-12-01 09:00:00,72.72557045333332,4.2,18.1,205,0.0,96,0.0,0.0,75,9,0,12,335,0,0,0,-0.4226182617406993,-0.90630778703665,0.0,10.8,61
2025-12-01 10:00:00,70.45311857499999,4.0,19.2,202,6.0,95,0.0,0.0,95,10,0,12,335,0,0,0,-0.374606593415912,-0.9271838545667874,-0.40000000000000036,11.0,61
2025-12-01 11:00:00,65.29854258333332,4.5,19.6,199,40.0,91,0.0,0.0,100,11,0,12,335,0,0,0,-0.32556815445715676,-0.9455185755993167,-0.40000000000000036,10.5,61
2025-12-01 12:00:00,64.78068575999998,4.7,17.0,193,102.0,88,0.0,0.0,92,12,0,12,335,0,0,0,-0.22495105434386498,-0.9743700647852352,0.5,10.3,61
2025-12-01 13:00:00,67.33031571916666,4.8,17.0,175,94.0,88,0.0,0.0,73,13,0,12,335,0,0,0,0.0871557427476582,-0.9961946980917455,0.7999999999999998,10.2,61
2025-12-01 14:00:00,67.92757674249998,5.3,16.8,171,163.0,87,0.0,0.0,100,14,0,12,335,0,0,0,0.15643446504023098,-0.9876883405951377,0.7999999999999998,9.7,61
2025-12-01 15:00:00,69.62964265999999,5.4,13.9,155,52.0,89,0.0,0.0,100,15,0,12,335,0,0,0,0.4226182617406995,-0.9063077870366499,0.7000000000000002,9.6,61
2025-12-01 16:00:00,70.82471401249998,5.8,23.9,190,43.0,78,0.0,0.0,100,16,0,12,335,0,0,0,-0.17364817766693047,-0.984807753012208,1.0,9.2,61
2025-12-01 17:00:00,70.55160607999998,5.6,24.3,190,14.0,75,0.0,0.0,100,17,0,12,335,0,0,0,-0.17364817766693047,-0.984807753012208,0.2999999999999998,9.4,61
2025-12-01 18:00:00,70.22471111499999,5.6,25.5,186,0.0,73,0.0,0.0,100,18,0,12,335,0,0,0,-0.1045284632676535,-0.9945218953682733,0.1999999999999993,9.4,61
2025-12-01 19:00:00,68.57451987999998,6.1,26.6,185,0.0,68,0.0,0.0,100,19,0,12,335,0,0,0,-0.08715574274765794,-0.9961946980917455,0.2999999999999998,8.9,61
2025-12-01 20:00:00,65.84992758833332,5.9,27.2,184,0.0,71,0.0,0.0,100,20,0,12,335,0,0,0,-0.06975647374412527,-0.9975640502598242,0.3000000000000007,9.1,61
2025-12-01 21:00:00,62.50802956333332,5.6,25.6,183,0.0,75,0.0,0.0,100,21,0,12,335,0,0,0,-0.052335956242943564,-0.9986295347545738,0.0,9.4,61
2025-12-01 22:00:00,58.976339050833325,5.8,25.6,184,0.0,73,0.0,0.0,100,22,0,12,335,0,0,0,-0.06975647374412527,-0.9975640502598242,-0.2999999999999998,9.2,61
2025-12-01 23:00:00,56.32341547333333,5.9,24.9,185,0.0,69,0.0,0.0,100,23,0,12,335,0,0,0,-0.08715574274765794,-0.9961946980917455,0.0,9.1,61
2025-12-02 00:00:00,55.67316377083333,6.2,25.6,187,0.0,64,0.0,0.0,100,0,1,12,336,0,0,0,-0.12186934340514731,-0.9925461516413221,0.6000000000000005,8.8,62
2025-12-02 01:00:00,55.48015749666665,6.1,24.4,188,0.0,63,0.0,0.0,100,1,1,12,336,0,0,0,-0.13917310096006552,-0.9902680687415703,0.2999999999999998,8.9,62
2025-12-02 02:00:00,56.61356398333332,5.9,23.3,186,0.0,64,0.0,0.0,100,2,1,12,336,0,0,0,-0.1045284632676535,-0.9945218953682733,0.0,9.1,62
2025-12-02 03:00:00,57.67951013499999,5.8,23.5,185,0.0,63,0.0,0.0,100,3,1,12,336,0,0,0,-0.08715574274765794,-0.9961946980917455,-0.40000000000000036,9.2,62
2025-12-02 04:00:00,61.37273539999999,5.8,23.6,187,0.0,59,0.0,0.0,100,4,1,12,336,0,0,0,-0.12186934340514731,-0.9925461516413221,-0.2999999999999998,9.2,62
2025-12-02 05:00:00,67.09981252749999,5.8,22.9,185,0.0,57,0.0,0.0,100,5,1,12,336,0,0,0,-0.08715574274765794,-0.9961946980917455,-0.10000000000000053,9.2,62
2025-12-02 06:00:00,71.28461728749998,5.8,22.9,183,0.0,54,0.0,0.0,100,6,1,12,336,0,0,0,-0.052335956242943564,-0.9986295347545738,0.0,9.2,62
2025-12-02 07:00:00,71.56196528666666,5.8,23.5,184,0.0,53,0.0,0.0,100,7,1,12,336,0,0,0,-0.06975647374412527,-0.9975640502598242,0.0,9.2,62
2025-12-02 08:00:00,71.45786803666665,5.2,22.2,178,0.0,58,0.0,0.0,100,8,1,12,336,0,0,0,0.03489949670250114,-0.9993908270190958,-0.5999999999999996,9.8,62
2025-12-02 09:00:00,68.97359641666665,5.0,22.2,178,0.0,59,0.0,0.0,100,9,1,12,336,0,0,0,0.03489949670250114,-0.9993908270190958,-0.7999999999999998,10.0,62
2025-12-02 10:00:00,66.39990524749999,4.8,22.1,180,4.0,60,0.0,0.0,100,10,1,12,336,0,0,0,1.2246467991473532e-16,-1.0,-1.0,10.2,62
2025-12-02 11:00:00,65.82703201249998,5.2,21.1,185,46.0,62,0.0,0.0,100,11,1,12,336,0,0,0,-0.08715574274765794,-0.9961946980917455,0.0,9.8,62
2025-12-02 12:00:00,65.12940506499999,5.8,17.8,182,73.0,63,0.0,0.0,99,12,1,12,336,0,0,0,-0.0348994967025009,-0.9993908270190958,0.7999999999999998,9.2,62
2025-12-02 13:00:00,66.38226199999998,6.0,14.1,169,106.0,66,0.0,0.0,100,13,1,12,336,0,0,0,0.19080899537654497,-0.9816271834476639,1.2000000000000002,9.0,62
2025-12-02 14:00:00,68.17743354583331,5.4,15.1,181,58.0,78,0.0,0.0,100,14,1,12,336,0,0,0,-0.017452406437283637,-0.9998476951563913,0.20000000000000018,9.6,62
2025-12-02 15:00:00,70.27541520749998,5.2,15.3,182,46.0,82,0.0,0.0,100,15,1,12,336,0,0,0,-0.0348994967025009,-0.9993908270190958,-0.5999999999999996,9.8,62
2025-12-02 16:00:00,70.07743934083332,4.9,15.0,185,25.0,90,0.0,0.0,100,16,1,12,336,0,0,0,-0.08715574274765794,-0.9961946980917455,-1.0999999999999996,10.1,62
2025-12-02 17:00:00,69.27500955749998,4.7,14.8,181,8.0,94,0.0,0.0,100,17,1,12,336,0,0,0,-0.017452406437283637,-0.9998476951563913,-0.7000000000000002,10.3,62
2025-12-02 18:00:00,69.45060644249999,4.3,13.8,188,0.0,96,0.0,0.0,100,18,1,12,336,0,0,0,-0.13917310096006552,-0.9902680687415703,-0.9000000000000004,10.7,62
2025-12-02 19:00:00,67.72469784666664,4.4,13.4,186,0.0,96,0.0,0.0,100,19,1,12,336,0,0,0,-0.1045284632676535,-0.9945218953682733,-0.5,10.6,62
2025-12-02 20:00:00,64.29988328666666,4.3,12.0,173,0.0,97,0.0,0.0,100,20,1,12,336,0,0,0,0.12186934340514755,-0.992546151641322,-0.40000000000000036,10.7,62
2025-12-02 21:00:00,60.35318186083332,4.6,11.8,171,0.0,97,0.0,0.0,100,21,1,12,336,0,0,0,0.15643446504023098,-0.9876883405951377,0.2999999999999998,10.4,62
2025-12-02 22:00:00,56.177466178333326,4.8,11.4,175,0.0,96,0.0,0.0,100,22,1,12,336,0,0,0,0.0871557427476582,-0.9961946980917455,0.39999999999999947,10.2,62
2025-12-02 23:00:00,54.19819564333333,4.8,10.1,179,0.0,97,0.0,0.0,100,23,1,12,336,0,0,0,0.01745240643728344,-0.9998476951563913,0.5,10.2,62
2025-12-03 00:00:00,53.42160407666666,4.3,9.1,171,0.0,98,0.0,0.0,100,0,2,12,337,0,0,0,0.15643446504023098,-0.9876883405951377,-0.2999999999999998,10.7,63
2025-12-03 01:00:00,53.271676514166664,4.0,9.6,163,0.0,98,0.0,0.0,100,1,2,12,337,0,0,0,0.2923717047227366,-0.9563047559630355,-0.7999999999999998,11.0,63
2025-12-03 02:00:00,53.38297676416666,3.8,8.5,152,0.0,99,0.0,0.0,100,2,2,12,337,0,0,0,0.4694715627858907,-0.882947592858927,-1.0,11.2,63
2025-12-03 03:00:00,53.976353079166664,3.3,6.3,156,0.0,99,0.0,0.0,100,3,2,12,337,0,0,0,0.40673664307580043,-0.9135454576426008,-1.0,11.7,63
2025-12-03 04:00:00,57.198446506666656,3.0,6.8,151,0.0,99,0.0,0.0,100,4,2,12,337,0,0,0,0.48480962024633717,-0.8746197071393957,-1.0,12.0,63
2025-12-03 05:00:00,62.977422335833324,3.0,6.5,157,0.0,99,0.0,0.0,100,5,2,12,337,0,0,0,0.39073112848927377,-0.9205048534524404,-0.7999999999999998,12.0,63
2025-12-03 06:00:00,66.62969069833332,3.6,7.0,148,0.0,98,0.0,0.0,100,6,2,12,337,0,0,0,0.529919264233205,-0.848048096156426,0.30000000000000027,11.4,63
2025-12-03 07:00:00,66.65293023749997,3.8,7.4,137,0.0,98,0.0,0.0,100,7,2,12,337,0,0,0,0.6819983600624986,-0.7313537016191705,0.7999999999999998,11.2,63
2025-12-03 08:00:00,66.89938369749999,4.2,8.1,129,0.0,99,0.0,0.0,100,8,2,12,337,0,0,0,0.777145961456971,-0.6293203910498373,1.2000000000000002,10.8,63
2025-12-03 09:00:00,64.77477196249998,4.3,8.6,131,0.0,99,0.0,0.0,100,9,2,12,337,0,0,0,0.7547095802227721,-0.6560590289905072,0.6999999999999997,10.7,63
2025-12-03 10:00:00,62.62141871583332,4.5,9.3,134,3.0,97,0.0,0.0,100,10,2,12,337,0,0,0,0.7193398003386511,-0.6946583704589974,0.7000000000000002,10.5,63
2025-12-03 11:00:00,60.84666706166665,4.9,9.4,144,25.0,95,0.0,0.0,100,11,2,12,337,0,0,0,0.5877852522924732,-0.8090169943749473,0.7000000000000002,10.1,63
2025-12-03 12:00:00,61.07414854083332,5.2,9.4,149,31.0,94,0.0,0.0,100,12,2,12,337,0,0,0,0.5150380749100544,-0.8571673007021122,0.9000000000000004,9.8,63
2025-12-03 13:00:00,61.62595078583331,5.6,7.9,150,60.0,95,0.0,0.0,96,13,2,12,337,0,0,0,0.49999999999999994,-0.8660254037844387,1.0999999999999996,9.4,63
2025-12-03 14:00:00,63.249107595833316,5.8,5.9,137,96.0,96,0.0,0.0,100,14,2,12,337,0,0,0,0.6819983600624986,-0.7313537016191705,0.8999999999999995,9.2,63
2025-12-03 15:00:00,64.32295355166666,6.0,5.6,159,44.0,96,0.0,0.0,100,15,2,12,337,0,0,0,0.3583679495453002,-0.9335804264972017,0.7999999999999998,9.0,63
2025-12-03 16:00:00,65.30044250416664,5.9,7.6,179,23.0,95,0.0,0.0,100,16,2,12,337,0,0,0,0.01745240643728344,-0.9998476951563913,0.3000000000000007,9.1,63
2025-12-03 17:00:00,65.85001245499998,5.6,6.1,161,7.0,97,0.0,0.0,100,17,2,12,337,0,0,0,0.3255681544571566,-0.9455185755993168,-0.20000000000000018,9.4,63
2025-12-03 18:00:00,66.17609322249997,5.2,7.1,144,0.0,98,0.0,0.0,100,18,2,12,337,0,0,0,0.5877852522924732,-0.8090169943749473,-0.7999999999999998,9.8,63
2025-12-03 19:00:00,64.42322797499997,4.9,7.9,150,0.0,98,0.0,0.0,100,19,2,12,337,0,0,0,0.49999999999999994,-0.8660254037844387,-1.0,10.1,63
2025-12-03 20:00:00,61.32262735333333,5.3,8.7,143,0.0,98,0.0,0.0,100,20,2,12,337,0,0,0,0.6018150231520482,-0.7986355100472929,-0.2999999999999998,9.7,63
2025-12-03 21:00:00,57.86876227833333,5.2,8.3,158,0.0,99,0.0,0.0,100,21,2,12,337,0,0,0,0.37460659341591224,-0.9271838545667873,0.0,9.8,63
2025-12-03 22:00:00,54.27232845166666,5.3,8.9,173,0.0,99,0.0,0.0,100,22,2,12,337,0,0,0,0.12186934340514755,-0.992546151641322,0.39999999999999947,9.7,63
2025-12-03 23:00:00,52.27138676416666,5.4,8.8,175,0.0,99,0.0,0.0,100,23,2,12,337,0,0,0,0.0871557427476582,-0.9961946980917455,0.10000000000000053,9.6,63
2025-12-04 00:00:00,51.720679774166655,5.3,8.7,176,0.0,100,0.0,0.0,100,0,3,12,338,0,0,0,0.06975647374412552,-0.9975640502598242,0.09999999999999964,9.7,64
2025-12-04 01:00:00,51.42054069416666,5.2,8.5,182,0.0,99,0.0,0.0,100,1,3,12,338,0,0,0,-0.0348994967025009,-0.9993908270190958,-0.09999999999999964,9.8,64
2025-12-04 02:00:00,51.53055735166666,5.3,8.1,177,0.0,100,0.0,0.0,100,2,3,12,338,0,0,0,0.05233595624294381,-0.9986295347545738,-0.10000000000000053,9.7,64
2025-12-04 03:00:00,52.59979422416666,5.4,7.4,180,0.0,99,0.0,0.0,100,3,3,12,338,0,0,0,1.2246467991473532e-16,-1.0,0.10000000000000053,9.6,64
2025-12-04 04:00:00,55.54584866833333,5.4,7.0,167,0.0,100,0.0,0.0,100,4,3,12,338,0,0,0,0.2249510543438652,-0.9743700647852351,0.20000000000000018,9.6,64
2025-12-04 05:00:00,61.42347594083332,5.4,8.0,166,0.0,99,0.0,0.0,100,5,3,12,338,0,0,0,0.24192189559966773,-0.9702957262759965,0.10000000000000053,9.6,64
2025-12-04 06:00:00,65.22529351249999,5.3,7.9,160,0.0,99,0.0,0.0,100,6,3,12,338,0,0,0,0.3420201433256689,-0.9396926207859083,-0.10000000000000053,9.7,64
2025-12-04 07:00:00,65.82651335999999,5.2,7.2,158,0.0,99,0.0,0.0,100,7,3,12,338,0,0,0,0.37460659341591224,-0.9271838545667873,-0.20000000000000018,9.8,64
2025-12-04 08:00:00,65.82758833249999,5.2,6.9,139,0.0,99,0.0,0.0,100,8,3,12,338,0,0,0,0.6560590289905073,-0.754709580222772,-0.20000000000000018,9.8,64
2025-12-04 09:00:00,65.17738260999998,4.9,8.6,150,0.0,99,0.0,0.0,100,9,3,12,338,0,0,0,0.49999999999999994,-0.8660254037844387,-0.39999999999999947,10.1,64
2025-12-04 10:00:00,65.40090488499999,5.1,9.4,148,1.0,99,0.0,0.0,100,10,3,12,338,0,0,0,0.529919264233205,-0.848048096156426,-0.10000000000000053,9.9,64
2025-12-04 11:00:00,63.84958979999998,5.2,10.1,149,13.0,99,0.0,0.0,100,11,3,12,338,0,0,0,0.5150380749100544,-0.8571673007021122,0.0,9.8,64
2025-12-04 12:00:00,62.42968360499999,5.3,9.9,165,13.0,99,0.0,0.0,100,12,3,12,338,0,0,0,0.258819045102521,-0.9659258262890682,0.39999999999999947,9.7,64
2025-12-04 13:00:00,63.254115314999986,5.5,7.7,162,23.0,99,0.0,0.0,100,13,3,12,338,0,0,0,0.3090169943749475,-0.9510565162951535,0.40000000000000036,9.5,64
2025-12-04 14:00:00,64.52621987333332,5.7,7.2,168,25.0,99,0.0,0.0,100,14,3,12,338,0,0,0,0.20791169081775931,-0.9781476007338057,0.5,9.3,64
2025-12-04 15:00:00,64.80687121749999,5.7,8.0,140,34.0,98,0.0,0.0,100,15,3,12,338,0,0,0,0.6427876096865395,-0.7660444431189779,0.40000000000000036,9.3,64
2025-12-04 16:00:00,65.47267744999999,5.7,9.6,137,29.0,98,0.0,0.0,100,16,3,12,338,0,0,0,0.6819983600624986,-0.7313537016191705,0.20000000000000018,9.3,64
2025-12-04 17:00:00,65.55004369925021,5.5,9.6,137,6.0,98,0.0,0.0,100,17,3,12,338,0,0,0,0.6819983600624986,-0.7313537016191705,-0.20000000000000018,9.5,64
2025-12-04 18:00:00,66.07333744550134,5.2,10.0,126,0.0,98,0.0,0.0,100,18,3,12,338,0,0,0,0.8090169943749475,-0.587785252292473,-0.5,9.8,64
2025-12-04 19:00:00,65.19786981400254,5.2,12.1,123,0.0,97,0.0,0.0,67,19,3,12,338,0,0,0,0.838670567945424,-0.5446390350150272,-0.5,9.8,64
2025-12-04 20:00:00,64.54488303583707,5.3,12.0,116,0.0,97,0.0,0.0,99,20,3,12,338,0,0,0,0.8987940462991669,-0.4383711467890775,-0.20000000000000018,9.7,64
2025-12-04 21:00:00,60.99297992267163,4.8,12.7,105,0.0,98,0.0,0.0,45,21,3,12,338,0,0,0,0.9659258262890683,-0.25881904510252085,-0.40000000000000036,10.2,64
2025-12-04 22:00:00,57.88943682450617,3.8,13.9,111,0.0,99,0.0,0.0,66,22,3,12,338,0,0,0,0.9335804264972017,-0.35836794954530027,-1.4000000000000004,11.2,64
2025-12-04 23:00:00,56.26362279134071,3.5,13.7,118,0.0,99,0.0,0.0,90,23,3,12,338,0,0,0,0.8829475928589269,-0.4694715627858909,-1.7999999999999998,11.5,64
2025-12-05 00:00:00,56.48780418234191,3.3,13.5,123,0.0,96,0.0,0.0,44,0,4,12,339,0,0,0,0.838670567945424,-0.5446390350150272,-1.5,11.7,65
2025-12-05 01:00:00,56.50996807417644,2.2,12.4,133,0.0,96,0.0,0.0,20,1,4,12,339,0,0,0,0.7313537016191706,-0.6819983600624984,-1.5999999999999996,12.8,65
2025-12-05 02:00:00,57.015993360177646,2.2,12.6,126,0.0,96,0.0,0.0,53,2,4,12,339,0,0,0,0.8090169943749475,-0.587785252292473,-1.2999999999999998,12.8,65
2025-12-05 03:00:00,58.90877211534552,1.7,11.2,127,0.0,97,0.0,0.0,30,3,4,12,339,0,0,0,0.7986355100472927,-0.6018150231520484,-1.5999999999999999,13.3,65
2025-12-05 04:00:00,61.90389410884672,1.2,11.1,124,0.0,98,0.0,0.0,11,4,4,12,339,0,0,0,0.8290375725550417,-0.5591929034707467,-1.0000000000000002,13.8,65
2025-12-05 05:00:00,68.40377341734792,1.0,11.9,124,0.0,98,0.0,0.0,84,5,4,12,339,0,0,0,0.8290375725550417,-0.5591929034707467,-1.2000000000000002,14.0,65
2025-12-05 06:00:00,71.6116680500158,0.9,12.0,125,0.0,98,0.0,0.0,58,6,4,12,339,0,0,0,0.8191520442889917,-0.5735764363510462,-0.7999999999999999,14.1,65
2025-12-05 07:00:00,72.63583869018366,1.2,11.6,131,0.0,98,0.0,0.0,99,7,4,12,339,0,0,0,0.7547095802227721,-0.6560590289905072,0.0,13.8,65
2025-12-05 08:00:00,72.65803837618488,1.8,10.7,136,0.0,96,0.0,0.0,100,8,4,12,339,0,0,0,0.6946583704589971,-0.7193398003386513,0.8,13.2,65
2025-12-05 09:00:00,71.49582783135274,2.1,8.9,137,0.0,96,0.0,0.0,100,9,4,12,339,0,0,0,0.6819983600624986,-0.7313537016191705,1.2000000000000002,12.9,65
2025-12-05 10:00:00,70.14016936818727,2.5,8.3,138,2.0,95,0.0,0.0,100,10,4,12,339,0,0,0,0.6691306063588585,-0.743144825477394,1.3,12.5,65
2025-12-05 11:00:00,68.81823649668848,2.9,8.3,139,20.0,93,0.0,0.0,100,11,4,12,339,0,0,0,0.6560590289905073,-0.754709580222772,1.0999999999999999,12.1,65
2025-12-05 12:00:00,68.46052073018967,3.2,9.1,142,33.0,92,0.0,0.0,100,12,4,12,339,0,0,0,0.6156614753256584,-0.7880107536067219,1.1,11.8,65
2025-12-05 13:00:00,69.47398354119089,3.5,7.9,137,41.0,88,0.0,0.0,100,13,4,12,339,0,0,0,0.6819983600624986,-0.7313537016191705,1.0,11.5,65
2025-12-05 14:00:00,70.1851663996921,3.8,8.1,141,65.0,88,0.0,0.0,100,14,4,12,339,0,0,0,0.6293203910498374,-0.7771459614569709,0.8999999999999999,11.2,65
2025-12-05 15:00:00,70.47048168652664,4.1,6.9,141,46.0,87,0.0,0.0,100,15,4,12,339,0,0,0,0.6293203910498374,-0.7771459614569709,0.8999999999999995,10.9,65
2025-12-05 16:00:00,70.50922265752784,4.1,4.9,141,24.0,88,0.0,0.0,100,16,4,12,339,0,0,0,0.6293203910498374,-0.7771459614569709,0.5999999999999996,10.9,65
2025-12-05 17:00:00,69.79334537102905,3.5,2.5,135,8.0,94,0.0,0.0,100,17,4,12,339,0,0,0,0.7071067811865476,-0.7071067811865475,-0.2999999999999998,11.5,65
2025-12-05 18:00:00,69.83304903953024,3.0,3.6,139,0.0,96,0.0,0.0,98,18,4,12,339,0,0,0,0.6560590289905073,-0.754709580222772,-1.0999999999999996,12.0,65
2025-12-05 19:00:00,68.73212612053145,2.4,5.2,178,0.0,97,0.0,0.0,100,19,4,12,339,0,0,0,0.03489949670250114,-0.9993908270190958,-1.6999999999999997,12.6,65
2025-12-05 20:00:00,66.35312643653266,2.5,7.1,195,0.0,99,0.0,0.0,100,20,4,12,339,0,0,0,-0.2588190451025208,-0.9659258262890683,-1.0,12.5,65
2025-12-05 21:00:00,63.44952828586719,2.6,7.0,177,0.0,99,0.0,0.0,100,21,4,12,339,0,0,0,0.05233595624294381,-0.9986295347545738,-0.3999999999999999,12.4,65
2025-12-05 22:00:00,60.4873310093684,2.5,7.7,171,0.0,99,0.0,0.0,100,22,4,12,339,0,0,0,0.15643446504023098,-0.9876883405951377,0.10000000000000009,12.5,65
2025-12-05 23:00:00,58.43264695036961,2.2,8.6,168,0.0,100,0.0,0.0,100,23,4,12,339,0,0,0,0.20791169081775931,-0.9781476007338057,-0.2999999999999998,12.8,65
2025-12-06 00:00:00,57.34789245137081,2.2,9.6,163,0.0,99,0.0,0.0,100,0,5,12,340,1,0,0,0.2923717047227366,-0.9563047559630355,-0.3999999999999999,12.8,66
2025-12-06 01:00:00,56.81444098820535,2.4,13.5,167,0.0,98,0.0,0.0,100,1,5,12,340,1,0,0,0.2249510543438652,-0.9743700647852351,-0.10000000000000009,12.6,66
2025-12-06 02:00:00,56.79623159420655,3.0,10.7,167,0.0,97,0.0,0.0,100,2,5,12,340,1,0,0,0.2249510543438652,-0.9743700647852351,0.7999999999999998,12.0,66
2025-12-06 03:00:00,57.56470285187442,3.0,11.8,167,0.0,97,0.0,0.0,100,3,5,12,340,1,0,0,0.2249510543438652,-0.9743700647852351,0.7999999999999998,12.0,66
2025-12-06 04:00:00,60.8605351920423,3.3,12.5,162,0.0,98,0.0,0.0,100,4,5,12,340,1,0,0,0.3090169943749475,-0.9510565162951535,0.8999999999999999,11.7,66
2025-12-06 05:00:00,63.68522158721016,3.7,13.8,158,0.0,97,0.0,0.0,100,5,5,12,340,1,0,0,0.37460659341591224,-0.9271838545667873,0.7000000000000002,11.3,66
2025-12-06 06:00:00,68.08409546321137,3.8,15.4,154,0.0,96,0.0,0.0,100,6,5,12,340,1,0,0,0.4383711467890773,-0.898794046299167,0.7999999999999998,11.2,66
2025-12-06 07:00:00,72.46110031754591,4.2,16.0,144,0.0,92,0.0,0.0,100,7,5,12,340,1,0,0,0.5877852522924732,-0.8090169943749473,0.9000000000000004,10.8,66
2025-12-06 08:00:00,75.58465127271376,3.3,17.3,138,0.0,93,0.0,0.0,100,8,5,12,340,1,0,0,0.6691306063588585,-0.743144825477394,-0.40000000000000036,11.7,66
2025-12-06 09:00:00,75.97855219954832,2.7,17.8,144,0.0,95,0.0,0.0,100,9,5,12,340,1,0,0,0.5877852522924732,-0.8090169943749473,-1.0999999999999996,12.3,66
2025-12-06 10:00:00,73.97479964221618,2.2,17.6,147,4.0,95,0.0,0.0,100,10,5,12,340,1,0,0,0.5446390350150273,-0.8386705679454239,-2.0,12.8,66
2025-12-06 11:00:00,72.64667462321738,2.8,18.0,148,45.0,92,0.0,0.0,100,11,5,12,340,1,0,0,0.529919264233205,-0.848048096156426,-0.5,12.2,66
2025-12-06 12:00:00,71.7677730742186,3.7,18.2,150,95.0,86,0.0,0.0,100,12,5,12,340,1,0,0,0.49999999999999994,-0.8660254037844387,1.0,11.3,66
2025-12-06 13:00:00,71.97062971438646,3.8,15.6,147,73.0,86,0.0,0.0,100,13,5,12,340,1,0,0,0.5446390350150273,-0.8386705679454239,1.5999999999999996,11.2,66
2025-12-06 14:00:00,71.24379034622099,3.3,17.0,141,42.0,94,0.0,0.0,100,14,5,12,340,1,0,0,0.6293203910498374,-0.7771459614569709,0.5,11.7,66
2025-12-06 15:00:00,71.84322671722221,3.3,17.1,137,14.0,94,0.0,0.0,100,15,5,12,340,1,0,0,0.6819983600624986,-0.7313537016191705,-0.40000000000000036,11.7,66
2025-12-06 16:00:00,71.93989597572342,3.5,18.0,139,13.0,94,0.0,0.0,100,16,5,12,340,1,0,0,0.6560590289905073,-0.754709580222772,-0.2999999999999998,11.5,66
2025-12-06 17:00:00,71.11221717172461,3.5,17.1,141,3.0,94,0.0,0.0,100,17,5,12,340,1,0,0,0.6293203910498374,-0.7771459614569709,0.20000000000000018,11.5,66
2025-12-06 18:00:00,70.06053510772581,3.7,16.5,144,0.0,94,0.0,0.0,100,18,5,12,340,1,0,0,0.5877852522924732,-0.8090169943749473,0.40000000000000036,11.3,66
2025-12-06 19:00:00,68.03601084206035,4.0,16.7,148,0.0,94,0.0,0.0,100,19,5,12,340,1,0,0,0.529919264233205,-0.848048096156426,0.5,11.0,66
2025-12-06 20:00:00,65.4303931338949,4.4,17.4,154,0.0,96,0.0,0.0,100,20,5,12,340,1,0,0,0.4383711467890773,-0.898794046299167,0.9000000000000004,10.6,66
2025-12-06 21:00:00,62.5770801573961,4.8,17.4,157,0.0,96,0.0,0.0,100,21,5,12,340,1,0,0,0.39073112848927377,-0.9205048534524404,1.0999999999999996,10.2,66
2025-12-06 22:00:00,58.07555166089731,5.1,16.4,159,0.0,98,0.0,0.0,100,22,5,12,340,1,0,0,0.3583679495453002,-0.9335804264972017,1.0999999999999996,9.9,66
2025-12-06 23:00:00,55.69297337439852,5.2,16.4,161,0.0,98,0.0,0.0,100,23,5,12,340,1,0,0,0.3255681544571566,-0.9455185755993168,0.7999999999999998,9.8,66
2025-12-07 00:00:00,54.39508928373305,5.5,18.0,166,0.0,96,0.0,0.0,100,0,6,12,341,1,0,0,0.24192189559966773,-0.9702957262759965,0.7000000000000002,9.5,67
2025-12-07 01:00:00,53.92770548223426,5.2,17.3,167,0.0,98,0.0,0.0,95,1,6,12,341,1,0,0,0.2249510543438652,-0.9743700647852351,0.10000000000000053,9.8,67
2025-12-07 02:00:00,53.70056253073547,5.8,17.3,164,0.0,98,0.0,0.0,100,2,6,12,341,1,0,0,0.2756373558169992,-0.9612616959383189,0.5999999999999996,9.2,67
2025-12-07 03:00:00,53.893262214236664,6.2,17.2,167,0.0,98,0.0,0.0,100,3,6,12,341,1,0,0,0.2249510543438652,-0.9743700647852351,0.7000000000000002,8.8,67
2025-12-07 04:00:00,55.58893763023787,6.4,16.6,170,0.0,98,0.0,0.0,99,4,6,12,341,1,0,0,0.17364817766693028,-0.984807753012208,1.2000000000000002,8.6,67
2025-12-07 05:00:00,57.270233222905745,6.0,16.6,176,0.0,99,0.0,0.0,98,5,6,12,341,1,0,0,0.06975647374412552,-0.9975640502598242,0.20000000000000018,9.0,67
2025-12-07 06:00:00,59.76889558140694,5.8,15.2,173,0.0,98,0.0,0.0,100,6,6,12,341,1,0,0,0.12186934340514755,-0.992546151641322,-0.40000000000000036,9.2,67
2025-12-07 07:00:00,62.385108467408145,6.3,14.2,182,0.0,98,0.0,0.0,85,7,6,12,341,1,0,0,-0.0348994967025009,-0.9993908270190958,-0.10000000000000053,8.7,67
2025-12-07 08:00:00,65.69299497257602,7.2,13.1,181,0.0,99,0.0,0.0,94,8,6,12,341,1,0,0,-0.017452406437283637,-0.9998476951563913,1.2000000000000002,7.8,67
2025-12-07 09:00:00,66.15824608357723,6.9,12.6,175,0.0,99,0.0,0.0,61,9,6,12,341,1,0,0,0.0871557427476582,-0.9961946980917455,1.1000000000000005,8.1,67
2025-12-07 10:00:00,64.85447202457843,6.2,12.0,196,3.0,98,0.0,0.0,83,10,6,12,341,1,0,0,-0.275637355816999,-0.9612616959383189,-0.09999999999999964,8.8,67
2025-12-07 11:00:00,63.85220756307963,6.8,13.6,211,37.0,94,0.0,0.0,48,11,6,12,341,1,0,0,-0.5150380749100542,-0.8571673007021123,-0.40000000000000036,8.2,67
2025-12-07 12:00:00,63.65026472408083,7.6,14.1,214,92.0,93,0.0,0.0,40,12,6,12,341,1,0,0,-0.5591929034707467,-0.8290375725550418,0.6999999999999993,7.4,67
2025-12-07 13:00:00,63.24602744508204,8.7,15.4,222,149.0,95,0.0,0.0,100,13,6,12,341,1,0,0,-0.6691306063588582,-0.7431448254773942,2.499999999999999,6.300000000000001,67
2025-12-07 14:00:00,63.09514425191658,8.8,14.7,213,87.0,96,0.0,0.0,84,14,6,12,341,1,0,0,-0.5446390350150271,-0.838670567945424,2.000000000000001,6.199999999999999,67
2025-12-07 15:00:00,62.342776319584445,8.7,14.6,218,79.0,95,0.0,0.0,100,15,6,12,341,1,0,0,-0.6156614753256582,-0.788010753606722,1.0999999999999996,6.300000000000001,67
2025-12-07 16:00:00,62.86674329558565,8.4,13.8,211,52.0,96,0.0,0.0,100,16,6,12,341,1,0,0,-0.5150380749100542,-0.8571673007021123,-0.29999999999999893,6.6,67
2025-12-07 17:00:00,63.140660174920185,8.1,15.0,209,8.0,98,0.0,0.0,100,17,6,12,341,1,0,0,-0.48480962024633695,-0.8746197071393959,-0.7000000000000011,6.9,67
2025-12-07 18:00:00,62.53722222592139,8.1,13.4,202,0.0,98,0.0,0.0,100,18,6,12,341,1,0,0,-0.374606593415912,-0.9271838545667874,-0.5999999999999996,6.9,67
2025-12-07 19:00:00,61.6978431319226,7.8,12.2,189,0.0,98,0.0,0.0,100,19,6,12,341,1,0,0,-0.15643446504023073,-0.9876883405951378,-0.6000000000000005,7.2,67
2025-12-07 20:00:00,59.10793379542381,7.3,12.5,162,0.0,97,0.0,0.0,93,20,6,12,341,1,0,0,0.3090169943749475,-0.9510565162951535,-0.7999999999999998,7.7,67
2025-12-07 21:00:00,54.95571027892501,6.9,13.7,153,0.0,97,0.0,0.0,100,21,6,12,341,1,0,0,0.45399049973954686,-0.8910065241883678,-1.1999999999999993,8.1,67
2025-12-07 22:00:00,51.60286837575955,7.0,16.3,149,0.0,96,0.0,0.0,100,22,6,12,341,1,0,0,0.5150380749100544,-0.8571673007021122,-0.7999999999999998,8.0,67
2025-12-07 23:00:00,49.42652821676075,7.2,18.0,146,0.0,95,0.0,0.0,100,23,6,12,341,1,0,0,0.5591929034707469,-0.8290375725550416,-0.09999999999999964,7.8,67
2025-12-08 00:00:00,49.09812831526196,7.4,20.6,144,0.0,95,0.0,0.0,100,0,0,12,342,0,0,0,0.5877852522924732,-0.8090169943749473,0.5,7.6,68
2025-12-08 01:00:00,48.64700173209649,7.5,21.3,145,0.0,97,0.0,0.0,100,1,0,12,342,0,0,0,0.5735764363510459,-0.8191520442889919,0.5,7.5,68
2025-12-08 02:00:00,50.15507638976437,7.9,24.1,150,0.0,97,0.0,0.0,100,2,0,12,342,0,0,0,0.49999999999999994,-0.8660254037844387,0.7000000000000002,7.1,68
2025-12-08 03:00:00,53.77193663743223,8.2,23.8,164,0.0,97,0.0,0.0,100,3,0,12,342,0,0,0,0.2756373558169992,-0.9612616959383189,0.7999999999999989,6.800000000000001,68
2025-12-08 04:00:00,57.09325575760011,8.9,23.5,193,0.0,98,0.0,0.0,100,4,0,12,342,0,0,0,-0.22495105434386498,-0.9743700647852352,1.4000000000000004,6.1,68
2025-12-08 05:00:00,60.468303121101314,10.3,28.5,241,0.0,94,0.0,0.0,30,5,0,12,342,0,0,0,-0.874619707139396,-0.48480962024633684,2.4000000000000004,4.699999999999999,68
2025-12-08 06:00:00,61.71987456960252,9.3,28.4,247,0.0,93,0.0,0.0,2,6,0,12,342,0,0,0,-0.9205048534524403,-0.3907311284892738,1.1000000000000014,5.699999999999999,68
2025-12-08 07:00:00,62.06535875060372,8.6,24.7,238,0.0,90,0.0,0.0,11,7,0,12,342,0,0,0,-0.848048096156426,-0.529919264233205,-0.3000000000000007,6.4,68
2025-12-08 08:00:00,62.16258181160492,8.6,24.2,230,0.0,87,0.0,0.0,10,8,0,12,342,0,0,0,-0.7660444431189779,-0.6427876096865395,-1.700000000000001,6.4,68
2025-12-08 09:00:00,60.50878083593946,8.8,26.9,229,0.0,85,0.0,0.0,39,9,0,12,342,0,0,0,-0.754709580222772,-0.6560590289905073,-0.5,6.199999999999999,68
2025-12-08 10:00:00,58.886558024440674,8.9,27.4,230,3.0,85,0.0,0.0,23,10,0,12,342,0,0,0,-0.7660444431189779,-0.6427876096865395,0.3000000000000007,6.1,68
2025-12-08 11:00:00,58.180189863775205,9.4,28.6,234,48.0,81,0.0,0.0,72,11,0,12,342,0,0,0,-0.8090169943749473,-0.5877852522924732,0.8000000000000007,5.6,68
2025-12-08 12:00:00,58.97948715477641,10.0,29.7,233,118.0,81,0.0,0.0,98,12,0,12,342,0,0,0,-0.7986355100472928,-0.6018150231520483,1.1999999999999993,5.0,68
2025-12-08 13:00:00,59.278596947444285,10.1,24.7,233,154.0,83,0.0,0.0,100,13,0,12,342,0,0,0,-0.7986355100472928,-0.6018150231520483,1.1999999999999993,4.9,68
2025-12-08 14:00:00,59.97550959594549,10.1,22.5,230,132.0,85,0.0,0.0,100,14,0,12,342,0,0,0,-0.7660444431189779,-0.6427876096865395,0.6999999999999993,4.9,68
2025-12-08 15:00:00,58.89806259194669,10.1,21.3,230,76.0,85,0.0,0.0,100,15,0,12,342,0,0,0,-0.7660444431189779,-0.6427876096865395,0.09999999999999964,4.9,68
2025-12-08 16:00:00,59.645052633781226,9.9,26.5,234,39.0,89,0.0,0.0,100,16,0,12,342,0,0,0,-0.8090169943749473,-0.5877852522924732,-0.1999999999999993,5.1,68
2025-12-08 17:00:00,60.3936615389491,9.9,23.9,229,6.0,91,0.0,0.0,100,17,0,12,342,0,0,0,-0.754709580222772,-0.6560590289905073,-0.1999999999999993,5.1,68
2025-12-08 18:00:00,61.342514293283635,9.8,22.7,231,0.0,92,0.0,0.0,100,18,0,12,342,0,0,0,-0.7771459614569706,-0.6293203910498378,-0.29999999999999893,5.199999999999999,68
2025-12-08 19:00:00,63.21356966178484,9.5,23.6,234,0.0,94,0.0,0.0,100,19,0,12,342,0,0,0,-0.8090169943749473,-0.5877852522924732,-0.40000000000000036,5.5,68
2025-12-08 20:00:00,60.23905203028605,9.6,20.8,235,0.0,96,0.0,0.0,100,20,0,12,342,0,0,0,-0.8191520442889916,-0.5735764363510464,-0.3000000000000007,5.4,68
2025-12-08 21:00:00,55.435398827120586,9.8,19.9,239,0.0,97,0.0,0.0,100,21,0,12,342,0,0,0,-0.8571673007021121,-0.5150380749100544,0.0,5.199999999999999,68
2025-12-08 22:00:00,52.507537860621795,9.6,20.0,242,0.0,96,0.0,0.0,99,22,0,12,342,0,0,0,-0.882947592858927,-0.46947156278589075,0.09999999999999964,5.4,68
2025-12-08 23:00:00,50.05569643412299,8.8,18.6,244,0.0,96,0.0,0.0,100,23,0,12,342,0,0,0,-0.8987940462991668,-0.43837114678907774,-0.7999999999999989,6.199999999999999,68
2025-12-09 00:00:00,49.3791215776242,8.4,18.0,243,0.0,96,0.0,0.0,98,0,1,12,343,0,0,0,-0.8910065241883678,-0.45399049973954697,-1.4000000000000004,6.6,69
2025-12-09 01:00:00,48.87694114362541,8.3,17.2,239,0.0,97,0.0,0.0,90,1,1,12,343,0,0,0,-0.8571673007021121,-0.5150380749100544,-1.299999999999999,6.699999999999999,69
2025-12-09 02:00:00,49.0348411121266,9.2,17.8,242,0.0,97,0.0,0.0,95,2,1,12,343,0,0,0,-0.882947592858927,-0.46947156278589075,0.3999999999999986,5.800000000000001,69
2025-12-09 03:00:00,49.65281316062781,8.9,15.2,231,0.0,98,0.0,0.0,100,3,1,12,343,0,0,0,-0.7771459614569706,-0.6293203910498378,0.5,6.1,69
2025-12-09 04:00:00,52.831658302462344,8.9,15.3,233,0.0,99,0.0,0.0,100,4,1,12,343,0,0,0,-0.7986355100472928,-0.6018150231520483,0.5999999999999996,6.1,69
2025-12-09 05:00:00,58.096404219296886,9.0,15.3,232,0.0,99,0.0,0.0,100,5,1,12,343,0,0,0,-0.7880107536067221,-0.6156614753256581,-0.1999999999999993,6.0,69
2025-12-09 06:00:00,61.17259983196476,8.9,15.4,232,0.0,99,0.0,0.0,100,6,1,12,343,0,0,0,-0.7880107536067221,-0.6156614753256581,0.0,6.1,69
2025-12-09 07:00:00,60.99298839546596,8.9,16.3,233,0.0,99,0.0,0.0,100,7,1,12,343,0,0,0,-0.7986355100472928,-0.6018150231520483,0.0,6.1,69
2025-12-09 08:00:00,60.517837889800504,9.1,13.5,224,0.0,100,0.0,0.0,100,8,1,12,343,0,0,0,-0.6946583704589974,-0.7193398003386511,0.09999999999999964,5.9,69
2025-12-09 09:00:00,58.889861023301705,9.5,13.9,224,0.0,100,0.0,0.0,100,9,1,12,343,0,0,0,-0.6946583704589974,-0.7193398003386511,0.5999999999999996,5.5,69
2025-12-09 10:00:00,57.80443617763625,9.6,13.6,224,1.0,100,0.0,0.0,100,10,1,12,343,0,0,0,-0.6946583704589974,-0.7193398003386511,0.6999999999999993,5.4,69
2025-12-09 11:00:00,56.81096993030412,9.9,13.6,221,16.0,99,0.0,0.0,100,11,1,12,343,0,0,0,-0.656059028990507,-0.7547095802227721,0.8000000000000007,5.1,69
2025-12-09 12:00:00,56.85903868130532,10.2,13.5,218,21.0,99,0.0,0.0,100,12,1,12,343,0,0,0,-0.6156614753256582,-0.788010753606722,0.6999999999999993,4.800000000000001,69
2025-12-09 13:00:00,57.43138015980652,10.7,13.5,207,33.0,98,0.0,0.0,100,13,1,12,343,0,0,0,-0.4539904997395467,-0.8910065241883679,1.0999999999999996,4.300000000000001,69
2025-12-09 14:00:00,57.00540508580773,11.0,14.5,197,39.0,98,0.0,0.0,100,14,1,12,343,0,0,0,-0.29237170472273677,-0.9563047559630354,1.0999999999999996,4.0,69
2025-12-09 15:00:00,57.61236355180893,11.0,15.1,205,17.0,98,0.0,0.0,100,15,1,12,343,0,0,0,-0.4226182617406993,-0.90630778703665,0.8000000000000007,4.0,69
2025-12-09 16:00:00,57.85107319281014,11.1,13.6,202,24.0,98,0.0,0.0,100,16,1,12,343,0,0,0,-0.374606593415912,-0.9271838545667874,0.40000000000000036,3.9000000000000004,69
2025-12-09 17:00:00,57.94803509881134,10.9,14.0,198,3.0,97,0.0,0.0,100,17,1,12,343,0,0,0,-0.3090169943749473,-0.9510565162951536,-0.09999999999999964,4.1,69
2025-12-09 18:00:00,58.049537387312554,10.9,16.8,189,0.0,97,0.0,0.0,100,18,1,12,343,0,0,0,-0.15643446504023073,-0.9876883405951378,-0.09999999999999964,4.1,69
2025-12-09 19:00:00,57.504053260813755,10.9,18.8,189,0.0,98,0.0,0.0,100,19,1,12,343,0,0,0,-0.15643446504023073,-0.9876883405951378,-0.1999999999999993,4.1,69
2025-12-09 20:00:00,55.642733926814955,11.4,20.0,187,0.0,96,0.0,0.0,100,20,1,12,343,0,0,0,-0.12186934340514731,-0.9925461516413221,0.5,3.5999999999999996,69
2025-12-09 21:00:00,51.964836971149495,11.2,19.6,191,0.0,97,0.0,0.0,100,21,1,12,343,0,0,0,-0.19080899537654472,-0.981627183447664,0.29999999999999893,3.8000000000000007,69
2025-12-09 22:00:00,48.410985059650685,11.1,19.1,189,0.0,97,0.0,0.0,100,22,1,12,343,0,0,0,-0.15643446504023073,-0.9876883405951378,0.1999999999999993,3.9000000000000004,69
2025-12-09 23:00:00,46.3081555856519,11.4,22.7,194,0.0,93,0.0,0.0,100,23,1,12,343,0,0,0,-0.2419218955996675,-0.9702957262759965,0.0,3.5999999999999996,69
2025-12-10 00:00:00,45.6350258566531,11.6,22.1,201,0.0,91,0.0,0.0,100,0,2,12,344,0,0,0,-0.35836794954530043,-0.9335804264972016,0.40000000000000036,3.4000000000000004,70
2025-12-10 01:00:00,45.93155725432097,11.6,22.4,213,0.0,87,0.0,0.0,100,1,2,12,344,0,0,0,-0.5446390350150271,-0.838670567945424,0.5,3.4000000000000004,70
2025-12-10 02:00:00,46.191475561155514,11.1,23.3,213,0.0,90,0.0,0.0,100,2,2,12,344,0,0,0,-0.5446390350150271,-0.838670567945424,-0.3000000000000007,3.9000000000000004,70
2025-12-10 03:00:00,47.60832627715671,10.9,23.7,223,0.0,90,0.0,0.0,100,3,2,12,344,0,0,0,-0.6819983600624984,-0.7313537016191706,-0.6999999999999993,4.1,70
2025-12-10 04:00:00,50.75362791565792,10.5,24.2,228,0.0,93,0.0,0.0,100,4,2,12,344,0,0,0,-0.7431448254773944,-0.6691306063588581,-1.0999999999999996,4.5,70
2025-12-10 05:00:00,56.35300100082579,10.6,24.3,230,0.0,92,0.0,0.0,100,5,2,12,344,0,0,0,-0.7660444431189779,-0.6427876096865395,-0.5,4.4,70
2025-12-10 06:00:00,59.20203218099367,10.9,23.7,235,0.0,89,0.0,0.0,98,6,2,12,344,0,0,0,-0.8191520442889916,-0.5735764363510464,0.0,4.1,70
2025-12-10 07:00:00,59.47849886032821,10.4,22.7,238,0.0,91,0.0,0.0,100,7,2,12,344,0,0,0,-0.848048096156426,-0.529919264233205,-0.09999999999999964,4.6,70
2025-12-10 08:00:00,59.54638810049608,10.1,21.2,241,0.0,93,0.0,0.0,100,8,2,12,344,0,0,0,-0.874619707139396,-0.48480962024633684,-0.5,4.9,70
2025-12-10 09:00:00,59.39499662566396,9.9,19.6,238,0.0,93,0.0,0.0,100,9,2,12,344,0,0,0,-0.848048096156426,-0.529919264233205,-1.0,5.1,70
2025-12-10 10:00:00,58.21764439999848,9.7,19.0,237,1.0,92,0.0,0.0,100,10,2,12,344,0,0,0,-0.8386705679454242,-0.544639035015027,-0.7000000000000011,5.300000000000001,70
2025-12-10 11:00:00,56.311305214333025,9.8,19.9,237,35.0,90,0.0,0.0,100,11,2,12,344,0,0,0,-0.8386705679454242,-0.544639035015027,-0.29999999999999893,5.199999999999999,70
2025-12-10 12:00:00,56.314012862834225,10.2,21.1,237,72.0,86,0.0,0.0,99,12,2,12,344,0,0,0,-0.8386705679454242,-0.544639035015027,0.29999999999999893,4.800000000000001,70
2025-12-10 13:00:00,55.73784945133543,10.4,19.6,237,104.0,83,0.0,0.0,100,13,2,12,344,0,0,0,-0.8386705679454242,-0.544639035015027,0.7000000000000011,4.6,70
2025-12-10 14:00:00,56.88621084983664,10.2,16.0,223,125.0,87,0.0,0.0,100,14,2,12,344,0,0,0,-0.6819983600624984,-0.7313537016191706,0.3999999999999986,4.800000000000001,70
2025-12-10 15:00:00,58.06020969833784,10.2,19.1,227,124.0,88,0.0,0.0,98,15,2,12,344,0,0,0,-0.7313537016191703,-0.6819983600624986,0.0,4.800000000000001,70
2025-12-10 16:00:00,59.95709337183904,9.9,22.0,231,63.0,89,0.0,0.0,99,16,2,12,344,0,0,0,-0.7771459614569706,-0.6293203910498378,-0.5,5.1,70
2025-12-10 17:00:00,60.23043616617358,9.5,22.5,229,13.0,91,0.0,0.0,100,17,2,12,344,0,0,0,-0.754709580222772,-0.6560590289905073,-0.6999999999999993,5.5,70
2025-12-10 18:00:00,59.879360898841455,9.6,24.2,230,0.0,91,0.0,0.0,87,18,2,12,344,0,0,0,-0.7660444431189779,-0.6427876096865395,-0.5999999999999996,5.4,70
2025-12-10 19:00:00,59.22764696234266,9.5,25.5,231,0.0,89,0.0,0.0,99,19,2,12,344,0,0,0,-0.7771459614569706,-0.6293203910498378,-0.40000000000000036,5.5,70
2025-12-10 20:00:00,57.19977982084386,9.8,26.0,235,0.0,86,0.0,0.0,100,20,2,12,344,0,0,0,-0.8191520442889916,-0.5735764363510464,0.3000000000000007,5.199999999999999,70
2025-12-10 21:00:00,54.321639475178394,9.4,27.6,247,0.0,93,0.0,0.0,100,21,2,12,344,0,0,0,-0.9205048534524403,-0.3907311284892738,-0.1999999999999993,5.6,70
2025-12-10 22:00:00,51.22019332784627,9.0,23.8,241,0.0,90,0.0,0.0,5,22,2,12,344,0,0,0,-0.874619707139396,-0.48480962024633684,-0.5,6.0,70
2025-12-10 23:00:00,49.06856631634747,8.5,22.8,241,0.0,89,0.0,0.0,2,23,2,12,344,0,0,0,-0.874619707139396,-0.48480962024633684,-1.3000000000000007,6.5,70
2025-12-11 00:00:00,48.68966682568201,8.4,23.2,240,0.0,88,0.0,0.0,0,0,3,12,345,0,0,0,-0.8660254037844384,-0.5000000000000004,-1.0,6.6,71
2025-12-11 01:00:00,48.564334996683215,8.5,24.9,246,0.0,86,0.0,0.0,16,1,3,12,345,0,0,0,-0.913545457642601,-0.4067366430758001,-0.5,6.5,71
2025-12-11 02:00:00,49.09687277768442,8.8,24.7,247,0.0,87,0.0,0.0,23,2,3,12,345,0,0,0,-0.9205048534524403,-0.3907311284892738,0.3000000000000007,6.199999999999999,71
2025-12-11 03:00:00,50.58946815118562,8.9,24.0,249,0.0,86,0.0,0.0,8,3,3,12,345,0,0,0,-0.9335804264972015,-0.3583679495453007,0.5,6.1,71
2025-12-11 04:00:00,53.80887118468683,8.6,23.9,251,0.0,86,0.0,0.0,11,4,3,12,345,0,0,0,-0.9455185755993168,-0.32556815445715664,0.09999999999999964,6.4,71
2025-12-11 05:00:00,59.05921035652136,8.4,22.6,250,0.0,86,0.0,0.0,5,5,3,12,345,0,0,0,-0.9396926207859084,-0.34202014332566855,-0.40000000000000036,6.6,71
2025-12-11 06:00:00,62.53371878502257,8.1,20.4,248,0.0,87,0.0,0.0,95,6,3,12,345,0,0,0,-0.9271838545667873,-0.3746065934159123,-0.8000000000000007,6.9,71
2025-12-11 07:00:00,62.25463301519045,8.0,19.8,243,0.0,88,0.0,0.0,100,7,3,12,345,0,0,0,-0.8910065241883678,-0.45399049973954697,-0.5999999999999996,7.0,71
2025-12-11 08:00:00,62.20430492285832,8.4,19.8,242,0.0,89,0.0,0.0,100,8,3,12,345,0,0,0,-0.882947592858927,-0.46947156278589075,0.0,6.6,71
2025-12-11 09:00:00,61.05024317219284,8.5,18.8,243,0.0,89,0.0,0.0,100,9,3,12,345,0,0,0,-0.8910065241883678,-0.45399049973954697,0.40000000000000036,6.5,71
2025-12-11 10:00:00,59.62219844402739,9.1,20.6,245,0.0,85,0.0,0.0,100,10,3,12,345,0,0,0,-0.90630778703665,-0.42261826174069916,1.0999999999999996,5.9,71
2025-12-11 11:00:00,59.99584553734341,9.4,20.0,241,16.0,86,0.0,0.0,100,11,3,12,345,0,0,0,-0.874619707139396,-0.48480962024633684,1.0,5.6,71
2025-12-11 12:00:00,60.44860954325202,9.2,21.7,247,21.0,87,0.0,0.0,100,12,3,12,345,0,0,0,-0.9205048534524403,-0.3907311284892738,0.6999999999999993,5.800000000000001,71
2025-12-11 13:00:00,60.447910072256086,9.4,19.5,238,82.0,86,0.0,0.0,100,13,3,12,345,0,0,0,-0.848048096156426,-0.529919264233205,0.3000000000000007,5.6,71
2025-12-11 14:00:00,62.122144689999985,9.4,20.2,231,51.0,88,0.0,0.0,100,14,3,12,345,0,0,0,-0.7771459614569706,-0.6293203910498378,0.0,5.6,71
2025-12-11 15:00:00,62.49575510916666,9.3,21.7,240,89.0,88,0.0,0.0,100,15,3,12,345,0,0,0,-0.8660254037844384,-0.5000000000000004,0.10000000000000142,5.699999999999999,71
2025-12-11 16:00:00,62.99583006416666,9.1,23.9,245,52.0,87,0.0,0.0,98,16,3,12,345,0,0,0,-0.90630778703665,-0.42261826174069916,-0.3000000000000007,5.9,71
2025-12-11 17:00:00,62.79678418083332,8.1,22.7,243,14.0,91,0.0,0.0,99,17,3,12,345,0,0,0,-0.8910065241883678,-0.45399049973954697,-1.3000000000000007,6.9,71
2025-12-11 18:00:00,62.846337126666654,8.1,23.0,246,0.0,90,0.0,0.0,100,18,3,12,345,0,0,0,-0.913545457642601,-0.4067366430758001,-1.200000000000001,6.9,71
2025-12-11 19:00:00,61.54559574666665,8.2,22.8,247,0.0,91,0.0,0.0,100,19,3,12,345,0,0,0,-0.9205048534524403,-0.3907311284892738,-0.9000000000000004,6.800000000000001,71
2025-12-11 20:00:00,59.319804729166655,8.3,22.6,243,0.0,95,0.0,0.0,100,20,3,12,345,0,0,0,-0.8910065241883678,-0.45399049973954697,0.20000000000000107,6.699999999999999,71
2025-12-11 21:00:00,56.12117356833332,8.6,21.7,246,0.0,93,0.0,0.0,100,21,3,12,345,0,0,0,-0.913545457642601,-0.4067366430758001,0.5,6.4,71
2025-12-11 22:00:00,52.52031796666665,8.6,20.1,250,0.0,91,0.0,0.0,100,22,3,12,345,0,0,0,-0.9396926207859084,-0.34202014332566855,0.40000000000000036,6.4,71
2025-12-11 23:00:00,50.61865685999998,7.8,17.4,251,0.0,93,0.0,0.0,100,23,3,12,345,0,0,0,-0.9455185755993168,-0.32556815445715664,-0.5000000000000009,7.2,71
2025-12-12 00:00:00,50.06877855499998,7.2,15.3,248,0.0,94,0.0,0.0,73,0,4,12,346,0,0,0,-0.9271838545667873,-0.3746065934159123,-1.3999999999999995,7.8,72
2025-12-12 01:00:00,50.168929224999985,6.8,15.8,243,0.0,95,0.0,0.0,82,1,4,12,346,0,0,0,-0.8910065241883678,-0.45399049973954697,-1.7999999999999998,8.2,72
2025-12-12 02:00:00,50.07867061999998,6.7,16.7,243,0.0,95,0.0,0.0,100,2,4,12,346,0,0,0,-0.8910065241883678,-0.45399049973954697,-1.0999999999999996,8.3,72
2025-12-12 03:00:00,51.22309003499998,6.4,15.0,244,0.0,96,0.0,0.0,89,3,4,12,346,0,0,0,-0.8987940462991668,-0.43837114678907774,-0.7999999999999998,8.6,72
2025-12-12 04:00:00,55.19646705499999,6.2,13.5,247,0.0,97,0.0,0.0,100,4,4,12,346,0,0,0,-0.9205048534524403,-0.3907311284892738,-0.5999999999999996,8.8,72
2025-12-12 05:00:00,60.74872176916666,6.2,13.1,247,0.0,98,0.0,0.0,100,5,4,12,346,0,0,0,-0.9205048534524403,-0.3907311284892738,-0.5,8.8,72
2025-12-12 06:00:00,65.77386252749999,6.1,12.9,243,0.0,98,0.0,0.0,47,6,4,12,346,0,0,0,-0.8910065241883678,-0.45399049973954697,-0.3000000000000007,8.9,72
2025-12-12 07:00:00,69.65867906249998,5.4,12.0,242,0.0,98,0.0,0.0,32,7,4,12,346,0,0,0,-0.882947592858927,-0.46947156278589075,-0.7999999999999998,9.6,72
2025-12-12 08:00:00,68.52341882999998,6.2,10.4,234,0.0,95,0.0,0.0,97,8,4,12,346,0,0,0,-0.8090169943749473,-0.5877852522924732,0.0,8.8,72
2025-12-12 09:00:00,65.04700728833332,5.6,8.4,225,0.0,96,0.0,0.0,63,9,4,12,346,0,0,0,-0.7071067811865475,-0.7071067811865477,-0.5,9.4,72
2025-12-12 10:00:00,64.80271826083332,4.6,6.0,197,1.0,98,0.0,0.0,81,10,4,12,346,0,0,0,-0.29237170472273677,-0.9563047559630354,-0.8000000000000007,10.4,72
2025-12-12 11:00:00,64.33241510833332,5.3,8.5,192,39.0,98,0.0,0.0,100,11,4,12,346,0,0,0,-0.2079116908177595,-0.9781476007338056,-0.9000000000000004,9.7,72
2025-12-12 12:00:00,65.32960079666665,5.9,11.6,212,81.0,92,0.0,0.0,100,12,4,12,346,0,0,0,-0.5299192642332048,-0.8480480961564261,0.3000000000000007,9.1,72
2025-12-12 13:00:00,66.73110711666666,5.8,11.3,205,80.0,91,0.0,0.0,100,13,4,12,346,0,0,0,-0.4226182617406993,-0.90630778703665,1.2000000000000002,9.2,72
2025-12-12 14:00:00,66.90468566333331,5.3,8.0,196,71.0,93,0.0,0.0,100,14,4,12,346,0,0,0,-0.275637355816999,-0.9612616959383189,0.0,9.7,72
2025-12-12 15:00:00,67.90416411333332,5.2,7.0,203,56.0,91,0.0,0.0,100,15,4,12,346,0,0,0,-0.39073112848927355,-0.9205048534524404,-0.7000000000000002,9.8,72
2025-12-12 16:00:00,68.32139675499998,5.0,4.2,170,31.0,91,0.0,0.0,100,16,4,12,346,0,0,0,0.17364817766693028,-0.984807753012208,-0.7999999999999998,10.0,72
2025-12-12 17:00:00,68.62297177583332,4.8,8.0,126,9.0,92,0.0,0.0,100,17,4,12,346,0,0,0,0.8090169943749475,-0.587785252292473,-0.5,10.2,72
2025-12-12 18:00:00,67.49978888833331,4.7,10.9,135,0.0,93,0.0,0.0,100,18,4,12,346,0,0,0,0.7071067811865476,-0.7071067811865475,-0.5,10.3,72
2025-12-12 19:00:00,65.3969443825,4.6,13.5,135,0.0,93,0.0,0.0,99,19,4,12,346,0,0,0,0.7071067811865476,-0.7071067811865475,-0.40000000000000036,10.4,72
2025-12-12 20:00:00,62.848955247499994,4.8,12.2,139,0.0,97,0.0,0.0,100,20,4,12,346,0,0,0,0.6560590289905073,-0.754709580222772,0.0,10.2,72
2025-12-12 21:00:00,60.14776849166666,5.1,15.8,148,0.0,94,0.0,0.0,100,21,4,12,346,0,0,0,0.529919264233205,-0.848048096156426,0.39999999999999947,9.9,72
2025-12-12 22:00:00,56.44599560166666,5.2,11.5,151,0.0,95,0.0,0.0,100,22,4,12,346,0,0,0,0.48480962024633717,-0.8746197071393957,0.6000000000000005,9.8,72
2025-12-12 23:00:00,54.39470331666665,5.2,9.4,145,0.0,97,0.0,0.0,100,23,4,12,346,0,0,0,0.5735764363510459,-0.8191520442889919,0.40000000000000036,9.8,72
2025-12-13 00:00:00,53.346777926666654,5.3,8.6,151,0.0,97,0.0,0.0,100,0,5,12,347,1,0,0,0.48480962024633717,-0.8746197071393957,0.20000000000000018,9.7,73
2025-12-13 01:00:00,52.506244244166645,5.8,9.8,175,0.0,97,0.0,0.0,100,1,5,12,347,1,0,0,0.0871557427476582,-0.9961946980917455,0.5999999999999996,9.2,73
2025-12-13 02:00:00,52.48038555999999,6.1,11.1,192,0.0,96,0.0,0.0,100,2,5,12,347,1,0,0,-0.2079116908177595,-0.9781476007338056,0.8999999999999995,8.9,73
2025-12-13 03:00:00,52.52605379749998,6.7,11.6,204,0.0,97,0.0,0.0,100,3,5,12,347,1,0,0,-0.4067366430758002,-0.9135454576426009,1.4000000000000004,8.3,73
2025-12-13 04:00:00,54.20330599416665,7.2,11.2,210,0.0,99,0.0,0.0,100,4,5,12,347,1,0,0,-0.5000000000000001,-0.8660254037844386,1.4000000000000004,7.8,73
2025-12-13 05:00:00,56.77726868916666,7.5,13.1,218,0.0,99,0.0,0.0,100,5,5,12,347,1,0,0,-0.6156614753256582,-0.788010753606722,1.4000000000000004,7.5,73
2025-12-13 06:00:00,59.25236102916666,7.8,13.3,220,0.0,99,0.0,0.0,100,6,5,12,347,1,0,0,-0.6427876096865393,-0.766044443118978,1.0999999999999996,7.2,73
2025-12-13 07:00:00,60.84926154333332,8.1,14.8,225,0.0,97,0.0,0.0,100,7,5,12,347,1,0,0,-0.7071067811865475,-0.7071067811865477,0.8999999999999995,6.9,73
2025-12-13 08:00:00,64.950685055,8.4,16.1,220,0.0,97,0.0,0.0,100,8,5,12,347,1,0,0,-0.6427876096865393,-0.766044443118978,0.9000000000000004,6.6,73
2025-12-13 09:00:00,66.80119753249998,8.3,18.0,229,0.0,98,0.0,0.0,100,9,5,12,347,1,0,0,-0.754709580222772,-0.6560590289905073,0.5000000000000009,6.699999999999999,73
2025-12-13 10:00:00,67.09930004999998,8.1,19.0,232,1.0,98,0.0,0.0,100,10,5,12,347,1,0,0,-0.7880107536067221,-0.6156614753256581,0.0,6.9,73
2025-12-13 11:00:00,64.4723793875,8.3,19.1,240,11.0,99,0.0,0.0,100,11,5,12,347,1,0,0,-0.8660254037844384,-0.5000000000000004,-0.09999999999999964,6.699999999999999,73
2025-12-13 12:00:00,62.67361250333332,8.8,16.6,273,26.0,97,0.0,0.0,98,12,5,12,347,1,0,0,-0.9986295347545738,0.052335956242943946,0.5,6.199999999999999,73
2025-12-13 13:00:00,61.94757230083333,8.6,16.5,288,118.0,91,0.0,0.0,10,13,5,12,347,1,0,0,-0.9510565162951536,0.30901699437494723,0.5,6.4,73
2025-12-13 14:00:00,62.62298702333332,8.6,14.6,280,174.0,90,0.0,0.0,1,14,5,12,347,1,0,0,-0.9848077530122081,0.17364817766692997,0.29999999999999893,6.4,73
2025-12-13 15:00:00,63.372568564166656,8.6,15.3,273,143.0,88,0.0,0.0,22,15,5,12,347,1,0,0,-0.9986295347545738,0.052335956242943946,-0.20000000000000107,6.4,73
2025-12-13 16:00:00,64.59769979083332,7.9,13.7,265,79.0,92,0.0,0.0,26,16,5,12,347,1,0,0,-0.9961946980917455,-0.08715574274765825,-0.6999999999999993,7.1,73
2025-12-13 17:00:00,64.72390804833331,7.0,13.4,256,16.0,96,0.0,0.0,100,17,5,12,347,1,0,0,-0.9702957262759965,-0.24192189559966779,-1.5999999999999996,8.0,73
2025-12-13 18:00:00,64.03410743333332,6.6,13.2,250,0.0,97,0.0,0.0,100,18,5,12,347,1,0,0,-0.9396926207859084,-0.34202014332566855,-2.0,8.4,73
2025-12-13 19:00:00,62.471563131666656,6.7,13.2,248,0.0,97,0.0,0.0,100,19,5,12,347,1,0,0,-0.9271838545667873,-0.3746065934159123,-1.2000000000000002,8.3,73
2025-12-13 20:00:00,60.697544545,6.3,12.3,238,0.0,98,0.0,0.0,82,20,5,12,347,1,0,0,-0.848048096156426,-0.529919264233205,-0.7000000000000002,8.7,73
2025-12-13 21:00:00,58.47287028416666,6.2,12.8,231,0.0,98,0.0,0.0,99,21,5,12,347,1,0,0,-0.7771459614569706,-0.6293203910498378,-0.39999999999999947,8.8,73
2025-12-13 22:00:00,56.23071381666666,6.5,14.6,225,0.0,98,0.0,0.0,100,22,5,12,347,1,0,0,-0.7071067811865475,-0.7071067811865477,-0.20000000000000018,8.5,73
2025-12-13 23:00:00,54.12783370166666,6.6,16.3,222,0.0,98,0.0,0.0,81,23,5,12,347,1,0,0,-0.6691306063588582,-0.7431448254773942,0.2999999999999998,8.4,73
2025-12-14 00:00:00,53.502309254166654,5.8,17.6,224,0.0,98,0.0,0.0,86,0,6,12,348,1,0,0,-0.6946583704589974,-0.7193398003386511,-0.40000000000000036,9.2,74
2025-12-14 01:00:00,53.121789516666645,5.8,18.2,229,0.0,97,0.0,0.0,90,1,6,12,348,1,0,0,-0.754709580222772,-0.6560590289905073,-0.7000000000000002,9.2,74
2025-12-14 02:00:00,53.681354164166656,6.2,19.0,227,0.0,97,0.0,0.0,89,2,6,12,348,1,0,0,-0.7313537016191703,-0.6819983600624986,-0.39999999999999947,8.8,74
2025-12-14 03:00:00,54.51101063166665,5.9,20.1,226,0.0,96,0.0,0.0,99,3,6,12,348,1,0,0,-0.7193398003386512,-0.6946583704589973,0.10000000000000053,9.1,74
2025-12-14 04:00:00,56.59749650666666,5.8,21.5,226,0.0,95,0.0,0.0,99,4,6,12,348,1,0,0,-0.7193398003386512,-0.6946583704589973,0.0,9.2,74
2025-12-14 05:00:00,59.59838108333332,5.4,22.4,222,0.0,95,0.0,0.0,100,5,6,12,348,1,0,0,-0.6691306063588582,-0.7431448254773942,-0.7999999999999998,9.6,74
2025-12-14 06:00:00,64.55192808249998,5.2,23.0,223,0.0,94,0.0,0.0,100,6,6,12,348,1,0,0,-0.6819983600624984,-0.7313537016191706,-0.7000000000000002,9.8,74
2025-12-14 07:00:00,69.2717151,4.9,23.7,222,0.0,93,0.0,0.0,100,7,6,12,348,1,0,0,-0.6691306063588582,-0.7431448254773942,-0.8999999999999995,10.1,74
2025-12-14 08:00:00,71.40128987249999,4.9,23.7,217,0.0,95,0.0,0.0,100,8,6,12,348,1,0,0,-0.6018150231520484,-0.7986355100472928,-0.5,10.1,74
2025-12-14 09:00:00,71.25979440999998,4.6,24.1,216,0.0,97,0.0,0.0,100,9,6,12,348,1,0,0,-0.587785252292473,-0.8090169943749475,-0.6000000000000005,10.4,74
2025-12-14 10:00:00,71.17732465999998,4.7,24.5,214,1.0,99,0.0,0.0,100,10,6,12,348,1,0,0,-0.5591929034707467,-0.8290375725550418,-0.20000000000000018,10.3,74
2025-12-14 11:00:00,68.19969372999996,4.9,24.5,215,16.0,96,0.0,0.0,100,11,6,12,348,1,0,0,-0.5735764363510462,-0.8191520442889918,0.0,10.1,74
2025-12-14 12:00:00,65.42394121916665,5.4,24.4,220,53.0,91,0.0,0.0,100,12,6,12,348,1,0,0,-0.6427876096865393,-0.766044443118978,0.8000000000000007,9.6,74
2025-12-14 13:00:00,64.79824124333331,5.8,26.7,224,87.0,88,0.0,0.0,100,13,6,12,348,1,0,0,-0.6946583704589974,-0.7193398003386511,1.0999999999999996,9.2,74
2025-12-14 14:00:00,65.10171534583331,6.4,25.0,222,76.0,86,0.0,0.0,100,14,6,12,348,1,0,0,-0.6691306063588582,-0.7431448254773942,1.5,8.6,74
2025-12-14 15:00:00,65.35463312833332,6.6,23.4,220,93.0,84,0.0,0.0,100,15,6,12,348,1,0,0,-0.6427876096865393,-0.766044443118978,1.1999999999999993,8.4,74
2025-12-14 16:00:00,65.21949225833332,6.4,23.6,220,52.0,84,0.0,0.0,99,16,6,12,348,1,0,0,-0.6427876096865393,-0.766044443118978,0.6000000000000005,8.6,74
2025-12-14 17:00:00,65.35233373249999,5.9,21.8,221,15.0,87,0.0,0.0,95,17,6,12,348,1,0,0,-0.656059028990507,-0.7547095802227721,-0.5,9.1,74
2025-12-14 18:00:00,63.998223019166645,5.5,20.7,221,0.0,90,0.0,0.0,100,18,6,12,348,1,0,0,-0.656059028990507,-0.7547095802227721,-1.0999999999999996,9.5,74
2025-12-14 19:00:00,62.69842088833332,5.7,20.3,218,0.0,90,0.0,0.0,95,19,6,12,348,1,0,0,-0.6156614753256582,-0.788010753606722,-0.7000000000000002,9.3,74
2025-12-14 20:00:00,59.94765548916664,6.1,20.2,217,0.0,91,0.0,0.0,84,20,6,12,348,1,0,0,-0.6018150231520484,-0.7986355100472928,0.1999999999999993,8.9,74
2025-12-14 21:00:00,56.57171502083333,6.3,21.1,217,0.0,91,0.0,0.0,100,21,6,12,348,1,0,0,-0.6018150231520484,-0.7986355100472928,0.7999999999999998,8.7,74
2025-12-14 22:00:00,53.197584270833325,6.8,21.2,215,0.0,91,0.0,0.0,100,22,6,12,348,1,0,0,-0.5735764363510462,-0.8191520442889918,1.0999999999999996,8.2,74
2025-12-14 23:00:00,50.94762399666665,6.8,21.0,213,0.0,94,0.0,0.0,100,23,6,12,348,1,0,0,-0.5446390350150271,-0.838670567945424,0.7000000000000002,8.2,74
2025-12-15 00:00:00,50.44685615916666,6.9,22.5,216,0.0,93,0.0,0.0,100,0,0,12,349,0,0,0,-0.587785252292473,-0.8090169943749475,0.6000000000000005,8.1,75
2025-12-15 01:00:00,49.84659538416665,6.8,22.3,219,0.0,93,0.0,0.0,100,1,0,12,349,0,0,0,-0.6293203910498376,-0.7771459614569708,0.0,8.2,75
2025-12-15 02:00:00,49.93038929666665,6.8,21.8,215,0.0,93,0.0,0.0,100,2,0,12,349,0,0,0,-0.5735764363510462,-0.8191520442889918,0.0,8.2,75
2025-12-15 03:00:00,50.75027520916666,7.0,21.6,220,0.0,92,0.0,0.0,100,3,0,12,349,0,0,0,-0.6427876096865393,-0.766044443118978,0.09999999999999964,8.0,75
2025-12-15 04:00:00,54.04796384333332,7.1,21.8,219,0.0,90,0.0,0.0,100,4,0,12,349,0,0,0,-0.6293203910498376,-0.7771459614569708,0.2999999999999998,7.9,75
2025-12-15 05:00:00,59.44922387583331,7.1,21.0,219,0.0,90,0.0,0.0,100,5,0,12,349,0,0,0,-0.6293203910498376,-0.7771459614569708,0.2999999999999998,7.9,75
2025-12-15 06:00:00,62.77476944499998,7.2,20.7,219,0.0,91,0.0,0.0,100,6,0,12,349,0,0,0,-0.6293203910498376,-0.7771459614569708,0.20000000000000018,7.8,75
2025-12-15 07:00:00,63.53000690583332,7.2,20.6,220,0.0,91,0.0,0.0,100,7,0,12,349,0,0,0,-0.6427876096865393,-0.766044443118978,0.10000000000000053,7.8,75
2025-12-15 08:00:00,63.37894642083331,7.3,19.2,220,0.0,88,0.0,0.0,100,8,0,12,349,0,0,0,-0.6427876096865393,-0.766044443118978,0.20000000000000018,7.7,75
2025-12-15 09:00:00,62.43127349333332,7.4,19.0,217,0.0,88,0.0,0.0,100,9,0,12,349,0,0,0,-0.6018150231520484,-0.7986355100472928,0.20000000000000018,7.6,75
2025-12-15 10:00:00,61.852185959999986,7.1,18.7,213,0.0,88,0.0,0.0,99,10,0,12,349,0,0,0,-0.5446390350150271,-0.838670567945424,-0.10000000000000053,7.9,75
2025-12-15 11:00:00,61.79587642416666,6.6,17.9,202,28.0,89,0.0,0.0,27,11,0,12,349,0,0,0,-0.374606593415912,-0.9271838545667874,-0.7000000000000002,8.4,75
2025-12-15 12:00:00,62.12477150333332,5.9,17.6,195,108.0,88,0.0,0.0,31,12,0,12,349,0,0,0,-0.2588190451025208,-0.9659258262890683,-1.5,9.1,75
2025-12-15 13:00:00,61.395874365833315,6.2,17.4,196,153.0,84,0.0,0.0,13,13,0,12,349,0,0,0,-0.275637355816999,-0.9612616959383189,-0.8999999999999995,8.8,75
2025-12-15 14:00:00,63.79942342333331,6.7,16.4,206,162.0,83,0.0,0.0,27,14,0,12,349,0,0,0,-0.43837114678907746,-0.8987940462991669,0.10000000000000053,8.3,75
2025-12-15 15:00:00,64.52311581166666,6.8,16.7,215,126.0,81,0.0,0.0,27,15,0,12,349,0,0,0,-0.5735764363510462,-0.8191520442889918,0.8999999999999995,8.2,75
2025-12-15 16:00:00,64.14736040333331,6.2,15.3,214,77.0,85,0.0,0.0,9,16,0,12,349,0,0,0,-0.5591929034707467,-0.8290375725550418,0.0,8.8,75
2025-12-15 17:00:00,65.44921396416666,5.2,15.4,210,16.0,89,0.0,0.0,2,17,0,12,349,0,0,0,-0.5000000000000001,-0.8660254037844386,-1.5,9.8,75
2025-12-15 18:00:00,67.25013704749998,4.7,14.4,204,0.0,92,0.0,0.0,2,18,0,12,349,0,0,0,-0.4067366430758002,-0.9135454576426009,-2.0999999999999996,10.3,75
2025-12-15 19:00:00,66.04806823249999,4.5,16.4,204,0.0,92,0.0,0.0,0,19,0,12,349,0,0,0,-0.4067366430758002,-0.9135454576426009,-1.7000000000000002,10.5,75
2025-12-15 20:00:00,62.35311483833332,4.3,14.1,197,0.0,93,0.0,0.0,1,20,0,12,349,0,0,0,-0.29237170472273677,-0.9563047559630354,-0.9000000000000004,10.7,75
2025-12-15 21:00:00,59.30301006916665,4.3,14.9,197,0.0,93,0.0,0.0,1,21,0,12,349,0,0,0,-0.29237170472273677,-0.9563047559630354,-0.40000000000000036,10.7,75
2025-12-15 22:00:00,55.202739762499995,4.2,15.3,197,0.0,93,0.0,0.0,4,22,0,12,349,0,0,0,-0.29237170472273677,-0.9563047559630354,-0.2999999999999998,10.8,75
2025-12-15 23:00:00,51.6241932225,4.1,15.4,196,0.0,93,0.0,0.0,0,23,0,12,349,0,0,0,-0.275637355816999,-0.9612616959383189,-0.20000000000000018,10.9,75
2025-12-16 00:00:00,49.74540740916665,4.2,16.0,197,0.0,92,0.0,0.0,1,0,1,12,350,0,0,0,-0.29237170472273677,-0.9563047559630354,-0.09999999999999964,10.8,76
2025-12-16 01:00:00,50.39630563416666,4.2,14.8,196,0.0,93,0.0,0.0,6,1,1,12,350,0,0,0,-0.275637355816999,-0.9612616959383189,0.0,10.8,76
2025-12-16 02:00:00,51.00494308166666,4.3,12.6,189,0.0,94,0.0,0.0,84,2,1,12,350,0,0,0,-0.15643446504023073,-0.9876883405951378,0.20000000000000018,10.7,76
2025-12-16 03:00:00,51.698539606666664,4.5,12.8,185,0.0,94,0.0,0.0,99,3,1,12,350,0,0,0,-0.08715574274765794,-0.9961946980917455,0.2999999999999998,10.5,76
2025-12-16 04:00:00,54.321966723333325,4.9,13.1,189,0.0,92,0.0,0.0,30,4,1,12,350,0,0,0,-0.15643446504023073,-0.9876883405951378,0.7000000000000002,10.1,76
2025-12-16 05:00:00,59.87376401249998,4.1,14.1,191,0.0,95,0.0,0.0,100,5,1,12,350,0,0,0,-0.19080899537654472,-0.981627183447664,-0.20000000000000018,10.9,76
2025-12-16 06:00:00,65.30152289166665,4.2,13.4,195,0.0,96,0.0,0.0,100,6,1,12,350,0,0,0,-0.2588190451025208,-0.9659258262890683,-0.2999999999999998,10.8,76
2025-12-16 07:00:00,67.376924425,4.2,12.6,199,0.0,96,0.0,0.0,100,7,1,12,350,0,0,0,-0.32556815445715676,-0.9455185755993167,-0.7000000000000002,10.8,76
2025-12-16 08:00:00,67.176692625,4.1,13.1,193,0.0,96,0.0,0.0,18,8,1,12,350,0,0,0,-0.22495105434386498,-0.9743700647852352,0.0,10.9,76
2025-12-16 09:00:00,64.97996512166665,3.7,12.6,191,0.0,96,0.0,0.0,45,9,1,12,350,0,0,0,-0.19080899537654472,-0.981627183447664,-0.5,11.3,76
2025-12-16 10:00:00,59.99760790999999,3.6,12.6,191,1.0,96,0.0,0.0,98,10,1,12,350,0,0,0,-0.19080899537654472,-0.981627183447664,-0.6000000000000001,11.4,76
2025-12-16 11:00:00,57.14590829666665,4.3,11.6,184,36.0,94,0.0,0.0,94,11,1,12,350,0,0,0,-0.06975647374412527,-0.9975640502598242,0.20000000000000018,10.7,76
2025-12-16 12:00:00,54.11435111452381,5.5,11.9,180,79.0,90,0.0,0.0,98,12,1,12,350,0,0,0,1.2246467991473532e-16,-1.0,1.7999999999999998,9.5,76
2025-12-16 13:00:00,54.43365819630951,6.5,9.6,168,141.0,88,0.0,0.0,70,13,1,12,350,0,0,0,0.20791169081775931,-0.9781476007338057,2.9,8.5,76
2025-12-16 14:00:00,57.50448199916665,7.4,10.9,167,150.0,86,0.0,0.0,90,14,1,12,350,0,0,0,0.2249510543438652,-0.9743700647852351,3.1000000000000005,7.6,76
2025-12-16 15:00:00,60.57665609749998,7.3,8.6,158,112.0,86,0.0,0.0,27,15,1,12,350,0,0,0,0.37460659341591224,-0.9271838545667873,1.7999999999999998,7.7,76
2025-12-16 16:00:00,61.69921228583331,7.2,12.5,187,78.0,81,0.0,0.0,40,16,1,12,350,0,0,0,-0.12186934340514731,-0.9925461516413221,0.7000000000000002,7.8,76
2025-12-16 17:00:00,63.32322217999998,6.2,12.8,190,17.0,85,0.0,0.0,100,17,1,12,350,0,0,0,-0.17364817766693047,-0.984807753012208,-1.2000000000000002,8.8,76
2025-12-16 18:00:00,64.02338985499999,6.6,12.3,191,0.0,81,0.0,0.0,88,18,1,12,350,0,0,0,-0.19080899537654472,-0.981627183447664,-0.7000000000000002,8.4,76
2025-12-16 19:00:00,62.87306281749998,6.1,13.0,186,0.0,83,0.0,0.0,48,19,1,12,350,0,0,0,-0.1045284632676535,-0.9945218953682733,-1.1000000000000005,8.9,76
2025-12-16 20:00:00,59.39820685333332,5.9,13.5,196,0.0,85,0.0,0.0,13,20,1,12,350,0,0,0,-0.275637355816999,-0.9612616959383189,-0.2999999999999998,9.1,76
2025-12-16 21:00:00,56.296797829166664,5.7,12.5,196,0.0,85,0.0,0.0,36,21,1,12,350,0,0,0,-0.275637355816999,-0.9612616959383189,-0.8999999999999995,9.3,76
2025-12-16 22:00:00,52.84692569916666,5.7,13.0,199,0.0,85,0.0,0.0,26,22,1,12,350,0,0,0,-0.32556815445715676,-0.9455185755993167,-0.39999999999999947,9.3,76
2025-12-16 23:00:00,49.62201841916665,5.8,11.4,195,0.0,85,0.0,0.0,51,23,1,12,350,0,0,0,-0.2588190451025208,-0.9659258262890683,-0.10000000000000053,9.2,76
2025-12-17 00:00:00,48.24617234916664,5.4,12.6,183,0.0,86,0.0,0.0,100,0,2,12,351,0,0,0,-0.052335956242943564,-0.9986295347545738,-0.2999999999999998,9.6,77
2025-12-17 01:00:00,48.54742406916665,5.8,12.4,196,0.0,83,0.0,0.0,100,1,2,12,351,0,0,0,-0.275637355816999,-0.9612616959383189,0.09999999999999964,9.2,77
2025-12-17 02:00:00,48.90664391416665,6.4,10.1,211,0.0,81,0.0,0.0,100,2,2,12,351,0,0,0,-0.5150380749100542,-0.8571673007021123,0.6000000000000005,8.6,77
2025-12-17 03:00:00,49.549081439166656,6.5,10.5,205,0.0,82,0.0,0.0,100,3,2,12,351,0,0,0,-0.4226182617406993,-0.90630778703665,1.0999999999999996,8.5,77
2025-12-17 04:00:00,52.84787859666666,6.2,9.3,205,0.0,83,0.0,0.0,100,4,2,12,351,0,0,0,-0.4226182617406993,-0.90630778703665,0.40000000000000036,8.8,77
2025-12-17 05:00:00,59.12494619249998,5.8,10.3,202,0.0,85,0.0,0.0,100,5,2,12,351,0,0,0,-0.374606593415912,-0.9271838545667874,-0.6000000000000005,9.2,77
2025-12-17 06:00:00,63.50470930249998,6.1,8.9,201,0.0,85,0.0,0.0,100,6,2,12,351,0,0,0,-0.35836794954530043,-0.9335804264972016,-0.40000000000000036,8.9,77
2025-12-17 07:00:00,64.10687952999999,6.0,9.8,211,0.0,85,0.0,0.0,60,7,2,12,351,0,0,0,-0.5150380749100542,-0.8571673007021123,-0.20000000000000018,9.0,77
2025-12-17 08:00:00,63.77807221499999,5.8,7.8,217,0.0,90,0.0,0.0,65,8,2,12,351,0,0,0,-0.6018150231520484,-0.7986355100472928,0.0,9.2,77
2025-12-17 09:00:00,61.63741020333332,5.3,9.6,214,0.0,93,0.0,0.0,97,9,2,12,351,0,0,0,-0.5591929034707467,-0.8290375725550418,-0.7999999999999998,9.7,77
2025-12-17 10:00:00,60.52022204833331,5.9,8.9,220,0.0,90,0.0,0.0,86,10,2,12,351,0,0,0,-0.6427876096865393,-0.766044443118978,-0.09999999999999964,9.1,77
2025-12-17 11:00:00,59.99834387499998,5.8,10.9,207,23.0,95,0.0,0.0,23,11,2,12,351,0,0,0,-0.4539904997395467,-0.8910065241883679,0.0,9.2,77
2025-12-17 12:00:00,58.92329088083332,6.6,10.4,214,92.0,93,0.0,0.0,63,12,2,12,351,0,0,0,-0.5591929034707467,-0.8290375725550418,1.2999999999999998,8.4,77
2025-12-17 13:00:00,59.77432818583332,7.4,12.1,208,125.0,93,0.0,0.0,100,13,2,12,351,0,0,0,-0.46947156278589086,-0.8829475928589269,1.5,7.6,77
2025-12-17 14:00:00,59.82077874833332,8.3,10.2,228,86.0,92,0.0,0.0,100,14,2,12,351,0,0,0,-0.7431448254773944,-0.6691306063588581,2.500000000000001,6.699999999999999,77
2025-12-17 15:00:00,60.24634955583331,8.6,10.3,220,51.0,94,0.0,0.0,100,15,2,12,351,0,0,0,-0.6427876096865393,-0.766044443118978,2.0,6.4,77
2025-12-17 16:00:00,61.52327639333331,8.4,11.7,226,27.0,95,0.0,0.0,100,16,2,12,351,0,0,0,-0.7193398003386512,-0.6946583704589973,1.0,6.6,77
2025-12-17 17:00:00,61.27252098499997,8.0,11.4,221,5.0,98,0.0,0.0,100,17,2,12,351,0,0,0,-0.656059028990507,-0.7547095802227721,-0.3000000000000007,7.0,77
2025-12-17 18:00:00,61.19708635999998,7.8,11.9,222,0.0,99,0.0,0.0,100,18,2,12,351,0,0,0,-0.6691306063588582,-0.7431448254773942,-0.7999999999999998,7.2,77
2025-12-17 19:00:00,59.65033651583333,7.6,13.0,227,0.0,99,0.0,0.0,100,19,2,12,351,0,0,0,-0.7313537016191703,-0.6819983600624986,-0.8000000000000007,7.4,77
2025-12-17 20:00:00,56.65422991666665,7.6,12.2,226,0.0,99,0.0,0.0,100,20,2,12,351,0,0,0,-0.7193398003386512,-0.6946583704589973,-0.40000000000000036,7.4,77
2025-12-17 21:00:00,53.574794224166666,7.3,11.3,224,0.0,99,0.0,0.0,100,21,2,12,351,0,0,0,-0.6946583704589974,-0.7193398003386511,-0.5,7.7,77
2025-12-17 22:00:00,50.72425033333331,7.3,11.6,217,0.0,100,0.0,0.0,100,22,2,12,351,0,0,0,-0.6018150231520484,-0.7986355100472928,-0.2999999999999998,7.7,77
2025-12-17 23:00:00,50.02140704666665,7.3,12.3,212,0.0,99,0.0,0.0,100,23,2,12,351,0,0,0,-0.5299192642332048,-0.8480480961564261,-0.2999999999999998,7.7,77
2025-12-18 00:00:00,49.654682491666655,7.2,13.0,213,0.0,98,0.0,0.0,99,0,3,12,352,0,0,0,-0.5446390350150271,-0.838670567945424,-0.09999999999999964,7.8,78
2025-12-18 01:00:00,48.24623609416665,6.9,14.2,202,0.0,99,0.0,0.0,100,1,3,12,352,0,0,0,-0.374606593415912,-0.9271838545667874,-0.39999999999999947,8.1,78
2025-12-18 02:00:00,47.93044434916665,6.6,16.3,203,0.0,98,0.0,0.0,100,2,3,12,352,0,0,0,-0.39073112848927355,-0.9205048534524404,-0.7000000000000002,8.4,78
2025-12-18 03:00:00,50.19607093666665,6.3,17.9,202,0.0,100,0.0,0.0,100,3,3,12,352,0,0,0,-0.374606593415912,-0.9271838545667874,-0.9000000000000004,8.7,78
2025-12-18 04:00:00,53.27206561833332,6.8,18.2,198,0.0,100,0.0,0.0,100,4,3,12,352,0,0,0,-0.3090169943749473,-0.9510565162951536,-0.10000000000000053,8.2,78
2025-12-18 05:00:00,59.473900194999985,6.8,19.0,198,0.0,98,0.0,0.0,100,5,3,12,352,0,0,0,-0.3090169943749473,-0.9510565162951536,0.20000000000000018,8.2,78
2025-12-18 06:00:00,64.70261608833331,6.8,20.8,194,0.0,98,0.0,0.0,100,6,3,12,352,0,0,0,-0.2419218955996675,-0.9702957262759965,0.5,8.2,78
2025-12-18 07:00:00,65.97748196416666,6.4,22.1,194,0.0,95,0.0,0.0,100,7,3,12,352,0,0,0,-0.2419218955996675,-0.9702957262759965,-0.39999999999999947,8.6,78
2025-12-18 08:00:00,65.04910263999999,5.8,22.1,198,0.0,91,0.0,0.0,77,8,3,12,352,0,0,0,-0.3090169943749473,-0.9510565162951536,-1.0,9.2,78
2025-12-18 09:00:00,62.62564990499998,5.5,22.2,198,0.0,90,0.0,0.0,100,9,3,12,352,0,0,0,-0.3090169943749473,-0.9510565162951536,-1.2999999999999998,9.5,78
2025-12-18 10:00:00,60.14729208249999,5.7,22.9,202,1.0,88,0.0,0.0,100,10,3,12,352,0,0,0,-0.374606593415912,-0.9271838545667874,-0.7000000000000002,9.3,78
2025-12-18 11:00:00,60.09764763583332,6.3,23.0,206,36.0,83,0.0,0.0,100,11,3,12,352,0,0,0,-0.43837114678907746,-0.8987940462991669,0.5,8.7,78
2025-12-18 12:00:00,61.922956449166655,7.3,23.1,206,81.0,78,0.0,0.0,100,12,3,12,352,0,0,0,-0.43837114678907746,-0.8987940462991669,1.7999999999999998,7.7,78
2025-12-18 13:00:00,62.00353658652048,7.9,23.2,211,38.0,76,0.0,0.0,100,13,3,12,352,0,0,0,-0.5150380749100542,-0.8571673007021123,2.2,7.1,78
2025-12-18 14:00:00,61.454158436953286,7.9,19.7,217,40.0,83,0.0,0.0,100,14,3,12,352,0,0,0,-0.6018150231520484,-0.7986355100472928,1.6000000000000005,7.1,78
2025-12-18 15:00:00,62.15235424071942,8.1,17.8,212,32.0,85,0.0,0.0,100,15,3,12,352,0,0,0,-0.5299192642332048,-0.8480480961564261,0.7999999999999998,6.9,78
2025-12-18 16:00:00,61.32954653615223,8.1,16.8,206,21.0,85,0.0,0.0,100,16,3,12,352,0,0,0,-0.43837114678907746,-0.8987940462991669,0.1999999999999993,6.9,78
2025-12-18 17:00:00,61.27419663908503,8.1,15.9,202,5.0,86,0.0,0.0,100,17,3,12,352,0,0,0,-0.374606593415912,-0.9271838545667874,0.1999999999999993,6.9,78
2025-12-18 18:00:00,60.62311186201783,8.2,15.9,195,0.0,85,0.0,0.0,100,18,3,12,352,0,0,0,-0.2588190451025208,-0.9659258262890683,0.09999999999999964,6.800000000000001,78
2025-12-18 19:00:00,60.12314551995063,8.6,15.8,182,0.0,83,0.0,0.0,100,19,3,12,352,0,0,0,-0.0348994967025009,-0.9993908270190958,0.5,6.4,78
2025-12-18 20:00:00,57.722580614550104,8.5,17.3,170,0.0,84,0.0,0.0,100,20,3,12,352,0,0,0,0.17364817766693028,-0.984807753012208,0.40000000000000036,6.5,78
2025-12-18 21:00:00,54.24599868664957,8.0,20.4,168,0.0,86,0.0,0.0,99,21,3,12,352,0,0,0,0.20791169081775931,-0.9781476007338057,-0.1999999999999993,7.0,78
2025-12-18 22:00:00,50.485624339582365,7.9,22.6,171,0.0,85,0.0,0.0,100,22,3,12,352,0,0,0,0.15643446504023098,-0.9876883405951377,-0.6999999999999993,7.1,78
2025-12-18 23:00:00,47.54676346084851,8.3,24.5,177,0.0,82,0.0,0.0,100,23,3,12,352,0,0,0,0.05233595624294381,-0.9986295347545738,-0.1999999999999993,6.699999999999999,78
2025-12-19 00:00:00,47.29660626378131,8.6,24.7,185,0.0,80,0.0,0.0,100,0,4,12,353,0,0,0,-0.08715574274765794,-0.9961946980917455,0.5999999999999996,6.4,79
2025-12-19 01:00:00,46.999204209214106,8.7,24.3,186,0.0,80,0.0,0.0,100,1,4,12,353,0,0,0,-0.1045284632676535,-0.9945218953682733,0.7999999999999989,6.300000000000001,79
2025-12-19 02:00:00,46.43294775214691,9.4,23.2,186,0.0,77,0.0,0.0,100,2,4,12,353,0,0,0,-0.1045284632676535,-0.9945218953682733,1.0999999999999996,5.6,79
2025-12-19 03:00:00,47.00200676507971,9.7,25.0,190,0.0,75,0.0,0.0,100,3,4,12,353,0,0,0,-0.17364817766693047,-0.984807753012208,1.0999999999999996,5.300000000000001,79
2025-12-19 04:00:00,50.45034790301251,9.9,25.6,194,0.0,74,0.0,0.0,100,4,4,12,353,0,0,0,-0.2419218955996675,-0.9702957262759965,1.200000000000001,5.1,79
2025-12-19 05:00:00,53.502563837611994,9.9,26.3,201,0.0,78,0.0,0.0,100,5,4,12,353,0,0,0,-0.35836794954530043,-0.9335804264972016,0.5,5.1,79
2025-12-19 06:00:00,56.23110141221146,9.6,26.2,206,0.0,87,0.0,0.0,100,6,4,12,353,0,0,0,-0.43837114678907746,-0.8987940462991669,-0.09999999999999964,5.4,79
2025-12-19 07:00:00,57.582239017644255,9.7,24.4,212,0.0,88,0.0,0.0,100,7,4,12,353,0,0,0,-0.5299192642332048,-0.8480480961564261,-0.20000000000000107,5.300000000000001,79
2025-12-19 08:00:00,57.904485280577056,10.1,20.9,220,0.0,85,0.0,0.0,100,8,4,12,353,0,0,0,-0.6427876096865393,-0.766044443118978,0.1999999999999993,4.9,79
2025-12-19 09:00:00,57.30539688100986,9.8,19.3,219,0.0,91,0.0,0.0,100,9,4,12,353,0,0,0,-0.6293203910498376,-0.7771459614569708,0.20000000000000107,5.199999999999999,79
2025-12-19 10:00:00,56.503899819775995,9.2,17.5,214,0.0,96,0.0,0.0,100,10,4,12,353,0,0,0,-0.5591929034707467,-0.8290375725550418,-0.5,5.800000000000001,79
2025-12-19 11:00:00,56.0269197152088,9.1,17.0,211,10.0,97,0.0,0.0,100,11,4,12,353,0,0,0,-0.5150380749100542,-0.8571673007021123,-1.0,5.9,79
2025-12-19 12:00:00,56.9753394656416,9.7,18.2,212,32.0,95,0.0,0.0,100,12,4,12,353,0,0,0,-0.5299192642332048,-0.8480480961564261,-0.10000000000000142,5.300000000000001,79
2025-12-19 13:00:00,56.825057296074405,9.8,17.8,210,28.0,95,0.0,0.0,100,13,4,12,353,0,0,0,-0.5000000000000001,-0.8660254037844386,0.6000000000000014,5.199999999999999,79
2025-12-19 14:00:00,56.9044806665072,9.9,18.4,219,51.0,96,0.0,0.0,100,14,4,12,353,0,0,0,-0.6293203910498376,-0.7771459614569708,0.8000000000000007,5.1,79
2025-12-19 15:00:00,57.75454162110667,9.4,18.4,233,10.0,99,0.0,0.0,100,15,4,12,353,0,0,0,-0.7986355100472928,-0.6018150231520483,-0.29999999999999893,5.6,79
2025-12-19 16:00:00,59.27926486653948,9.1,16.1,241,9.0,98,0.0,0.0,100,16,4,12,353,0,0,0,-0.874619707139396,-0.48480962024633684,-0.7000000000000011,5.9,79
2025-12-19 17:00:00,59.854284036972274,8.8,16.3,242,5.0,96,0.0,0.0,100,17,4,12,353,0,0,0,-0.882947592858927,-0.46947156278589075,-1.0999999999999996,6.199999999999999,79
2025-12-19 18:00:00,60.03093449990508,7.9,16.3,241,0.0,94,0.0,0.0,98,18,4,12,353,0,0,0,-0.874619707139396,-0.48480962024633684,-1.5,7.1,79
2025-12-19 19:00:00,59.23000908533787,6.8,16.4,237,0.0,95,0.0,0.0,100,19,4,12,353,0,0,0,-0.8386705679454242,-0.544639035015027,-2.3,8.2,79
2025-12-19 20:00:00,57.63037305827068,6.8,17.4,234,0.0,93,0.0,0.0,100,20,4,12,353,0,0,0,-0.8090169943749473,-0.5877852522924732,-2.000000000000001,8.2,79
2025-12-19 21:00:00,53.50364419703681,6.6,17.9,233,0.0,93,0.0,0.0,98,21,4,12,353,0,0,0,-0.7986355100472928,-0.6018150231520483,-1.3000000000000007,8.4,79
2025-12-19 22:00:00,49.20140079996961,6.6,18.9,232,0.0,93,0.0,0.0,56,22,4,12,353,0,0,0,-0.7880107536067221,-0.6156614753256581,-0.20000000000000018,8.4,79
2025-12-19 23:00:00,47.40239063290241,6.4,18.7,235,0.0,94,0.0,0.0,98,23,4,12,353,0,0,0,-0.8191520442889916,-0.5735764363510464,-0.39999999999999947,8.6,79
2025-12-20 00:00:00,47.00419176583521,6.3,18.6,238,0.0,95,0.0,0.0,87,0,5,12,354,1,0,1,-0.848048096156426,-0.529919264233205,-0.2999999999999998,8.7,80
2025-12-20 01:00:00,46.35434460126801,6.3,17.5,233,0.0,95,0.0,0.0,41,1,5,12,354,1,0,1,-0.7986355100472928,-0.6018150231520483,-0.2999999999999998,8.7,80
2025-12-20 02:00:00,46.71115467253414,6.7,16.1,229,0.0,96,0.0,0.0,68,2,5,12,354,1,0,1,-0.754709580222772,-0.6560590289905073,0.2999999999999998,8.3,80
2025-12-20 03:00:00,47.60671916630029,6.6,15.4,224,0.0,97,0.0,0.0,45,3,5,12,354,1,0,1,-0.6946583704589974,-0.7193398003386511,0.2999999999999998,8.4,80
2025-12-20 04:00:00,49.65352874589976,6.4,15.6,221,0.0,97,0.0,0.0,41,4,5,12,354,1,0,1,-0.656059028990507,-0.7547095802227721,0.10000000000000053,8.6,80
2025-12-20 05:00:00,53.15571524633257,6.3,15.3,221,0.0,97,0.0,0.0,37,5,5,12,354,1,0,1,-0.656059028990507,-0.7547095802227721,-0.40000000000000036,8.7,80
2025-12-20 06:00:00,56.08212857343203,6.1,15.6,218,0.0,97,0.0,0.0,36,6,5,12,354,1,0,1,-0.6156614753256582,-0.788010753606722,-0.5,8.9,80
2025-12-20 07:00:00,59.4604687380315,5.8,15.2,221,0.0,99,0.0,0.0,25,7,5,12,354,1,0,1,-0.656059028990507,-0.7547095802227721,-0.6000000000000005,9.2,80
2025-12-20 08:00:00,62.660862525130966,5.9,13.1,223,0.0,99,0.0,0.0,84,8,5,12,354,1,0,1,-0.6819983600624984,-0.7313537016191706,-0.39999999999999947,9.1,80
2025-12-20 09:00:00,63.0605882088971,5.9,13.5,225,0.0,99,0.0,0.0,70,9,5,12,354,1,0,1,-0.7071067811865475,-0.7071067811865477,-0.1999999999999993,9.1,80
2025-12-20 10:00:00,61.357492946829915,5.7,11.9,228,0.0,99,0.0,0.0,46,10,5,12,354,1,0,1,-0.7431448254773944,-0.6691306063588581,-0.09999999999999964,9.3,80
2025-12-20 11:00:00,60.43192102726272,5.8,12.0,225,36.0,98,0.0,0.0,33,11,5,12,354,1,0,1,-0.7071067811865475,-0.7071067811865477,-0.10000000000000053,9.2,80
2025-12-20 12:00:00,60.582664572695506,6.4,11.8,224,100.0,97,0.0,0.0,41,12,5,12,354,1,0,1,-0.6946583704589974,-0.7193398003386511,0.5,8.6,80
2025-12-20 13:00:00,60.958517003961646,7.1,13.5,226,141.0,96,0.0,0.0,100,13,5,12,354,1,0,1,-0.7193398003386512,-0.6946583704589973,1.3999999999999995,7.9,80
2025-12-20 14:00:00,60.89496821606111,6.8,13.2,232,110.0,94,0.0,0.0,100,14,5,12,354,1,0,1,-0.7880107536067221,-0.6156614753256581,1.0,8.2,80
2025-12-20 15:00:00,60.60750477149391,6.9,10.9,237,51.0,92,0.0,0.0,100,15,5,12,354,1,0,1,-0.8386705679454242,-0.544639035015027,0.5,8.1,80
2025-12-20 16:00:00,60.90912336192672,6.6,8.2,232,30.0,94,0.0,0.0,100,16,5,12,354,1,0,1,-0.7880107536067221,-0.6156614753256581,-0.5,8.4,80
2025-12-20 17:00:00,61.18389914235952,6.3,6.3,211,7.0,96,0.0,0.0,100,17,5,12,354,1,0,1,-0.5150380749100542,-0.8571673007021123,-0.5,8.7,80
2025-12-20 18:00:00,60.98394149279232,5.8,6.1,194,0.0,98,0.0,0.0,100,18,5,12,354,1,0,1,-0.2419218955996675,-0.9702957262759965,-1.1000000000000005,9.2,80
2025-12-20 19:00:00,61.51021200322512,5.6,5.7,171,0.0,99,0.0,0.0,100,19,5,12,354,1,0,1,0.15643446504023098,-0.9876883405951377,-1.0,9.4,80
2025-12-20 20:00:00,59.910861150324585,5.1,6.4,135,0.0,98,0.0,0.0,100,20,5,12,354,1,0,1,0.7071067811865476,-0.7071067811865475,-1.2000000000000002,9.9,80
2025-12-20 21:00:00,56.58297946409073,4.8,8.2,130,0.0,98,0.0,0.0,100,21,5,12,354,1,0,1,0.766044443118978,-0.6427876096865394,-1.0,10.2,80
2025-12-20 22:00:00,53.3117951986902,4.3,9.8,122,0.0,97,0.0,0.0,100,22,5,12,354,1,0,1,0.8480480961564261,-0.5299192642332048,-1.2999999999999998,10.7,80
2025-12-20 23:00:00,51.60550773078967,4.0,10.5,115,0.0,98,0.0,0.0,100,23,5,12,354,1,0,1,0.90630778703665,-0.42261826174069933,-1.0999999999999996,11.0,80
2025-12-21 00:00:00,50.46021795372247,3.9,11.5,110,0.0,98,0.0,0.0,100,0,6,12,355,1,0,1,0.9396926207859084,-0.3420201433256687,-0.8999999999999999,11.1,81
2025-12-21 01:00:00,50.33660764165526,3.9,12.4,109,0.0,98,0.0,0.0,100,1,6,12,355,1,0,1,0.9455185755993168,-0.32556815445715664,-0.3999999999999999,11.1,81
2025-12-21 02:00:00,50.09301869708807,4.4,13.3,106,0.0,99,0.0,0.0,100,2,6,12,355,1,0,1,0.9612616959383189,-0.27563735581699905,0.40000000000000036,10.6,81
2025-12-21 03:00:00,51.11354384502087,4.4,13.8,98,0.0,99,0.0,0.0,100,3,6,12,355,1,0,1,0.9902680687415704,-0.13917310096006535,0.5000000000000004,10.6,81
2025-12-21 04:00:00,52.53424574045367,4.5,14.4,99,0.0,99,0.0,0.0,100,4,6,12,355,1,0,1,0.9876883405951378,-0.1564344650402308,0.6000000000000001,10.5,81
2025-12-21 05:00:00,55.284891610053144,4.6,17.3,101,0.0,98,0.0,0.0,100,5,6,12,355,1,0,1,0.981627183447664,-0.1908089953765448,0.1999999999999993,10.4,81
2025-12-21 06:00:00,58.71206034548594,4.8,16.5,96,0.0,97,0.0,0.0,100,6,6,12,355,1,0,1,0.9945218953682733,-0.10452846326765355,0.39999999999999947,10.2,81
2025-12-21 07:00:00,62.87366249675208,4.9,18.0,93,0.0,94,0.0,0.0,100,7,6,12,355,1,0,1,0.9986295347545738,-0.05233595624294384,0.40000000000000036,10.1,81
2025-12-21 08:00:00,66.48818281051821,5.3,18.9,92,0.0,94,0.0,0.0,100,8,6,12,355,1,0,1,0.9993908270190958,-0.034899496702500955,0.7000000000000002,9.7,81
2025-12-21 09:00:00,68.31650597011769,5.3,19.8,94,0.0,92,0.0,0.0,100,9,6,12,355,1,0,1,0.9975640502598242,-0.06975647374412533,0.5,9.7,81
2025-12-21 10:00:00,67.01481935221715,5.2,20.2,94,0.0,91,0.0,0.0,100,10,6,12,355,1,0,1,0.9975640502598242,-0.06975647374412533,0.2999999999999998,9.8,81
2025-12-21 11:00:00,66.2144456818166,5.2,19.7,98,20.0,89,0.0,0.0,100,11,6,12,355,1,0,1,0.9902680687415704,-0.13917310096006535,-0.09999999999999964,9.8,81
2025-12-21 12:00:00,66.23883029974941,5.4,19.0,103,36.0,86,0.0,0.0,100,12,6,12,355,1,0,1,0.9743700647852352,-0.22495105434386503,0.10000000000000053,9.6,81
2025-12-21 13:00:00,66.49012726768221,5.7,19.3,101,82.0,85,0.0,0.0,100,13,6,12,355,1,0,1,0.981627183447664,-0.1908089953765448,0.5,9.3,81
2025-12-21 14:00:00,66.64136628561502,5.9,20.1,97,75.0,86,0.0,0.0,100,14,6,12,355,1,0,1,0.9925461516413221,-0.12186934340514737,0.7000000000000002,9.1,81
2025-12-21 15:00:00,67.24041189604782,5.8,19.9,95,59.0,88,0.0,0.0,100,15,6,12,355,1,0,1,0.9961946980917455,-0.08715574274765824,0.39999999999999947,9.2,81
2025-12-21 16:00:00,66.37033363648062,5.3,19.8,93,25.0,90,0.0,0.0,100,16,6,12,355,1,0,1,0.9986295347545738,-0.05233595624294384,-0.40000000000000036,9.7,81
2025-12-21 17:00:00,65.69930209941342,5.2,20.2,93,6.0,91,0.0,0.0,100,17,6,12,355,1,0,1,0.9986295347545738,-0.05233595624294384,-0.7000000000000002,9.8,81
2025-12-21 18:00:00,65.97475299734623,5.2,20.7,92,0.0,90,0.0,0.0,100,18,6,12,355,1,0,1,0.9993908270190958,-0.034899496702500955,-0.5999999999999996,9.8,81
2025-12-21 19:00:00,64.98824283027902,5.1,20.9,93,0.0,89,0.0,0.0,100,19,6,12,355,1,0,1,0.9986295347545738,-0.05233595624294384,-0.20000000000000018,9.9,81
2025-12-21 20:00:00,62.52450654404516,5.1,20.5,92,0.0,90,0.0,0.0,100,20,6,12,355,1,0,1,0.9993908270190958,-0.034899496702500955,-0.10000000000000053,9.9,81
2025-12-21 21:00:00,59.27432616697797,4.9,21.3,93,0.0,90,0.0,0.0,100,21,6,12,355,1,0,1,0.9986295347545738,-0.05233595624294384,-0.2999999999999998,10.1,81
2025-12-21 22:00:00,56.050501439910775,4.9,21.3,96,0.0,91,0.0,0.0,100,22,6,12,355,1,0,1,0.9945218953682733,-0.10452846326765355,-0.1999999999999993,10.1,81
2025-12-21 23:00:00,53.57616301617691,4.9,20.5,98,0.0,92,0.0,0.0,100,23,6,12,355,1,0,1,0.9902680687415704,-0.13917310096006535,-0.1999999999999993,10.1,81
2025-12-22 00:00:00,53.34902103160971,4.8,19.4,97,0.0,95,0.0,0.0,100,0,0,12,356,0,0,1,0.9925461516413221,-0.12186934340514737,-0.10000000000000053,10.2,82
2025-12-22 01:00:00,53.774567547042516,4.8,16.0,88,0.0,96,0.0,0.0,100,1,0,12,356,0,0,1,0.9993908270190958,0.03489949670250108,-0.10000000000000053,10.2,82
2025-12-22 02:00:00,54.501605055808646,4.7,17.9,87,0.0,97,0.0,0.0,100,2,0,12,356,0,0,1,0.9986295347545738,0.052335956242943966,-0.20000000000000018,10.3,82
2025-12-22 03:00:00,55.34602831457479,4.7,16.8,86,0.0,95,0.0,0.0,100,3,0,12,356,0,0,1,0.9975640502598242,0.06975647374412523,-0.09999999999999964,10.3,82
2025-12-22 04:00:00,58.718955110007585,4.8,22.3,96,0.0,96,0.0,0.0,100,4,0,12,356,0,0,1,0.9945218953682733,-0.10452846326765355,0.0,10.2,82
2025-12-22 05:00:00,63.64820425044038,4.6,22.6,99,0.0,95,0.0,0.0,100,5,0,12,356,0,0,1,0.9876883405951378,-0.1564344650402308,-0.10000000000000053,10.4,82
2025-12-22 06:00:00,67.44465827670652,4.2,22.4,98,0.0,91,0.0,0.0,100,6,0,12,356,0,0,1,0.9902680687415704,-0.13917310096006535,-0.5,10.8,82
2025-12-22 07:00:00,69.78613196963931,4.1,21.7,99,0.0,89,0.0,0.0,100,7,0,12,356,0,0,1,0.9876883405951378,-0.1564344650402308,-0.7000000000000002,10.9,82
2025-12-22 08:00:00,72.18103705257212,4.0,21.9,99,0.0,90,0.0,0.0,100,8,0,12,356,0,0,1,0.9876883405951378,-0.1564344650402308,-0.5999999999999996,11.0,82
2025-12-22 09:00:00,72.60431772300493,4.2,20.2,99,0.0,90,0.0,0.0,100,9,0,12,356,0,0,1,0.9876883405951378,-0.1564344650402308,0.0,10.8,82
2025-12-22 10:00:00,71.93321786510438,4.4,20.7,98,0.0,86,0.0,0.0,100,10,0,12,356,0,0,1,0.9902680687415704,-0.13917310096006535,0.3000000000000007,10.6,82
2025-12-22 11:00:00,71.65367225387052,4.3,19.5,93,14.0,87,0.0,0.0,100,11,0,12,356,0,0,1,0.9986295347545738,-0.05233595624294384,0.2999999999999998,10.7,82
2025-12-22 12:00:00,71.80024339930333,4.4,22.0,98,32.0,88,0.0,0.0,100,12,0,12,356,0,0,1,0.9902680687415704,-0.13917310096006535,0.20000000000000018,10.6,82
2025-12-22 13:00:00,71.42289241473613,4.4,22.2,98,51.0,88,0.0,0.0,100,13,0,12,356,0,0,1,0.9902680687415704,-0.13917310096006535,0.0,10.6,82
2025-12-22 14:00:00,71.00270115266893,4.0,21.4,90,44.0,91,0.0,0.0,100,14,0,12,356,0,0,1,1.0,6.123233995736766e-17,-0.2999999999999998,11.0,82
2025-12-22 15:00:00,72.0720482372684,3.8,22.1,90,46.0,90,0.0,0.0,100,15,0,12,356,0,0,1,1.0,6.123233995736766e-17,-0.6000000000000005,11.2,82
2025-12-22 16:00:00,72.42430016103454,3.9,23.4,92,33.0,85,0.0,0.0,100,16,0,12,356,0,0,1,0.9993908270190958,-0.034899496702500955,-0.5000000000000004,11.1,82
2025-12-22 17:00:00,71.44929904896733,3.6,21.4,91,11.0,83,0.0,0.0,88,17,0,12,356,0,0,1,0.9998476951563913,-0.017452406437283477,-0.3999999999999999,11.4,82
2025-12-22 18:00:00,70.37502231190014,3.5,22.5,93,0.0,84,0.0,0.0,100,18,0,12,356,0,0,1,0.9986295347545738,-0.05233595624294384,-0.2999999999999998,11.5,82
2025-12-22 19:00:00,69.49907989233294,3.2,22.9,94,0.0,85,0.0,0.0,100,19,0,12,356,0,0,1,0.9975640502598242,-0.06975647374412533,-0.6999999999999997,11.8,82
2025-12-22 20:00:00,67.7751346894324,3.5,21.8,90,0.0,85,0.0,0.0,100,20,0,12,356,0,0,1,1.0,6.123233995736766e-17,-0.10000000000000009,11.5,82
2025-12-22 21:00:00,64.4980564498652,3.5,21.8,89,0.0,84,0.0,0.0,100,21,0,12,356,0,0,1,0.9998476951563913,0.0174524064372836,0.0,11.5,82
2025-12-22 22:00:00,60.90109565446467,3.3,22.5,90,0.0,84,0.0,0.0,100,22,0,12,356,0,0,1,1.0,6.123233995736766e-17,0.09999999999999964,11.7,82
2025-12-22 23:00:00,57.898423047397486,3.3,22.3,92,0.0,84,0.0,0.0,100,23,0,12,356,0,0,1,0.9993908270190958,-0.034899496702500955,-0.20000000000000018,11.7,82
2025-12-23 00:00:00,56.89932221866361,3.5,21.5,93,0.0,82,0.0,0.0,100,0,1,12,357,0,0,1,0.9986295347545738,-0.05233595624294384,0.0,11.5,83
2025-12-23 01:00:00,56.724860041596415,3.6,20.8,94,0.0,80,0.0,0.0,100,1,1,12,357,0,0,1,0.9975640502598242,-0.06975647374412533,0.30000000000000027,11.4,83
2025-12-23 02:00:00,56.557641614529224,3.5,20.4,94,0.0,85,0.0,0.0,100,2,1,12,357,0,0,1,0.9975640502598242,-0.06975647374412533,0.20000000000000018,11.5,83
2025-12-23 03:00:00,58.682032027462014,3.7,20.9,93,0.0,83,0.0,0.0,100,3,1,12,357,0,0,1,0.9986295347545738,-0.05233595624294384,0.20000000000000018,11.3,83
2025-12-23 04:00:00,61.52749426956149,3.8,21.6,93,0.0,81,0.0,0.0,100,4,1,12,357,0,0,1,0.9986295347545738,-0.05233595624294384,0.19999999999999973,11.2,83
2025-12-23 05:00:00,65.67850690249429,4.0,23.2,91,0.0,79,0.0,0.0,100,5,1,12,357,0,0,1,0.9998476951563913,-0.017452406437283477,0.5,11.0,83
2025-12-23 06:00:00,69.65602745459375,4.1,24.7,93,0.0,77,0.0,0.0,100,6,1,12,357,0,0,1,0.9986295347545738,-0.05233595624294384,0.39999999999999947,10.9,83
2025-12-23 07:00:00,73.27977797919323,4.2,24.7,93,0.0,74,0.0,0.0,100,7,1,12,357,0,0,1,0.9986295347545738,-0.05233595624294384,0.40000000000000036,10.8,83
2025-12-23 08:00:00,74.32875404962601,4.2,22.0,88,0.0,77,0.0,0.0,98,8,1,12,357,0,0,1,0.9993908270190958,0.03489949670250108,0.20000000000000018,10.8,83
2025-12-23 09:00:00,73.40330878089217,4.2,23.8,90,0.0,74,0.0,0.0,93,9,1,12,357,0,0,1,1.0,6.123233995736766e-17,0.10000000000000053,10.8,83
2025-12-23 10:00:00,71.90343515882498,3.9,23.6,91,0.0,74,0.0,0.0,80,10,1,12,357,0,0,1,0.9998476951563913,-0.017452406437283477,-0.30000000000000027,11.1,83
2025-12-23 11:00:00,70.70154487675777,4.2,23.2,88,26.0,77,0.0,0.0,75,11,1,12,357,0,0,1,0.9993908270190958,0.03489949670250108,0.0,10.8,83
2025-12-23 12:00:00,70.07812579969057,4.6,23.2,92,67.0,76,0.0,0.0,54,12,1,12,357,0,0,1,0.9993908270190958,-0.034899496702500955,0.39999999999999947,10.4,83
2025-12-23 13:00:00,69.92799551929004,4.8,24.2,94,97.0,74,0.0,0.0,90,13,1,12,357,0,0,1,0.9975640502598242,-0.06975647374412533,0.8999999999999999,10.2,83
2025-12-23 14:00:00,72.10341912055617,5.1,27.4,92,76.0,72,0.0,0.0,99,14,1,12,357,0,0,1,0.9993908270190958,-0.034899496702500955,0.8999999999999995,9.9,83
2025-12-23 15:00:00,73.25486965598897,4.8,24.0,86,38.0,82,0.0,0.0,100,15,1,12,357,0,0,1,0.9975640502598242,0.06975647374412523,0.20000000000000018,10.2,83
2025-12-23 16:00:00,73.00518437142178,4.6,22.1,74,26.0,86,0.0,0.0,84,16,1,12,357,0,0,1,0.9612616959383189,0.27563735581699916,-0.20000000000000018,10.4,83
2025-12-23 17:00:00,71.37960292018792,4.3,23.1,71,9.0,86,0.0,0.0,99,17,1,12,357,0,0,1,0.9455185755993167,0.32556815445715676,-0.7999999999999998,10.7,83
2025-12-23 18:00:00,70.70396267978738,4.4,22.7,69,0.0,84,0.0,0.0,100,18,1,12,357,0,0,1,0.9335804264972017,0.3583679495453004,-0.39999999999999947,10.6,83
2025-12-23 19:00:00,70.43393657522017,4.4,22.5,72,0.0,82,0.0,0.0,100,19,1,12,357,0,0,1,0.9510565162951535,0.30901699437494745,-0.1999999999999993,10.6,83
2025-12-23 20:00:00,67.68763183398632,3.9,22.0,73,0.0,86,0.0,0.0,56,20,1,12,357,0,0,1,0.9563047559630354,0.29237170472273677,-0.3999999999999999,11.1,83
2025-12-23 21:00:00,64.76152014025246,4.0,22.1,74,0.0,85,0.0,0.0,64,21,1,12,357,0,0,1,0.9612616959383189,0.27563735581699916,-0.40000000000000036,11.0,83
2025-12-23 22:00:00,61.354029370685254,4.1,20.6,74,0.0,84,0.0,0.0,59,22,1,12,357,0,0,1,0.9612616959383189,0.27563735581699916,-0.3000000000000007,10.9,83
2025-12-23 23:00:00,59.77912677361805,3.7,19.0,71,0.0,85,0.0,0.0,63,23,1,12,357,0,0,1,0.9455185755993167,0.32556815445715676,-0.19999999999999973,11.3,83
2025-12-24 00:00:00,59.73010791405086,3.5,16.9,70,0.0,85,0.0,0.0,65,0,2,12,358,0,0,1,0.9396926207859083,0.3420201433256688,-0.5,11.5,84
2025-12-24 01:00:00,59.104643201983656,3.2,16.8,72,0.0,79,0.0,0.0,95,1,2,12,358,0,0,1,0.9510565162951535,0.30901699437494745,-0.8999999999999995,11.8,84
2025-12-24 02:00:00,61.16362433991647,3.5,17.0,80,0.0,73,0.0,0.0,100,2,2,12,358,0,0,1,0.984807753012208,0.17364817766693041,-0.20000000000000018,11.5,84
2025-12-24 03:00:00,64.18582096534927,3.0,17.0,67,0.0,72,0.0,0.0,100,3,2,12,358,0,0,1,0.9205048534524404,0.3907311284892737,-0.5,12.0,84
2025-12-24 04:00:00,66.88341576744874,2.1,18.1,56,0.0,76,0.0,0.0,100,4,2,12,358,0,0,1,0.8290375725550417,0.5591929034707468,-1.1,12.9,84
2025-12-24 05:00:00,70.08385217788154,1.5,18.3,52,0.0,74,0.0,0.0,100,5,2,12,358,0,0,1,0.788010753606722,0.6156614753256583,-2.0,13.5,84
2025-12-24 06:00:00,73.235126424981,0.7,16.2,47,0.0,77,0.0,0.0,100,6,2,12,358,0,0,1,0.7313537016191705,0.6819983600624985,-2.3,14.3,84
2025-12-24 07:00:00,76.2861767254138,0.2,14.5,46,0.0,82,0.0,0.0,98,7,2,12,358,0,0,1,0.7193398003386511,0.6946583704589973,-1.9000000000000001,14.8,84
2025-12-24 08:00:00,81.23467844501327,0.1,14.8,48,0.0,84,0.0,0.0,100,8,2,12,358,0,0,1,0.7431448254773942,0.6691306063588582,-1.4,14.9,84
2025-12-24 09:00:00,83.48555237794608,0.2,14.9,44,0.0,85,0.0,0.0,100,9,2,12,358,0,0,1,0.6946583704589973,0.7193398003386512,-0.49999999999999994,14.8,84
2025-12-24 10:00:00,82.78600701254553,0.4,16.1,48,0.0,81,0.0,0.0,100,10,2,12,358,0,0,1,0.7431448254773942,0.6691306063588582,0.2,14.6,84
2025-12-24 11:00:00,81.68666942797833,0.6,18.5,54,15.0,74,0.0,0.0,100,11,2,12,358,0,0,1,0.8090169943749475,0.5877852522924731,0.5,14.4,84
2025-12-24 12:00:00,81.58646465174446,0.6,18.3,56,54.0,68,0.0,0.0,96,12,2,12,358,0,0,1,0.8290375725550417,0.5591929034707468,0.39999999999999997,14.4,84
2025-12-24 13:00:00,80.76361142634394,0.9,18.8,60,88.0,65,0.0,0.0,89,13,2,12,358,0,0,1,0.8660254037844386,0.5000000000000001,0.5,14.1,84
2025-12-24 14:00:00,80.16481155761008,1.1,19.2,68,103.0,70,0.0,0.0,100,14,2,12,358,0,0,1,0.9271838545667874,0.37460659341591196,0.5000000000000001,13.9,84
2025-12-24 15:00:00,80.61606834054288,1.3,18.7,68,59.0,70,0.0,0.0,100,15,2,12,358,0,0,1,0.9271838545667874,0.37460659341591196,0.7000000000000001,13.7,84
2025-12-24 16:00:00,79.54615523847568,1.2,18.2,67,47.0,70,0.0,0.0,100,16,2,12,358,0,0,1,0.9205048534524404,0.3907311284892737,0.29999999999999993,13.8,84
2025-12-24 17:00:00,77.49618142307516,1.0,15.6,53,9.0,74,0.0,0.0,100,17,2,12,358,0,0,1,0.7986355100472928,0.6018150231520483,-0.10000000000000009,14.0,84
2025-12-24 18:00:00,76.58692447684128,0.8,16.3,49,0.0,77,0.0,0.0,100,18,2,12,358,0,0,1,0.754709580222772,0.6560590289905073,-0.5,14.2,84
2025-12-24 19:00:00,75.93819452810743,0.6,16.5,52,0.0,77,0.0,0.0,100,19,2,12,358,0,0,1,0.788010753606722,0.6156614753256583,-0.6,14.4,84
2025-12-24 20:00:00,73.68875011604023,0.9,16.1,53,0.0,77,0.0,0.0,100,20,2,12,358,0,0,1,0.7986355100472928,0.6018150231520483,-0.09999999999999998,14.1,84
2025-12-24 21:00:00,70.91166775980636,0.9,15.6,57,0.0,77,0.0,0.0,100,21,2,12,358,0,0,1,0.838670567945424,0.5446390350150271,0.09999999999999998,14.1,84
2025-12-24 22:00:00,67.5615759860725,0.9,15.4,66,0.0,78,0.0,0.0,100,22,2,12,358,0,0,1,0.9135454576426009,0.4067366430758002,0.30000000000000004,14.1,84
2025-12-24 23:00:00,65.06157029817196,1.2,15.6,71,0.0,77,0.0,0.0,100,23,2,12,358,0,0,1,0.9455185755993167,0.32556815445715676,0.29999999999999993,13.8,84
2025-12-25 00:00:00,63.96224140610477,1.4,15.0,77,0.0,76,0.0,0.0,100,0,3,12,359,0,1,1,0.9743700647852352,0.22495105434386492,0.4999999999999999,13.6,85
2025-12-25 01:00:00,63.36074556403757,1.3,14.5,79,0.0,76,0.0,0.0,100,1,3,12,359,0,1,1,0.981627183447664,0.19080899537654492,0.4,13.7,85
2025-12-25 02:00:00,63.49312644280371,1.1,12.7,78,0.0,78,0.0,0.0,97,2,3,12,359,0,1,1,0.9781476007338056,0.20791169081775945,-0.09999999999999987,13.9,85
2025-12-25 03:00:00,64.26504033240317,1.0,12.6,73,0.0,77,0.0,0.0,100,3,3,12,359,0,1,1,0.9563047559630354,0.29237170472273677,-0.3999999999999999,14.0,85
2025-12-25 04:00:00,66.02109666866932,1.4,13.3,77,0.0,74,0.0,0.0,100,4,3,12,359,0,1,1,0.9743700647852352,0.22495105434386492,0.09999999999999987,13.6,85
2025-12-25 05:00:00,68.81319285993544,1.3,13.3,74,0.0,74,0.0,0.0,91,5,3,12,359,0,1,1,0.9612616959383189,0.27563735581699916,0.19999999999999996,13.7,85
2025-12-25 06:00:00,71.11420671203493,1.2,13.5,80,0.0,74,0.0,0.0,100,6,3,12,359,0,1,1,0.984807753012208,0.17364817766693041,0.19999999999999996,13.8,85
2025-12-25 07:00:00,74.76453179830104,1.2,13.4,85,0.0,74,0.0,0.0,95,7,3,12,359,0,1,1,0.9961946980917455,0.08715574274765814,-0.19999999999999996,13.8,85
2025-12-25 08:00:00,78.91615000873384,0.8,12.7,83,0.0,75,0.0,0.0,100,8,3,12,359,0,1,1,0.992546151641322,0.12186934340514749,-0.5,14.2,85
2025-12-25 09:00:00,79.54121058333331,0.8,12.6,86,0.0,78,0.0,0.0,100,9,3,12,359,0,1,1,0.9975640502598242,0.06975647374412523,-0.3999999999999999,14.2,85
2025-12-25 10:00:00,78.29721888626611,1.0,12.1,91,0.0,78,0.0,0.0,98,10,3,12,359,0,1,1,0.9998476951563913,-0.017452406437283477,-0.19999999999999996,14.0,85
2025-12-25 11:00:00,76.27013691003224,1.3,11.5,88,27.0,79,0.0,0.0,100,11,3,12,359,0,1,1,0.9993908270190958,0.03489949670250108,0.5,13.7,85
2025-12-25 12:00:00,74.08386723546508,1.8,13.8,99,69.0,75,0.0,0.0,100,12,3,12,359,0,1,1,0.9876883405951378,-0.1564344650402308,1.0,13.2,85
2025-12-25 13:00:00,72.75543529839787,1.8,13.4,96,108.0,75,0.0,0.0,99,13,3,12,359,0,1,1,0.9945218953682733,-0.10452846326765355,0.8,13.2,85
2025-12-25 14:00:00,74.02696298133066,2.0,11.0,95,133.0,77,0.0,0.0,100,14,3,12,359,0,1,1,0.9961946980917455,-0.08715574274765824,0.7,13.0,85
2025-12-25 15:00:00,77.24704481176344,1.8,10.5,87,107.0,77,0.0,0.0,95,15,3,12,359,0,1,1,0.9986295347545738,0.052335956242943966,0.0,13.2,85
2025-12-25 16:00:00,79.52316175469625,1.4,9.3,75,75.0,79,0.0,0.0,70,16,3,12,359,0,1,1,0.9659258262890683,0.25881904510252074,-0.40000000000000013,13.6,85
2025-12-25 17:00:00,80.22387136929572,-0.2,6.4,63,19.0,87,0.0,0.0,48,17,3,12,359,0,1,1,0.8910065241883679,0.45399049973954686,-2.2,15.2,85
2025-12-25 18:00:00,79.79889923222854,-0.8,7.3,59,0.0,89,0.0,0.0,52,18,3,12,359,0,1,1,0.8571673007021123,0.5150380749100542,-2.6,15.8,85
2025-12-25 19:00:00,78.99883643349466,-1.4,6.2,68,0.0,90,0.0,0.0,30,19,3,12,359,0,1,1,0.9271838545667874,0.37460659341591196,-2.8,16.4,85
2025-12-25 20:00:00,77.35708179142746,-2.2,5.4,88,0.0,90,0.0,0.0,99,20,3,12,359,0,1,1,0.9993908270190958,0.03489949670250108,-2.0,17.2,85
2025-12-25 21:00:00,74.32402956102695,-2.7,4.1,88,0.0,91,0.0,0.0,98,21,3,12,359,0,1,1,0.9993908270190958,0.03489949670250108,-1.9000000000000001,17.7,85
2025-12-25 22:00:00,72.07400648812643,-2.5,4.4,63,0.0,91,0.0,0.0,97,22,3,12,359,0,1,1,0.8910065241883679,0.45399049973954686,-1.1,17.5,85
2025-12-25 23:00:00,69.61043947605921,-2.1,5.2,56,0.0,91,0.0,0.0,97,23,3,12,359,0,1,1,0.8290375725550417,0.5591929034707468,0.10000000000000009,17.1,85
2025-12-26 00:00:00,68.82281956649202,-2.2,5.9,45,0.0,91,0.0,0.0,22,0,4,12,360,0,1,1,0.7071067811865475,0.7071067811865476,0.5,17.2,86
2025-12-26 01:00:00,69.70135050692483,-2.5,5.3,45,0.0,91,0.0,0.0,97,1,4,12,360,0,1,1,0.7071067811865475,0.7071067811865476,0.0,17.5,86
2025-12-26 02:00:00,69.82409513985762,-2.8,3.2,19,0.0,92,0.0,0.0,88,2,4,12,360,0,1,1,0.3255681544571567,0.9455185755993168,-0.6999999999999997,17.8,86
2025-12-26 03:00:00,71.0464610394571,-3.8,3.1,7,0.0,93,0.0,0.0,95,3,4,12,360,0,1,1,0.12186934340514748,0.992546151641322,-1.5999999999999996,18.8,86
2025-12-26 04:00:00,73.2761534973899,-4.2,3.5,24,0.0,95,0.0,0.0,98,4,4,12,360,0,1,1,0.4067366430758002,0.9135454576426009,-1.7000000000000002,19.2,86
2025-12-26 05:00:00,76.32933673782267,-4.2,4.7,16,0.0,96,0.0,0.0,99,5,4,12,360,0,1,1,0.27563735581699916,0.9612616959383189,-1.4000000000000004,19.2,86
2025-12-26 06:00:00,79.17174501492214,-4.0,4.1,347,0.0,97,0.0,0.0,100,6,4,12,360,0,1,1,-0.22495105434386534,0.9743700647852351,-0.20000000000000018,19.0,86
2025-12-26 07:00:00,82.70849680702162,-3.8,5.0,360,0.0,97,0.0,0.0,100,7,4,12,360,0,1,1,-2.4492935982947064e-16,1.0,0.40000000000000036,18.8,86
2025-12-26 08:00:00,87.95202501245441,-3.5,6.4,310,0.0,99,0.0,0.0,100,8,4,12,360,0,1,1,-0.7660444431189781,0.6427876096865393,0.7000000000000002,18.5,86
2025-12-26 09:00:00,87.44926837788722,-3.5,5.7,316,0.0,98,0.0,0.0,100,9,4,12,360,0,1,1,-0.6946583704589976,0.7193398003386509,0.5,18.5,86
2025-12-26 10:00:00,85.52380030915334,-3.5,7.2,357,0.0,97,0.0,0.0,98,10,4,12,360,0,1,1,-0.05233595624294437,0.9986295347545738,0.2999999999999998,18.5,86
2025-12-26 11:00:00,82.15592124708616,-2.8,10.6,9,31.0,96,0.0,0.0,97,11,4,12,360,0,1,1,0.15643446504023087,0.9876883405951378,0.7000000000000002,17.8,86
2025-12-26 12:00:00,79.27185965751895,-0.3,6.6,9,69.0,95,0.0,0.0,100,12,4,12,360,0,1,1,0.15643446504023087,0.9876883405951378,3.2,15.3,86
2025-12-26 13:00:00,78.17313924045176,0.6,5.4,4,79.0,95,0.0,0.0,100,13,4,12,360,0,1,1,0.0697564737441253,0.9975640502598242,4.1,14.4,86
2025-12-26 14:00:00,79.62335955755123,1.1,6.2,339,78.0,99,0.0,0.0,100,14,4,12,360,0,1,1,-0.35836794954530077,0.9335804264972015,3.9,13.9,86
2025-12-26 15:00:00,83.32143656381734,1.2,6.4,322,47.0,99,0.0,0.0,100,15,4,12,360,0,1,1,-0.6156614753256582,0.7880107536067221,1.5,13.8,86
2025-12-26 16:00:00,80.8515747775835,1.3,6.0,316,39.0,100,0.0,0.0,100,16,4,12,360,0,1,1,-0.6946583704589976,0.7193398003386509,0.7000000000000001,13.7,86
2025-12-26 17:00:00,78.6486149380163,1.1,7.8,314,8.0,99,0.0,0.0,100,17,4,12,360,0,1,1,-0.7193398003386512,0.6946583704589973,0.0,13.9,86
2025-12-26 18:00:00,77.34916435094911,1.2,8.2,322,0.0,99,0.0,0.0,100,18,4,12,360,0,1,1,-0.6156614753256582,0.7880107536067221,0.0,13.8,86
2025-12-26 19:00:00,75.72515746138191,1.1,7.7,319,0.0,99,0.0,0.0,100,19,4,12,360,0,1,1,-0.6560590289905074,0.7547095802227719,-0.19999999999999996,13.9,86
2025-12-26 20:00:00,71.59819184431473,1.5,7.8,323,0.0,100,0.0,0.0,100,20,4,12,360,0,1,1,-0.6018150231520483,0.7986355100472928,0.3999999999999999,13.5,86
2025-12-26 21:00:00,68.74649813308085,1.6,6.8,312,0.0,99,0.0,0.0,100,21,4,12,360,0,1,1,-0.7431448254773946,0.6691306063588578,0.40000000000000013,13.4,86
2025-12-26 22:00:00,64.60950903934699,1.6,6.8,297,0.0,100,0.0,0.0,100,22,4,12,360,0,1,1,-0.8910065241883679,0.45399049973954664,0.5,13.4,86
2025-12-26 23:00:00,61.82512479811312,2.0,7.1,289,0.0,99,0.0,0.0,100,23,4,12,360,0,1,1,-0.945518575599317,0.3255681544571563,0.5,13.0,86
2025-12-27 00:00:00,60.405620243545926,2.1,7.8,279,0.0,99,0.0,0.0,100,0,5,12,361,1,0,1,-0.9876883405951378,0.15643446504023067,0.5,12.9,87
2025-12-27 01:00:00,59.73002636314539,1.9,7.2,269,0.0,99,0.0,0.0,100,1,5,12,361,1,0,1,-0.9998476951563913,-0.017452406437283498,0.2999999999999998,13.1,87
2025-12-27 02:00:00,59.603605476078194,2.1,10.0,276,0.0,100,0.0,0.0,98,2,5,12,361,1,0,1,-0.9945218953682734,0.10452846326765299,0.10000000000000009,12.9,87
2025-12-27 03:00:00,60.299918744010995,2.2,10.1,276,0.0,100,0.0,0.0,98,3,5,12,361,1,0,1,-0.9945218953682734,0.10452846326765299,0.10000000000000009,12.8,87
2025-12-27 04:00:00,61.69684048694379,2.7,12.2,289,0.0,100,0.0,0.0,100,4,5,12,361,1,0,1,-0.945518575599317,0.3255681544571563,0.8000000000000003,12.3,87
2025-12-27 05:00:00,64.2740327823766,4.2,13.7,295,0.0,99,0.0,0.0,100,5,5,12,361,1,0,1,-0.9063077870366498,0.4226182617406996,2.1,10.8,87
2025-12-27 06:00:00,67.1235474078094,4.7,14.2,288,0.0,98,0.0,0.0,100,6,5,12,361,1,0,1,-0.9510565162951536,0.30901699437494723,2.5,10.3,87
2025-12-27 07:00:00,69.65366373990886,5.0,15.1,295,0.0,98,0.0,0.0,95,7,5,12,361,1,0,1,-0.9063077870366498,0.4226182617406996,2.3,10.0,87
2025-12-27 08:00:00,72.55193076200834,5.1,15.2,291,0.0,98,0.0,0.0,100,8,5,12,361,1,0,1,-0.9335804264972017,0.3583679495453004,0.8999999999999995,9.9,87
2025-12-27 09:00:00,73.71245355494115,5.8,19.0,293,0.0,97,0.0,0.0,100,9,5,12,361,1,0,1,-0.9205048534524405,0.3907311284892735,1.0999999999999996,9.2,87
2025-12-27 10:00:00,77.45263263037396,6.2,19.0,301,0.0,96,0.0,0.0,100,10,5,12,361,1,0,1,-0.8571673007021123,0.5150380749100542,1.2000000000000002,8.8,87
2025-12-27 11:00:00,74.92464457580674,6.3,19.8,293,16.0,94,0.0,0.0,8,11,5,12,361,1,0,1,-0.9205048534524405,0.3907311284892735,1.2000000000000002,8.7,87
2025-12-27 12:00:00,72.7249634079062,6.7,22.7,302,103.0,91,0.0,0.0,33,12,5,12,361,1,0,1,-0.8480480961564262,0.5299192642332047,0.9000000000000004,8.3,87
2025-12-27 13:00:00,71.57365964000567,7.7,24.1,308,136.0,84,0.0,0.0,9,13,5,12,361,1,0,1,-0.7880107536067218,0.6156614753256585,1.5,7.3,87
2025-12-27 14:00:00,73.82438663960515,7.4,22.7,317,166.0,87,0.0,0.0,55,14,5,12,361,1,0,1,-0.6819983600624984,0.7313537016191707,1.1000000000000005,7.6,87
2025-12-27 15:00:00,77.22729339837127,7.6,19.1,328,139.0,82,0.0,0.0,13,15,5,12,361,1,0,1,-0.529919264233205,0.8480480961564258,0.8999999999999995,7.4,87
2025-12-27 16:00:00,79.50003475380409,6.8,15.9,333,93.0,79,0.0,0.0,0,16,5,12,361,1,0,1,-0.45399049973954697,0.8910065241883678,-0.9000000000000004,8.2,87
2025-12-27 17:00:00,80.47645715340356,5.2,12.7,339,23.0,84,0.0,0.0,0,17,5,12,361,1,0,1,-0.35836794954530077,0.9335804264972015,-2.2,9.8,87
2025-12-27 18:00:00,80.00465198383637,3.8,11.7,343,0.0,90,0.0,0.0,0,18,5,12,361,1,0,1,-0.29237170472273716,0.9563047559630353,-3.8,11.2,87
2025-12-27 19:00:00,79.70672837926915,3.2,11.6,353,0.0,91,0.0,0.0,0,19,5,12,361,1,0,1,-0.12186934340514723,0.9925461516413221,-3.5999999999999996,11.8,87
2025-12-27 20:00:00,77.53016177803529,2.2,10.2,343,0.0,93,0.0,0.0,0,20,5,12,361,1,0,1,-0.29237170472273716,0.9563047559630353,-3.0,12.8,87
2025-12-27 21:00:00,74.7687852759681,1.5,10.3,344,0.0,94,0.0,0.0,0,21,5,12,361,1,0,1,-0.27563735581699894,0.9612616959383189,-2.3,13.5,87
2025-12-27 22:00:00,71.4536068739009,1.0,9.6,339,0.0,94,0.0,0.0,0,22,5,12,361,1,0,1,-0.35836794954530077,0.9335804264972015,-2.2,14.0,87
2025-12-27 23:00:00,70.1047386843337,0.4,8.8,332,0.0,94,0.0,0.0,0,23,5,12,361,1,0,1,-0.4694715627858908,0.882947592858927,-1.8000000000000003,14.6,87
2025-12-28 00:00:00,69.5815166372665,0.2,10.5,343,0.0,95,0.0,0.0,0,0,6,12,362,1,0,1,-0.29237170472273716,0.9563047559630353,-1.3,14.8,88
2025-12-28 01:00:00,70.40554608186596,0.4,11.7,357,0.0,92,0.0,0.0,0,1,6,12,362,1,0,1,-0.05233595624294437,0.9986295347545738,-0.6,14.6,88
2025-12-28 02:00:00,71.1895723606321,0.2,9.0,5,0.0,88,0.0,0.0,0,2,6,12,362,1,0,1,0.08715574274765817,0.9961946980917455,-0.2,14.8,88
2025-12-28 03:00:00,71.81690953106491,-0.5,9.7,15,0.0,88,0.0,0.0,0,3,6,12,362,1,0,1,0.25881904510252074,0.9659258262890683,-0.7,15.5,88
2025-12-28 04:00:00,73.83201139816438,-1.1,6.9,5,0.0,89,0.0,0.0,0,4,6,12,362,1,0,1,0.08715574274765817,0.9961946980917455,-1.5,16.1,88
2025-12-28 05:00:00,74.02996465109717,-1.3,7.0,1,0.0,89,0.0,0.0,0,5,6,12,362,1,0,1,0.01745240643728351,0.9998476951563913,-1.5,16.3,88
2025-12-28 06:00:00,78.80800347569664,-1.9,6.1,358,0.0,88,0.0,0.0,0,6,6,12,362,1,0,1,-0.034899496702500823,0.9993908270190958,-1.4,16.9,88
2025-12-28 07:00:00,86.63178335529611,-1.8,5.6,329,0.0,87,0.0,0.0,0,7,6,12,362,1,0,1,-0.5150380749100545,0.8571673007021121,-0.7,16.8,88
2025-12-28 08:00:00,90.95955934656224,-2.5,7.1,297,0.0,91,0.0,0.0,0,8,6,12,362,1,0,1,-0.8910065241883679,0.45399049973954664,-1.2,17.5,88
2025-12-28 09:00:00,89.2357934086617,-3.8,5.6,303,0.0,91,0.0,0.0,0,9,6,12,362,1,0,1,-0.8386705679454243,0.5446390350150266,-1.9,18.8,88
2025-12-28 10:00:00,83.38276478909451,-3.8,4.2,320,0.0,88,0.0,0.0,0,10,6,12,362,1,0,1,-0.6427876096865396,0.7660444431189778,-1.9999999999999998,18.8,88
2025-12-28 11:00:00,77.78050110952732,-2.2,2.2,346,39.0,83,0.0,0.0,0,11,6,12,362,1,0,1,-0.24192189559966787,0.9702957262759965,0.2999999999999998,17.2,88
2025-12-28 12:00:00,73.05438316162679,-0.3,3.8,199,110.0,82,0.0,0.0,0,12,6,12,362,1,0,1,-0.32556815445715676,-0.9455185755993167,3.5,15.3,88
2025-12-28 13:00:00,72.27985723955959,1.2,10.7,241,162.0,76,0.0,0.0,0,13,6,12,362,1,0,1,-0.874619707139396,-0.48480962024633684,5.0,13.8,88
2025-12-28 14:00:00,74.35713645999239,3.0,11.6,248,178.0,73,0.0,0.0,0,14,6,12,362,1,0,1,-0.9271838545667873,-0.3746065934159123,5.2,12.0,88
2025-12-28 15:00:00,77.20792514625852,2.8,13.0,237,154.0,79,0.0,0.0,0,15,6,12,362,1,0,1,-0.8386705679454242,-0.544639035015027,3.0999999999999996,12.2,88
2025-12-28 16:00:00,77.10909256585799,2.1,14.8,249,97.0,84,0.0,0.0,0,16,6,12,362,1,0,1,-0.9335804264972015,-0.3583679495453007,0.9000000000000001,12.9,88
2025-12-28 17:00:00,77.73276150129078,1.5,15.3,250,24.0,93,0.0,0.0,100,17,6,12,362,1,0,1,-0.9396926207859084,-0.34202014332566855,-1.5,13.5,88
2025-12-28 18:00:00,76.28375301255693,3.2,16.9,254,0.0,96,0.0,0.0,22,18,6,12,362,1,0,1,-0.961261695938319,-0.2756373558169989,0.40000000000000036,11.8,88
2025-12-28 19:00:00,73.13256926132306,2.5,16.8,261,0.0,96,0.0,0.0,0,19,6,12,362,1,0,1,-0.9876883405951377,-0.15643446504023104,0.3999999999999999,12.5,88
2025-12-28 20:00:00,68.90743860092255,2.5,19.8,272,0.0,93,0.0,0.0,14,20,6,12,362,1,0,1,-0.9993908270190958,0.03489949670250128,1.0,12.5,88
2025-12-28 21:00:00,65.86464143385534,3.2,20.7,277,0.0,95,0.0,0.0,29,21,6,12,362,1,0,1,-0.992546151641322,0.12186934340514768,0.0,11.8,88
2025-12-28 22:00:00,62.23791836762146,4.0,22.3,286,0.0,95,0.0,0.0,17,22,6,12,362,1,0,1,-0.9612616959383188,0.2756373558169994,1.5,11.0,88
2025-12-28 23:00:00,61.50930117555427,4.1,23.8,292,0.0,94,0.0,0.0,17,23,6,12,362,1,0,1,-0.9271838545667874,0.37460659341591196,1.5999999999999996,10.9,88
2025-12-29 00:00:00,60.33291795598708,4.1,22.8,301,0.0,94,0.0,0.0,34,0,0,12,363,0,0,1,-0.8571673007021123,0.5150380749100542,0.8999999999999995,10.9,89
2025-12-29 01:00:00,59.23149996641988,4.1,20.7,304,0.0,93,0.0,0.0,95,1,0,12,363,0,0,1,-0.8290375725550416,0.559192903470747,0.09999999999999964,10.9,89
2025-12-29 02:00:00,58.190164437686015,4.0,19.4,303,0.0,91,0.0,0.0,84,2,0,12,363,0,0,1,-0.8386705679454243,0.5446390350150266,-0.09999999999999964,11.0,89
2025-12-29 03:00:00,58.685004097285486,4.3,19.8,304,0.0,89,0.0,0.0,59,3,0,12,363,0,0,1,-0.8290375725550416,0.559192903470747,0.20000000000000018,10.7,89
2025-12-29 04:00:00,60.93164440271829,4.2,18.3,308,0.0,89,0.0,0.0,80,4,0,12,363,0,0,1,-0.7880107536067218,0.6156614753256585,0.10000000000000053,10.8,89
2025-12-29 05:00:00,64.68252702815109,4.4,18.2,315,0.0,87,0.0,0.0,98,5,0,12,363,0,0,1,-0.7071067811865477,0.7071067811865474,0.40000000000000036,10.6,89
2025-12-29 06:00:00,67.18367294608389,5.2,18.1,317,0.0,82,0.0,0.0,98,6,0,12,363,0,0,1,-0.6819983600624984,0.7313537016191707,0.9000000000000004,9.8,89
2025-12-29 07:00:00,69.81041285151669,4.9,17.0,312,0.0,85,0.0,0.0,77,7,0,12,363,0,0,1,-0.7431448254773946,0.6691306063588578,0.7000000000000002,10.1,89
2025-12-29 08:00:00,73.85896215028282,5.2,16.0,309,0.0,83,0.0,0.0,100,8,0,12,363,0,0,1,-0.7771459614569708,0.6293203910498375,0.7999999999999998,9.8,89
2025-12-29 09:00:00,74.43418582404897,5.4,18.1,308,0.0,82,0.0,0.0,34,9,0,12,363,0,0,1,-0.7880107536067218,0.6156614753256585,0.20000000000000018,9.6,89
2025-12-29 10:00:00,73.28291308948177,4.7,18.3,309,0.0,87,0.0,0.0,20,10,0,12,363,0,0,1,-0.7771459614569708,0.6293203910498375,-0.20000000000000018,10.3,89
2025-12-29 11:00:00,72.55726499574789,5.3,19.6,317,37.0,84,0.0,0.0,65,11,0,12,363,0,0,1,-0.6819983600624984,0.7313537016191707,0.09999999999999964,9.7,89
2025-12-29 12:00:00,72.7827361761807,6.0,20.2,321,102.0,81,0.0,0.0,80,12,0,12,363,0,0,1,-0.6293203910498378,0.7771459614569706,0.5999999999999996,9.0,89
2025-12-29 13:00:00,72.28394995578017,6.4,19.9,320,156.0,76,0.0,0.0,63,13,0,12,363,0,0,1,-0.6427876096865396,0.7660444431189778,1.7000000000000002,8.6,89
2025-12-29 14:00:00,74.58462106371299,6.3,17.5,328,171.0,72,0.0,0.0,77,14,0,12,363,0,0,1,-0.529919264233205,0.8480480961564258,1.0,8.7,89
2025-12-29 15:00:00,77.81004298664577,5.9,16.0,329,150.0,72,0.0,0.0,1,15,0,12,363,0,0,1,-0.5150380749100545,0.8571673007021121,-0.09999999999999964,9.1,89
2025-12-29 16:00:00,79.06317079457858,4.9,14.2,333,95.0,75,0.0,0.0,2,16,0,12,363,0,0,1,-0.45399049973954697,0.8910065241883678,-1.5,10.1,89
2025-12-29 17:00:00,79.06596660917805,3.4,13.4,334,25.0,81,0.0,0.0,38,17,0,12,363,0,0,1,-0.4383711467890778,0.8987940462991668,-2.9,11.6,89
2025-12-29 18:00:00,80.24155574794418,2.7,14.2,344,0.0,84,0.0,0.0,45,18,0,12,363,0,0,1,-0.27563735581699894,0.9612616959383189,-3.2,12.3,89
2025-12-29 19:00:00,79.59045358587699,1.8,12.5,344,0.0,89,0.0,0.0,44,19,0,12,363,0,0,1,-0.27563735581699894,0.9612616959383189,-3.1000000000000005,13.2,89
2025-12-29 20:00:00,78.16598309630979,1.6,12.0,346,0.0,91,0.0,0.0,48,20,0,12,363,0,0,1,-0.24192189559966787,0.9702957262759965,-1.7999999999999998,13.4,89
2025-12-29 21:00:00,75.73967231424258,0.9,11.1,344,0.0,94,0.0,0.0,97,21,0,12,363,0,0,1,-0.27563735581699894,0.9612616959383189,-1.8000000000000003,14.1,89
2025-12-29 22:00:00,72.56765936384205,0.9,11.5,333,0.0,93,0.0,0.0,59,22,0,12,363,0,0,1,-0.45399049973954697,0.8910065241883678,-0.9,14.1,89
2025-12-29 23:00:00,70.61595844844153,0.3,11.4,335,0.0,92,0.0,0.0,57,23,0,12,363,0,0,1,-0.4226182617406992,0.90630778703665,-1.3,14.7,89
2025-12-30 00:00:00,69.91690912554098,0.1,12.6,327,0.0,89,0.0,0.0,17,0,1,12,364,0,0,1,-0.544639035015027,0.838670567945424,-0.8,14.9,90
2025-12-30 01:00:00,70.46290077097379,-0.9,14.4,330,0.0,86,0.0,0.0,0,1,1,12,364,0,0,1,-0.5000000000000004,0.8660254037844384,-1.8,15.9,90
2025-12-30 02:00:00,71.79482430390658,-1.5,12.6,331,0.0,86,0.0,0.0,0,2,1,12,364,0,0,1,-0.4848096202463369,0.8746197071393959,-1.8,16.5,90
2025-12-30 03:00:00,73.61821218183938,-1.9,12.7,328,0.0,84,0.0,0.0,0,3,1,12,364,0,0,1,-0.529919264233205,0.8480480961564258,-2.0,16.9,90
2025-12-30 04:00:00,76.48997334310553,-2.2,13.8,334,0.0,81,0.0,0.0,0,4,1,12,364,0,0,1,-0.4383711467890778,0.8987940462991668,-1.3000000000000003,17.2,90
2025-12-30 05:00:00,81.59128068187165,-2.3,13.6,334,0.0,75,0.0,0.0,0,5,1,12,364,0,0,1,-0.4383711467890778,0.8987940462991668,-0.7999999999999998,17.3,90
2025-12-30 06:00:00,84.77922372647112,-2.5,12.8,325,0.0,74,0.0,0.0,0,6,1,12,364,0,0,1,-0.5735764363510465,0.8191520442889916,-0.6000000000000001,17.5,90
2025-12-30 07:00:00,89.02002538440392,-2.6,13.8,321,0.0,72,0.0,0.0,0,7,1,12,364,0,0,1,-0.6293203910498378,0.7771459614569706,-0.3999999999999999,17.6,90
2025-12-30 08:00:00,93.74525607233672,-2.6,14.8,330,0.0,71,0.0,0.0,0,8,1,12,364,0,0,1,-0.5000000000000004,0.8660254037844384,-0.30000000000000027,17.6,90
2025-12-30 09:00:00,93.54613747860286,-2.5,14.7,332,0.0,70,0.0,0.0,0,9,1,12,364,0,0,1,-0.4694715627858908,0.882947592858927,0.0,17.5,90
2025-12-30 10:00:00,90.81850665570234,-2.5,14.8,330,0.0,69,0.0,0.0,0,10,1,12,364,0,0,1,-0.5000000000000004,0.8660254037844384,0.10000000000000009,17.5,90
2025-12-30 11:00:00,85.44452836113514,-1.6,15.2,333,40.0,65,0.0,0.0,0,11,1,12,364,0,0,1,-0.45399049973954697,0.8910065241883678,1.0,16.6,90
2025-12-30 12:00:00,81.49404664406792,-0.4,14.3,325,114.0,64,0.0,0.0,0,12,1,12,364,0,0,1,-0.5735764363510465,0.8191520442889916,2.1,15.4,90
2025-12-30 13:00:00,80.72037754283407,0.4,11.4,305,166.0,65,0.0,0.0,5,13,1,12,364,0,0,1,-0.8191520442889918,0.573576436351046,2.9,14.6,90
2025-12-30 14:00:00,82.59793614243354,1.5,11.2,319,181.0,56,0.0,0.0,7,14,1,12,364,0,0,1,-0.6560590289905074,0.7547095802227719,3.1,13.5,90
2025-12-30 15:00:00,87.83065275119966,1.5,15.2,331,156.0,57,0.0,0.0,1,15,1,12,364,0,0,1,-0.4848096202463369,0.8746197071393959,1.9,13.5,90
2025-12-30 16:00:00,91.29424773329912,0.7,12.7,331,99.0,61,0.0,0.0,0,16,1,12,364,0,0,1,-0.4848096202463369,0.8746197071393959,0.29999999999999993,14.3,90
2025-12-30 17:00:00,91.70260861123194,-0.9,11.7,324,27.0,68,0.0,0.0,1,17,1,12,364,0,0,1,-0.5877852522924734,0.8090169943749473,-2.4,15.9,90
2025-12-30 18:00:00,90.64310369916474,-1.6,11.7,314,0.0,71,0.0,0.0,0,18,1,12,364,0,0,1,-0.7193398003386512,0.6946583704589973,-3.1,16.6,90
2025-12-30 19:00:00,90.02355278459754,-2.0,11.7,311,0.0,71,0.0,0.0,0,19,1,12,364,0,0,1,-0.7547095802227722,0.656059028990507,-2.7,17.0,90
2025-12-30 20:00:00,87.12061978253035,-2.2,8.8,309,0.0,71,0.0,0.0,84,20,1,12,364,0,0,1,-0.7771459614569708,0.6293203910498375,-1.3000000000000003,17.2,90
2025-12-30 21:00:00,83.07114807379648,-2.8,6.9,284,0.0,74,0.0,0.0,66,21,1,12,364,0,0,1,-0.9702957262759966,0.24192189559966745,-1.1999999999999997,17.8,90
2025-12-30 22:00:00,77.6199767517293,-2.8,7.8,265,0.0,75,0.0,0.0,37,22,1,12,364,0,0,1,-0.9961946980917455,-0.08715574274765825,-0.7999999999999998,17.8,90
2025-12-30 23:00:00,75.6449698446621,-2.6,10.0,242,0.0,76,0.0,0.0,100,23,1,12,364,0,0,1,-0.882947592858927,-0.46947156278589075,-0.3999999999999999,17.6,90
2025-12-31 00:00:00,72.49606894342823,-1.9,12.4,242,0.0,77,0.0,0.0,73,0,2,12,365,0,0,1,-0.882947592858927,-0.46947156278589075,0.8999999999999999,16.9,91
2025-12-31 01:00:00,71.47076854969437,-1.4,10.8,269,0.0,85,0.0,0.0,61,1,2,12,365,0,0,1,-0.9998476951563913,-0.017452406437283498,1.4,16.4,91
2025-12-31 02:00:00,70.52559795012716,-0.6,12.1,297,0.0,85,0.0,0.0,100,2,2,12,365,0,0,1,-0.8910065241883679,0.45399049973954664,2.0,15.6,91
2025-12-31 03:00:00,71.04769148472664,0.6,12.3,282,0.0,85,0.0,0.0,100,3,2,12,365,0,0,1,-0.9781476007338056,0.20791169081775945,2.5,14.4,91
2025-12-31 04:00:00,72.37167586765945,1.9,13.9,270,0.0,88,0.0,0.0,100,4,2,12,365,0,0,1,-1.0,-1.8369701987210297e-16,3.3,13.1,91
2025-12-31 05:00:00,74.97183411809225,2.3,17.3,267,0.0,95,0.0,0.0,100,5,2,12,365,0,0,1,-0.9986295347545738,-0.052335956242944306,2.9,12.7,91
2025-12-31 06:00:00,76.72305453185838,3.0,21.7,286,0.0,97,0.56,0.0,98,6,2,12,365,0,0,1,-0.9612616959383188,0.2756373558169994,2.4,12.0,91
2025-12-31 07:00:00,81.00851591229116,3.2,19.2,294,0.0,97,0.0,0.0,100,7,2,12,365,0,0,1,-0.9135454576426011,0.40673664307579976,1.3000000000000003,11.8,91
2025-12-31 08:00:00,85.95797007022396,3.5,17.2,299,0.0,96,0.0,0.0,64,8,2,12,365,0,0,1,-0.8746197071393956,0.4848096202463373,1.2000000000000002,11.5,91
2025-12-31 09:00:00,85.0530912464901,2.9,15.7,298,0.0,97,0.0,0.0,45,9,2,12,365,0,0,1,-0.8829475928589271,0.4694715627858904,-0.10000000000000009,12.1,91
2025-12-31 10:00:00,83.27569474108958,2.5,15.5,296,0.0,97,0.0,0.0,23,10,2,12,365,0,0,1,-0.898794046299167,0.4383711467890774,-0.7000000000000002,12.5,91
2025-12-31 11:00:00,81.19191664235571,2.8,15.1,298,35.0,97,0.0,0.0,25,11,2,12,365,0,0,1,-0.8829475928589271,0.4694715627858904,-0.7000000000000002,12.2,91
2025-12-31 12:00:00,79.52616724778852,3.7,15.2,304,100.0,93,0.0,0.0,14,12,2,12,365,0,0,1,-0.8290375725550416,0.559192903470747,0.8000000000000003,11.3,91
2025-12-31 13:00:00,79.33829531738797,4.4,14.8,304,150.0,91,0.0,0.0,44,13,2,12,365,0,0,1,-0.8290375725550416,0.559192903470747,1.9000000000000004,10.6,91
2025-12-31 14:00:00,79.70453493948746,4.6,14.5,313,146.0,91,0.0,0.0,70,14,2,12,365,0,0,1,-0.7313537016191703,0.6819983600624987,1.7999999999999998,10.4,91
2025-12-31 15:00:00,80.45031906075359,4.5,12.7,310,117.0,89,0.0,0.0,88,15,2,12,365,0,0,1,-0.7660444431189781,0.6427876096865393,0.7999999999999998,10.5,91
2025-12-31 16:00:00,81.5271943095197,3.9,11.0,293,69.0,90,0.0,0.0,58,16,2,12,365,0,0,1,-0.9205048534524405,0.3907311284892735,-0.5000000000000004,11.1,91
2025-12-31 17:00:00,79.17735255995252,2.8,12.0,287,24.0,91,0.0,0.0,59,17,2,12,365,0,0,1,-0.9563047559630354,0.2923717047227367,-1.7999999999999998,12.2,91
2025-12-31 18:00:00,76.72730798538532,2.6,13.7,284,0.0,93,0.0,0.0,99,18,2,12,365,0,0,1,-0.9702957262759966,0.24192189559966745,-1.9,12.4,91
2025-12-31 19:00:00,73.55729674831815,3.1,13.9,284,0.0,95,0.0,0.0,100,19,2,12,365,0,0,1,-0.9702957262759966,0.24192189559966745,-0.7999999999999998,11.9,91
2025-12-31 20:00:00,71.67591739958428,3.7,12.6,273,0.0,95,0.0,0.0,100,20,2,12,365,0,0,1,-0.9986295347545738,0.052335956242943946,0.9000000000000004,11.3,91
2025-12-31 21:00:00,68.88762069418374,3.0,10.7,253,0.0,97,0.0,0.0,100,21,2,12,365,0,0,1,-0.9563047559630353,-0.2923717047227371,0.3999999999999999,12.0,91
2025-12-31 22:00:00,66.35001153544987,3.2,12.3,239,0.0,97,0.0,0.0,100,22,2,12,365,0,0,1,-0.8571673007021121,-0.5150380749100544,0.10000000000000009,11.8,91
2025-12-31 23:00:00,65.899154821716,4.0,17.3,260,0.0,97,0.0,0.0,100,23,2,12,365,0,0,1,-0.984807753012208,-0.17364817766693033,0.2999999999999998,11.0,91
2026-01-01 00:00:00,65.0261384971488,4.4,20.7,262,0.0,96,0.0,0.0,100,0,3,1,1,0,1,1,-0.9902680687415703,-0.13917310096006583,1.4000000000000004,10.6,92
2026-01-01 01:00:00,64.54978631091494,4.6,21.7,258,0.0,95,0.0,0.0,100,1,3,1,1,0,1,1,-0.9781476007338056,-0.2079116908177598,1.3999999999999995,10.4,92
2026-01-01 02:00:00,63.50591173301441,4.4,23.5,254,0.0,95,0.0,0.0,100,2,3,1,1,0,1,1,-0.961261695938319,-0.2756373558169989,0.40000000000000036,10.6,92
2026-01-01 03:00:00,63.00336044094722,4.6,25.6,246,0.0,94,0.0,0.0,100,3,3,1,1,0,1,1,-0.913545457642601,-0.4067366430758001,0.1999999999999993,10.4,92
2026-01-01 04:00:00,65.29980989138002,4.4,26.8,240,0.0,94,0.0,0.0,100,4,3,1,1,0,1,1,-0.8660254037844384,-0.5000000000000004,-0.1999999999999993,10.6,92
2026-01-01 05:00:00,68.05100918347948,4.6,29.1,242,0.0,92,0.0,0.0,100,5,3,1,1,0,1,1,-0.882947592858927,-0.46947156278589075,0.1999999999999993,10.4,92
2026-01-01 06:00:00,69.00136820057895,4.3,29.0,245,0.0,94,0.0,0.0,100,6,3,1,1,0,1,1,-0.90630778703665,-0.42261826174069916,-0.2999999999999998,10.7,92
2026-01-01 07:00:00,71.8115274018451,4.7,28.8,241,0.0,91,0.0,0.0,100,7,3,1,1,0,1,1,-0.874619707139396,-0.48480962024633684,0.2999999999999998,10.3,92
2026-01-01 08:00:00,77.58510903227788,4.3,31.8,248,0.0,92,0.0,0.0,100,8,3,1,1,0,1,1,-0.9271838545667873,-0.3746065934159123,-0.2999999999999998,10.7,92
2026-01-01 09:00:00,78.92861835937735,4.3,28.8,246,0.0,96,0.0,0.0,100,9,3,1,1,0,1,1,-0.913545457642601,-0.4067366430758001,0.0,10.7,92
2026-01-01 10:00:00,78.55130793981016,4.2,26.4,256,0.0,96,0.0,0.0,100,10,3,1,1,0,1,1,-0.9702957262759965,-0.24192189559966779,-0.5,10.8,92
2026-01-01 11:00:00,77.79952345607629,4.3,26.3,247,10.0,93,0.0,0.0,100,11,3,1,1,0,1,1,-0.9205048534524403,-0.3907311284892738,0.0,10.7,92
2026-01-01 12:00:00,78.12658013900908,3.8,25.6,252,28.0,94,0.0,0.0,87,12,3,1,1,0,1,1,-0.9510565162951535,-0.30901699437494756,-0.5,11.2,92
2026-01-01 13:00:00,77.73574419444189,4.5,27.3,250,77.0,87,0.0,0.0,100,13,3,1,1,0,1,1,-0.9396926207859084,-0.34202014332566855,0.2999999999999998,10.5,92
2026-01-01 14:00:00,78.3778441223747,3.5,24.5,269,81.0,91,0.14,0.0,100,14,3,1,1,0,1,1,-0.9998476951563913,-0.017452406437283498,-0.7999999999999998,11.5,92
2026-01-01 15:00:00,79.05113760197416,3.8,22.9,266,69.0,86,0.07,0.0,100,15,3,1,1,0,1,1,-0.9975640502598242,-0.06975647374412558,0.0,11.2,92
2026-01-01 16:00:00,78.42803107490697,3.3,20.3,263,59.0,85,0.0,0.0,95,16,3,1,1,0,1,1,-0.9925461516413221,-0.12186934340514717,-1.2000000000000002,11.7,92
2026-01-01 17:00:00,81.65508512950642,2.7,20.5,257,22.0,87,0.0,0.0,100,17,3,1,1,0,1,1,-0.9743700647852351,-0.22495105434386525,-0.7999999999999998,12.3,92
2026-01-01 18:00:00,79.87857769743923,2.7,21.3,261,0.0,87,0.0,0.0,100,18,3,1,1,0,1,1,-0.9876883405951377,-0.15643446504023104,-1.0999999999999996,12.3,92
2026-01-01 19:00:00,76.2058871120387,2.8,24.9,275,0.0,86,0.0,0.0,100,19,3,1,1,0,1,1,-0.9961946980917455,0.08715574274765789,-0.5,12.2,92
2026-01-01 20:00:00,72.9812858549715,2.8,24.8,265,0.0,88,0.0,0.0,96,20,3,1,1,0,1,1,-0.9961946980917455,-0.08715574274765825,0.09999999999999964,12.2,92
2026-01-01 21:00:00,70.10404619457098,2.9,23.8,267,0.0,79,0.0,0.0,91,21,3,1,1,0,1,1,-0.9986295347545738,-0.052335956242944306,0.19999999999999973,12.1,92
2026-01-01 22:00:00,68.25264680917046,2.3,22.9,262,0.0,79,0.0,0.0,77,22,3,1,1,0,1,1,-0.9902680687415703,-0.13917310096006583,-0.5,12.7,92
2026-01-01 23:00:00,66.47689524460326,2.8,25.7,255,0.0,75,0.0,0.0,100,23,3,1,1,0,1,1,-0.9659258262890683,-0.25881904510252063,0.0,12.2,92
2026-01-02 00:00:00,66.02733455253605,2.7,29.5,246,0.0,74,0.42,0.0,100,0,4,1,2,0,0,1,-0.913545457642601,-0.4067366430758001,-0.19999999999999973,12.3,93
2026-01-02 01:00:00,64.52823456296885,2.8,37.0,254,0.0,80,1.47,0.01,100,1,4,1,2,0,0,1,-0.961261695938319,-0.2756373558169989,0.5,12.2,93
2026-01-02 02:00:00,63.98723308590165,3.0,33.7,270,0.0,83,1.82,0.0,100,2,4,1,2,0,0,1,-1.0,-1.8369701987210297e-16,0.20000000000000018,12.0,93
2026-01-02 03:00:00,64.98225406883446,2.3,29.2,272,0.0,81,2.03,0.02,100,3,4,1,2,0,0,1,-0.9993908270190958,0.03489949670250128,-0.40000000000000036,12.7,93
2026-01-02 04:00:00,69.55858832426726,2.5,20.3,283,0.0,90,1.61,0.03,100,4,4,1,2,0,0,1,-0.9743700647852352,0.22495105434386492,-0.2999999999999998,12.5,93
2026-01-02 05:00:00,73.7133552780334,1.7,15.9,313,0.0,91,0.0,0.03,100,5,4,1,2,0,0,1,-0.7313537016191703,0.6819983600624987,-1.3,13.3,93
2026-01-02 06:00:00,76.71115374429952,0.4,12.7,320,0.0,93,0.0,0.03,100,6,4,1,2,0,0,1,-0.6427876096865396,0.7660444431189778,-1.9,14.6,93
2026-01-02 07:00:00,78.161074858899,-0.2,10.0,296,0.0,94,0.0,0.03,100,7,4,1,2,0,0,1,-0.898794046299167,0.4383711467890774,-2.7,15.2,93
2026-01-02 08:00:00,82.18315802266513,0.2,9.6,250,0.0,94,0.0,0.02,100,8,4,1,2,0,0,1,-0.9396926207859084,-0.34202014332566855,-1.5,14.8,93
2026-01-02 09:00:00,82.33291268143125,0.6,10.3,229,0.0,96,0.0,0.02,100,9,4,1,2,0,0,1,-0.754709580222772,-0.6560590289905073,0.19999999999999996,14.4,93
2026-01-02 10:00:00,81.98452341853073,0.4,9.3,242,0.0,96,0.0,0.01,100,10,4,1,2,0,0,1,-0.882947592858927,-0.46947156278589075,0.6000000000000001,14.6,93
2026-01-02 11:00:00,80.20904543813019,1.1,10.9,264,23.0,94,0.0,0.01,99,11,4,1,2,0,0,1,-0.9945218953682734,-0.10452846326765336,0.9000000000000001,13.9,93
2026-01-02 12:00:00,79.78716905022966,2.0,11.8,277,83.0,90,0.0,0.01,100,12,4,1,2,0,0,1,-0.992546151641322,0.12186934340514768,1.4,13.0,93
2026-01-02 13:00:00,81.23858275732913,2.2,10.6,268,96.0,90,0.0,0.01,100,13,4,1,2,0,0,1,-0.9993908270190958,-0.03489949670250076,1.8000000000000003,12.8,93
2026-01-02 14:00:00,83.76488719859528,1.8,14.4,254,106.0,85,0.0,0.0,89,14,4,1,2,0,0,1,-0.961261695938319,-0.2756373558169989,0.7,13.2,93
2026-01-02 15:00:00,85.64078972652807,2.3,15.7,271,116.0,75,0.07,0.0,30,15,4,1,2,0,0,1,-0.9998476951563913,0.01745240643728313,0.2999999999999998,12.7,93
2026-01-02 16:00:00,87.15872450946088,1.0,17.3,285,97.0,74,0.07,0.0,2,16,4,1,2,0,0,1,-0.9659258262890684,0.2588190451025203,-1.2000000000000002,14.0,93
2026-01-02 17:00:00,87.88535468989367,-0.3,17.6,317,30.0,81,0.0,0.0,1,17,4,1,2,0,0,1,-0.6819983600624984,0.7313537016191707,-2.1,15.3,93
2026-01-02 18:00:00,86.66921366865982,-1.5,19.0,319,0.0,83,0.0,0.0,1,18,4,1,2,0,0,1,-0.6560590289905074,0.7547095802227719,-3.8,16.5,93
2026-01-02 19:00:00,85.93594645325928,-2.0,18.2,311,0.0,84,0.0,0.0,36,19,4,1,2,0,0,1,-0.7547095802227722,0.656059028990507,-3.0,17.0,93
2026-01-02 20:00:00,84.33473044952541,-1.8,18.4,320,0.0,83,0.0,0.0,89,20,4,1,2,0,0,1,-0.6427876096865396,0.7660444431189778,-1.5,16.8,93
2026-01-02 21:00:00,80.25992384995821,-2.0,19.2,316,0.0,82,0.0,0.0,98,21,4,1,2,0,0,1,-0.6946583704589976,0.7193398003386509,-0.5,17.0,93
2026-01-02 22:00:00,76.78622661289101,-2.0,19.7,321,0.0,77,0.0,0.0,71,22,4,1,2,0,0,1,-0.6293203910498378,0.7771459614569706,0.0,17.0,93
2026-01-02 23:00:00,74.64279161582382,-2.6,16.6,318,0.0,76,0.0,0.0,33,23,4,1,2,0,0,1,-0.6691306063588581,0.7431448254773944,-0.8,17.6,93
2026-01-03 00:00:00,73.79763428458996,-2.9,14.5,314,0.0,77,0.0,0.0,3,0,5,1,3,1,0,1,-0.7193398003386512,0.6946583704589973,-0.8999999999999999,17.9,94
2026-01-03 01:00:00,73.91618623502276,-3.2,12.9,303,0.0,77,0.0,0.0,11,1,5,1,3,1,0,1,-0.8386705679454243,0.5446390350150266,-1.2000000000000002,18.2,94
2026-01-03 02:00:00,75.49414347045557,-2.4,10.1,297,0.0,74,0.0,0.0,2,2,5,1,3,1,0,1,-0.8910065241883679,0.45399049973954664,0.20000000000000018,17.4,94
2026-01-03 03:00:00,78.39132393005505,-3.7,9.1,288,0.0,81,0.0,0.0,21,3,5,1,3,1,0,1,-0.9510565162951536,0.30901699437494723,-0.8000000000000003,18.7,94
2026-01-03 04:00:00,80.64070816798782,-4.1,6.6,287,0.0,83,0.0,0.0,9,4,5,1,3,1,0,1,-0.9563047559630354,0.2923717047227367,-0.8999999999999995,19.1,94
2026-01-03 05:00:00,84.24111850092062,-4.8,4.7,286,0.0,86,0.0,0.0,0,5,5,1,3,1,0,1,-0.9612616959383188,0.2756373558169994,-2.4,19.8,94
2026-01-03 06:00:00,88.76840481468676,-5.0,4.7,302,0.0,84,0.0,0.0,6,6,5,1,3,1,0,1,-0.8480480961564262,0.5299192642332047,-1.2999999999999998,20.0,94
2026-01-03 07:00:00,94.14470140261956,-4.6,6.8,331,0.0,80,0.0,0.0,2,7,5,1,3,1,0,1,-0.4848096202463369,0.8746197071393959,-0.5,19.6,94
2026-01-03 08:00:00,101.67144542471904,-4.3,5.1,356,0.0,84,0.0,0.0,35,8,5,1,3,1,0,1,-0.06975647374412564,0.9975640502598242,0.5,19.3,94
2026-01-03 09:00:00,102.79699735515186,-5.3,3.5,9,0.0,84,0.0,0.0,57,9,5,1,3,1,0,1,0.15643446504023087,0.9876883405951378,-0.2999999999999998,20.3,94
2026-01-03 10:00:00,97.39525980141796,-5.5,1.5,339,0.0,83,0.0,0.0,2,10,5,1,3,1,0,1,-0.35836794954530077,0.9335804264972015,-0.9000000000000004,20.5,94
2026-01-03 11:00:00,95.96906819685076,-4.2,4.1,285,42.0,76,0.0,0.0,76,11,5,1,3,1,0,1,-0.9659258262890684,0.2588190451025203,0.09999999999999964,19.2,94
2026-01-03 12:00:00,97.04487258978358,-3.0,4.7,227,104.0,66,0.0,0.0,77,12,5,1,3,1,0,1,-0.7313537016191703,-0.6819983600624986,2.3,18.0,94
2026-01-03 13:00:00,98.39423113021638,-2.0,3.7,259,154.0,58,0.07,0.0,100,13,5,1,3,1,0,1,-0.981627183447664,-0.1908089953765446,3.5,17.0,94
2026-01-03 14:00:00,97.15290223564918,-1.8,5.6,201,96.0,68,0.84,0.0,100,14,5,1,3,1,0,1,-0.35836794954530043,-0.9335804264972016,2.4000000000000004,16.8,94
2026-01-03 15:00:00,97.46675715358198,-1.4,3.8,188,98.0,69,0.0,0.0,100,15,5,1,3,1,0,1,-0.13917310096006552,-0.9902680687415703,1.6,16.4,94
2026-01-03 16:00:00,97.9713284815148,-2.0,4.7,88,37.0,74,0.42,0.0,100,16,5,1,3,1,0,1,0.9993908270190958,0.03489949670250108,0.0,17.0,94
2026-01-03 17:00:00,97.69697930694758,-2.7,10.0,72,13.0,79,0.56,0.01,98,17,5,1,3,1,0,1,0.9510565162951535,0.30901699437494745,-0.9000000000000001,17.7,94
2026-01-03 18:00:00,97.7223751523804,-3.1,11.2,48,0.0,83,0.21,0.01,74,18,5,1,3,1,0,1,0.7431448254773942,0.6691306063588582,-1.7000000000000002,18.1,94
2026-01-03 19:00:00,96.0000136628132,-3.5,8.4,28,0.0,83,0.14,0.02,96,19,5,1,3,1,0,1,0.4694715627858908,0.882947592858927,-1.5,18.5,94
2026-01-03 20:00:00,93.87328274324598,-3.8,16.2,345,0.0,81,0.0,0.05,100,20,5,1,3,1,0,1,-0.2588190451025207,0.9659258262890683,-1.0999999999999996,18.8,94
2026-01-03 21:00:00,91.44765325367878,-5.7,14.6,333,0.0,87,0.0,0.04,98,21,5,1,3,1,0,1,-0.45399049973954697,0.8910065241883678,-2.6,20.7,94
2026-01-03 22:00:00,88.39722247244492,-6.2,12.6,332,0.0,88,0.0,0.04,59,22,5,1,3,1,0,1,-0.4694715627858908,0.882947592858927,-2.7,21.2,94
2026-01-03 23:00:00,85.85022027287773,-6.8,10.8,322,0.0,90,0.0,0.04,0,23,5,1,3,1,0,1,-0.6156614753256582,0.7880107536067221,-3.0,21.8,94
2026-01-04 00:00:00,84.99598049831053,-7.4,10.7,299,0.0,90,0.0,0.05,0,0,6,1,4,1,0,1,-0.8746197071393956,0.4848096202463373,-1.7000000000000002,22.4,95
2026-01-04 01:00:00,84.82253740207666,-7.4,12.1,291,0.0,89,0.0,0.04,11,1,6,1,4,1,0,1,-0.9335804264972017,0.3583679495453004,-1.2000000000000002,22.4,95
2026-01-04 02:00:00,85.11547181500947,-6.7,10.9,294,0.0,92,0.0,0.05,6,2,6,1,4,1,0,1,-0.9135454576426011,0.40673664307579976,0.09999999999999964,21.7,95
2026-01-04 03:00:00,85.88927693294227,-6.9,10.4,288,0.0,91,0.0,0.05,25,3,6,1,4,1,0,1,-0.9510565162951536,0.30901699437494723,0.5,21.9,95
2026-01-04 04:00:00,86.18205776837506,-7.0,9.8,276,0.0,91,0.0,0.05,20,4,6,1,4,1,0,1,-0.9945218953682734,0.10452846326765299,0.40000000000000036,22.0,95
2026-01-04 05:00:00,87.32677825047453,-7.8,7.2,270,0.0,91,0.0,0.05,5,5,6,1,4,1,0,1,-1.0,-1.8369701987210297e-16,-1.0999999999999996,22.8,95
2026-01-04 06:00:00,91.424975732574,-9.2,6.2,248,0.0,93,0.0,0.05,30,6,6,1,4,1,0,1,-0.9271838545667873,-0.3746065934159123,-2.299999999999999,24.2,95
2026-01-04 07:00:00,96.8054530330068,-9.8,5.1,212,0.0,95,0.0,0.05,100,7,6,1,4,1,0,1,-0.5299192642332048,-0.8480480961564261,-2.8000000000000007,24.8,95
2026-01-04 08:00:00,102.85501234010626,-8.6,5.9,211,0.0,95,0.0,0.05,100,8,6,1,4,1,0,1,-0.5150380749100542,-0.8571673007021123,-0.7999999999999998,23.6,95
2026-01-04 09:00:00,104.10321439803909,-8.7,5.2,186,0.0,94,0.0,0.05,98,9,6,1,4,1,0,1,-0.1045284632676535,-0.9945218953682733,0.5,23.7,95
2026-01-04 10:00:00,100.70318179347188,-8.6,7.2,181,0.0,95,0.0,0.05,100,10,6,1,4,1,0,1,-0.017452406437283637,-0.9998476951563913,1.200000000000001,23.6,95
2026-01-04 11:00:00,96.77704981723802,-8.4,5.6,178,31.0,93,0.0,0.05,98,11,6,1,4,1,0,1,0.03489949670250114,-0.9993908270190958,0.1999999999999993,23.4,95
2026-01-04 12:00:00,93.77361554767084,-8.4,2.7,176,92.0,94,0.0,0.05,99,12,6,1,4,1,0,1,0.06975647374412552,-0.9975640502598242,0.29999999999999893,23.4,95
2026-01-04 13:00:00,92.59673395810364,-7.8,1.8,264,151.0,95,0.0,0.05,100,13,6,1,4,1,0,1,-0.9945218953682734,-0.10452846326765336,0.7999999999999998,22.8,95
2026-01-04 14:00:00,94.28577329186976,-2.8,7.8,230,173.0,80,0.0,0.05,39,14,6,1,4,1,0,1,-0.7660444431189779,-0.6427876096865395,5.6000000000000005,17.8,95
2026-01-04 15:00:00,97.31401737980256,-3.5,5.6,255,149.0,79,0.0,0.05,76,15,6,1,4,1,0,1,-0.9659258262890683,-0.25881904510252063,4.9,18.5,95
2026-01-04 16:00:00,99.06410654940204,-4.0,2.6,309,98.0,79,0.0,0.05,2,16,6,1,4,1,0,1,-0.7771459614569708,0.6293203910498375,3.8,19.0,95
2026-01-04 17:00:00,99.28270775733483,-6.1,2.4,13,36.0,83,0.0,0.05,3,17,6,1,4,1,0,1,0.224951054343865,0.9743700647852352,-3.3,21.1,95
2026-01-04 18:00:00,99.25443826526764,-7.8,1.7,148,0.0,88,0.0,0.05,3,18,6,1,4,1,0,1,0.529919264233205,-0.848048096156426,-4.3,22.8,95
2026-01-04 19:00:00,97.34990938986712,-8.6,4.2,133,0.0,89,0.0,0.05,23,19,6,1,4,1,0,1,0.7313537016191706,-0.6819983600624984,-4.6,23.6,95
2026-01-04 20:00:00,92.6062539927999,-4.0,8.1,91,0.0,80,0.0,0.06,35,20,6,1,4,1,0,1,0.9998476951563913,-0.017452406437283477,2.0999999999999996,19.0,95
2026-01-04 21:00:00,87.27695916573269,-4.8,8.6,91,0.0,80,0.0,0.06,53,21,6,1,4,1,0,1,0.9998476951563913,-0.017452406437283477,3.0,19.8,95
2026-01-04 22:00:00,82.2767382236655,-4.8,10.1,91,0.0,82,0.0,0.06,93,22,6,1,4,1,0,1,0.9998476951563913,-0.017452406437283477,3.8,19.8,95
2026-01-04 23:00:00,79.52575234159829,-4.8,10.5,103,0.0,86,0.0,0.06,100,23,6,1,4,1,0,1,0.9743700647852352,-0.22495105434386503,-0.7999999999999998,19.8,95
2026-01-05 00:00:00,78.65255347453109,-4.6,11.8,117,0.0,84,0.0,0.06,100,0,0,1,5,0,0,1,0.8910065241883679,-0.45399049973954675,0.20000000000000018,19.6,96
2026-01-05 01:00:00,77.9253531599639,-3.2,11.4,129,0.0,86,0.0,0.06,100,1,0,1,5,0,0,1,0.777145961456971,-0.6293203910498373,1.5999999999999996,18.2,96
2026-01-05 02:00:00,77.56095110289672,-2.4,10.4,129,0.0,90,0.0,0.05,100,2,0,1,5,0,0,1,0.777145961456971,-0.6293203910498373,2.4,17.4,96
2026-01-05 03:00:00,79.03931398832951,-2.8,8.6,113,0.0,87,1.47,0.07,100,3,0,1,5,0,0,1,0.9205048534524403,-0.39073112848927377,1.7999999999999998,17.8,96
2026-01-05 04:00:00,81.56123535126231,-3.0,8.7,128,0.0,89,0.28,0.07,100,4,0,1,5,0,0,1,0.788010753606722,-0.6156614753256583,0.20000000000000018,18.0,96
2026-01-05 05:00:00,86.63907957919511,-2.2,9.7,146,0.0,91,0.07,0.07,100,5,0,1,5,0,0,1,0.5591929034707469,-0.8290375725550416,0.19999999999999973,17.2,96
2026-01-05 06:00:00,91.18654156046124,-3.0,13.1,157,0.0,85,0.14,0.07,100,6,0,1,5,0,0,1,0.39073112848927377,-0.9205048534524404,-0.20000000000000018,18.0,96
2026-01-05 07:00:00,93.48270415839409,-3.5,12.0,161,0.0,82,0.14,0.07,100,7,0,1,5,0,0,1,0.3255681544571566,-0.9455185755993168,-0.5,18.5,96
2026-01-05 08:00:00,95.28247170549352,-1.0,15.7,204,0.0,91,0.0,0.06,100,8,0,1,5,0,0,1,-0.4067366430758002,-0.9135454576426009,1.2000000000000002,16.0,96
2026-01-05 09:00:00,93.47945757342632,-1.5,12.8,184,0.0,92,0.14,0.06,100,9,0,1,5,0,0,1,-0.06975647374412527,-0.9975640502598242,1.5,16.5,96
2026-01-05 10:00:00,92.10817311469246,-2.6,13.5,157,0.0,87,0.21,0.07,100,10,0,1,5,0,0,1,0.39073112848927377,-0.9205048534524404,0.8999999999999999,17.6,96
2026-01-05 11:00:00,91.67814194262526,-2.2,14.6,184,26.0,86,0.0,0.07,100,11,0,1,5,0,0,1,-0.06975647374412527,-0.9975640502598242,-1.2000000000000002,17.2,96
2026-01-05 12:00:00,90.50709134222473,-1.8,13.8,189,93.0,90,0.0,0.07,100,12,0,1,5,0,0,1,-0.15643446504023073,-0.9876883405951378,-0.30000000000000004,16.8,96
2026-01-05 13:00:00,91.80854065849088,-1.1,13.6,188,135.0,93,0.0,0.07,100,13,0,1,5,0,0,1,-0.13917310096006552,-0.9902680687415703,1.5,16.1,96
2026-01-05 14:00:00,92.85623313642368,-0.8,12.3,184,104.0,91,0.0,0.08,100,14,0,1,5,0,0,1,-0.06975647374412527,-0.9975640502598242,1.4000000000000001,15.8,96
2026-01-05 15:00:00,93.4103079676898,-1.6,14.3,186,105.0,88,0.21,0.08,100,15,0,1,5,0,0,1,-0.1045284632676535,-0.9945218953682733,0.19999999999999996,16.6,96
2026-01-05 16:00:00,95.4170087731226,-1.3,15.1,189,66.0,93,0.28,0.09,100,16,0,1,5,0,0,1,-0.15643446504023073,-0.9876883405951378,-0.19999999999999996,16.3,96
2026-01-05 17:00:00,95.59082342272208,-2.7,10.1,182,25.0,93,0.0,0.09,100,17,0,1,5,0,0,1,-0.0348994967025009,-0.9993908270190958,-1.9000000000000001,17.7,96
2026-01-05 18:00:00,93.8588645739882,-3.0,10.5,183,0.0,93,0.0,0.09,100,18,0,1,5,0,0,1,-0.052335956242943564,-0.9986295347545738,-1.4,18.0,96
2026-01-05 19:00:00,92.13054788275436,-3.5,11.3,187,0.0,92,0.0,0.09,64,19,0,1,5,0,0,1,-0.12186934340514731,-0.9925461516413221,-2.2,18.5,96
2026-01-05 20:00:00,88.85748519818713,-2.4,11.0,185,0.0,91,0.0,0.11,96,20,0,1,5,0,0,1,-0.08715574274765794,-0.9961946980917455,0.30000000000000027,17.4,96
2026-01-05 21:00:00,84.2807439077866,-3.3,9.2,174,0.0,91,0.0,0.11,96,21,0,1,5,0,0,1,0.10452846326765373,-0.9945218953682733,-0.2999999999999998,18.3,96
2026-01-05 22:00:00,79.52936564405275,-3.9,9.8,175,0.0,91,0.0,0.11,97,22,0,1,5,0,0,1,0.0871557427476582,-0.9961946980917455,-0.3999999999999999,18.9,96
2026-01-05 23:00:00,76.87871587198555,-3.7,9.6,177,0.0,92,0.0,0.11,98,23,0,1,5,0,0,1,0.05233595624294381,-0.9986295347545738,-1.3000000000000003,18.7,96
2026-01-06 00:00:00,76.50352062741837,-3.7,8.4,187,0.0,91,0.07,0.11,98,0,1,1,6,0,0,0,-0.12186934340514731,-0.9925461516413221,-0.40000000000000036,18.7,97
2026-01-06 01:00:00,76.00441484285116,-3.8,7.3,197,0.0,91,0.56,0.12,100,1,1,1,6,0,0,0,-0.29237170472273677,-0.9563047559630354,0.10000000000000009,18.8,97
2026-01-06 02:00:00,75.98448145828395,-2.3,13.6,156,0.0,89,0.21,0.12,97,2,1,1,6,0,0,0,0.40673664307580043,-0.9135454576426008,1.4000000000000004,17.3,97
2026-01-06 03:00:00,77.30691605871675,-2.2,9.4,173,0.0,90,0.35,0.12,88,3,1,1,6,0,0,0,0.12186934340514755,-0.992546151641322,1.5,17.2,97
2026-01-06 04:00:00,80.58038964248288,-3.5,4.7,184,0.0,92,0.0,0.12,98,4,1,1,6,0,0,0,-0.06975647374412527,-0.9975640502598242,0.2999999999999998,18.5,97
2026-01-06 05:00:00,86.48234396291568,-3.6,5.8,178,0.0,92,0.0,0.12,96,5,1,1,6,0,0,0,0.03489949670250114,-0.9993908270190958,-1.3000000000000003,18.6,97
2026-01-06 06:00:00,90.7710766208485,-4.4,3.9,127,0.0,91,0.0,0.12,9,6,1,1,6,0,0,0,0.7986355100472927,-0.6018150231520484,-2.2,19.4,97
2026-01-06 07:00:00,92.62117570211464,-5.7,7.0,122,0.0,92,0.0,0.12,9,7,1,1,6,0,0,0,0.8480480961564261,-0.5299192642332048,-2.2,20.7,97
2026-01-06 08:00:00,94.41515938004744,-3.8,7.5,163,0.0,90,0.0,0.11,13,8,1,1,6,0,0,0,0.2923717047227366,-0.9563047559630355,-0.19999999999999973,18.8,97
2026-01-06 09:00:00,93.30924858714693,-5.6,7.1,171,0.0,96,0.0,0.11,0,9,1,1,6,0,0,0,0.15643446504023098,-0.9876883405951377,-1.1999999999999993,20.6,97
2026-01-06 10:00:00,92.20699238091304,-5.8,7.0,181,0.0,95,0.0,0.11,4,10,1,1,6,0,0,0,-0.017452406437283637,-0.9998476951563913,-0.09999999999999964,20.8,97
2026-01-06 11:00:00,89.96221546134585,-6.1,6.8,182,42.0,97,0.0,0.11,57,11,1,1,6,0,0,0,-0.0348994967025009,-0.9993908270190958,-2.3,21.1,97
2026-01-06 12:00:00,87.38136223844529,-5.5,7.6,181,96.0,97,0.0,0.11,100,12,1,1,6,0,0,0,-0.017452406437283637,-0.9998476951563913,0.09999999999999964,20.5,97
2026-01-06 13:00:00,88.43316916637811,-4.7,9.7,182,135.0,97,0.0,0.11,100,13,1,1,6,0,0,0,-0.0348994967025009,-0.9993908270190958,1.0999999999999996,19.7,97
2026-01-06 14:00:00,91.48993081931091,-0.9,15.3,192,138.0,99,0.0,0.11,100,14,1,1,6,0,0,0,-0.2079116908177595,-0.9781476007338056,5.199999999999999,15.9,97
2026-01-06 15:00:00,91.86009088224374,-0.5,16.7,191,95.0,98,0.0,0.11,100,15,1,1,6,0,0,0,-0.19080899537654472,-0.981627183447664,5.0,15.5,97
2026-01-06 16:00:00,92.7863356951765,-0.4,15.6,191,68.0,95,0.0,0.11,100,16,1,1,6,0,0,0,-0.19080899537654472,-0.981627183447664,4.3,15.4,97
2026-01-06 17:00:00,92.88633748060931,-0.2,16.2,197,21.0,95,0.0,0.11,91,17,1,1,6,0,0,0,-0.29237170472273677,-0.9563047559630354,0.7,15.2,97
2026-01-06 18:00:00,90.9632756352088,-0.8,15.9,193,0.0,95,0.0,0.11,62,18,1,1,6,0,0,0,-0.22495105434386498,-0.9743700647852352,-0.30000000000000004,15.8,97
2026-01-06 19:00:00,88.77500089064158,-1.8,14.9,188,0.0,95,0.0,0.11,53,19,1,1,6,0,0,0,-0.13917310096006552,-0.9902680687415703,-1.4,16.8,97
2026-01-06 20:00:00,86.11128031107437,-1.4,13.7,185,0.0,98,0.0,0.11,98,20,1,1,6,0,0,0,-0.08715574274765794,-0.9961946980917455,-1.2,16.4,97
2026-01-06 21:00:00,81.66115086984053,-1.7,13.0,199,0.0,95,0.14,0.11,98,21,1,1,6,0,0,0,-0.32556815445715676,-0.9455185755993167,-0.8999999999999999,16.7,97
2026-01-06 22:00:00,76.69619203360666,-1.3,12.5,192,0.0,94,0.84,0.12,91,22,1,1,6,0,0,0,-0.2079116908177595,-0.9781476007338056,0.5,16.3,97
2026-01-06 23:00:00,74.71741296153945,-2.5,8.5,179,0.0,82,0.77,0.13,97,23,1,1,6,0,0,0,0.01745240643728344,-0.9998476951563913,-1.1,17.5,97
2026-01-07 00:00:00,74.6133338478056,-0.9,12.0,226,0.0,86,0.28,0.13,27,0,2,1,7,0,0,0,-0.7193398003386512,-0.6946583704589973,0.7999999999999999,15.9,98
2026-01-07 01:00:00,74.38642328323839,-0.5,17.8,213,0.0,93,0.0,0.13,21,1,2,1,7,0,0,0,-0.5446390350150271,-0.838670567945424,0.8,15.5,98
2026-01-07 02:00:00,75.24224614617121,-0.9,17.5,202,0.0,91,0.0,0.16,78,2,2,1,7,0,0,0,-0.374606593415912,-0.9271838545667874,1.6,15.9,98
2026-01-07 03:00:00,76.489277994104,-0.5,21.2,208,0.0,94,0.0,0.16,77,3,2,1,7,0,0,0,-0.46947156278589086,-0.8829475928589269,0.4,15.5,98
2026-01-07 04:00:00,80.0121787120368,-1.2,19.6,200,0.0,95,0.0,0.16,100,4,2,1,7,0,0,0,-0.34202014332566866,-0.9396926207859084,-0.7,16.2,98
2026-01-07 05:00:00,87.0137244849696,-1.7,19.0,195,0.0,96,0.0,0.16,100,5,2,1,7,0,0,0,-0.2588190451025208,-0.9659258262890683,-0.7999999999999999,16.7,98
2026-01-07 06:00:00,92.2927269579024,-1.9,19.9,189,0.0,98,0.0,0.16,100,6,2,1,7,0,0,0,-0.15643446504023073,-0.9876883405951378,-1.4,16.9,98
2026-01-07 07:00:00,95.0176248133352,-2.1,19.9,184,0.0,97,0.0,0.16,100,7,2,1,7,0,0,0,-0.06975647374412527,-0.9975640502598242,-0.9000000000000001,17.1,98
2026-01-07 08:00:00,96.366667146268,-2.3,19.9,174,0.0,96,0.0,0.18,100,8,2,1,7,0,0,0,0.10452846326765373,-0.9945218953682733,-0.5999999999999999,17.3,98
2026-01-07 09:00:00,94.99117551753412,-2.8,20.3,173,0.0,94,0.0,0.18,100,9,2,1,7,0,0,0,0.12186934340514755,-0.992546151641322,-0.8999999999999999,17.8,98
2026-01-07 10:00:00,93.82120362630027,-2.7,21.7,171,0.0,93,0.07,0.18,100,10,2,1,7,0,0,0,0.15643446504023098,-0.9876883405951377,-0.6000000000000001,17.7,98
2026-01-07 11:00:00,91.86417729589976,-2.3,23.3,171,19.0,90,0.07,0.18,100,11,2,1,7,0,0,0,0.15643446504023098,-0.9876883405951377,0.0,17.3,98
2026-01-07 12:00:00,91.96686506383254,-2.4,24.2,171,77.0,89,0.07,0.18,100,12,2,1,7,0,0,0,0.15643446504023098,-0.9876883405951377,0.3999999999999999,17.4,98
2026-01-07 13:00:00,92.99647181593204,-2.2,24.8,173,76.0,90,0.14,0.18,100,13,2,1,7,0,0,0,0.12186934340514755,-0.992546151641322,0.5,17.2,98
2026-01-07 14:00:00,94.52838581719816,-2.2,23.9,174,116.0,88,0.14,0.16,100,14,2,1,7,0,0,0,0.10452846326765373,-0.9945218953682733,0.09999999999999964,17.2,98
2026-01-07 15:00:00,95.14897219263096,-2.0,23.9,174,96.0,87,0.14,0.17,100,15,2,1,7,0,0,0,0.10452846326765373,-0.9945218953682733,0.3999999999999999,17.0,98
2026-01-07 16:00:00,96.71895261056376,-1.8,24.6,175,73.0,87,0.14,0.17,100,16,2,1,7,0,0,0,0.0871557427476582,-0.9961946980917455,0.40000000000000013,16.8,98
2026-01-07 17:00:00,95.79323291849656,-1.9,24.9,175,25.0,86,0.07,0.17,100,17,2,1,7,0,0,0,0.0871557427476582,-0.9961946980917455,0.30000000000000027,16.9,98
2026-01-07 18:00:00,95.59303477642936,-2.2,24.3,170,0.0,85,0.0,0.16,100,18,2,1,7,0,0,0,0.17364817766693028,-0.984807753012208,-0.20000000000000018,17.2,98
2026-01-07 19:00:00,93.81926510186216,-2.3,24.5,167,0.0,86,0.07,0.17,100,19,2,1,7,0,0,0,0.2249510543438652,-0.9743700647852351,-0.4999999999999998,17.3,98
2026-01-07 20:00:00,90.0928926331283,-2.2,24.3,166,0.0,87,0.28,0.16,100,20,2,1,7,0,0,0,0.24192189559966773,-0.9702957262759965,-0.30000000000000027,17.2,98
2026-01-07 21:00:00,86.74233436189442,-2.4,24.5,168,0.0,88,0.35,0.16,100,21,2,1,7,0,0,0,0.20791169081775931,-0.9781476007338057,-0.19999999999999973,17.4,98
2026-01-07 22:00:00,81.21737503399389,-2.6,23.2,170,0.0,89,0.21,0.16,100,22,2,1,7,0,0,0,0.17364817766693028,-0.984807753012208,-0.30000000000000027,17.6,98
2026-01-07 23:00:00,78.56612631859336,-2.5,21.5,170,0.0,89,0.0,0.16,100,23,2,1,7,0,0,0,0.17364817766693028,-0.984807753012208,-0.2999999999999998,17.5,98
2026-01-08 00:00:00,78.14166040485951,-2.3,20.2,169,0.0,89,0.0,0.16,100,0,3,1,8,0,0,0,0.19080899537654497,-0.9816271834476639,0.10000000000000009,17.3,99
2026-01-08 01:00:00,78.76604418362564,-2.3,19.5,169,0.0,91,0.0,0.16,100,1,3,1,8,0,0,0,0.19080899537654497,-0.9816271834476639,0.30000000000000027,17.3,99
2026-01-08 02:00:00,78.72236251905844,-2.5,18.9,167,0.0,91,0.0,0.15,100,2,3,1,8,0,0,0,0.2249510543438652,-0.9743700647852351,0.0,17.5,99
2026-01-08 03:00:00,79.67776608365791,-2.4,17.9,175,0.0,90,0.0,0.15,100,3,3,1,8,0,0,0,0.0871557427476582,-0.9961946980917455,-0.10000000000000009,17.4,99
2026-01-08 04:00:00,83.15521008159071,-2.2,16.4,171,0.0,90,0.0,0.15,100,4,3,1,8,0,0,0,0.15643446504023098,-0.9876883405951377,0.09999999999999964,17.2,99
2026-01-08 05:00:00,90.17783096119018,-2.1,15.6,168,0.0,91,0.0,0.15,100,5,3,1,8,0,0,0,0.20791169081775931,-0.9781476007338057,0.3999999999999999,17.1,99
2026-01-08 06:00:00,94.44990840912298,-2.0,14.5,163,0.0,91,0.0,0.15,100,6,3,1,8,0,0,0,0.2923717047227366,-0.9563047559630355,0.3999999999999999,17.0,99
2026-01-08 07:00:00,94.92396355122246,-1.9,14.1,159,0.0,91,0.0,0.15,100,7,3,1,8,0,0,0,0.3583679495453002,-0.9335804264972017,0.30000000000000027,16.9,99
2026-01-08 08:00:00,96.49691138915524,-2.2,12.6,155,0.0,91,0.0,0.16,100,8,3,1,8,0,0,0,0.4226182617406995,-0.9063077870366499,-0.10000000000000009,17.2,99
2026-01-08 09:00:00,94.7697652879214,-2.2,11.1,153,0.0,91,0.0,0.16,100,9,3,1,8,0,0,0,0.45399049973954686,-0.8910065241883678,-0.20000000000000018,17.2,99
2026-01-08 10:00:00,93.07010028585418,-2.3,10.2,141,0.0,91,0.0,0.16,100,10,3,1,8,0,0,0,0.6293203910498374,-0.7771459614569709,-0.3999999999999999,17.3,99
2026-01-08 11:00:00,89.34262219128698,-2.2,10.3,131,23.0,92,0.0,0.16,100,11,3,1,8,0,0,0,0.7547095802227721,-0.6560590289905072,0.0,17.2,99
2026-01-08 12:00:00,89.99410917505313,-2.2,10.8,128,61.0,91,0.0,0.15,100,12,3,1,8,0,0,0,0.788010753606722,-0.6156614753256583,0.0,17.2,99
2026-01-08 13:00:00,91.5980118346526,-1.9,10.9,123,109.0,91,0.0,0.15,100,13,3,1,8,0,0,0,0.838670567945424,-0.5446390350150272,0.3999999999999999,16.9,99
2026-01-08 14:00:00,92.0256851150854,-1.8,11.4,113,126.0,93,0.0,0.14,100,14,3,1,8,0,0,0,0.9205048534524403,-0.39073112848927377,0.40000000000000013,16.8,99
2026-01-08 15:00:00,93.2966159130182,-1.5,10.7,115,87.0,93,0.0,0.14,100,15,3,1,8,0,0,0,0.90630778703665,-0.42261826174069933,0.7000000000000002,16.5,99
2026-01-08 16:00:00,94.57360828095102,-1.5,10.2,107,46.0,93,0.0,0.14,100,16,3,1,8,0,0,0,0.9563047559630355,-0.29237170472273666,0.3999999999999999,16.5,99
2026-01-08 17:00:00,94.7230334638838,-1.6,11.6,108,17.0,94,0.0,0.14,100,17,3,1,8,0,0,0,0.9510565162951536,-0.30901699437494734,0.19999999999999996,16.6,99
2026-01-08 18:00:00,93.97529735764994,-1.8,12.6,112,0.0,95,0.0,0.14,100,18,3,1,8,0,0,0,0.9271838545667874,-0.37460659341591207,-0.30000000000000004,16.8,99
2026-01-08 19:00:00,92.03163307808272,-1.5,13.5,113,0.0,94,0.0,0.14,100,19,3,1,8,0,0,0,0.9205048534524403,-0.39073112848927377,0.0,16.5,99
2026-01-08 20:00:00,88.65633474268222,-1.4,14.1,113,0.0,94,0.0,0.13,100,20,3,1,8,0,0,0,0.9205048534524403,-0.39073112848927377,0.20000000000000018,16.4,99
2026-01-08 21:00:00,84.57232941978167,-1.3,15.4,113,0.0,94,0.0,0.13,100,21,3,1,8,0,0,0,0.9205048534524403,-0.39073112848927377,0.5,16.3,99
2026-01-08 22:00:00,79.84361119521448,-1.4,15.6,114,0.0,95,0.0,0.13,100,22,3,1,8,0,0,0,0.9135454576426009,-0.40673664307580026,0.10000000000000009,16.4,99
2026-01-08 23:00:00,77.76939240814727,-1.4,16.9,117,0.0,95,0.0,0.13,100,23,3,1,8,0,0,0,0.8910065241883679,-0.45399049973954675,0.0,16.4,99
2026-01-09 00:00:00,77.24685417108009,-1.2,18.2,116,0.0,95,0.0,0.13,100,0,4,1,9,0,0,0,0.8987940462991669,-0.4383711467890775,0.10000000000000009,16.2,100
2026-01-09 01:00:00,77.14571434151289,-1.0,19.2,112,0.0,94,0.0,0.13,100,1,4,1,9,0,0,0,0.9271838545667874,-0.37460659341591207,0.3999999999999999,16.0,100
2026-01-09 02:00:00,77.70192546944568,-0.6,21.0,108,0.0,94,0.0,0.13,100,2,4,1,9,0,0,0,0.9510565162951536,-0.30901699437494734,0.7999999999999999,15.6,100
2026-01-09 03:00:00,79.3990413448785,-0.6,22.5,109,0.0,95,0.14,0.13,100,3,4,1,9,0,0,0,0.9455185755993168,-0.32556815445715664,0.6,15.6,100
2026-01-09 04:00:00,82.69641593697794,-0.5,25.1,106,0.0,94,0.07,0.13,100,4,4,1,9,0,0,0,0.9612616959383189,-0.27563735581699905,0.5,15.5,100
2026-01-09 05:00:00,90.92357018491076,-0.8,28.0,104,0.0,93,0.0,0.13,100,5,4,1,9,0,0,0,0.9702957262759965,-0.24192189559966779,-0.20000000000000007,15.8,100
2026-01-09 06:00:00,97.37598398867692,-1.0,29.7,102,0.0,94,0.0,0.13,100,6,4,1,9,0,0,0,0.9781476007338057,-0.20791169081775934,-0.4,16.0,100
2026-01-09 07:00:00,100.9038539191097,-0.9,32.3,101,0.0,92,0.0,0.13,100,7,4,1,9,0,0,0,0.981627183447664,-0.1908089953765448,-0.4,15.9,100
2026-01-09 08:00:00,104.1790643245425,-0.8,34.7,95,0.0,89,0.0,0.13,100,8,4,1,9,0,0,0,0.9961946980917455,-0.08715574274765824,0.0,15.8,100
2026-01-09 09:00:00,103.78098715247528,-1.5,36.1,95,0.0,86,0.0,0.13,100,9,4,1,9,0,0,0,0.9961946980917455,-0.08715574274765824,-0.5,16.5,100
2026-01-09 10:00:00,100.68478877957476,-1.7,36.9,95,1.0,84,0.0,0.13,100,10,4,1,9,0,0,0,0.9961946980917455,-0.08715574274765824,-0.7999999999999999,16.7,100
2026-01-09 11:00:00,99.05489295084088,-1.5,38.0,96,35.0,82,0.0,0.13,100,11,4,1,9,0,0,0,0.9945218953682733,-0.10452846326765355,-0.7,16.5,100
2026-01-09 12:00:00,98.60093011710704,-1.4,37.9,93,81.0,84,0.0,0.13,100,12,4,1,9,0,0,0,0.9986295347545738,-0.05233595624294384,0.10000000000000009,16.4,100
2026-01-09 13:00:00,100.17775526920651,-1.5,37.8,93,116.0,82,0.0,0.13,100,13,4,1,9,0,0,0,0.9986295347545738,-0.05233595624294384,0.19999999999999996,16.5,100
2026-01-09 14:00:00,101.40191761880595,-0.9,38.2,93,157.0,70,0.0,0.11,100,14,4,1,9,0,0,0,0.9986295347545738,-0.05233595624294384,0.6,15.9,100
2026-01-09 15:00:00,102.57975895423878,-0.9,38.2,90,139.0,72,0.0,0.11,100,15,4,1,9,0,0,0,1.0,6.123233995736766e-17,0.4999999999999999,15.9,100
2026-01-09 16:00:00,103.45489570300492,-0.9,38.2,88,92.0,73,0.0,0.11,100,16,4,1,9,0,0,0,0.9993908270190958,0.03489949670250108,0.6,15.9,100
2026-01-09 17:00:00,102.07724048093772,-0.9,39.3,87,33.0,74,0.0,0.11,100,17,4,1,9,0,0,0,0.9986295347545738,0.052335956242943966,0.0,15.9,100
2026-01-09 18:00:00,100.10588480387052,-0.7,39.3,88,1.0,77,0.0,0.11,100,18,4,1,9,0,0,0,0.9993908270190958,0.03489949670250108,0.20000000000000007,15.7,100
2026-01-09 19:00:00,98.57932110013668,-0.4,37.5,86,0.0,76,0.0,0.11,100,19,4,1,9,0,0,0,0.9975640502598242,0.06975647374412523,0.5,15.4,100
2026-01-09 20:00:00,96.3044408439028,0.0,35.5,83,0.0,76,0.0,0.1,100,20,4,1,9,0,0,0,0.992546151641322,0.12186934340514749,0.9,15.0,100
2026-01-09 21:00:00,91.70754623183558,0.1,38.7,80,0.0,74,0.0,0.1,100,21,4,1,9,0,0,0,0.984807753012208,0.17364817766693041,0.7999999999999999,14.9,100
2026-01-09 22:00:00,88.06218401726838,-0.1,40.2,81,0.0,74,0.0,0.1,100,22,4,1,9,0,0,0,0.9876883405951378,0.15643446504023092,0.30000000000000004,15.1,100
2026-01-09 23:00:00,85.51043861020119,-0.3,39.5,83,0.0,75,0.0,0.1,99,23,4,1,9,0,0,0,0.992546151641322,0.12186934340514749,-0.3,15.3,100
2026-01-10 00:00:00,84.30488337063399,-0.2,38.1,82,0.0,75,0.0,0.09,98,0,5,1,10,1,0,0,0.9902680687415704,0.13917310096006547,-0.30000000000000004,15.2,101
2026-01-10 01:00:00,84.42818348440012,-0.2,37.9,81,0.0,74,0.0,0.09,100,1,5,1,10,1,0,0,0.9876883405951378,0.15643446504023092,-0.1,15.2,101
2026-01-10 02:00:00,83.93420337733292,-0.2,34.0,81,0.0,74,0.0,0.09,100,2,5,1,10,1,0,0,0.9876883405951378,0.15643446504023092,0.09999999999999998,15.2,101
2026-01-10 03:00:00,85.25622073776573,-0.2,35.4,83,0.0,71,0.0,0.09,80,3,5,1,10,1,0,0,0.992546151641322,0.12186934340514749,0.0,15.2,101
2026-01-10 04:00:00,87.30453000319854,-0.4,30.9,78,0.0,73,0.0,0.09,100,4,5,1,10,1,0,0,0.9781476007338056,0.20791169081775945,-0.2,15.4,101
2026-01-10 05:00:00,90.805819117798,-0.8,27.6,69,0.0,85,0.0,0.09,100,5,5,1,10,1,0,0,0.9335804264972017,0.3583679495453004,-0.6000000000000001,15.8,101
2026-01-10 06:00:00,94.3588686932308,-0.7,28.0,69,0.0,84,0.0,0.09,100,6,5,1,10,1,0,0,0.9335804264972017,0.3583679495453004,-0.49999999999999994,15.7,101
2026-01-10 07:00:00,98.74517754783028,-1.0,26.5,61,0.0,88,0.0,0.09,100,7,5,1,10,1,0,0,0.8746197071393957,0.4848096202463371,-0.6,16.0,101
2026-01-10 08:00:00,103.11869871076306,-1.1,25.5,64,0.0,84,0.0,0.11,99,8,5,1,10,1,0,0,0.8987940462991669,0.43837114678907746,-0.30000000000000004,16.1,101
2026-01-10 09:00:00,105.03349203869588,-1.2,26.4,61,0.0,84,0.0,0.11,98,9,5,1,10,1,0,0,0.8746197071393957,0.4848096202463371,-0.5,16.2,101
2026-01-10 10:00:00,104.28339035329532,-1.6,26.3,65,1.0,84,0.0,0.11,100,10,5,1,10,1,0,0,0.9063077870366499,0.42261826174069944,-0.6000000000000001,16.6,101
2026-01-10 11:00:00,101.70655428456148,-1.4,22.7,66,32.0,83,0.0,0.11,99,11,5,1,10,1,0,0,0.9135454576426009,0.4067366430758002,-0.2999999999999998,16.4,101
2026-01-10 12:00:00,97.19080153332762,-1.7,21.9,58,74.0,81,0.0,0.11,94,12,5,1,10,1,0,0,0.848048096156426,0.5299192642332049,-0.5,16.7,101
2026-01-10 13:00:00,93.98994771709374,-2.1,21.6,57,143.0,79,0.0,0.11,3,13,5,1,10,1,0,0,0.838670567945424,0.5446390350150271,-0.5,17.1,101
2026-01-10 14:00:00,95.53319664919324,-1.3,18.4,55,215.0,79,0.0,0.09,5,14,5,1,10,1,0,0,0.8191520442889918,0.573576436351046,0.09999999999999987,16.3,101
2026-01-10 15:00:00,99.35665368712604,-1.8,16.6,48,191.0,79,0.0,0.09,0,15,5,1,10,1,0,0,0.7431448254773942,0.6691306063588582,-0.10000000000000009,16.8,101
2026-01-10 16:00:00,101.7110692042255,-2.7,14.5,41,133.0,78,0.0,0.09,0,16,5,1,10,1,0,0,0.6560590289905073,0.754709580222772,-0.6000000000000001,17.7,101
2026-01-10 17:00:00,101.46180405715828,-4.1,12.7,35,50.0,78,0.0,0.09,0,17,5,1,10,1,0,0,0.573576436351046,0.8191520442889918,-2.8,19.1,101
2026-01-10 18:00:00,101.30961243509108,-5.0,12.9,32,1.0,79,0.0,0.09,0,18,5,1,10,1,0,0,0.5299192642332049,0.848048096156426,-3.2,20.0,101
2026-01-10 19:00:00,99.7466419280239,-5.4,12.2,34,0.0,80,0.0,0.09,0,19,5,1,10,1,0,0,0.5591929034707469,0.8290375725550417,-2.7,20.4,101
2026-01-10 20:00:00,98.1843001784567,-5.2,10.5,27,0.0,82,0.0,0.09,0,20,5,1,10,1,0,0,0.4539904997395468,0.8910065241883679,-1.1000000000000005,20.2,101
2026-01-10 21:00:00,94.83466620972284,-5.5,10.2,10,0.0,86,0.0,0.09,41,21,5,1,10,1,0,0,0.17364817766693033,0.984807753012208,-0.5,20.5,101
2026-01-10 22:00:00,90.28529423515565,-5.9,11.5,357,0.0,89,0.0,0.09,56,22,5,1,10,1,0,0,-0.05233595624294437,0.9986295347545738,-0.5,20.9,101
2026-01-10 23:00:00,89.36141651392177,-6.1,12.2,360,0.0,88,0.0,0.09,99,23,5,1,10,1,0,0,-2.4492935982947064e-16,1.0,-0.8999999999999995,21.1,101
2026-01-11 00:00:00,89.4896742501879,-6.3,11.6,6,0.0,88,0.0,0.09,100,0,6,1,11,1,0,0,0.10452846326765347,0.9945218953682733,-0.7999999999999998,21.3,102
2026-01-11 01:00:00,90.74560805728736,-6.8,10.3,5,0.0,87,0.0,0.09,100,1,6,1,11,1,0,0,0.08715574274765817,0.9961946980917455,-0.8999999999999995,21.8,102
2026-01-11 02:00:00,91.50337018688684,-7.2,9.7,3,0.0,91,0.0,0.08,100,2,6,1,11,1,0,0,0.052335956242943835,0.9986295347545738,-1.1000000000000005,22.2,102
2026-01-11 03:00:00,93.04272076231965,-7.6,8.6,8,0.0,90,0.0,0.08,100,3,6,1,11,1,0,0,0.13917310096006544,0.9902680687415704,-1.2999999999999998,22.6,102
2026-01-11 04:00:00,95.36228973525245,-8.2,8.3,360,0.0,90,0.0,0.08,100,4,6,1,11,1,0,0,-2.4492935982947064e-16,1.0,-1.3999999999999995,23.2,102
2026-01-11 05:00:00,98.96379326485192,-9.1,7.4,357,0.0,90,0.0,0.08,100,5,6,1,11,1,0,0,-0.05233595624294437,0.9986295347545738,-1.8999999999999995,24.1,102
2026-01-11 06:00:00,100.61583824695136,-10.7,7.2,3,0.0,91,0.0,0.08,1,6,6,1,11,1,0,0,0.052335956242943835,0.9986295347545738,-3.0999999999999996,25.7,102
2026-01-11 07:00:00,102.44357862905083,-11.6,7.2,14,0.0,91,0.0,0.08,0,7,6,1,11,1,0,0,0.24192189559966773,0.9702957262759965,-3.4000000000000004,26.6,102
2026-01-11 08:00:00,108.19405110781696,-12.1,5.4,352,0.0,94,0.0,0.09,0,8,6,1,11,1,0,0,-0.13917310096006588,0.9902680687415703,-3.0,27.1,102
2026-01-11 09:00:00,108.62108899658313,-13.8,6.2,306,0.0,95,0.0,0.09,21,9,6,1,11,1,0,0,-0.8090169943749476,0.5877852522924729,-3.1000000000000014,28.8,102
2026-01-11 10:00:00,103.81765099034924,-14.8,5.3,315,1.0,92,0.0,0.09,91,10,6,1,11,1,0,0,-0.7071067811865477,0.7071067811865474,-3.200000000000001,29.8,102
2026-01-11 11:00:00,99.29263165411538,-14.4,4.8,329,49.0,89,0.0,0.09,98,11,6,1,11,1,0,0,-0.5150380749100545,0.8571673007021121,-2.3000000000000007,29.4,102
2026-01-11 12:00:00,96.78982698121486,-12.6,3.8,301,123.0,89,0.0,0.09,96,12,6,1,11,1,0,0,-0.8571673007021123,0.5150380749100542,1.200000000000001,27.6,102
2026-01-11 13:00:00,96.67568943581432,-10.2,1.0,301,185.0,79,0.0,0.09,98,13,6,1,11,1,0,0,-0.8571673007021123,0.5150380749100542,4.600000000000001,25.2,102
2026-01-11 14:00:00,97.69643517374712,-6.0,0.3,225,217.0,68,0.0,0.09,100,14,6,1,11,1,0,0,-0.7071067811865475,-0.7071067811865477,8.4,21.0,102
2026-01-11 15:00:00,99.44422326917991,-6.3,1.1,198,179.0,72,0.0,0.09,100,15,6,1,11,1,0,0,-0.3090169943749473,-0.9510565162951536,6.3,21.3,102
2026-01-11 16:00:00,101.46562597961274,-7.4,2.2,194,126.0,78,0.0,0.09,100,16,6,1,11,1,0,0,-0.2419218955996675,-0.9702957262759965,2.799999999999999,22.4,102
2026-01-11 17:00:00,102.56728803254552,-9.2,4.9,176,45.0,85,0.0,0.09,100,17,6,1,11,1,0,0,0.06975647374412552,-0.9975640502598242,-3.1999999999999993,24.2,102
2026-01-11 18:00:00,102.668038212145,-10.2,6.5,172,1.0,88,0.0,0.09,100,18,6,1,11,1,0,0,0.13917310096006533,-0.9902680687415704,-3.8999999999999995,25.2,102
2026-01-11 19:00:00,101.3933934925778,-10.1,7.3,169,0.0,89,0.0,0.09,100,19,6,1,11,1,0,0,0.19080899537654497,-0.9816271834476639,-2.6999999999999993,25.1,102
2026-01-11 20:00:00,96.82145709634396,-8.8,10.6,145,0.0,88,0.0,0.08,100,20,6,1,11,1,0,0,0.5735764363510459,-0.8191520442889919,0.3999999999999986,23.8,102
2026-01-11 21:00:00,92.97048570177674,-8.3,11.9,151,0.0,90,0.0,0.08,100,21,6,1,11,1,0,0,0.48480962024633717,-0.8746197071393957,1.8999999999999986,23.3,102
2026-01-11 22:00:00,88.67007520304287,-8.0,12.9,157,0.0,90,0.0,0.08,100,22,6,1,11,1,0,0,0.39073112848927377,-0.9205048534524404,2.0999999999999996,23.0,102
2026-01-11 23:00:00,86.46667570347569,-7.9,13.2,158,0.0,89,0.0,0.08,100,23,6,1,11,1,0,0,0.37460659341591224,-0.9271838545667873,0.9000000000000004,22.9,102
2026-01-12 00:00:00,85.95144206390849,-7.4,14.5,150,0.0,83,0.0,0.08,100,0,0,1,12,0,0,0,0.49999999999999994,-0.8660254037844387,0.9000000000000004,22.4,103
2026-01-12 01:00:00,85.72658003184128,-7.0,16.1,150,0.0,80,0.0,0.08,100,1,0,1,12,0,0,0,0.49999999999999994,-0.8660254037844387,1.0,22.0,103
2026-01-12 02:00:00,86.08213632477408,-5.1,15.9,152,0.0,80,0.0,0.08,100,2,0,1,12,0,0,0,0.4694715627858907,-0.882947592858927,2.8000000000000007,20.1,103
2026-01-12 03:00:00,86.07086683520687,-4.4,17.3,149,0.0,78,0.0,0.08,100,3,0,1,12,0,0,0,0.5150380749100544,-0.8571673007021122,3.0,19.4,103
2026-01-12 04:00:00,89.31814459063969,-4.4,18.3,144,0.0,80,0.0,0.08,100,4,0,1,12,0,0,0,0.5877852522924732,-0.8090169943749473,2.5999999999999996,19.4,103
2026-01-12 05:00:00,95.82152074440582,-4.3,18.4,152,0.0,81,0.0,0.08,100,5,0,1,12,0,0,0,0.4694715627858907,-0.882947592858927,0.7999999999999998,19.3,103
2026-01-12 06:00:00,99.5711657573386,-4.4,19.7,156,0.0,84,0.0,0.08,100,6,0,1,12,0,0,0,0.40673664307580043,-0.9135454576426008,0.0,19.4,103
2026-01-12 07:00:00,99.6499632677714,-4.3,19.7,157,0.0,86,0.07,0.08,100,7,0,1,12,0,0,0,0.39073112848927377,-0.9205048534524404,0.10000000000000053,19.3,103
2026-01-12 08:00:00,100.02183285570422,-3.4,20.5,155,0.0,84,0.28,0.09,100,8,0,1,12,0,0,0,0.4226182617406995,-0.9063077870366499,0.8999999999999999,18.4,103
2026-01-12 09:00:00,100.51962964363702,-3.2,21.8,150,0.0,84,0.21,0.09,100,9,0,1,12,0,0,0,0.49999999999999994,-0.8660254037844387,1.2000000000000002,18.2,103
2026-01-12 10:00:00,99.79512400406982,-3.0,20.5,155,0.0,86,0.21,0.09,100,10,0,1,12,0,0,0,0.4226182617406995,-0.9063077870366499,1.2999999999999998,18.0,103
2026-01-12 11:00:00,98.00007761700265,-2.8,20.3,151,13.0,87,0.14,0.09,100,11,0,1,12,0,0,0,0.48480962024633717,-0.8746197071393957,0.6000000000000001,17.8,103
2026-01-12 12:00:00,96.74667110326877,-2.6,19.6,152,22.0,90,0.56,0.1,100,12,0,1,12,0,0,0,0.4694715627858907,-0.882947592858927,0.6000000000000001,17.6,103
2026-01-12 13:00:00,96.86309012370155,-2.5,17.7,145,43.0,95,0.07,0.1,100,13,0,1,12,0,0,0,0.5735764363510459,-0.8191520442889919,0.5,17.5,103
2026-01-12 14:00:00,97.23449695080106,-1.5,16.7,155,50.0,90,0.07,0.09,100,14,0,1,12,0,0,0,0.4226182617406995,-0.9063077870366499,1.2999999999999998,16.5,103
2026-01-12 15:00:00,97.30750815373383,-1.1,16.5,155,71.0,91,0.0,0.09,100,15,0,1,12,0,0,0,0.4226182617406995,-0.9063077870366499,1.5,16.1,103
2026-01-12 16:00:00,97.62162067499996,-0.9,15.3,153,39.0,92,0.0,0.09,100,16,0,1,12,0,0,0,0.45399049973954686,-0.8910065241883678,1.6,15.9,103
2026-01-12 17:00:00,96.86965795543276,-0.6,15.3,161,17.0,93,0.0,0.09,100,17,0,1,12,0,0,0,0.3255681544571566,-0.9455185755993168,0.9,15.6,103
2026-01-12 18:00:00,95.5201262383656,-0.3,14.0,154,0.0,94,0.0,0.09,100,18,0,1,12,0,0,0,0.4383711467890773,-0.898794046299167,0.8,15.3,103
2026-01-12 19:00:00,93.47031636129836,-0.2,13.2,152,0.0,95,0.0,0.09,100,19,0,1,12,0,0,0,0.4694715627858907,-0.882947592858927,0.7,15.2,103
2026-01-12 20:00:00,90.04599326423117,-0.4,13.9,156,0.0,96,0.0,0.08,100,20,0,1,12,0,0,0,0.40673664307580043,-0.9135454576426008,0.19999999999999996,15.4,103
2026-01-12 21:00:00,88.67153642299732,-0.1,13.8,160,0.0,96,0.0,0.08,100,21,0,1,12,0,0,0,0.3420201433256689,-0.9396926207859083,0.19999999999999998,15.1,103
2026-01-12 22:00:00,84.56805083759679,0.3,14.5,161,0.0,97,0.0,0.08,100,22,0,1,12,0,0,0,0.3255681544571566,-0.9455185755993168,0.5,14.7,103
2026-01-12 23:00:00,80.59360146969625,0.6,11.9,150,0.0,98,0.0,0.08,100,23,0,1,12,0,0,0,0.49999999999999994,-0.8660254037844387,1.0,14.4,103
2026-01-13 00:00:00,80.86745416679572,0.8,11.3,158,0.0,98,0.0,0.08,100,0,1,1,13,0,0,0,0.37460659341591224,-0.9271838545667873,0.9,14.2,104
2026-01-13 01:00:00,77.1438649763952,1.1,13.3,171,0.0,99,0.0,0.08,100,1,1,1,13,0,0,0,0.15643446504023098,-0.9876883405951377,0.8,13.9,104
2026-01-13 02:00:00,76.87708033516132,1.2,11.2,181,0.0,99,0.0,0.08,100,2,1,1,13,0,0,0,-0.017452406437283637,-0.9998476951563913,0.6,13.8,104
2026-01-13 03:00:00,78.65898770226079,1.2,10.8,185,0.0,99,0.0,0.08,100,3,1,1,13,0,0,0,-0.08715574274765794,-0.9961946980917455,0.3999999999999999,13.8,104
2026-01-13 04:00:00,81.35412916102692,1.5,11.9,191,0.0,99,0.0,0.07,100,4,1,1,13,0,0,0,-0.19080899537654472,-0.981627183447664,0.3999999999999999,13.5,104
2026-01-13 05:00:00,87.62649673895973,1.8,12.5,195,0.0,99,0.0,0.07,100,5,1,1,13,0,0,0,-0.2588190451025208,-0.9659258262890683,0.6000000000000001,13.2,104
2026-01-13 06:00:00,91.6993349310592,1.9,12.8,199,0.0,100,0.0,0.07,100,6,1,1,13,0,0,0,-0.32556815445715676,-0.9455185755993167,0.7,13.1,104
2026-01-13 07:00:00,92.02386899982534,2.1,14.2,202,0.0,100,0.0,0.07,100,7,1,1,13,0,0,0,-0.374606593415912,-0.9271838545667874,0.6000000000000001,12.9,104
2026-01-13 08:00:00,94.6469679669248,2.3,13.5,199,0.0,100,0.0,0.07,100,8,1,1,13,0,0,0,-0.32556815445715676,-0.9455185755993167,0.4999999999999998,12.7,104
2026-01-13 09:00:00,92.7982508273576,2.3,13.4,194,0.0,100,0.0,0.07,100,9,1,1,13,0,0,0,-0.2419218955996675,-0.9702957262759965,0.3999999999999999,12.7,104
2026-01-13 10:00:00,89.47421084612374,2.4,13.7,199,1.0,100,0.0,0.06,100,10,1,1,13,0,0,0,-0.32556815445715676,-0.9455185755993167,0.2999999999999998,12.6,104
2026-01-13 11:00:00,86.69770593155653,2.7,13.5,203,14.0,100,0.0,0.06,100,11,1,1,13,0,0,0,-0.39073112848927355,-0.9205048534524404,0.40000000000000036,12.3,104
2026-01-13 12:00:00,85.04699493198933,2.8,12.1,200,36.0,100,0.0,0.06,100,12,1,1,13,0,0,0,-0.34202014332566866,-0.9396926207859084,0.5,12.2,104
2026-01-13 13:00:00,83.44748845325547,2.8,12.6,193,50.0,100,0.0,0.05,100,13,1,1,13,0,0,0,-0.22495105434386498,-0.9743700647852352,0.3999999999999999,12.2,104
2026-01-13 14:00:00,84.22131507285495,3.4,13.3,196,62.0,99,0.0,0.05,100,14,1,1,13,0,0,0,-0.275637355816999,-0.9612616959383189,0.6999999999999997,11.6,104
2026-01-13 15:00:00,87.17291589828774,3.5,12.8,194,51.0,99,0.0,0.04,100,15,1,1,13,0,0,0,-0.2419218955996675,-0.9702957262759965,0.7000000000000002,11.5,104
2026-01-13 16:00:00,87.30081518372056,3.2,11.7,189,35.0,99,0.0,0.04,100,16,1,1,13,0,0,0,-0.15643446504023073,-0.9876883405951378,0.40000000000000036,11.8,104
2026-01-13 17:00:00,86.84844139915334,3.4,12.0,188,13.0,100,0.0,0.04,100,17,1,1,13,0,0,0,-0.13917310096006552,-0.9902680687415703,0.0,11.6,104
2026-01-13 18:00:00,85.8963300679195,3.0,11.5,177,1.0,100,0.0,0.03,100,18,1,1,13,0,0,0,0.05233595624294381,-0.9986295347545738,-0.5,12.0,104
2026-01-13 19:00:00,83.87333860168563,3.0,13.3,171,0.0,99,0.0,0.03,100,19,1,1,13,0,0,0,0.15643446504023098,-0.9876883405951377,-0.20000000000000018,12.0,104
2026-01-13 20:00:00,80.47208035461843,3.7,13.0,160,0.0,100,0.0,0.02,100,20,1,1,13,0,0,0,0.3420201433256689,-0.9396926207859083,0.30000000000000027,11.3,104
2026-01-13 21:00:00,75.37102950838457,4.3,17.0,162,0.0,99,0.0,0.02,100,21,1,1,13,0,0,0,0.3090169943749475,-0.9510565162951535,1.2999999999999998,10.7,104
2026-01-13 22:00:00,69.91997202798404,4.2,17.2,162,0.0,98,0.0,0.02,100,22,1,1,13,0,0,0,0.3090169943749475,-0.9510565162951535,1.2000000000000002,10.8,104
2026-01-13 23:00:00,67.32460112091684,3.9,19.4,174,0.0,98,0.0,0.02,100,23,1,1,13,0,0,0,0.10452846326765373,-0.9945218953682733,0.19999999999999973,11.1,104
2026-01-14 00:00:00,66.02956960134964,4.1,19.3,175,0.0,97,0.0,0.02,100,0,2,1,14,0,0,0,0.0871557427476582,-0.9961946980917455,-0.20000000000000018,10.9,105
2026-01-14 01:00:00,65.37596895511578,4.6,23.8,184,0.0,97,0.0,0.01,100,1,2,1,14,0,0,0,-0.06975647374412527,-0.9975640502598242,0.39999999999999947,10.4,105
2026-01-14 02:00:00,65.93085096971524,5.1,19.4,195,0.0,97,0.0,0.02,100,2,2,1,14,0,0,0,-0.2588190451025208,-0.9659258262890683,1.1999999999999997,9.9,105
2026-01-14 03:00:00,67.12558761764805,4.9,20.1,209,0.0,98,0.0,0.02,100,3,2,1,14,0,0,0,-0.48480962024633695,-0.8746197071393959,0.8000000000000007,10.1,105
2026-01-14 04:00:00,69.87682167974752,4.9,20.0,224,0.0,98,0.0,0.02,100,4,2,1,14,0,0,0,-0.6946583704589974,-0.7193398003386511,0.3000000000000007,10.1,105
2026-01-14 05:00:00,77.04894007268032,4.5,16.9,232,0.0,99,0.0,0.01,100,5,2,1,14,0,0,0,-0.7880107536067221,-0.6156614753256581,-0.5999999999999996,10.5,105
2026-01-14 06:00:00,84.3062460756131,4.2,13.4,235,0.0,99,0.0,0.01,100,6,2,1,14,0,0,0,-0.8191520442889916,-0.5735764363510464,-0.7000000000000002,10.8,105
2026-01-14 07:00:00,86.19949173021259,4.1,11.8,254,0.0,99,0.0,0.01,100,7,2,1,14,0,0,0,-0.961261695938319,-0.2756373558169989,-0.8000000000000007,10.9,105
2026-01-14 08:00:00,85.74888336231204,4.5,10.4,272,0.0,99,0.0,0.0,100,8,2,1,14,0,0,0,-0.9993908270190958,0.03489949670250128,0.0,10.5,105
2026-01-14 09:00:00,85.55118660191151,4.0,11.2,274,0.0,98,0.0,0.0,95,9,2,1,14,0,0,0,-0.9975640502598243,0.06975647374412522,-0.20000000000000018,11.0,105
2026-01-14 10:00:00,81.17533979984432,2.6,12.6,272,1.0,97,0.0,0.0,9,10,2,1,14,0,0,0,-0.9993908270190958,0.03489949670250128,-1.4999999999999996,12.4,105
2026-01-14 11:00:00,71.39777935611046,2.8,14.0,271,52.0,95,0.0,0.0,13,11,2,1,14,0,0,0,-0.9998476951563913,0.01745240643728313,-1.7000000000000002,12.2,105
2026-01-14 12:00:00,68.22586362237661,3.8,15.5,269,131.0,92,0.0,0.0,7,12,2,1,14,0,0,0,-0.9998476951563913,-0.017452406437283498,-0.20000000000000018,11.2,105
2026-01-14 13:00:00,68.85209516697607,4.8,15.7,265,188.0,90,0.0,0.0,30,13,2,1,14,0,0,0,-0.9961946980917455,-0.08715574274765825,2.1999999999999997,10.2,105
2026-01-14 14:00:00,70.88763000907554,5.6,15.6,264,199.0,85,0.0,0.0,46,14,2,1,14,0,0,0,-0.9945218953682734,-0.10452846326765336,2.8,9.4,105
2026-01-14 15:00:00,76.09941573200834,5.8,15.8,263,176.0,81,0.0,0.0,30,15,2,1,14,0,0,0,-0.9925461516413221,-0.12186934340514717,2.0,9.2,105
2026-01-14 16:00:00,81.5305697491078,5.2,14.5,259,127.0,81,0.0,0.0,34,16,2,1,14,0,0,0,-0.981627183447664,-0.1908089953765446,0.40000000000000036,9.8,105
2026-01-14 17:00:00,82.18333948620727,3.6,13.1,255,52.0,86,0.0,0.0,76,17,2,1,14,0,0,0,-0.9659258262890683,-0.25881904510252063,-1.9999999999999996,11.4,105
2026-01-14 18:00:00,82.08170334497339,2.5,11.9,243,2.0,90,0.0,0.0,73,18,2,1,14,0,0,0,-0.8910065241883678,-0.45399049973954697,-3.3,12.5,105
2026-01-14 19:00:00,84.52617753957286,2.3,11.6,238,0.0,91,0.0,0.0,92,19,2,1,14,0,0,0,-0.848048096156426,-0.529919264233205,-2.9000000000000004,12.7,105
2026-01-14 20:00:00,82.17985625250567,1.8,10.3,232,0.0,93,0.0,0.0,47,20,2,1,14,0,0,0,-0.7880107536067221,-0.6156614753256581,-1.8,13.2,105
2026-01-14 21:00:00,78.20691564293848,1.5,11.2,221,0.0,94,0.0,0.0,31,21,2,1,14,0,0,0,-0.656059028990507,-0.7547095802227721,-1.0,13.5,105
2026-01-14 22:00:00,74.77726732087127,1.5,13.4,215,0.0,95,0.0,0.0,99,22,2,1,14,0,0,0,-0.5735764363510462,-0.8191520442889918,-0.7999999999999998,13.5,105
2026-01-14 23:00:00,66.72852662130408,1.4,12.6,211,0.0,97,0.0,0.0,100,23,2,1,14,0,0,0,-0.5150380749100542,-0.8571673007021123,-0.40000000000000013,13.6,105
2026-01-15 00:00:00,66.15404705923689,0.9,11.3,205,0.0,98,0.0,0.0,100,0,3,1,15,0,0,0,-0.4226182617406993,-0.90630778703665,-0.6,14.1,106
2026-01-15 01:00:00,67.6289561246697,1.0,12.4,194,0.0,99,0.0,0.0,100,1,3,1,15,0,0,0,-0.2419218955996675,-0.9702957262759965,-0.5,14.0,106
2026-01-15 02:00:00,68.8106569301025,0.8,11.0,183,0.0,98,0.0,0.0,100,2,3,1,15,0,0,0,-0.052335956242943564,-0.9986295347545738,-0.5999999999999999,14.2,106
2026-01-15 03:00:00,71.08151033470195,0.4,11.1,171,0.0,98,0.0,0.0,100,3,3,1,15,0,0,0,0.15643446504023098,-0.9876883405951377,-0.5,14.6,106
2026-01-15 04:00:00,75.72933861513478,0.3,12.4,161,0.0,99,0.0,0.0,100,4,3,1,15,0,0,0,0.3255681544571566,-0.9455185755993168,-0.7,14.7,106
2026-01-15 05:00:00,82.80708974806755,-0.1,13.5,157,0.0,99,0.0,0.0,100,5,3,1,15,0,0,0,0.39073112848927377,-0.9205048534524404,-0.9,15.1,106
2026-01-15 06:00:00,88.8604282343337,0.0,14.7,152,0.0,100,0.0,0.0,100,6,3,1,15,0,0,0,0.4694715627858907,-0.882947592858927,-0.4,15.0,106
2026-01-15 07:00:00,89.03476237559981,0.1,16.1,151,0.0,99,0.0,0.0,100,7,3,1,15,0,0,0,0.48480962024633717,-0.8746197071393957,-0.19999999999999998,14.9,106
2026-01-15 08:00:00,88.53337374103262,0.9,17.2,153,0.0,98,0.0,0.0,100,8,3,1,15,0,0,0,0.45399049973954686,-0.8910065241883678,1.0,14.1,106
2026-01-15 09:00:00,85.25925674646543,2.4,17.7,156,0.0,98,0.0,0.0,100,9,3,1,15,0,0,0,0.40673664307580043,-0.9135454576426008,2.4,12.6,106
2026-01-15 10:00:00,79.73062422773157,2.7,17.2,157,1.0,99,0.0,0.0,100,10,3,1,15,0,0,0,0.39073112848927377,-0.9205048534524404,2.6,12.3,106
2026-01-15 11:00:00,79.28032757066435,3.5,19.3,169,16.0,99,0.0,0.0,100,11,3,1,15,0,0,0,0.19080899537654497,-0.9816271834476639,2.6,11.5,106
2026-01-15 12:00:00,76.38251117359718,4.5,19.6,181,70.0,97,0.0,0.0,100,12,3,1,15,0,0,0,-0.017452406437283637,-0.9998476951563913,2.1,10.5,106
2026-01-15 13:00:00,74.81087985402998,5.2,17.9,186,146.0,95,0.0,0.0,100,13,3,1,15,0,0,0,-0.1045284632676535,-0.9945218953682733,2.5,9.8,106
2026-01-15 14:00:00,74.64730376946278,5.9,17.4,185,92.0,96,0.0,0.0,100,14,3,1,15,0,0,0,-0.08715574274765794,-0.9961946980917455,2.4000000000000004,9.1,106
2026-01-15 15:00:00,75.03949866572893,6.3,16.4,176,50.0,96,0.0,0.0,97,15,3,1,15,0,0,0,0.06975647374412552,-0.9975640502598242,1.7999999999999998,8.7,106
2026-01-15 16:00:00,75.73806245199503,6.4,16.6,178,88.0,97,0.0,0.0,100,16,3,1,15,0,0,0,0.03489949670250114,-0.9993908270190958,1.2000000000000002,8.6,106
2026-01-15 17:00:00,74.80916046576118,6.3,14.8,175,16.0,97,0.0,0.0,100,17,3,1,15,0,0,0,0.0871557427476582,-0.9961946980917455,0.39999999999999947,8.7,106
2026-01-15 18:00:00,73.60734925536066,5.8,14.5,172,1.0,98,0.0,0.0,100,18,3,1,15,0,0,0,0.13917310096006533,-0.9902680687415704,-0.5,9.2,106
2026-01-15 19:00:00,71.9830948591268,5.7,15.4,173,0.0,99,0.0,0.0,100,19,3,1,15,0,0,0,0.12186934340514755,-0.992546151641322,-0.7000000000000002,9.3,106
2026-01-15 20:00:00,68.40718515122626,6.2,14.6,171,0.0,99,0.0,0.0,100,20,3,1,15,0,0,0,0.15643446504023098,-0.9876883405951377,-0.09999999999999964,8.8,106
2026-01-15 21:00:00,65.43010980915905,6.4,16.3,166,0.0,98,0.0,0.0,100,21,3,1,15,0,0,0,0.24192189559966773,-0.9702957262759965,0.6000000000000005,8.6,106
2026-01-15 22:00:00,61.50624619542519,6.2,18.1,169,0.0,97,0.0,0.0,100,22,3,1,15,0,0,0,0.19080899537654497,-0.9816271834476639,0.5,8.8,106
2026-01-15 23:00:00,59.13101740002467,5.7,16.9,164,0.0,97,0.0,0.0,100,23,3,1,15,0,0,0,0.2756373558169992,-0.9612616959383189,-0.5,9.3,106
2026-01-16 00:00:00,58.70545127545746,5.3,18.2,160,0.0,98,0.0,0.0,100,0,4,1,16,0,0,0,0.3420201433256689,-0.9396926207859083,-1.1000000000000005,9.7,107
2026-01-16 01:00:00,59.58161495839027,5.2,19.6,167,0.0,98,0.0,0.0,100,1,4,1,16,0,0,0,0.2249510543438652,-0.9743700647852351,-1.0,9.8,107
2026-01-16 02:00:00,60.71539616882307,6.2,18.0,161,0.0,96,0.0,0.0,100,2,4,1,16,0,0,0,0.3255681544571566,-0.9455185755993168,0.5,8.8,107
2026-01-16 03:00:00,60.93567213175587,5.3,18.5,156,0.0,97,0.0,0.0,100,3,4,1,16,0,0,0,0.40673664307580043,-0.9135454576426008,0.0,9.7,107
2026-01-16 04:00:00,64.55802811968867,5.2,20.2,159,0.0,97,0.0,0.0,100,4,4,1,16,0,0,0,0.3583679495453002,-0.9335804264972017,0.0,9.8,107
2026-01-16 05:00:00,69.8102742484548,5.0,20.8,161,0.0,96,0.0,0.0,98,5,4,1,16,0,0,0,0.3255681544571566,-0.9455185755993168,-1.2000000000000002,10.0,107
2026-01-16 06:00:00,72.7857218688876,4.8,21.7,161,0.0,96,0.0,0.0,100,6,4,1,16,0,0,0,0.3255681544571566,-0.9455185755993168,-0.5,10.2,107
2026-01-16 07:00:00,72.68345780932042,4.8,23.1,167,0.0,94,0.0,0.0,100,7,4,1,16,0,0,0,0.2249510543438652,-0.9743700647852351,-0.40000000000000036,10.2,107
2026-01-16 08:00:00,72.06243702308655,5.6,23.7,169,0.0,93,0.0,0.0,100,8,4,1,16,0,0,0,0.19080899537654497,-0.9816271834476639,0.5999999999999996,9.4,107
2026-01-16 09:00:00,69.93320845851935,6.1,23.0,174,0.0,92,0.0,0.0,100,9,4,1,16,0,0,0,0.10452846326765373,-0.9945218953682733,1.2999999999999998,8.9,107
2026-01-16 10:00:00,68.15764355311882,6.1,22.9,177,2.0,92,0.0,0.0,100,10,4,1,16,0,0,0,0.05233595624294381,-0.9986295347545738,1.2999999999999998,8.9,107
2026-01-16 11:00:00,73.25840738105163,7.0,22.0,183,20.0,89,0.0,0.0,100,11,4,1,16,0,0,0,-0.052335956242943564,-0.9986295347545738,1.4000000000000004,8.0,107
2026-01-16 12:00:00,75.78815405231775,7.9,21.2,193,40.0,86,0.0,0.0,100,12,4,1,16,0,0,0,-0.22495105434386498,-0.9743700647852352,1.8000000000000007,7.1,107
2026-01-16 13:00:00,76.48691654691723,8.8,21.5,214,73.0,84,0.0,0.0,100,13,4,1,16,0,0,0,-0.5591929034707467,-0.8290375725550418,2.700000000000001,6.199999999999999,107
2026-01-16 14:00:00,76.76634860985003,6.9,25.1,231,48.0,86,0.0,0.0,100,14,4,1,16,0,0,0,-0.7771459614569706,-0.6293203910498378,-0.09999999999999964,8.1,107
2026-01-16 15:00:00,75.54349164778283,6.4,20.8,226,59.0,86,0.0,0.0,100,15,4,1,16,0,0,0,-0.7193398003386512,-0.6946583704589973,-1.5,8.6,107
2026-01-16 16:00:00,76.13953750654896,6.3,17.1,226,42.0,86,0.0,0.0,100,16,4,1,16,0,0,0,-0.7193398003386512,-0.6946583704589973,-2.500000000000001,8.7,107
2026-01-16 17:00:00,78.31022529448177,5.8,12.6,224,19.0,89,0.0,0.0,100,17,4,1,16,0,0,0,-0.6946583704589974,-0.7193398003386511,-1.1000000000000005,9.2,107
2026-01-16 18:00:00,79.41206119741457,5.1,9.5,209,2.0,93,0.0,0.0,100,18,4,1,16,0,0,0,-0.48480962024633695,-0.8746197071393959,-1.3000000000000007,9.9,107
2026-01-16 19:00:00,77.78586883284737,4.6,9.9,196,0.0,95,0.0,0.0,100,19,4,1,16,0,0,0,-0.275637355816999,-0.9612616959383189,-1.7000000000000002,10.4,107
2026-01-16 20:00:00,74.08523896328016,5.0,7.6,179,0.0,95,0.0,0.0,98,20,4,1,16,0,0,0,0.01745240643728344,-0.9998476951563913,-0.7999999999999998,10.0,107
2026-01-16 21:00:00,71.38500353371298,3.8,5.9,168,0.0,96,0.0,0.0,100,21,4,1,16,0,0,0,0.20791169081775931,-0.9781476007338057,-1.2999999999999998,11.2,107
2026-01-16 22:00:00,65.91093457747911,3.9,7.1,146,0.0,96,0.0,0.0,100,22,4,1,16,0,0,0,0.5591929034707469,-0.8290375725550416,-0.6999999999999997,11.1,107
2026-01-16 23:00:00,62.360141608745245,3.8,8.1,102,0.0,95,0.0,0.0,100,23,4,1,16,0,0,0,0.9781476007338057,-0.20791169081775934,-1.2000000000000002,11.2,107
2026-01-17 00:00:00,59.93601965834471,4.1,12.0,102,0.0,95,0.0,0.0,100,0,5,1,17,1,0,0,0.9781476007338057,-0.20791169081775934,0.2999999999999998,10.9,108
2026-01-17 01:00:00,59.58560130627751,3.9,13.5,100,0.0,97,0.0,0.0,100,1,5,1,17,1,0,0,0.984807753012208,-0.1736481776669303,0.0,11.1,108
2026-01-17 02:00:00,59.920712469210315,4.5,14.6,94,0.0,96,0.0,0.0,100,2,5,1,17,1,0,0,0.9975640502598242,-0.06975647374412533,0.7000000000000002,10.5,108
2026-01-17 03:00:00,61.06428470214311,4.7,14.8,91,0.0,97,0.0,0.0,100,3,5,1,17,1,0,0,0.9998476951563913,-0.017452406437283477,0.6000000000000005,10.3,108
2026-01-17 04:00:00,63.86211214340925,4.6,15.5,93,0.0,98,0.0,0.0,100,4,5,1,17,1,0,0,0.9986295347545738,-0.05233595624294384,0.6999999999999997,10.4,108
2026-01-17 05:00:00,66.76335611717538,4.4,15.6,98,0.0,97,0.0,0.0,100,5,5,1,17,1,0,0,0.9902680687415704,-0.13917310096006535,-0.09999999999999964,10.6,108
2026-01-17 06:00:00,69.8383893951082,3.5,13.0,108,0.0,98,0.0,0.0,100,6,5,1,17,1,0,0,0.9510565162951536,-0.30901699437494734,-1.2000000000000002,11.5,108
2026-01-17 07:00:00,73.340164070541,2.8,12.3,111,0.0,98,0.0,0.0,100,7,5,1,17,1,0,0,0.9335804264972017,-0.35836794954530027,-1.7999999999999998,12.2,108
2026-01-17 08:00:00,77.24011164264046,3.2,10.9,114,0.0,98,0.0,0.0,78,8,5,1,17,1,0,0,0.9135454576426009,-0.40673664307580026,-1.2000000000000002,11.8,108
2026-01-17 09:00:00,78.21569582557325,2.5,10.5,119,0.0,98,0.0,0.0,74,9,5,1,17,1,0,0,0.8746197071393959,-0.484809620246337,-1.0,12.5,108
2026-01-17 10:00:00,74.43957833683939,2.1,10.4,118,2.0,98,0.0,0.0,60,10,5,1,17,1,0,0,0.8829475928589269,-0.4694715627858909,-0.6999999999999997,12.9,108
2026-01-17 11:00:00,69.61146568977219,3.0,12.8,116,52.0,95,0.0,0.0,85,11,5,1,17,1,0,0,0.8987940462991669,-0.4383711467890775,-0.20000000000000018,12.0,108
2026-01-17 12:00:00,67.93971267520499,4.0,13.8,117,126.0,93,0.0,0.0,85,12,5,1,17,1,0,0,0.8910065241883679,-0.45399049973954675,1.5,11.0,108
2026-01-17 13:00:00,69.01244861563781,4.9,11.3,107,185.0,91,0.0,0.0,60,13,5,1,17,1,0,0,0.9563047559630355,-0.29237170472273666,2.8000000000000003,10.1,108
2026-01-17 14:00:00,71.73809486523727,4.2,14.1,100,208.0,90,0.0,0.0,96,14,5,1,17,1,0,0,0.984807753012208,-0.1736481776669303,1.2000000000000002,10.8,108
2026-01-17 15:00:00,75.61638287483673,4.0,14.9,99,181.0,87,0.0,0.0,100,15,5,1,17,1,0,0,0.9876883405951378,-0.1564344650402308,0.0,11.0,108
2026-01-17 16:00:00,78.72097803693619,3.2,15.3,98,106.0,87,0.0,0.0,100,16,5,1,17,1,0,0,0.9902680687415704,-0.13917310096006535,-1.7000000000000002,11.8,108
2026-01-17 17:00:00,78.55367931903567,2.3,16.0,99,45.0,91,0.0,0.0,100,17,5,1,17,1,0,0,0.9876883405951378,-0.1564344650402308,-1.9000000000000004,12.7,108
2026-01-17 18:00:00,79.12057763613512,1.9,16.5,104,3.0,92,0.0,0.0,98,18,5,1,17,1,0,0,0.9702957262759965,-0.24192189559966779,-2.1,13.1,108
2026-01-17 19:00:00,77.89478718490126,1.8,17.6,108,0.0,94,0.0,0.0,100,19,5,1,17,1,0,0,0.9510565162951536,-0.30901699437494734,-1.4000000000000001,13.2,108
2026-01-17 20:00:00,73.9666736986674,1.8,18.2,110,0.0,96,0.0,0.0,100,20,5,1,17,1,0,0,0.9396926207859084,-0.3420201433256687,-0.4999999999999998,13.2,108
2026-01-17 21:00:00,69.06624993160021,1.8,16.3,111,0.0,97,0.0,0.0,100,21,5,1,17,1,0,0,0.9335804264972017,-0.35836794954530027,-0.09999999999999987,13.2,108
2026-01-17 22:00:00,65.89062501786634,2.0,14.9,111,0.0,98,0.0,0.0,100,22,5,1,17,1,0,0,0.9335804264972017,-0.35836794954530027,0.19999999999999996,13.0,108
2026-01-17 23:00:00,63.790270790799156,2.4,15.8,107,0.0,98,0.0,0.0,100,23,5,1,17,1,0,0,0.9563047559630355,-0.29237170472273666,0.5999999999999999,12.6,108
2026-01-18 00:00:00,63.36731699206528,2.7,15.7,112,0.0,97,0.0,0.0,100,0,6,1,18,1,0,0,0.9271838545667874,-0.37460659341591207,0.9000000000000001,12.3,109
2026-01-18 01:00:00,62.89330224916475,2.8,13.8,114,0.0,96,0.0,0.0,100,1,6,1,18,1,0,0,0.9135454576426009,-0.40673664307580026,0.7999999999999998,12.2,109
2026-01-18 02:00:00,64.02543767959756,3.2,14.6,108,0.0,94,0.0,0.0,100,2,6,1,18,1,0,0,0.9510565162951536,-0.30901699437494734,0.8000000000000003,11.8,109
2026-01-18 03:00:00,64.74488495753036,3.2,16.0,113,0.0,93,0.0,0.0,100,3,6,1,18,1,0,0,0.9205048534524403,-0.39073112848927377,0.5,11.8,109
2026-01-18 04:00:00,66.51790858962983,3.0,16.1,114,0.0,93,0.0,0.0,100,4,6,1,18,1,0,0,0.9135454576426009,-0.40673664307580026,0.20000000000000018,12.0,109
2026-01-18 05:00:00,68.82023379006263,2.8,16.1,110,0.0,93,0.0,0.0,100,5,6,1,18,1,0,0,0.9396926207859084,-0.3420201433256687,-0.40000000000000036,12.2,109
2026-01-18 06:00:00,71.3695410146621,2.9,17.4,111,0.0,93,0.0,0.0,100,6,6,1,18,1,0,0,0.9335804264972017,-0.35836794954530027,-0.30000000000000027,12.1,109
2026-01-18 07:00:00,75.2204841075949,2.9,17.1,110,0.0,94,0.0,0.0,100,7,6,1,18,1,0,0,0.9396926207859084,-0.3420201433256687,-0.10000000000000009,12.1,109
2026-01-18 08:00:00,79.07308289219435,3.2,16.6,110,0.0,93,0.0,0.0,100,8,6,1,18,1,0,0,0.9396926207859084,-0.3420201433256687,0.40000000000000036,11.8,109
2026-01-18 09:00:00,81.79863810012716,3.2,15.9,108,0.0,94,0.0,0.0,100,9,6,1,18,1,0,0,0.9510565162951536,-0.30901699437494734,0.30000000000000027,11.8,109
2026-01-18 10:00:00,81.87511471305996,2.8,16.9,106,1.0,97,0.0,0.0,100,10,6,1,18,1,0,0,0.9612616959383189,-0.27563735581699905,-0.10000000000000009,12.2,109
2026-01-18 11:00:00,80.49555003849277,2.5,16.9,105,17.0,99,0.0,0.0,100,11,6,1,18,1,0,0,0.9659258262890683,-0.25881904510252085,-0.7000000000000002,12.5,109
2026-01-18 12:00:00,78.9251203422589,2.7,18.7,112,41.0,96,0.0,0.0,100,12,6,1,18,1,0,0,0.9271838545667874,-0.37460659341591207,-0.5,12.3,109
2026-01-18 13:00:00,77.4463959426917,3.0,17.8,120,57.0,91,0.0,0.0,100,13,6,1,18,1,0,0,0.8660254037844387,-0.49999999999999983,0.20000000000000018,12.0,109
2026-01-18 14:00:00,77.74499010562451,3.5,17.1,122,73.0,87,0.0,0.0,100,14,6,1,18,1,0,0,0.8480480961564261,-0.5299192642332048,1.0,11.5,109
2026-01-18 15:00:00,79.83783282355729,3.9,16.2,116,95.0,83,0.0,0.0,41,15,6,1,18,1,0,0,0.8987940462991669,-0.4383711467890775,1.1999999999999997,11.1,109
2026-01-18 16:00:00,82.40898383149009,3.5,15.1,105,129.0,83,0.0,0.0,0,16,6,1,18,1,0,0,0.9659258262890683,-0.25881904510252085,0.5,11.5,109
2026-01-18 17:00:00,82.43279848108958,2.4,15.4,109,68.0,88,0.0,0.0,0,17,6,1,18,1,0,0,0.9455185755993168,-0.32556815445715664,-1.1,12.6,109
2026-01-18 18:00:00,81.94484461152237,1.4,15.4,113,5.0,92,0.0,0.0,0,18,6,1,18,1,0,0,0.9205048534524403,-0.39073112848927377,-2.5,13.6,109
2026-01-18 19:00:00,81.02434761778852,1.0,15.3,117,0.0,93,0.0,0.0,0,19,6,1,18,1,0,0,0.8910065241883679,-0.45399049973954675,-2.5,14.0,109
2026-01-18 20:00:00,78.39952119488798,1.1,14.5,121,0.0,93,0.0,0.0,0,20,6,1,18,1,0,0,0.8571673007021123,-0.5150380749100543,-1.2999999999999998,13.9,109
2026-01-18 21:00:00,74.57510743615411,0.9,14.3,129,0.0,93,0.0,0.0,0,21,6,1,18,1,0,0,0.777145961456971,-0.6293203910498373,-0.4999999999999999,14.1,109
2026-01-18 22:00:00,70.34787189242026,0.3,13.7,130,0.0,93,0.0,0.0,0,22,6,1,18,1,0,0,0.766044443118978,-0.6427876096865394,-0.7,14.7,109
2026-01-18 23:00:00,69.02515401035305,-0.1,13.1,128,0.0,91,0.0,0.0,0,23,6,1,18,1,0,0,0.788010753606722,-0.6156614753256583,-1.2000000000000002,15.1,109
2026-01-19 00:00:00,69.04988632828587,-0.4,13.2,130,0.0,91,0.0,0.0,0,0,0,1,19,0,0,0,0.766044443118978,-0.6427876096865394,-1.3,15.4,110
2026-01-19 01:00:00,68.650927477052,-0.6,13.9,132,0.0,90,0.0,0.0,0,1,0,1,19,0,0,0,0.7431448254773942,-0.6691306063588582,-0.8999999999999999,15.6,110
2026-01-19 02:00:00,69.9317039799848,-0.6,14.8,124,0.0,90,0.0,0.0,0,2,0,1,19,0,0,0,0.8290375725550417,-0.5591929034707467,-0.5,15.6,110
2026-01-19 03:00:00,71.70527607875094,-0.8,15.0,123,0.0,90,0.0,0.0,0,3,0,1,19,0,0,0,0.838670567945424,-0.5446390350150272,-0.4,15.8,110
2026-01-19 04:00:00,76.3027574983504,-0.8,15.5,125,0.0,89,0.0,0.0,0,4,0,1,19,0,0,0,0.8191520442889917,-0.5735764363510462,-0.20000000000000007,15.8,110
2026-01-19 05:00:00,84.90402595044986,-1.0,15.0,127,0.0,88,0.0,0.0,0,5,0,1,19,0,0,0,0.7986355100472927,-0.6018150231520484,-0.4,16.0,110
2026-01-19 06:00:00,88.98823561088267,-1.4,13.5,131,0.0,88,0.0,0.0,0,6,0,1,19,0,0,0,0.7547095802227721,-0.6560590289905072,-0.5999999999999999,16.4,110
2026-01-19 07:00:00,90.74855081298212,-1.8,12.3,134,0.0,88,0.0,0.0,0,7,0,1,19,0,0,0,0.7193398003386511,-0.6946583704589974,-1.0,16.8,110
2026-01-19 08:00:00,90.86119682424824,-1.6,12.6,127,0.0,86,0.0,0.0,0,8,0,1,19,0,0,0,0.7986355100472927,-0.6018150231520484,-0.6000000000000001,16.6,110
2026-01-19 09:00:00,86.90249947551439,-1.8,13.0,127,0.0,85,0.0,0.0,0,9,0,1,19,0,0,0,0.7986355100472927,-0.6018150231520484,-0.40000000000000013,16.8,110
2026-01-19 10:00:00,80.75204261678054,-1.8,13.6,125,3.0,83,0.0,0.0,0,10,0,1,19,0,0,0,0.8191520442889917,-0.5735764363510462,0.0,16.8,110
2026-01-19 11:00:00,77.34783761221334,-0.7,13.9,126,65.0,78,0.0,0.0,0,11,0,1,19,0,0,0,0.8090169943749475,-0.587785252292473,0.9000000000000001,15.7,110
2026-01-19 12:00:00,73.73699592847949,0.4,12.1,123,152.0,73,0.0,0.0,0,12,0,1,19,0,0,0,0.838670567945424,-0.5446390350150272,2.2,14.6,110
2026-01-19 13:00:00,73.63762852974563,1.2,12.7,125,213.0,68,0.0,0.0,0,13,0,1,19,0,0,0,0.8191520442889917,-0.5735764363510462,3.0,13.8,110
2026-01-19 14:00:00,75.40101321351176,2.0,12.6,110,235.0,68,0.0,0.0,0,14,0,1,19,0,0,0,0.9396926207859084,-0.3420201433256687,2.7,13.0,110
2026-01-19 15:00:00,78.40549415394455,2.2,12.3,108,214.0,67,0.0,0.0,0,15,0,1,19,0,0,0,0.9510565162951536,-0.30901699437494734,1.8000000000000003,12.8,110
2026-01-19 16:00:00,83.80533367937734,1.8,12.3,102,156.0,71,0.0,0.0,0,16,0,1,19,0,0,0,0.9781476007338057,-0.20791169081775934,0.6000000000000001,13.2,110
2026-01-19 17:00:00,87.83109712731016,0.6,12.1,108,72.0,77,0.0,0.0,0,17,0,1,19,0,0,0,0.9510565162951536,-0.30901699437494734,-1.4,14.4,110
2026-01-19 18:00:00,86.68264991440962,-0.4,11.4,116,6.0,82,0.0,0.0,0,18,0,1,19,0,0,0,0.8987940462991669,-0.4383711467890775,-2.6,15.4,110
2026-01-19 19:00:00,85.75738223234242,-0.8,11.5,120,0.0,83,0.0,0.0,0,19,0,1,19,0,0,0,0.8660254037844387,-0.49999999999999983,-2.6,15.8,110
2026-01-19 20:00:00,82.38916127027521,-0.3,12.8,125,0.0,79,0.0,0.0,0,20,0,1,19,0,0,0,0.8191520442889917,-0.5735764363510462,-0.8999999999999999,15.3,110
2026-01-19 21:00:00,79.68833475070802,-0.6,11.5,135,0.0,77,0.0,0.0,0,21,0,1,19,0,0,0,0.7071067811865476,-0.7071067811865475,-0.19999999999999996,15.6,110
2026-01-19 22:00:00,75.83672178947415,-1.0,10.2,143,0.0,77,0.0,0.0,0,22,0,1,19,0,0,0,0.6018150231520482,-0.7986355100472929,-0.19999999999999996,16.0,110
2026-01-19 23:00:00,73.50543226324031,-1.3,9.6,139,0.0,77,0.0,0.0,0,23,0,1,19,0,0,0,0.6560590289905073,-0.754709580222772,-1.0,16.3,110
2026-01-20 00:00:00,73.33047209617311,-1.6,9.1,144,0.0,79,0.0,0.0,0,0,1,1,20,0,0,0,0.5877852522924732,-0.8090169943749473,-1.0,16.6,111
2026-01-20 01:00:00,73.98177943493924,-2.0,8.4,145,0.0,82,0.0,0.0,0,1,1,1,20,0,0,0,0.5735764363510459,-0.8191520442889919,-1.0,17.0,111
2026-01-20 02:00:00,75.09942839953871,-2.5,8.2,139,0.0,85,0.0,0.0,0,2,1,1,20,0,0,0,0.6560590289905073,-0.754709580222772,-1.2,17.5,111
2026-01-20 03:00:00,76.53535646247151,-2.7,7.6,158,0.0,86,0.0,0.0,4,3,1,1,20,0,0,0,0.37460659341591224,-0.9271838545667873,-1.1,17.7,111
2026-01-20 04:00:00,80.2087352679043,-2.8,6.9,163,0.0,87,0.0,0.0,5,4,1,1,20,0,0,0,0.2923717047227366,-0.9563047559630355,-0.7999999999999998,17.8,111
2026-01-20 05:00:00,88.18575127500375,-3.2,4.8,153,0.0,88,0.0,0.0,3,5,1,1,20,0,0,0,0.45399049973954686,-0.8910065241883678,-0.7000000000000002,18.2,111
2026-01-20 06:00:00,92.88780990543655,-2.9,5.7,162,0.0,88,0.0,0.0,0,6,1,1,20,0,0,0,0.3090169943749475,-0.9510565162951535,-0.19999999999999973,17.9,111
2026-01-20 07:00:00,94.78953822086936,-3.2,4.5,157,0.0,89,0.0,0.0,0,7,1,1,20,0,0,0,0.39073112848927377,-0.9205048534524404,-0.40000000000000036,18.2,111
2026-01-20 08:00:00,94.98770794713552,-3.1,6.5,136,0.0,87,0.0,0.0,0,8,1,1,20,0,0,0,0.6946583704589971,-0.7193398003386513,0.10000000000000009,18.1,111
2026-01-20 09:00:00,90.80925919006832,-3.5,4.9,129,0.0,88,0.0,0.0,0,9,1,1,20,0,0,0,0.777145961456971,-0.6293203910498373,-0.6000000000000001,18.5,111
2026-01-20 10:00:00,84.91045680383445,-3.1,6.1,120,4.0,86,0.0,0.0,0,10,1,1,20,0,0,0,0.8660254037844387,-0.49999999999999983,0.10000000000000009,18.1,111
2026-01-20 11:00:00,79.11006818676726,-1.5,7.1,109,62.0,77,0.0,0.0,0,11,1,1,20,0,0,0,0.9455185755993168,-0.32556815445715664,1.6,16.5,111
2026-01-20 12:00:00,76.12205319303338,0.4,5.5,99,143.0,67,0.0,0.0,0,12,1,1,20,0,0,0,0.9876883405951378,-0.1564344650402308,3.9,14.6,111
2026-01-20 13:00:00,75.36761600846619,2.0,5.5,113,202.0,60,0.0,0.0,0,13,1,1,20,0,0,0,0.9205048534524403,-0.39073112848927377,5.1,13.0,111
2026-01-20 14:00:00,78.087897766399,3.0,5.8,95,224.0,63,0.0,0.0,0,14,1,1,20,0,0,0,0.9961946980917455,-0.08715574274765824,4.5,12.0,111
2026-01-20 15:00:00,83.21252249683178,3.3,7.9,79,206.0,63,0.0,0.0,0,15,1,1,20,0,0,0,0.981627183447664,0.19080899537654492,2.9,11.7,111
2026-01-20 16:00:00,87.53472903393126,2.6,7.9,74,152.0,71,0.0,0.0,30,16,1,1,20,0,0,0,0.9612616959383189,0.27563735581699916,0.6000000000000001,12.4,111
2026-01-20 17:00:00,87.48449406353072,0.8,10.4,76,72.0,87,0.0,0.0,6,17,1,1,20,0,0,0,0.9702957262759965,0.24192189559966767,-2.2,14.2,111
2026-01-20 18:00:00,87.13558408979686,-0.3,12.0,81,7.0,95,0.0,0.0,2,18,1,1,20,0,0,0,0.9876883405951378,0.15643446504023092,-3.5999999999999996,15.3,111
2026-01-20 19:00:00,86.36136278522964,-0.4,12.1,88,0.0,96,0.0,0.0,16,19,1,1,20,0,0,0,0.9993908270190958,0.03489949670250108,-3.0,15.4,111
2026-01-20 20:00:00,83.06133559566247,0.2,14.2,93,0.0,95,0.0,0.0,0,20,1,1,20,0,0,0,0.9986295347545738,-0.05233595624294384,-0.6000000000000001,14.8,111
2026-01-20 21:00:00,79.08467421609527,0.3,14.5,96,0.0,95,0.0,0.0,0,21,1,1,20,0,0,0,0.9945218953682733,-0.10452846326765355,0.6,14.7,111
2026-01-20 22:00:00,74.85025352652809,0.1,13.9,100,0.0,95,0.0,0.0,0,22,1,1,20,0,0,0,0.984807753012208,-0.1736481776669303,0.5,14.9,111
2026-01-20 23:00:00,72.81084266529423,-0.2,13.1,102,0.0,95,0.0,0.0,0,23,1,1,20,0,0,0,0.9781476007338057,-0.20791169081775934,-0.4,15.2,111
2026-01-21 00:00:00,72.97244622572701,-0.4,11.9,100,0.0,95,0.0,0.0,6,0,2,1,21,0,0,0,0.984807753012208,-0.1736481776669303,-0.7,15.4,112
2026-01-21 01:00:00,72.76722406449316,-0.6,10.5,94,0.0,96,0.0,0.0,0,1,2,1,21,0,0,0,0.9975640502598242,-0.06975647374412533,-0.7,15.6,112
2026-01-21 02:00:00,73.6053546682593,-0.4,13.4,85,0.0,96,0.0,0.0,28,2,2,1,21,0,0,0,0.9961946980917455,0.08715574274765814,-0.2,15.4,112
2026-01-21 03:00:00,74.82349311535876,-0.6,15.3,82,0.0,96,0.0,0.0,46,3,2,1,21,0,0,0,0.9902680687415704,0.13917310096006547,-0.19999999999999996,15.6,112
2026-01-21 04:00:00,78.66743378995822,-0.7,17.4,79,0.0,96,0.0,0.0,75,4,2,1,21,0,0,0,0.981627183447664,0.19080899537654492,-0.09999999999999998,15.7,112
2026-01-21 05:00:00,85.71458901122433,-0.9,19.0,80,0.0,94,0.0,0.0,82,5,2,1,21,0,0,0,0.984807753012208,0.17364817766693041,-0.5,15.9,112
2026-01-21 06:00:00,90.31799833582384,-1.1,18.1,84,0.0,93,0.0,0.0,24,6,2,1,21,0,0,0,0.9945218953682733,0.10452846326765346,-0.5000000000000001,16.1,112
2026-01-21 07:00:00,91.92048038125662,-1.3,17.5,89,0.0,92,0.0,0.0,100,7,2,1,21,0,0,0,0.9998476951563913,0.0174524064372836,-0.6000000000000001,16.3,112
2026-01-21 08:00:00,91.96556716752276,-1.1,19.3,90,0.0,91,0.0,0.0,97,8,2,1,21,0,0,0,1.0,6.123233995736766e-17,-0.20000000000000007,16.1,112
2026-01-21 09:00:00,87.86547661295553,-1.2,19.1,91,0.0,92,0.0,0.0,37,9,2,1,21,0,0,0,0.9998476951563913,-0.017452406437283477,-0.09999999999999987,16.2,112
2026-01-21 10:00:00,83.48867569422168,-1.3,19.1,89,5.0,93,0.0,0.0,42,10,2,1,21,0,0,0,0.9998476951563913,0.0174524064372836,0.0,16.3,112
2026-01-21 11:00:00,80.96886728215449,-0.6,19.8,89,68.0,91,0.0,0.0,28,11,2,1,21,0,0,0,0.9998476951563913,0.0174524064372836,0.5000000000000001,15.6,112
2026-01-21 12:00:00,80.9873641800873,0.2,23.0,90,153.0,85,0.0,0.0,45,12,2,1,21,0,0,0,1.0,6.123233995736766e-17,1.4,14.8,112
2026-01-21 13:00:00,82.37253619052011,0.4,21.4,89,199.0,81,0.0,0.0,63,13,2,1,21,0,0,0,0.9998476951563913,0.0174524064372836,1.7000000000000002,14.6,112
2026-01-21 14:00:00,85.89241191845288,0.3,21.7,84,219.0,78,0.0,0.0,86,14,2,1,21,0,0,0,0.9945218953682733,0.10452846326765346,0.8999999999999999,14.7,112
2026-01-21 15:00:00,88.87288128638569,0.2,22.0,81,185.0,76,0.0,0.0,41,15,2,1,21,0,0,0,0.9876883405951378,0.15643446504023092,0.0,14.8,112
2026-01-21 16:00:00,91.37433555848516,0.2,21.8,81,162.0,75,0.0,0.0,84,16,2,1,21,0,0,0,0.9876883405951378,0.15643446504023092,-0.2,14.8,112
2026-01-21 17:00:00,91.72414694808464,-0.4,21.3,82,79.0,79,0.0,0.0,95,17,2,1,21,0,0,0,0.9902680687415704,0.13917310096006547,-0.7,15.4,112
2026-01-21 18:00:00,90.84272581518412,-0.9,22.9,83,8.0,83,0.0,0.0,100,18,2,1,21,0,0,0,0.992546151641322,0.12186934340514749,-1.1,15.9,112
2026-01-21 19:00:00,89.0406562681169,-0.6,23.9,84,0.0,82,0.0,0.0,99,19,2,1,21,0,0,0,0.9945218953682733,0.10452846326765346,-0.8,15.6,112
2026-01-21 20:00:00,85.44234439854972,-0.1,24.3,84,0.0,80,0.0,0.0,91,20,2,1,21,0,0,0,0.9945218953682733,0.10452846326765346,0.30000000000000004,15.1,112
2026-01-21 21:00:00,80.19311607981585,0.1,24.0,87,0.0,77,0.0,0.0,91,21,2,1,21,0,0,0,0.9986295347545738,0.052335956242943966,1.0,14.9,112
2026-01-21 22:00:00,74.86677006858199,-0.1,22.6,86,0.0,84,0.0,0.0,96,22,2,1,21,0,0,0,0.9975640502598242,0.06975647374412523,0.5,15.1,112
2026-01-21 23:00:00,73.26648332318146,0.1,22.1,84,0.0,85,0.0,0.0,100,23,2,1,21,0,0,0,0.9945218953682733,0.10452846326765346,0.2,14.9,112
2026-01-22 00:00:00,73.21722107361427,0.8,23.0,83,0.0,82,0.0,0.0,100,0,3,1,22,0,0,0,0.992546151641322,0.12186934340514749,0.7000000000000001,14.2,113
2026-01-22 01:00:00,73.04050090488039,1.0,22.2,82,0.0,79,0.0,0.0,100,1,3,1,22,0,0,0,0.9902680687415704,0.13917310096006547,1.1,14.0,113
2026-01-22 02:00:00,74.34928585197986,1.0,22.7,83,0.0,75,0.0,0.0,100,2,3,1,22,0,0,0,0.992546151641322,0.12186934340514749,0.9,14.0,113
2026-01-22 03:00:00,75.64625067741265,1.0,22.4,84,0.0,72,0.0,0.0,100,3,3,1,22,0,0,0,0.9945218953682733,0.10452846326765346,0.19999999999999996,14.0,113
2026-01-22 04:00:00,78.54531908784546,0.9,22.9,87,0.0,77,0.0,0.0,100,4,3,1,22,0,0,0,0.9986295347545738,0.052335956242943966,-0.09999999999999998,14.1,113
2026-01-22 05:00:00,84.5793540591116,0.8,24.7,89,0.0,75,0.0,0.0,100,5,3,1,22,0,0,0,0.9998476951563913,0.0174524064372836,-0.19999999999999996,14.2,113
2026-01-22 06:00:00,89.18195658037773,0.8,25.6,94,0.0,70,0.0,0.0,100,6,3,1,22,0,0,0,0.9975640502598242,-0.06975647374412533,-0.19999999999999996,14.2,113
2026-01-22 07:00:00,90.92099422581052,1.0,22.5,88,0.0,74,0.0,0.0,100,7,3,1,22,0,0,0,0.9993908270190958,0.03489949670250108,0.09999999999999998,14.0,113
2026-01-22 08:00:00,91.94634127291,0.3,21.3,77,0.0,86,0.0,0.0,98,8,3,1,22,0,0,0,0.9743700647852352,0.22495105434386492,-0.5,14.7,113
2026-01-22 09:00:00,91.02204837000946,0.1,25.5,79,0.0,86,0.0,0.0,100,9,3,1,22,0,0,0,0.981627183447664,0.19080899537654492,-0.7000000000000001,14.9,113
2026-01-22 10:00:00,91.02055832294226,-0.1,27.4,79,2.0,83,0.0,0.0,100,10,3,1,22,0,0,0,0.981627183447664,0.19080899537654492,-1.1,15.1,113
2026-01-22 11:00:00,90.81958738754172,-0.1,27.9,79,18.0,78,0.0,0.0,100,11,3,1,22,0,0,0,0.981627183447664,0.19080899537654492,-0.4,15.1,113
2026-01-22 12:00:00,90.99637113547452,-0.4,25.5,76,39.0,83,0.0,0.0,100,12,3,1,22,0,0,0,0.9702957262759965,0.24192189559966767,-0.5,15.4,113
2026-01-22 13:00:00,90.04969887090733,-0.2,30.2,78,49.0,82,0.0,0.0,100,13,3,1,22,0,0,0,0.9781476007338056,0.20791169081775945,-0.1,15.2,113
2026-01-22 14:00:00,90.5234153855068,-0.2,26.1,75,56.0,84,0.0,0.0,100,14,3,1,22,0,0,0,0.9659258262890683,0.25881904510252074,-0.1,15.2,113
2026-01-22 15:00:00,90.8978463634396,0.4,27.1,80,77.0,82,0.14,0.0,100,15,3,1,22,0,0,0,0.984807753012208,0.17364817766693041,0.8,14.6,113
2026-01-22 16:00:00,91.42236548553907,0.6,22.3,83,37.0,79,0.07,0.0,100,16,3,1,22,0,0,0,0.992546151641322,0.12186934340514749,0.8,14.4,113
2026-01-22 17:00:00,92.38091489597188,0.7,23.5,86,25.0,68,0.0,0.0,100,17,3,1,22,0,0,0,0.9975640502598242,0.06975647374412523,0.8999999999999999,14.3,113
2026-01-22 18:00:00,91.45666713390467,0.5,22.6,85,4.0,67,0.0,0.0,100,18,3,1,22,0,0,0,0.9961946980917455,0.08715574274765814,0.09999999999999998,14.5,113
2026-01-22 19:00:00,90.15310415517082,0.4,23.2,88,0.0,73,0.0,0.0,95,19,3,1,22,0,0,0,0.9993908270190958,0.03489949670250108,-0.19999999999999996,14.6,113
2026-01-22 20:00:00,85.72353864143695,0.7,23.5,85,0.0,73,0.0,0.0,100,20,3,1,22,0,0,0,0.9961946980917455,0.08715574274765814,0.0,14.3,113
2026-01-22 21:00:00,81.37075630936975,0.6,24.9,86,0.0,75,0.0,0.0,100,21,3,1,22,0,0,0,0.9975640502598242,0.06975647374412523,0.09999999999999998,14.4,113
2026-01-22 22:00:00,76.42404469896923,0.8,24.7,90,0.0,75,0.0,0.0,100,22,3,1,22,0,0,0,1.0,6.123233995736766e-17,0.4,14.2,113
2026-01-22 23:00:00,74.0481147085687,0.9,25.6,93,0.0,79,0.0,0.0,100,23,3,1,22,0,0,0,0.9986295347545738,-0.05233595624294384,0.20000000000000007,14.1,113
2026-01-23 00:00:00,74.59748399983484,1.0,24.5,92,0.0,82,0.0,0.0,100,0,4,1,23,0,0,0,0.9993908270190958,-0.034899496702500955,0.4,14.0,114
2026-01-23 01:00:00,75.79727258943429,0.9,24.2,102,0.0,79,0.0,0.0,99,1,4,1,23,0,0,0,0.9781476007338057,-0.20791169081775934,0.09999999999999998,14.1,114
2026-01-23 02:00:00,76.5551233223671,0.3,24.3,104,0.0,78,0.0,0.0,100,2,4,1,23,0,0,0,0.9702957262759965,-0.24192189559966779,-0.6000000000000001,14.7,114
2026-01-23 03:00:00,77.1770943227999,-0.2,24.3,100,0.0,82,0.0,0.0,100,3,4,1,23,0,0,0,0.984807753012208,-0.1736481776669303,-1.2,15.2,114
2026-01-23 04:00:00,81.37493709073269,0.0,24.8,95,0.0,86,0.0,0.0,77,4,4,1,23,0,0,0,0.9961946980917455,-0.08715574274765824,-0.9,15.0,114
2026-01-23 05:00:00,88.97695431699884,-0.1,26.1,93,0.0,85,0.0,0.0,98,5,4,1,23,0,0,0,0.9986295347545738,-0.05233595624294384,-0.4,15.1,114
2026-01-23 06:00:00,93.80693034993163,-0.2,26.4,95,0.0,81,0.0,0.0,98,6,4,1,23,0,0,0,0.9961946980917455,-0.08715574274765824,0.0,15.2,114
2026-01-23 07:00:00,95.58363998203112,-1.1,25.2,97,0.0,83,0.0,0.0,100,7,4,1,23,0,0,0,0.9925461516413221,-0.12186934340514737,-1.1,16.1,114
2026-01-23 08:00:00,96.41175536079724,-1.4,24.8,96,0.0,84,0.0,0.0,100,8,4,1,23,0,0,0,0.9945218953682733,-0.10452846326765355,-1.2999999999999998,16.4,114
2026-01-23 09:00:00,95.43287777373004,-1.6,24.9,95,0.0,83,0.0,0.0,100,9,4,1,23,0,0,0,0.9961946980917455,-0.08715574274765824,-1.4000000000000001,16.6,114
2026-01-23 10:00:00,94.32808877249616,-1.8,24.8,95,4.0,83,0.0,0.0,99,10,4,1,23,0,0,0,0.9961946980917455,-0.08715574274765824,-0.7,16.8,114
2026-01-23 11:00:00,93.37600847459564,-1.1,28.6,99,51.0,79,0.0,0.0,98,11,4,1,23,0,0,0,0.9876883405951378,-0.1564344650402308,0.2999999999999998,16.1,114
2026-01-23 12:00:00,94.27574658752846,-0.8,29.8,102,114.0,77,0.0,0.0,99,12,4,1,23,0,0,0,0.9781476007338057,-0.20791169081775934,0.8,15.8,114
2026-01-23 13:00:00,95.88304221962792,-0.6,29.4,100,160.0,77,0.0,0.0,99,13,4,1,23,0,0,0,0.984807753012208,-0.1736481776669303,1.2000000000000002,15.6,114
2026-01-23 14:00:00,94.03019248506074,-1.2,29.1,94,136.0,83,0.0,0.0,100,14,4,1,23,0,0,0,0.9975640502598242,-0.06975647374412533,-0.09999999999999987,16.2,114
2026-01-23 15:00:00,93.5797029146602,-1.5,29.2,94,85.0,85,0.0,0.0,100,15,4,1,23,0,0,0,0.9975640502598242,-0.06975647374412533,-0.7,16.5,114
2026-01-23 16:00:00,98.75838910092632,-2.0,29.8,94,61.0,85,0.0,0.0,100,16,4,1,23,0,0,0,0.9975640502598242,-0.06975647374412533,-1.4,17.0,114
2026-01-23 17:00:00,98.08296990969248,-2.3,31.5,96,30.0,84,0.0,0.0,100,17,4,1,23,0,0,0,0.9945218953682733,-0.10452846326765355,-1.0999999999999999,17.3,114
2026-01-23 18:00:00,96.27963415512524,-2.2,31.8,96,4.0,83,0.0,0.0,100,18,4,1,23,0,0,0,0.9945218953682733,-0.10452846326765355,-0.7000000000000002,17.2,114
2026-01-23 19:00:00,94.50656277805804,-2.7,31.8,96,0.0,89,0.0,0.0,100,19,4,1,23,0,0,0,0.9945218953682733,-0.10452846326765355,-0.7000000000000002,17.7,114
2026-01-23 20:00:00,91.4821461218242,-2.3,33.3,97,0.0,86,0.0,0.0,100,20,4,1,23,0,0,0,0.9925461516413221,-0.12186934340514737,0.0,17.3,114
2026-01-23 21:00:00,87.71153014642367,-2.3,30.8,99,0.0,87,0.0,0.0,100,21,4,1,23,0,0,0,0.9876883405951378,-0.1564344650402308,-0.09999999999999964,17.3,114
2026-01-23 22:00:00,83.83878161102314,-2.3,30.9,100,0.0,86,0.0,0.0,100,22,4,1,23,0,0,0,0.984807753012208,-0.1736481776669303,0.40000000000000036,17.3,114
2026-01-23 23:00:00,80.81037303895594,-2.2,30.8,99,0.0,86,0.0,0.0,100,23,4,1,23,0,0,0,0.9876883405951378,-0.1564344650402308,0.09999999999999964,17.2,114
2026-01-24 00:00:00,79.4059801560554,-1.6,28.5,100,0.0,84,0.0,0.0,100,0,5,1,24,1,0,0,0.984807753012208,-0.1736481776669303,0.6999999999999997,16.6,115
2026-01-24 01:00:00,78.8795161864882,-1.1,24.9,98,0.0,84,0.0,0.0,100,1,5,1,24,1,0,0,0.9902680687415704,-0.13917310096006535,1.1999999999999997,16.1,115
2026-01-24 02:00:00,78.63604230275433,-0.9,24.4,94,0.0,86,0.0,0.0,100,2,5,1,24,1,0,0,0.9975640502598242,-0.06975647374412533,1.3000000000000003,15.9,115
2026-01-24 03:00:00,79.48307125318715,-0.8,23.9,96,0.0,87,0.0,0.0,100,3,5,1,24,1,0,0,0.9945218953682733,-0.10452846326765355,0.8,15.8,115
2026-01-24 04:00:00,81.6302719952866,-0.6,24.2,95,0.0,87,0.0,0.0,100,4,5,1,24,1,0,0,0.9961946980917455,-0.08715574274765824,0.5000000000000001,15.6,115
2026-01-24 05:00:00,84.10736829321941,-0.4,23.0,96,0.0,87,0.0,0.0,100,5,5,1,24,1,0,0,0.9945218953682733,-0.10452846326765355,0.5,15.4,115
2026-01-24 06:00:00,87.65863880365221,-0.3,23.2,96,0.0,87,0.0,0.0,100,6,5,1,24,1,0,0,0.9945218953682733,-0.10452846326765355,0.5,15.3,115
2026-01-24 07:00:00,91.98335747325169,-0.2,23.8,98,0.0,87,0.0,0.0,100,7,5,1,24,1,0,0,0.9902680687415704,-0.13917310096006535,0.39999999999999997,15.2,115
2026-01-24 08:00:00,95.85885930701782,-0.2,22.6,100,0.0,88,0.0,0.0,100,8,5,1,24,1,0,0,0.984807753012208,-0.1736481776669303,0.2,15.2,115
2026-01-24 09:00:00,96.7101198266173,-0.3,21.7,104,0.0,89,0.0,0.0,100,9,5,1,24,1,0,0,0.9702957262759965,-0.24192189559966779,0.0,15.3,115
2026-01-24 10:00:00,98.23497673705008,-0.2,21.7,104,1.0,84,0.0,0.0,100,10,5,1,24,1,0,0,0.9702957262759965,-0.24192189559966779,0.0,15.2,115
2026-01-24 11:00:00,100.11508185914956,-0.1,23.5,101,20.0,80,0.0,0.0,100,11,5,1,24,1,0,0,0.981627183447664,-0.1908089953765448,0.1,15.1,115
2026-01-24 12:00:00,97.74929731458238,-0.3,25.2,100,49.0,81,0.0,0.0,100,12,5,1,24,1,0,0,0.984807753012208,-0.1736481776669303,0.0,15.3,115
2026-01-24 13:00:00,98.02155844501516,-0.9,23.4,102,41.0,81,0.0,0.0,100,13,5,1,24,1,0,0,0.9781476007338057,-0.20791169081775934,-0.7,15.9,115
2026-01-24 14:00:00,97.21268145128128,-0.6,24.4,104,58.0,78,0.0,0.0,100,14,5,1,24,1,0,0,0.9702957262759965,-0.24192189559966779,-0.5,15.6,115
2026-01-24 15:00:00,96.98463796421407,-0.6,22.9,101,78.0,81,0.0,0.0,100,15,5,1,24,1,0,0,0.981627183447664,-0.1908089953765448,-0.3,15.6,115
2026-01-24 16:00:00,97.15997296214692,-0.6,22.7,102,59.0,83,0.0,0.0,100,16,5,1,24,1,0,0,0.9781476007338057,-0.20791169081775934,0.30000000000000004,15.6,115
2026-01-24 17:00:00,96.7366524000797,-0.8,20.7,100,17.0,85,0.0,0.0,100,17,5,1,24,1,0,0,0.984807753012208,-0.1736481776669303,-0.20000000000000007,15.8,115
2026-01-24 18:00:00,94.9352286155125,-0.8,19.8,100,3.0,86,0.0,0.0,100,18,5,1,24,1,0,0,0.984807753012208,-0.1736481776669303,-0.20000000000000007,15.8,115
2026-01-24 19:00:00,93.25990999761198,-0.6,19.5,102,0.0,86,0.0,0.0,100,19,5,1,24,1,0,0,0.9781476007338057,-0.20791169081775934,0.0,15.6,115
2026-01-24 20:00:00,90.76138081554478,-0.5,19.2,97,0.0,88,0.0,0.0,100,20,5,1,24,1,0,0,0.9925461516413221,-0.12186934340514737,0.30000000000000004,15.5,115
2026-01-24 21:00:00,85.96056093014424,-0.3,19.1,98,0.0,90,0.0,0.0,100,21,5,1,24,1,0,0,0.9902680687415704,-0.13917310096006535,0.5,15.3,115
2026-01-24 22:00:00,82.06109295807704,-0.2,19.2,105,0.0,89,0.07,0.0,100,22,5,1,24,1,0,0,0.9659258262890683,-0.25881904510252085,0.39999999999999997,15.2,115
2026-01-24 23:00:00,79.43491004600983,-0.4,18.0,109,0.0,87,0.0,0.0,100,23,5,1,24,1,0,0,0.9455185755993168,-0.32556815445715664,0.09999999999999998,15.4,115
2026-01-25 00:00:00,77.83316379977599,-0.6,17.3,106,0.0,86,0.0,0.0,100,0,6,1,25,1,0,0,0.9612616959383189,-0.27563735581699905,-0.3,15.6,116
2026-01-25 01:00:00,78.08397398770877,-0.6,16.7,108,0.0,86,0.0,0.0,100,1,6,1,25,1,0,0,0.9510565162951536,-0.30901699437494734,-0.39999999999999997,15.6,116
2026-01-25 02:00:00,77.82013694314159,-0.8,16.1,103,0.0,90,0.07,0.0,100,2,6,1,25,1,0,0,0.9743700647852352,-0.22495105434386503,-0.4,15.8,116
2026-01-25 03:00:00,79.12400399357438,-0.8,16.3,103,0.0,88,0.07,0.0,100,3,6,1,25,1,0,0,0.9743700647852352,-0.22495105434386503,-0.20000000000000007,15.8,116
2026-01-25 04:00:00,81.33609741650719,-0.8,17.1,104,0.0,87,0.0,0.0,100,4,6,1,25,1,0,0,0.9702957262759965,-0.24192189559966779,-0.20000000000000007,15.8,116
2026-01-25 05:00:00,83.88594937110665,-1.0,16.1,106,0.0,87,0.0,0.0,100,5,6,1,25,1,0,0,0.9612616959383189,-0.27563735581699905,-0.19999999999999996,16.0,116
2026-01-25 06:00:00,87.08835364320613,-0.9,16.3,108,0.0,85,0.0,0.0,100,6,6,1,25,1,0,0,0.9510565162951536,-0.30901699437494734,-0.09999999999999998,15.9,116
2026-01-25 07:00:00,91.44155678613892,-0.9,16.1,112,0.0,85,0.0,0.0,100,7,6,1,25,1,0,0,0.9271838545667874,-0.37460659341591207,-0.09999999999999998,15.9,116
2026-01-25 08:00:00,96.1175010982384,-0.8,15.9,106,0.0,86,0.0,0.0,100,8,6,1,25,1,0,0,0.9612616959383189,-0.27563735581699905,0.19999999999999996,15.8,116
2026-01-25 09:00:00,97.74219574867118,-0.9,16.5,104,0.0,87,0.0,0.0,100,9,6,1,25,1,0,0,0.9702957262759965,-0.24192189559966779,0.0,15.9,116
2026-01-25 10:00:00,97.84128108493734,-0.8,16.8,99,2.0,87,0.0,0.0,100,10,6,1,25,1,0,0,0.9876883405951378,-0.1564344650402308,0.09999999999999998,15.8,116
2026-01-25 11:00:00,97.10003911037012,-0.6,19.5,99,24.0,84,0.0,0.0,100,11,6,1,25,1,0,0,0.9876883405951378,-0.1564344650402308,0.20000000000000007,15.6,116
2026-01-25 12:00:00,96.74249748913628,-0.3,20.5,101,53.0,83,0.0,0.0,100,12,6,1,25,1,0,0,0.981627183447664,-0.1908089953765448,0.6000000000000001,15.3,116
2026-01-25 13:00:00,95.74237590123576,-0.3,21.0,99,64.0,83,0.0,0.0,100,13,6,1,25,1,0,0,0.9876883405951378,-0.1564344650402308,0.5,15.3,116
2026-01-25 14:00:00,95.51880493500188,-0.5,22.3,90,79.0,84,0.0,0.0,100,14,6,1,25,1,0,0,1.0,6.123233995736766e-17,0.09999999999999998,15.5,116
2026-01-25 15:00:00,95.11829218460134,-0.5,22.3,91,69.0,82,0.0,0.0,100,15,6,1,25,1,0,0,0.9998476951563913,-0.017452406437283477,-0.2,15.5,116
2026-01-25 16:00:00,95.79469346253413,-0.3,22.9,91,53.0,82,0.0,0.0,100,16,6,1,25,1,0,0,0.9998476951563913,-0.017452406437283477,0.0,15.3,116
2026-01-25 17:00:00,95.94774631546692,-0.2,22.0,89,27.0,84,0.0,0.0,100,17,6,1,25,1,0,0,0.9998476951563913,0.0174524064372836,0.3,15.2,116
2026-01-25 18:00:00,94.60605233589972,-0.3,19.7,84,4.0,86,0.0,0.0,100,18,6,1,25,1,0,0,0.9945218953682733,0.10452846326765346,0.2,15.3,116
2026-01-25 19:00:00,91.75643285466587,-0.2,20.5,87,0.0,86,0.0,0.0,100,19,6,1,25,1,0,0,0.9986295347545738,0.052335956242943966,0.09999999999999998,15.2,116
2026-01-25 20:00:00,88.026510948432,-0.4,19.8,80,0.0,89,0.0,0.0,100,20,6,1,25,1,0,0,0.984807753012208,0.17364817766693041,-0.2,15.4,116
2026-01-25 21:00:00,82.7668160205315,-0.2,21.0,80,0.0,90,0.0,0.0,100,21,6,1,25,1,0,0,0.984807753012208,0.17364817766693041,0.09999999999999998,15.2,116
2026-01-25 22:00:00,78.99349461929762,0.2,21.9,80,0.0,92,0.0,0.0,100,22,6,1,25,1,0,0,0.984807753012208,0.17364817766693041,0.4,14.8,116
2026-01-25 23:00:00,76.29318095723043,0.6,22.5,78,0.0,93,0.0,0.0,100,23,6,1,25,1,0,0,0.9781476007338056,0.20791169081775945,1.0,14.4,116
2026-01-26 00:00:00,75.79340295266324,0.8,23.4,77,0.0,90,0.0,0.0,100,0,0,1,26,0,0,0,0.9743700647852352,0.22495105434386492,1.0,14.2,117
2026-01-26 01:00:00,75.86891096142936,0.7,25.2,69,0.0,89,0.0,0.0,100,1,0,1,26,0,0,0,0.9335804264972017,0.3583679495453004,0.49999999999999994,14.3,117
2026-01-26 02:00:00,78.00019742436217,0.6,23.8,62,0.0,89,0.0,0.0,100,2,0,1,26,0,0,0,0.8829475928589269,0.46947156278589086,0.0,14.4,117
2026-01-26 03:00:00,78.5465963981283,0.3,24.1,57,0.0,88,0.0,0.0,100,3,0,1,26,0,0,0,0.838670567945424,0.5446390350150271,-0.5,14.7,117
2026-01-26 04:00:00,82.4211689735611,0.2,23.7,55,0.0,84,0.0,0.0,100,4,0,1,26,0,0,0,0.8191520442889918,0.573576436351046,-0.49999999999999994,14.8,117
2026-01-26 05:00:00,89.92153378566056,-0.1,23.8,51,0.0,83,0.0,0.0,100,5,0,1,26,0,0,0,0.7771459614569709,0.6293203910498374,-0.7,15.1,117
2026-01-26 06:00:00,94.32958818276003,-0.4,22.9,48,0.0,84,0.0,0.0,100,6,0,1,26,0,0,0,0.7431448254773942,0.6691306063588582,-0.7,15.4,117
2026-01-26 07:00:00,95.85723519069283,-1.0,21.8,42,0.0,90,0.07,0.0,100,7,0,1,26,0,0,0,0.6691306063588582,0.7431448254773942,-1.2,16.0,117
2026-01-26 08:00:00,96.89786665612564,-1.2,21.3,32,0.0,91,0.07,0.0,100,8,0,1,26,0,0,0,0.5299192642332049,0.848048096156426,-1.0999999999999999,16.2,117
2026-01-26 09:00:00,96.21152351989178,-0.9,27.0,39,0.0,85,0.14,0.0,100,9,0,1,26,0,0,0,0.6293203910498374,0.7771459614569709,-0.5,15.9,117
2026-01-26 10:00:00,94.73221092782458,-0.9,27.1,44,1.0,85,0.56,0.01,100,10,0,1,26,0,0,0,0.6946583704589973,0.7193398003386512,0.09999999999999998,15.9,117
2026-01-26 11:00:00,95.12918772325736,-1.3,25.3,47,9.0,88,1.12,0.02,100,11,0,1,26,0,0,0,0.7313537016191705,0.6819983600624985,-0.10000000000000009,16.3,117
2026-01-26 12:00:00,94.73589600202352,-1.4,21.8,43,24.0,90,1.19,0.03,100,12,0,1,26,0,0,0,0.6819983600624985,0.7313537016191705,-0.4999999999999999,16.4,117
2026-01-26 13:00:00,93.6096435374338,-1.5,20.8,40,38.0,91,1.12,0.04,100,13,0,1,26,0,0,0,0.6427876096865393,0.766044443118978,-0.6,16.5,117
2026-01-26 14:00:00,94.45681020692066,-1.5,23.5,36,64.0,91,0.84,0.03,100,14,0,1,26,0,0,0,0.5877852522924731,0.8090169943749475,-0.19999999999999996,16.5,117
2026-01-26 15:00:00,95.55470483084444,-1.5,23.2,36,56.0,91,0.49,0.04,100,15,0,1,26,0,0,0,0.5877852522924731,0.8090169943749475,-0.10000000000000009,16.5,117
2026-01-26 16:00:00,96.10282545976824,-1.4,21.4,35,51.0,92,0.42,0.04,100,16,0,1,26,0,0,0,0.573576436351046,0.8191520442889918,0.10000000000000009,16.4,117
2026-01-26 17:00:00,96.50224874452536,-1.1,21.5,36,28.0,91,0.28,0.04,100,17,0,1,26,0,0,0,0.5877852522924731,0.8090169943749475,0.3999999999999999,16.1,117
2026-01-26 18:00:00,95.25110945511582,-1.0,22.5,39,8.0,91,0.28,0.05,100,18,0,1,26,0,0,0,0.6293203910498374,0.7771459614569709,0.5,16.0,117
2026-01-26 19:00:00,94.0260385040396,-0.9,21.7,37,0.0,92,0.28,0.05,100,19,0,1,26,0,0,0,0.6018150231520483,0.7986355100472928,0.4999999999999999,15.9,117
2026-01-26 20:00:00,90.09949897963008,-0.7,21.4,38,0.0,92,0.14,0.06,100,20,0,1,26,0,0,0,0.6156614753256583,0.7880107536067219,0.40000000000000013,15.7,117
2026-01-26 21:00:00,85.53933397772053,-0.7,20.5,38,0.0,91,0.07,0.06,100,21,0,1,26,0,0,0,0.6156614753256583,0.7880107536067219,0.30000000000000004,15.7,117
2026-01-26 22:00:00,80.76952778414433,-0.8,19.5,37,0.0,91,0.14,0.06,100,22,0,1,26,0,0,0,0.6018150231520483,0.7986355100472928,0.09999999999999998,15.8,117
2026-01-26 23:00:00,78.24353710640143,-0.8,18.5,34,0.0,91,0.07,0.06,100,23,0,1,26,0,0,0,0.5591929034707469,0.8290375725550417,-0.10000000000000009,15.8,117
2026-01-27 00:00:00,78.24257708199191,-0.8,18.2,36,0.0,91,0.0,0.06,100,0,1,1,27,0,0,0,0.5877852522924731,0.8090169943749475,-0.10000000000000009,15.8,118
2026-01-27 01:00:00,78.14032888924903,-0.9,18.6,40,0.0,91,0.0,0.06,99,1,1,1,27,0,0,0,0.6427876096865393,0.766044443118978,-0.09999999999999998,15.9,118
2026-01-27 02:00:00,78.41519960817283,-0.9,19.1,43,0.0,90,0.0,0.06,100,2,1,1,27,0,0,0,0.6819983600624985,0.7313537016191705,-0.09999999999999998,15.9,118
2026-01-27 03:00:00,79.0850373695966,-0.9,20.0,48,0.0,91,0.0,0.06,100,3,1,1,27,0,0,0,0.7431448254773942,0.6691306063588582,-0.09999999999999998,15.9,118
2026-01-27 04:00:00,82.68243034602041,-0.7,19.4,48,0.0,90,0.0,0.06,100,4,1,1,27,0,0,0,0.7431448254773942,0.6691306063588582,0.20000000000000007,15.7,118
2026-01-27 05:00:00,89.23302795744422,-0.6,20.5,51,0.0,91,0.0,0.06,100,5,1,1,27,0,0,0,0.7771459614569709,0.6293203910498374,0.30000000000000004,15.6,118
2026-01-27 06:00:00,93.40991991220136,-0.5,20.2,53,0.0,91,0.0,0.06,100,6,1,1,27,0,0,0,0.7986355100472928,0.6018150231520483,0.4,15.5,118
2026-01-27 07:00:00,94.49290820695845,-0.6,20.6,60,0.0,91,0.0,0.06,100,7,1,1,27,0,0,0,0.8660254037844386,0.5000000000000001,0.09999999999999998,15.6,118
2026-01-27 08:00:00,95.39192500254892,-0.6,19.1,57,0.0,92,0.0,0.08,100,8,1,1,27,0,0,0,0.838670567945424,0.5446390350150271,0.0,15.6,118
2026-01-27 09:00:00,93.38580201313938,-0.7,21.7,59,0.0,93,0.0,0.08,100,9,1,1,27,0,0,0,0.8571673007021123,0.5150380749100542,-0.19999999999999996,15.7,118
2026-01-27 10:00:00,92.7600054678965,-0.6,20.7,61,5.0,93,0.0,0.08,100,10,1,1,27,0,0,0,0.8746197071393957,0.4848096202463371,0.0,15.6,118
2026-01-27 11:00:00,92.1825755718203,-0.4,23.0,66,36.0,92,0.0,0.08,100,11,1,1,27,0,0,0,0.9135454576426009,0.4067366430758002,0.19999999999999996,15.4,118
2026-01-27 12:00:00,92.66479743324408,-0.2,21.6,72,88.0,93,0.0,0.08,100,12,1,1,27,0,0,0,0.9510565162951535,0.30901699437494745,0.49999999999999994,15.2,118
2026-01-27 13:00:00,92.30304609466788,-0.1,21.2,76,128.0,93,0.0,0.08,100,13,1,1,27,0,0,0,0.9702957262759965,0.24192189559966767,0.5,15.1,118
2026-01-27 14:00:00,92.42762248775831,0.0,18.8,78,127.0,95,0.0,0.09,100,14,1,1,27,0,0,0,0.9781476007338056,0.20791169081775945,0.4,15.0,118
2026-01-27 15:00:00,93.27707764501548,0.2,19.1,82,96.0,95,0.0,0.09,100,15,1,1,27,0,0,0,0.9902680687415704,0.13917310096006547,0.4,14.8,118
2026-01-27 16:00:00,94.15207875143926,0.4,20.9,87,83.0,94,0.0,0.09,100,16,1,1,27,0,0,0,0.9986295347545738,0.052335956242943966,0.5,14.6,118
2026-01-27 17:00:00,94.17506899286306,0.4,22.0,90,41.0,94,0.0,0.09,100,17,1,1,27,0,0,0,1.0,6.123233995736766e-17,0.4,14.6,118
2026-01-27 18:00:00,92.77414579678684,0.3,22.3,89,8.0,94,0.0,0.09,100,18,1,1,27,0,0,0,0.9998476951563913,0.0174524064372836,0.09999999999999998,14.7,118
2026-01-27 19:00:00,90.72407736321064,0.4,22.9,90,0.0,93,0.0,0.09,100,19,1,1,27,0,0,0,1.0,6.123233995736766e-17,0.0,14.6,118
2026-01-27 20:00:00,86.89578355296777,0.6,22.8,95,0.0,92,0.0,0.09,100,20,1,1,27,0,0,0,0.9961946980917455,-0.08715574274765824,0.19999999999999996,14.4,118
2026-01-27 21:00:00,83.21882221272489,0.6,24.7,92,0.0,92,0.0,0.09,100,21,1,1,27,0,0,0,0.9993908270190958,-0.034899496702500955,0.3,14.4,118
2026-01-27 22:00:00,78.19423682248201,0.6,25.4,90,0.0,91,0.0,0.09,100,22,1,1,27,0,0,0,1.0,6.123233995736766e-17,0.19999999999999996,14.4,118
2026-01-27 23:00:00,75.84075635307248,0.6,24.2,94,0.0,91,0.0,0.09,100,23,1,1,27,0,0,0,0.9975640502598242,-0.06975647374412533,0.0,14.4,118
2026-01-28 00:00:00,76.1156204378296,0.4,22.8,95,0.0,92,0.0,0.09,100,0,2,1,28,0,0,0,0.9961946980917455,-0.08715574274765824,-0.19999999999999996,14.6,119
2026-01-28 01:00:00,75.96354235842007,0.4,21.3,95,0.0,92,0.0,0.09,100,1,2,1,28,0,0,0,0.9961946980917455,-0.08715574274765824,-0.19999999999999996,14.6,119
2026-01-28 02:00:00,76.94638951484386,0.4,23.8,91,0.0,91,0.0,0.09,100,2,2,1,28,0,0,0,0.9998476951563913,-0.017452406437283477,-0.19999999999999996,14.6,119
2026-01-28 03:00:00,77.86660974626764,0.3,25.8,88,0.0,91,0.0,0.09,100,3,2,1,28,0,0,0,0.9993908270190958,0.03489949670250108,-0.10000000000000003,14.7,119
2026-01-28 04:00:00,80.76219796019144,0.3,25.2,88,0.0,90,0.0,0.09,100,4,2,1,28,0,0,0,0.9993908270190958,0.03489949670250108,-0.10000000000000003,14.7,119
2026-01-28 05:00:00,87.2381383157819,0.6,25.0,88,0.0,90,0.0,0.09,100,5,2,1,28,0,0,0,0.9993908270190958,0.03489949670250108,0.19999999999999996,14.4,119
2026-01-28 06:00:00,91.94122571887236,0.7,26.3,88,0.0,90,0.0,0.09,100,6,2,1,28,0,0,0,0.9993908270190958,0.03489949670250108,0.39999999999999997,14.3,119
2026-01-28 07:00:00,92.14077733279616,0.6,26.7,87,0.0,91,0.0,0.09,100,7,2,1,28,0,0,0,0.9986295347545738,0.052335956242943966,0.3,14.4,119
2026-01-28 08:00:00,92.18706544338662,0.7,25.8,87,0.0,91,0.0,0.07,100,8,2,1,28,0,0,0,0.9986295347545738,0.052335956242943966,0.09999999999999998,14.3,119
2026-01-28 09:00:00,91.21477944897708,0.6,23.9,89,0.0,91,0.0,0.07,100,9,2,1,28,0,0,0,0.9998476951563913,0.0174524064372836,-0.09999999999999998,14.4,119
2026-01-28 10:00:00,90.73887447706753,0.6,23.8,92,4.0,92,0.0,0.07,100,10,2,1,28,0,0,0,0.9993908270190958,-0.034899496702500955,0.0,14.4,119
2026-01-28 11:00:00,91.16070777682464,0.8,23.8,92,33.0,92,0.0,0.07,100,11,2,1,28,0,0,0,0.9993908270190958,-0.034899496702500955,0.10000000000000009,14.2,119
2026-01-28 12:00:00,90.88623622824844,0.9,23.2,92,69.0,92,0.0,0.07,100,12,2,1,28,0,0,0,0.9993908270190958,-0.034899496702500955,0.30000000000000004,14.1,119
2026-01-28 13:00:00,91.21030517883892,0.9,22.5,91,102.0,91,0.0,0.07,100,13,2,1,28,0,0,0,0.9998476951563913,-0.017452406437283477,0.30000000000000004,14.1,119
2026-01-28 14:00:00,92.23513411359605,0.6,22.2,84,91.0,93,0.0,0.08,100,14,2,1,28,0,0,0,0.9945218953682733,0.10452846326765346,-0.20000000000000007,14.4,119
2026-01-28 15:00:00,93.08304238585316,0.6,23.3,86,94.0,91,0.0,0.07,100,15,2,1,28,0,0,0,0.9975640502598242,0.06975647374412523,-0.30000000000000004,14.4,119
2026-01-28 16:00:00,94.4812867681103,0.4,21.9,78,76.0,92,0.0,0.07,100,16,2,1,28,0,0,0,0.9781476007338056,0.20791169081775945,-0.5,14.6,119
2026-01-28 17:00:00,94.83184129703407,-0.4,24.1,68,42.0,95,0.0,0.07,100,17,2,1,28,0,0,0,0.9271838545667874,0.37460659341591196,-1.0,15.4,119
2026-01-28 18:00:00,93.45565442845788,-0.5,24.6,69,8.0,94,0.0,0.07,100,18,2,1,28,0,0,0,0.9335804264972017,0.3583679495453004,-1.1,15.5,119
2026-01-28 19:00:00,91.85453999738168,-0.6,24.5,71,0.0,94,0.0,0.07,100,19,2,1,28,0,0,0,0.9455185755993167,0.32556815445715676,-1.0,15.6,119
2026-01-28 20:00:00,89.05298262880545,-0.4,24.1,73,0.0,93,0.07,0.08,100,20,2,1,28,0,0,0,0.9563047559630354,0.29237170472273677,0.0,15.4,119
2026-01-28 21:00:00,84.80134291106259,-0.6,24.9,72,0.0,94,0.0,0.08,100,21,2,1,28,0,0,0,0.9510565162951535,0.30901699437494745,-0.09999999999999998,15.6,119
2026-01-28 22:00:00,80.00134607581971,-0.9,25.1,69,0.0,94,0.0,0.08,100,22,2,1,28,0,0,0,0.9335804264972017,0.3583679495453004,-0.30000000000000004,15.9,119
2026-01-28 23:00:00,78.4986441947435,-1.0,25.9,67,0.0,92,0.07,0.08,100,23,2,1,28,0,0,0,0.9205048534524404,0.3907311284892737,-0.6,16.0,119
2026-01-29 00:00:00,78.60005638366731,-1.1,26.2,66,0.0,92,0.07,0.08,100,0,3,1,29,0,0,0,0.9135454576426009,0.4067366430758002,-0.5000000000000001,16.1,120
2026-01-29 01:00:00,77.85418642759109,-1.1,26.1,68,0.0,91,0.0,0.08,100,1,3,1,29,0,0,0,0.9271838545667874,0.37460659341591196,-0.20000000000000007,16.1,120
2026-01-29 02:00:00,78.47462397151487,-1.1,25.8,66,0.0,92,0.0,0.08,100,2,3,1,29,0,0,0,0.9135454576426009,0.4067366430758002,-0.10000000000000009,16.1,120
2026-01-29 03:00:00,79.84529125710533,-1.0,23.9,67,0.0,93,0.0,0.08,100,3,3,1,29,0,0,0,0.9205048534524404,0.3907311284892737,0.10000000000000009,16.0,120
2026-01-29 04:00:00,83.39639181436247,-0.9,23.0,65,0.0,94,0.0,0.08,100,4,3,1,29,0,0,0,0.9063077870366499,0.42261826174069944,0.20000000000000007,15.9,120
2026-01-29 05:00:00,90.4692946716196,-0.9,22.5,64,0.0,94,0.0,0.08,100,5,3,1,29,0,0,0,0.8987940462991669,0.43837114678907746,0.20000000000000007,15.9,120
2026-01-29 06:00:00,93.57439881387673,-1.1,23.3,64,0.0,94,0.07,0.08,100,6,3,1,29,0,0,0,0.8987940462991669,0.43837114678907746,-0.10000000000000009,16.1,120
2026-01-29 07:00:00,94.72203556030053,-0.9,24.1,68,0.0,93,0.07,0.08,100,7,3,1,29,0,0,0,0.9271838545667874,0.37460659341591196,0.0,15.9,120
2026-01-29 08:00:00,94.97131930589096,-0.6,24.7,70,0.0,92,0.07,0.07,100,8,3,1,29,0,0,0,0.9396926207859083,0.3420201433256688,0.30000000000000004,15.6,120
2026-01-29 09:00:00,94.84435133148143,-0.7,24.8,72,0.0,92,0.0,0.07,100,9,3,1,29,0,0,0,0.9510565162951535,0.30901699437494745,0.40000000000000013,15.7,120
2026-01-29 10:00:00,94.71839336540523,-0.6,24.4,77,3.0,90,0.07,0.07,100,10,3,1,29,0,0,0,0.9743700647852352,0.22495105434386492,0.30000000000000004,15.6,120
2026-01-29 11:00:00,93.94582631349569,-0.6,26.5,79,27.0,88,0.07,0.07,100,11,3,1,29,0,0,0,0.981627183447664,0.19080899537654492,0.0,15.6,120
2026-01-29 12:00:00,94.59643299741948,-0.9,27.4,80,58.0,88,0.07,0.07,100,12,3,1,29,0,0,0,0.984807753012208,0.17364817766693041,-0.20000000000000007,15.9,120
2026-01-29 13:00:00,95.44664973800992,-0.9,26.6,81,70.0,87,0.0,0.07,100,13,3,1,29,0,0,0,0.9876883405951378,0.15643446504023092,-0.30000000000000004,15.9,120
2026-01-29 14:00:00,94.96671808026706,-0.9,26.1,87,96.0,89,0.07,0.08,100,14,3,1,29,0,0,0,0.9986295347545738,0.052335956242943966,-0.30000000000000004,15.9,120
2026-01-29 15:00:00,95.03973272085751,-0.9,26.5,88,74.0,89,0.0,0.08,100,15,3,1,29,0,0,0,0.9993908270190958,0.03489949670250108,0.0,15.9,120
2026-01-29 16:00:00,95.68804084811464,-0.9,25.9,89,64.0,88,0.0,0.08,100,16,3,1,29,0,0,0,0.9998476951563913,0.0174524064372836,0.0,15.9,120
2026-01-29 17:00:00,96.86563773453844,-0.9,25.6,92,35.0,89,0.0,0.08,100,17,3,1,29,0,0,0,0.9993908270190958,-0.034899496702500955,0.0,15.9,120
2026-01-29 18:00:00,96.71251365762888,-0.9,24.9,95,8.0,88,0.0,0.08,100,18,3,1,29,0,0,0,0.9961946980917455,-0.08715574274765824,0.0,15.9,120
2026-01-29 19:00:00,94.53775113988604,-1.0,24.3,99,0.0,89,0.07,0.08,100,19,3,1,29,0,0,0,0.9876883405951378,-0.1564344650402308,-0.09999999999999998,16.0,120
2026-01-29 20:00:00,91.93739249714316,-1.2,24.0,103,0.0,89,0.07,0.08,100,20,3,1,29,0,0,0,0.9743700647852352,-0.22495105434386503,-0.29999999999999993,16.2,120
2026-01-29 21:00:00,88.1347502444003,-1.6,24.1,106,0.0,89,0.07,0.08,100,21,3,1,29,0,0,0,0.9612616959383189,-0.27563735581699905,-0.7000000000000001,16.6,120
2026-01-29 22:00:00,84.40848224582406,-1.9,25.2,102,0.0,88,0.0,0.08,100,22,3,1,29,0,0,0,0.9781476007338057,-0.20791169081775934,-0.8999999999999999,16.9,120
2026-01-29 23:00:00,81.93126714474786,-2.2,24.4,105,0.0,88,0.0,0.08,100,23,3,1,29,0,0,0,0.9659258262890683,-0.25881904510252085,-1.0000000000000002,17.2,120
2026-01-30 00:00:00,81.28157332783833,-2.2,22.9,105,0.0,88,0.0,0.08,100,0,4,1,30,0,0,0,0.9659258262890683,-0.25881904510252085,-0.6000000000000001,17.2,121
2026-01-30 01:00:00,81.21199687592879,-2.2,22.4,104,0.0,87,0.0,0.08,100,1,4,1,30,0,0,0,0.9702957262759965,-0.24192189559966779,-0.30000000000000027,17.2,121
2026-01-30 02:00:00,81.43272416985256,-2.0,23.5,99,0.0,88,0.0,0.08,100,2,4,1,30,0,0,0,0.9876883405951378,-0.1564344650402308,0.20000000000000018,17.0,121
2026-01-30 03:00:00,83.0541456446097,-2.0,23.1,98,0.0,88,0.0,0.08,100,3,4,1,30,0,0,0,0.9902680687415704,-0.13917310096006535,0.20000000000000018,17.0,121
2026-01-30 04:00:00,85.85429246520015,-2.0,23.4,98,0.0,87,0.0,0.08,100,4,4,1,30,0,0,0,0.9902680687415704,-0.13917310096006535,0.20000000000000018,17.0,121
2026-01-30 05:00:00,92.45329149579062,-2.0,22.7,102,0.0,86,0.0,0.08,100,5,4,1,30,0,0,0,0.9781476007338057,-0.20791169081775934,0.0,17.0,121
2026-01-30 06:00:00,96.05438000388108,-1.9,22.0,107,0.0,86,0.0,0.08,100,6,4,1,30,0,0,0,0.9563047559630355,-0.29237170472273666,0.10000000000000009,16.9,121
2026-01-30 07:00:00,97.90568460530488,-1.7,22.0,108,0.0,85,0.0,0.08,100,7,4,1,30,0,0,0,0.9510565162951536,-0.30901699437494734,0.30000000000000004,16.7,121
2026-01-30 08:00:00,99.32683203672866,-1.2,23.2,102,0.0,83,0.0,0.07,100,8,4,1,30,0,0,0,0.9781476007338057,-0.20791169081775934,0.8,16.2,121
2026-01-30 09:00:00,97.49966871065249,-1.1,24.8,104,0.0,82,0.0,0.07,100,9,4,1,30,0,0,0,0.9702957262759965,-0.24192189559966779,0.7999999999999998,16.1,121
2026-01-30 10:00:00,96.25297586457624,-1.0,24.1,104,6.0,81,0.0,0.07,100,10,4,1,30,0,0,0,0.9702957262759965,-0.24192189559966779,0.7,16.0,121
2026-01-30 11:00:00,95.25657276850004,-0.8,24.8,109,32.0,84,0.0,0.07,100,11,4,1,30,0,0,0,0.9455185755993168,-0.32556815445715664,0.3999999999999999,15.8,121
2026-01-30 12:00:00,95.63197990492384,-0.6,26.1,108,60.0,84,0.0,0.07,100,12,4,1,30,0,0,0,0.9510565162951536,-0.30901699437494734,0.5000000000000001,15.6,121
2026-01-30 13:00:00,96.57914024218096,-0.5,25.8,107,85.0,87,0.0,0.07,100,13,4,1,30,0,0,0,0.9563047559630355,-0.29237170472273666,0.5,15.5,121
2026-01-30 14:00:00,97.35363802277143,-0.7,26.1,100,86.0,91,0.0,0.08,100,14,4,1,30,0,0,0,0.984807753012208,-0.1736481776669303,0.10000000000000009,15.7,121
2026-01-30 15:00:00,102.27852033169522,-0.6,26.2,106,70.0,92,0.07,0.08,100,15,4,1,30,0,0,0,0.9612616959383189,-0.27563735581699905,0.0,15.6,121
2026-01-30 16:00:00,103.67602089561902,-1.0,24.7,111,44.0,93,0.14,0.08,100,16,4,1,30,0,0,0,0.9335804264972017,-0.35836794954530027,-0.5,16.0,121
2026-01-30 17:00:00,102.2755815820428,-1.3,24.9,112,26.0,92,0.14,0.08,100,17,4,1,30,0,0,0,0.9271838545667874,-0.37460659341591207,-0.6000000000000001,16.3,121
2026-01-30 18:00:00,100.14733664929992,-1.1,25.7,114,6.0,91,0.14,0.08,100,18,4,1,30,0,0,0,0.9135454576426009,-0.40673664307580026,-0.5000000000000001,16.1,121
2026-01-30 19:00:00,99.49889203489036,-1.0,25.3,113,0.0,92,0.07,0.08,100,19,4,1,30,0,0,0,0.9205048534524403,-0.39073112848927377,0.0,16.0,121
2026-01-30 20:00:00,96.22116781298084,-0.8,25.6,110,0.0,91,0.07,0.08,100,20,4,1,30,0,0,0,0.9396926207859084,-0.3420201433256687,0.5,15.8,121
2026-01-30 21:00:00,89.04500328523798,-0.9,25.4,113,0.0,91,0.07,0.08,100,21,4,1,30,0,0,0,0.9205048534524403,-0.39073112848927377,0.20000000000000007,15.9,121
2026-01-30 22:00:00,83.91799184832844,-1.2,25.2,113,0.0,91,0.0,0.08,100,22,4,1,30,0,0,0,0.9205048534524403,-0.39073112848927377,-0.19999999999999996,16.2,121
2026-01-30 23:00:00,80.79249748225223,-1.3,25.2,113,0.0,91,0.0,0.08,100,23,4,1,30,0,0,0,0.9205048534524403,-0.39073112848927377,-0.5,16.3,121
2026-01-31 00:00:00,79.96673944367602,-1.4,25.2,114,0.0,91,0.0,0.08,100,0,5,1,31,1,0,0,0.9135454576426009,-0.40673664307580026,-0.4999999999999999,16.4,122
2026-01-31 01:00:00,78.89924545509982,-1.3,24.4,115,0.0,91,0.0,0.08,100,1,5,1,31,1,0,0,0.90630778703665,-0.42261826174069933,-0.10000000000000009,16.3,122
2026-01-31 02:00:00,79.3923389215236,-0.9,24.7,111,0.0,91,0.0,0.08,100,2,5,1,31,1,0,0,0.9335804264972017,-0.35836794954530027,0.4,15.9,122
2026-01-31 03:00:00,80.3640046254474,-1.0,25.0,113,0.0,91,0.0,0.08,100,3,5,1,31,1,0,0,0.9205048534524403,-0.39073112848927377,0.3999999999999999,16.0,122
2026-01-31 04:00:00,82.23778588437119,-1.1,24.4,113,0.0,91,0.0,0.08,100,4,5,1,31,1,0,0,0.9205048534524403,-0.39073112848927377,0.19999999999999996,16.1,122
2026-01-31 05:00:00,85.46175837829497,-1.2,25.1,111,0.0,91,0.0,0.08,100,5,5,1,31,1,0,0,0.9335804264972017,-0.35836794954530027,-0.29999999999999993,16.2,122
2026-01-31 06:00:00,89.71243300305211,-1.4,24.3,114,0.0,91,0.0,0.08,100,6,5,1,31,1,0,0,0.9135454576426009,-0.40673664307580026,-0.3999999999999999,16.4,122
2026-01-31 07:00:00,94.7910469119759,-1.5,23.9,114,0.0,91,0.0,0.08,100,7,5,1,31,1,0,0,0.9135454576426009,-0.40673664307580026,-0.3999999999999999,16.5,122
2026-01-31 08:00:00,99.2963245508997,-0.9,24.9,109,0.0,90,0.0,0.07,100,8,5,1,31,1,0,0,0.9455185755993168,-0.32556815445715664,0.29999999999999993,15.9,122
2026-01-31 09:00:00,99.8620505748235,-1.2,26.0,107,0.0,90,0.0,0.07,100,9,5,1,31,1,0,0,0.9563047559630355,-0.29237170472273666,0.19999999999999996,16.2,122
2026-01-31 10:00:00,99.11015381874728,-1.4,26.8,106,6.0,89,0.0,0.07,100,10,5,1,31,1,0,0,0.9612616959383189,-0.27563735581699905,0.10000000000000009,16.4,122
2026-01-31 11:00:00,98.3870718510044,-1.6,26.6,107,47.0,89,0.0,0.07,100,11,5,1,31,1,0,0,0.9563047559630355,-0.29237170472273666,-0.7000000000000001,16.6,122
2026-01-31 12:00:00,98.18630801742822,-1.9,25.4,109,91.0,89,0.0,0.07,100,12,5,1,31,1,0,0,0.9455185755993168,-0.32556815445715664,-0.7,16.9,122
2026-01-31 13:00:00,97.58350929968532,-2.2,24.6,111,115.0,89,0.0,0.07,100,13,5,1,31,1,0,0,0.9335804264972017,-0.35836794954530027,-0.8000000000000003,17.2,122
2026-01-31 14:00:00,96.0838071702758,-1.8,24.6,109,108.0,89,0.0,0.08,100,14,5,1,31,1,0,0,0.9455185755993168,-0.32556815445715664,-0.19999999999999996,16.8,122
2026-01-31 15:00:00,96.63296220669956,-2.0,24.1,107,101.0,88,0.0,0.08,100,15,5,1,31,1,0,0,0.9563047559630355,-0.29237170472273666,-0.10000000000000009,17.0,122
2026-01-31 16:00:00,98.63409997229004,-2.2,24.5,106,96.0,89,0.0,0.08,100,16,5,1,31,1,0,0,0.9612616959383189,-0.27563735581699905,0.0,17.2,122
2026-01-31 17:00:00,98.34447141621384,-2.3,25.5,105,51.0,89,0.0,0.07,100,17,5,1,31,1,0,0,0.9659258262890683,-0.25881904510252085,-0.4999999999999998,17.3,122
2026-01-31 18:00:00,98.08015868763763,-2.5,25.2,107,10.0,89,0.0,0.07,100,18,5,1,31,1,0,0,0.9563047559630355,-0.29237170472273666,-0.5,17.5,122
2026-01-31 19:00:00,95.67974834906144,-2.7,24.7,107,0.0,89,0.0,0.07,100,19,5,1,31,1,0,0,0.9563047559630355,-0.29237170472273666,-0.5,17.7,122
2026-01-31 20:00:00,93.9536429904852,-2.4,25.3,107,0.0,89,0.0,0.08,100,20,5,1,31,1,0,0,0.9563047559630355,-0.29237170472273666,-0.10000000000000009,17.4,122
2026-01-31 21:00:00,90.87834771274233,-2.8,25.6,109,0.0,89,0.0,0.08,100,21,5,1,31,1,0,0,0.9455185755993168,-0.32556815445715664,-0.2999999999999998,17.8,122
2026-01-31 22:00:00,87.85065620249948,-3.2,24.8,111,0.0,89,0.0,0.08,100,22,5,1,31,1,0,0,0.9335804264972017,-0.35836794954530027,-0.5,18.2,122
2026-01-31 23:00:00,86.07333846975659,-3.6,24.7,111,0.0,89,0.0,0.08,100,23,5,1,31,1,0,0,0.9335804264972017,-0.35836794954530027,-1.2000000000000002,18.6,122
2026-02-01 00:00:00,85.49914218368038,-4.0,24.1,112,0.0,89,0.0,0.08,100,0,6,2,32,1,0,0,0.9271838545667874,-0.37460659341591207,-1.2000000000000002,19.0,123
2026-02-01 01:00:00,84.70566098677084,-4.3,22.5,114,0.0,89,0.0,0.08,99,1,6,2,32,1,0,0,0.9135454576426009,-0.40673664307580026,-1.0999999999999996,19.3,123
2026-02-01 02:00:00,86.97553351819462,-4.2,22.4,113,0.0,89,0.0,0.08,100,2,6,2,32,1,0,0,0.9205048534524403,-0.39073112848927377,-0.6000000000000001,19.2,123
2026-02-01 03:00:00,86.29673020711842,-4.3,21.3,115,0.0,89,0.0,0.08,100,3,6,2,32,1,0,0,0.90630778703665,-0.42261826174069933,-0.2999999999999998,19.3,123
2026-02-01 04:00:00,88.19592458937555,-4.4,21.4,115,0.0,90,0.0,0.08,100,4,6,2,32,1,0,0,0.90630778703665,-0.42261826174069933,-0.10000000000000053,19.4,123
2026-02-01 05:00:00,91.39641331496604,-4.6,22.2,114,0.0,89,0.0,0.08,100,5,6,2,32,1,0,0,0.9135454576426009,-0.40673664307580026,-0.39999999999999947,19.6,123
2026-02-01 06:00:00,94.42141609972316,-4.8,22.0,114,0.0,89,0.0,0.08,100,6,6,2,32,1,0,0,0.9135454576426009,-0.40673664307580026,-0.5,19.8,123
2026-02-01 07:00:00,98.95181795114694,-4.9,21.3,114,0.0,89,0.0,0.08,100,7,6,2,32,1,0,0,0.9135454576426009,-0.40673664307580026,-0.5,19.9,123
2026-02-01 08:00:00,105.34612490507072,-4.6,22.8,111,0.0,89,0.0,0.08,100,8,6,2,32,1,0,0,0.9335804264972017,-0.35836794954530027,0.0,19.6,123
2026-02-01 09:00:00,106.39727426066118,-4.8,23.1,115,0.0,89,0.0,0.08,100,9,6,2,32,1,0,0,0.90630778703665,-0.42261826174069933,0.0,19.8,123
2026-02-01 10:00:00,105.91927645458496,-5.0,23.3,114,6.0,89,0.0,0.08,100,10,6,2,32,1,0,0,0.9135454576426009,-0.40673664307580026,-0.09999999999999964,20.0,123
2026-02-01 11:00:00,104.59404576100876,-5.2,23.6,112,41.0,89,0.0,0.08,100,11,6,2,32,1,0,0,0.9271838545667874,-0.37460659341591207,-0.6000000000000005,20.2,123
2026-02-01 12:00:00,103.56969590743256,-5.2,24.1,112,73.0,89,0.0,0.08,100,12,6,2,32,1,0,0,0.9271838545667874,-0.37460659341591207,-0.40000000000000036,20.2,123
2026-02-01 13:00:00,103.49235873135636,-4.9,25.1,110,95.0,89,0.0,0.08,100,13,6,2,32,1,0,0,0.9396926207859084,-0.3420201433256687,0.09999999999999964,19.9,123
2026-02-01 14:00:00,103.43378941278014,-4.5,26.5,105,96.0,89,0.0,0.08,100,14,6,2,32,1,0,0,0.9659258262890683,-0.25881904510252085,0.7000000000000002,19.5,123
2026-02-01 15:00:00,103.71585920003729,-4.8,26.8,102,119.0,90,0.0,0.08,100,15,6,2,32,1,0,0,0.9781476007338057,-0.20791169081775934,0.40000000000000036,19.8,123
2026-02-01 16:00:00,104.66463466396108,-4.9,27.2,102,89.0,90,0.0,0.08,100,16,6,2,32,1,0,0,0.9781476007338057,-0.20791169081775934,0.0,19.9,123
2026-02-01 17:00:00,106.03944827205152,-4.9,26.9,106,59.0,89,0.0,0.08,100,17,6,2,32,1,0,0,0.9612616959383189,-0.27563735581699905,-0.40000000000000036,19.9,123
2026-02-01 18:00:00,103.96290249347533,-4.9,23.4,106,13.0,90,0.0,0.07,100,18,6,2,32,1,0,0,0.9612616959383189,-0.27563735581699905,-0.10000000000000053,19.9,123
2026-02-01 19:00:00,102.18764861989912,-4.8,23.0,107,0.0,89,0.0,0.07,100,19,6,2,32,1,0,0,0.9563047559630355,-0.29237170472273666,0.10000000000000053,19.8,123
2026-02-01 20:00:00,98.93620097632292,-4.7,24.7,104,0.0,89,0.0,0.08,100,20,6,2,32,1,0,0,0.9702957262759965,-0.24192189559966779,0.20000000000000018,19.7,123
2026-02-01 21:00:00,95.56040481108003,-4.9,24.2,105,0.0,90,0.0,0.08,100,21,6,2,32,1,0,0,0.9659258262890683,-0.25881904510252085,0.0,19.9,123
2026-02-01 22:00:00,90.85893147000382,-4.8,23.9,106,0.0,89,0.0,0.08,100,22,6,2,32,1,0,0,0.9612616959383189,-0.27563735581699905,0.0,19.8,123
2026-02-01 23:00:00,89.25851991226095,-4.8,24.5,107,0.0,87,0.0,0.08,100,23,6,2,32,1,0,0,0.9563047559630355,-0.29237170472273666,-0.09999999999999964,19.8,123
2026-02-02 00:00:00,89.28118311618474,-4.8,24.3,109,0.0,85,0.0,0.08,100,0,0,2,33,0,0,0,0.9455185755993168,-0.32556815445715664,0.10000000000000053,19.8,124
2026-02-02 01:00:00,89.23895242010853,-4.8,23.6,108,0.0,85,0.0,0.08,100,1,0,2,33,0,0,0,0.9510565162951536,-0.30901699437494734,0.0,19.8,124
2026-02-02 02:00:00,90.06053119903233,-4.8,25.8,101,0.0,84,0.0,0.08,100,2,0,2,33,0,0,0,0.981627183447664,-0.1908089953765448,0.0,19.8,124
2026-02-02 03:00:00,91.83015370628944,-5.1,25.7,98,0.0,85,0.0,0.07,100,3,0,2,33,0,0,0,0.9902680687415704,-0.13917310096006535,-0.2999999999999998,20.1,124
2026-02-02 04:00:00,95.02970737854658,-5.2,25.8,98,0.0,85,0.0,0.07,100,4,0,2,33,0,0,0,0.9902680687415704,-0.13917310096006535,-0.40000000000000036,20.2,124
2026-02-02 05:00:00,102.00669952663704,-5.4,24.9,98,0.0,86,0.0,0.07,100,5,0,2,33,0,0,0,0.9902680687415704,-0.13917310096006535,-0.6000000000000005,20.4,124
2026-02-02 06:00:00,106.25845324056084,-5.6,24.5,100,0.0,87,0.0,0.07,100,6,0,2,33,0,0,0,0.984807753012208,-0.1736481776669303,-0.5,20.6,124
2026-02-02 07:00:00,108.13400487198464,-5.8,24.0,100,0.0,88,0.0,0.07,100,7,0,2,33,0,0,0,0.984807753012208,-0.1736481776669303,-0.5999999999999996,20.8,124
2026-02-02 08:00:00,108.68166769590842,-5.9,24.2,93,0.0,89,0.0,0.06,100,8,0,2,33,0,0,0,0.9986295347545738,-0.05233595624294384,-0.5,20.9,124
2026-02-02 09:00:00,108.7299621748322,-6.0,24.0,94,0.0,89,0.0,0.06,100,9,0,2,33,0,0,0,0.9975640502598242,-0.06975647374412533,-0.40000000000000036,21.0,124
2026-02-02 10:00:00,107.353537711256,-5.9,25.5,95,8.0,89,0.0,0.06,100,10,0,2,33,0,0,0,0.9961946980917455,-0.08715574274765824,-0.10000000000000053,20.9,124
2026-02-02 11:00:00,105.9463327351798,-6.0,28.2,96,44.0,89,0.0,0.06,100,11,0,2,33,0,0,0,0.9945218953682733,-0.10452846326765355,-0.09999999999999964,21.0,124
2026-02-02 12:00:00,106.44574564910356,-6.1,29.0,97,82.0,90,0.0,0.06,100,12,0,2,33,0,0,0,0.9925461516413221,-0.12186934340514737,-0.09999999999999964,21.1,124
2026-02-02 13:00:00,106.29819804052735,-5.9,29.7,97,113.0,90,0.0,0.06,100,13,0,2,33,0,0,0,0.9925461516413221,-0.12186934340514737,0.0,20.9,124
2026-02-02 14:00:00,106.79788705611784,-5.8,29.0,92,124.0,90,0.0,0.06,100,14,0,2,33,0,0,0,0.9993908270190958,-0.034899496702500955,0.20000000000000018,20.8,124
2026-02-02 15:00:00,107.16986607004162,-5.6,29.7,91,115.0,89,0.0,0.06,100,15,0,2,33,0,0,0,0.9998476951563913,-0.017452406437283477,0.5,20.6,124
2026-02-02 16:00:00,108.74376528729876,-5.1,30.8,92,101.0,87,0.0,0.06,100,16,0,2,33,0,0,0,0.9993908270190958,-0.034899496702500955,0.8000000000000007,20.1,124
2026-02-02 17:00:00,109.94423868622256,-4.7,29.0,92,64.0,86,0.0,0.06,100,17,0,2,33,0,0,0,0.9993908270190958,-0.034899496702500955,1.0999999999999996,19.7,124
2026-02-02 18:00:00,108.49366319014634,-4.7,28.6,93,16.0,83,0.0,0.06,100,18,0,2,33,0,0,0,0.9986295347545738,-0.05233595624294384,0.8999999999999995,19.7,124
2026-02-02 19:00:00,106.99370981740346,-4.7,29.0,94,0.0,81,0.0,0.06,100,19,0,2,33,0,0,0,0.9975640502598242,-0.06975647374412533,0.39999999999999947,19.7,124
2026-02-02 20:00:00,104.44049675716062,-5.0,27.2,90,0.0,79,0.0,0.06,98,20,0,2,33,0,0,0,1.0,6.123233995736766e-17,-0.2999999999999998,20.0,124
2026-02-02 21:00:00,100.44239115025104,-4.7,27.2,94,0.0,80,0.0,0.06,100,21,0,2,33,0,0,0,0.9975640502598242,-0.06975647374412533,0.0,19.7,124
2026-02-02 22:00:00,96.26410275500815,-4.7,27.2,100,0.0,83,0.0,0.06,100,22,0,2,33,0,0,0,0.984807753012208,-0.1736481776669303,0.0,19.7,124
2026-02-02 23:00:00,93.53742658893198,-5.3,26.2,104,0.0,84,0.0,0.06,99,23,0,2,33,0,0,0,0.9702957262759965,-0.24192189559966779,-0.2999999999999998,20.3,124
2026-02-03 00:00:00,93.1364909636891,-5.4,25.9,105,0.0,85,0.0,0.06,100,0,1,2,34,0,0,0,0.9659258262890683,-0.25881904510252085,-0.7000000000000002,20.4,125
2026-02-03 01:00:00,92.89288975011289,-5.4,25.3,108,0.0,86,0.0,0.06,100,1,1,2,34,0,0,0,0.9510565162951536,-0.30901699437494734,-0.7000000000000002,20.4,125
2026-02-03 02:00:00,92.93915681820336,-5.1,26.5,102,0.0,85,0.0,0.07,100,2,1,2,34,0,0,0,0.9781476007338057,-0.20791169081775934,0.20000000000000018,20.1,125
2026-02-03 03:00:00,94.38445528212716,-4.8,27.7,103,0.0,80,0.0,0.07,99,3,1,2,34,0,0,0,0.9743700647852352,-0.22495105434386503,0.6000000000000005,19.8,125
2026-02-03 04:00:00,98.0094688177176,-4.6,27.9,103,0.0,82,0.0,0.07,100,4,1,2,34,0,0,0,0.9743700647852352,-0.22495105434386503,0.8000000000000007,19.6,125
2026-02-03 05:00:00,104.36076228830808,-4.6,28.7,104,0.0,83,0.0,0.07,100,5,1,2,34,0,0,0,0.9702957262759965,-0.24192189559966779,0.5,19.6,125
2026-02-03 06:00:00,108.23644720473185,-4.7,29.2,103,0.0,81,0.0,0.07,100,6,1,2,34,0,0,0,0.9743700647852352,-0.22495105434386503,0.09999999999999964,19.7,125
2026-02-03 07:00:00,110.26210856115564,-4.7,30.0,102,0.0,78,0.0,0.07,100,7,1,2,34,0,0,0,0.9781476007338057,-0.20791169081775934,-0.10000000000000053,19.7,125
2026-02-03 08:00:00,109.95934049674612,-4.2,30.3,96,0.0,75,0.0,0.05,97,8,1,2,34,0,0,0,0.9945218953682733,-0.10452846326765355,0.39999999999999947,19.2,125
2026-02-03 09:00:00,105.1541148931699,-4.4,30.7,97,0.0,75,0.0,0.05,100,9,1,2,34,0,0,0,0.9925461516413221,-0.12186934340514737,0.2999999999999998,19.4,125
2026-02-03 10:00:00,101.50285680626034,-4.1,31.7,98,13.0,74,0.0,0.05,17,10,1,2,34,0,0,0,0.9902680687415704,-0.13917310096006535,0.6000000000000005,19.1,125
2026-02-03 11:00:00,98.54846278518416,-4.1,32.1,100,106.0,75,0.0,0.05,0,11,1,2,34,0,0,0,0.984807753012208,-0.1736481776669303,0.10000000000000053,19.1,125
2026-02-03 12:00:00,97.60296866494129,-3.9,33.2,102,213.0,73,0.0,0.05,0,12,1,2,34,0,0,0,0.9781476007338057,-0.20791169081775934,0.5000000000000004,18.9,125
2026-02-03 13:00:00,102.80042660553173,-4.0,33.3,104,282.0,71,0.0,0.05,38,13,1,2,34,0,0,0,0.9702957262759965,-0.24192189559966779,0.09999999999999964,19.0,125
2026-02-03 14:00:00,103.9221311961222,-3.0,32.3,97,274.0,69,0.0,0.05,32,14,1,2,34,0,0,0,0.9925461516413221,-0.12186934340514737,1.0999999999999996,18.0,125
2026-02-03 15:00:00,105.64674319837933,-2.8,30.5,98,285.0,70,0.0,0.05,18,15,1,2,34,0,0,0,0.9902680687415704,-0.13917310096006535,1.1,17.8,125
2026-02-03 16:00:00,107.14720462730313,-2.8,34.3,101,208.0,70,0.0,0.05,100,16,1,2,34,0,0,0,0.981627183447664,-0.1908089953765448,1.2000000000000002,17.8,125
2026-02-03 17:00:00,108.17455934289356,-2.6,34.4,98,44.0,72,0.0,0.05,100,17,1,2,34,0,0,0,0.9902680687415704,-0.13917310096006535,0.3999999999999999,17.6,125
2026-02-03 18:00:00,106.49854632431736,-2.5,34.4,99,20.0,74,0.0,0.05,95,18,1,2,34,0,0,0,0.9876883405951378,-0.1564344650402308,0.2999999999999998,17.5,125
2026-02-03 19:00:00,104.42423451824116,-2.5,33.3,96,0.0,74,0.0,0.05,100,19,1,2,34,0,0,0,0.9945218953682733,-0.10452846326765355,0.2999999999999998,17.5,125
2026-02-03 20:00:00,101.61920266716494,-2.1,34.2,93,0.0,73,0.0,0.05,95,20,1,2,34,0,0,0,0.9986295347545738,-0.05233595624294384,0.5,17.1,125
2026-02-03 21:00:00,97.81550320692207,-2.3,33.4,94,0.0,75,0.0,0.05,94,21,1,2,34,0,0,0,0.9975640502598242,-0.06975647374412533,0.20000000000000018,17.3,125
2026-02-03 22:00:00,93.44031223917922,-2.1,32.2,98,0.0,76,0.0,0.05,100,22,1,2,34,0,0,0,0.9902680687415704,-0.13917310096006535,0.3999999999999999,17.1,125
2026-02-03 23:00:00,91.163407170603,-2.2,31.5,104,0.0,77,0.0,0.05,100,23,1,2,34,0,0,0,0.9702957262759965,-0.24192189559966779,-0.10000000000000009,17.2,125
2026-02-04 00:00:00,90.31387683286012,-2.6,30.7,107,0.0,76,0.0,0.05,100,0,2,2,35,0,0,0,0.9563047559630355,-0.29237170472273666,-0.30000000000000027,17.6,126
2026-02-04 01:00:00,90.59329083178392,-3.2,29.2,108,0.0,75,0.0,0.05,100,1,2,2,35,0,0,0,0.9510565162951536,-0.30901699437494734,-1.1,18.2,126
2026-02-04 02:00:00,91.43991429237438,-3.3,28.8,101,0.0,78,0.0,0.05,100,2,2,2,35,0,0,0,0.981627183447664,-0.1908089953765448,-1.0999999999999996,18.3,126
2026-02-04 03:00:00,92.76168140879815,-3.2,30.8,99,0.0,80,0.0,0.05,100,3,2,2,35,0,0,0,0.9876883405951378,-0.1564344650402308,-0.6000000000000001,18.2,126
2026-02-04 04:00:00,96.33590102938864,-3.5,31.5,101,0.0,81,0.0,0.05,100,4,2,2,35,0,0,0,0.981627183447664,-0.1908089953765448,-0.2999999999999998,18.5,126
2026-02-04 05:00:00,103.01166463747909,-3.8,30.6,104,0.0,83,0.0,0.05,100,5,2,2,35,0,0,0,0.9702957262759965,-0.24192189559966779,-0.5,18.8,126
2026-02-04 06:00:00,106.36397177390288,-3.9,29.9,104,0.0,84,0.0,0.05,100,6,2,2,35,0,0,0,0.9702957262759965,-0.24192189559966779,-0.6999999999999997,18.9,126
2026-02-04 07:00:00,107.68780229032669,-4.2,29.8,102,0.0,87,0.0,0.05,100,7,2,2,35,0,0,0,0.9781476007338057,-0.20791169081775934,-0.7000000000000002,19.2,126
2026-02-04 08:00:00,107.2863592225838,-3.8,29.6,99,0.0,88,0.0,0.04,100,8,2,2,35,0,0,0,0.9876883405951378,-0.1564344650402308,0.0,18.8,126
2026-02-04 09:00:00,103.2594135890076,-3.3,28.8,103,0.0,89,0.0,0.04,100,9,2,2,35,0,0,0,0.9743700647852352,-0.22495105434386503,0.6000000000000001,18.3,126
2026-02-04 10:00:00,103.77062652709806,-3.0,29.2,104,7.0,90,0.0,0.04,100,10,2,2,35,0,0,0,0.9702957262759965,-0.24192189559966779,1.2000000000000002,18.0,126
2026-02-04 11:00:00,106.85855318602184,-2.8,28.8,103,25.0,90,0.0,0.04,100,11,2,2,35,0,0,0,0.9743700647852352,-0.22495105434386503,1.0,17.8,126
2026-02-04 12:00:00,108.48812822577896,-2.8,29.2,101,50.0,90,0.0,0.04,100,12,2,2,35,0,0,0,0.981627183447664,-0.1908089953765448,0.5,17.8,126
2026-02-04 13:00:00,106.59414248386943,-2.7,28.7,102,70.0,89,0.07,0.04,100,13,2,2,35,0,0,0,0.9781476007338057,-0.20791169081775934,0.2999999999999998,17.7,126
2026-02-04 14:00:00,104.3421219744599,-2.4,30.1,99,77.0,90,0.07,0.04,100,14,2,2,35,0,0,0,0.9876883405951378,-0.1564344650402308,0.3999999999999999,17.4,126
2026-02-04 15:00:00,104.2384465333837,-2.2,29.9,97,68.0,90,0.14,0.04,100,15,2,2,35,0,0,0,0.9925461516413221,-0.12186934340514737,0.5999999999999996,17.2,126
2026-02-04 16:00:00,105.56160642897414,-2.2,28.8,96,51.0,90,0.14,0.05,100,16,2,2,35,0,0,0,0.9945218953682733,-0.10452846326765355,0.5,17.2,126
2026-02-04 17:00:00,106.93630749373128,-2.3,27.7,96,28.0,91,0.07,0.05,100,17,2,2,35,0,0,0,0.9945218953682733,-0.10452846326765355,0.10000000000000009,17.3,126
2026-02-04 18:00:00,105.61148496765506,-2.3,27.0,93,10.0,91,0.0,0.05,100,18,2,2,35,0,0,0,0.9986295347545738,-0.05233595624294384,-0.09999999999999964,17.3,126
2026-02-04 19:00:00,102.48434520157883,-2.2,28.1,94,0.0,91,0.0,0.05,100,19,2,2,35,0,0,0,0.9975640502598242,-0.06975647374412533,0.0,17.2,126
2026-02-04 20:00:00,103.03166733966933,-1.7,28.6,93,0.0,91,0.0,0.05,100,20,2,2,35,0,0,0,0.9986295347545738,-0.05233595624294384,0.5999999999999999,16.7,126
2026-02-04 21:00:00,99.8283598810931,-1.5,28.0,94,0.0,91,0.0,0.05,100,21,2,2,35,0,0,0,0.9975640502598242,-0.06975647374412533,0.7999999999999998,16.5,126
2026-02-04 22:00:00,95.42706328751687,-1.1,27.2,92,0.0,93,0.0,0.05,100,22,2,2,35,0,0,0,0.9993908270190958,-0.034899496702500955,1.1,16.1,126
2026-02-04 23:00:00,88.95168314310736,-1.0,26.8,90,0.0,93,0.0,0.05,100,23,2,2,35,0,0,0,1.0,6.123233995736766e-17,0.7,16.0,126
2026-02-05 00:00:00,88.84972012453117,-1.1,26.8,91,0.0,93,0.0,0.05,100,0,3,2,36,0,0,0,0.9998476951563913,-0.017452406437283477,0.3999999999999999,16.1,127
2026-02-05 01:00:00,88.60539743345495,-1.3,26.5,94,0.0,93,0.0,0.05,100,1,3,2,36,0,0,0,0.9975640502598242,-0.06975647374412533,-0.19999999999999996,16.3,127
2026-02-05 02:00:00,89.00185451737875,-1.5,27.3,85,0.0,91,0.0,0.04,100,2,3,2,36,0,0,0,0.9961946980917455,0.08715574274765814,-0.5,16.5,127
2026-02-05 03:00:00,90.8478463229692,-1.6,25.9,81,0.0,92,0.0,0.04,100,3,3,2,36,0,0,0,0.9876883405951378,0.15643446504023092,-0.5,16.6,127
2026-02-05 04:00:00,93.82160524105964,-1.4,27.4,81,0.0,91,0.0,0.04,100,4,3,2,36,0,0,0,0.9876883405951378,0.15643446504023092,-0.09999999999999987,16.4,127
2026-02-05 05:00:00,99.87499108665013,-1.4,28.2,82,0.0,91,0.0,0.04,100,5,3,2,36,0,0,0,0.9902680687415704,0.13917310096006547,0.10000000000000009,16.4,127
2026-02-05 06:00:00,103.90099350890723,-1.4,27.9,81,0.0,92,0.0,0.04,100,6,3,2,36,0,0,0,0.9876883405951378,0.15643446504023092,0.20000000000000018,16.4,127
2026-02-05 07:00:00,104.92564981283104,-1.5,28.9,80,0.0,92,0.0,0.04,100,7,3,2,36,0,0,0,0.984807753012208,0.17364817766693041,-0.10000000000000009,16.5,127
2026-02-05 08:00:00,104.23968594008817,-1.1,29.9,77,0.0,92,0.0,0.04,100,8,3,2,36,0,0,0,0.9743700647852352,0.22495105434386492,0.2999999999999998,16.1,127
2026-02-05 09:00:00,103.93939272067864,-1.0,29.6,77,0.0,91,0.0,0.04,100,9,3,2,36,0,0,0,0.9743700647852352,0.22495105434386492,0.3999999999999999,16.0,127
2026-02-05 10:00:00,104.16993403210242,-1.0,28.4,76,6.0,92,0.07,0.04,100,10,3,2,36,0,0,0,0.9702957262759965,0.24192189559966767,0.5,16.0,127
2026-02-05 11:00:00,103.0866886685262,-0.9,28.6,75,26.0,93,0.21,0.04,100,11,3,2,36,0,0,0,0.9659258262890683,0.25881904510252074,0.20000000000000007,15.9,127
2026-02-05 12:00:00,101.90671167995,-0.8,27.9,75,28.0,93,0.42,0.04,100,12,3,2,36,0,0,0,0.9659258262890683,0.25881904510252074,0.19999999999999996,15.8,127
2026-02-05 13:00:00,102.7837991763738,-0.6,28.0,78,35.0,93,0.42,0.05,100,13,3,2,36,0,0,0,0.9781476007338056,0.20791169081775945,0.4,15.6,127
2026-02-05 14:00:00,103.3610744402976,-0.6,24.3,69,60.0,95,0.35,0.05,100,14,3,2,36,0,0,0,0.9335804264972017,0.3583679495453004,0.30000000000000004,15.6,127
2026-02-05 15:00:00,103.25884653005473,-0.8,23.6,71,41.0,95,0.35,0.05,100,15,3,2,36,0,0,0,0.9455185755993167,0.32556815445715676,0.0,15.8,127
2026-02-05 16:00:00,103.95909560231183,-0.6,25.7,71,44.0,94,0.21,0.05,100,16,3,2,36,0,0,0,0.9455185755993167,0.32556815445715676,0.0,15.6,127
2026-02-05 17:00:00,103.68168636873564,-0.4,26.8,77,27.0,95,0.14,0.05,100,17,3,2,36,0,0,0,0.9743700647852352,0.22495105434386492,0.19999999999999996,15.4,127
2026-02-05 18:00:00,102.95961768682608,-0.3,24.7,87,9.0,94,0.07,0.05,100,18,3,2,36,0,0,0,0.9986295347545738,0.052335956242943966,0.5,15.3,127
2026-02-05 19:00:00,100.87096970491656,-0.7,24.7,92,0.0,92,0.0,0.05,100,19,3,2,36,0,0,0,0.9993908270190958,-0.034899496702500955,-0.09999999999999998,15.7,127
2026-02-05 20:00:00,97.26278145217368,-0.9,24.3,90,0.0,92,0.0,0.06,100,20,3,2,36,0,0,0,1.0,6.123233995736766e-17,-0.5,15.9,127
2026-02-05 21:00:00,94.70679670359746,-1.1,22.9,92,0.0,92,0.0,0.06,100,21,3,2,36,0,0,0,0.9993908270190958,-0.034899496702500955,-0.8,16.1,127
2026-02-05 22:00:00,90.87487606252128,-1.0,21.5,93,0.0,93,0.0,0.06,100,22,3,2,36,0,0,0,0.9986295347545738,-0.05233595624294384,-0.30000000000000004,16.0,127
2026-02-05 23:00:00,88.74795818477838,-1.0,20.2,95,0.0,93,0.0,0.06,100,23,3,2,36,0,0,0,0.9961946980917455,-0.08715574274765824,-0.09999999999999998,16.0,127
2026-02-06 00:00:00,87.52977439620219,-1.0,19.3,94,0.0,94,0.0,0.06,100,0,4,2,37,0,0,0,0.9975640502598242,-0.06975647374412533,0.10000000000000009,16.0,128
2026-02-06 01:00:00,87.25273753595931,-0.9,19.3,91,0.0,94,0.0,0.06,100,1,4,2,37,0,0,0,0.9998476951563913,-0.017452406437283477,0.09999999999999998,15.9,128
2026-02-06 02:00:00,87.04774662988311,-1.2,20.0,86,0.0,93,0.0,0.05,100,2,4,2,37,0,0,0,0.9975640502598242,0.06975647374412523,-0.19999999999999996,16.2,128
2026-02-06 03:00:00,88.5459190338069,-1.2,19.0,84,0.0,93,0.0,0.05,100,3,4,2,37,0,0,0,0.9945218953682733,0.10452846326765346,-0.19999999999999996,16.2,128
2026-02-06 04:00:00,91.67141691106404,-1.1,18.7,83,0.0,94,0.0,0.05,100,4,4,2,37,0,0,0,0.992546151641322,0.12186934340514749,-0.20000000000000007,16.1,128
2026-02-06 05:00:00,97.92985945915449,-1.0,15.9,85,0.0,94,0.0,0.05,100,5,4,2,37,0,0,0,0.9961946980917455,0.08715574274765814,0.19999999999999996,16.0,128
2026-02-06 06:00:00,102.05486579557828,-1.0,15.2,83,0.0,94,0.0,0.05,100,6,4,2,37,0,0,0,0.992546151641322,0.12186934340514749,0.19999999999999996,16.0,128
2026-02-06 07:00:00,103.97765321200208,-0.9,15.5,86,0.0,95,0.0,0.05,100,7,4,2,37,0,0,0,0.9975640502598242,0.06975647374412523,0.20000000000000007,15.9,128
2026-02-06 08:00:00,104.77484458259252,-0.8,17.7,77,0.0,94,0.0,0.04,100,8,4,2,37,0,0,0,0.9743700647852352,0.22495105434386492,0.19999999999999996,15.8,128
2026-02-06 09:00:00,102.01615029151633,-0.6,18.4,76,0.0,95,0.0,0.04,100,9,4,2,37,0,0,0,0.9702957262759965,0.24192189559966767,0.4,15.6,128
2026-02-06 10:00:00,98.54330134294013,-0.4,17.5,81,11.0,95,0.0,0.04,100,10,4,2,37,0,0,0,0.9876883405951378,0.15643446504023092,0.5,15.4,128
2026-02-06 11:00:00,95.21554608769723,-0.1,18.5,79,42.0,94,0.0,0.04,100,11,4,2,37,0,0,0,0.981627183447664,0.19080899537654492,0.7000000000000001,15.1,128
2026-02-06 12:00:00,95.7427968732877,0.2,19.0,83,72.0,94,0.0,0.04,100,12,4,2,37,0,0,0,0.992546151641322,0.12186934340514749,0.8,14.8,128
2026-02-06 13:00:00,96.37465468387816,0.3,18.9,87,83.0,94,0.0,0.04,100,13,4,2,37,0,0,0,0.9986295347545738,0.052335956242943966,0.7,14.7,128
2026-02-06 14:00:00,96.25221885863527,0.2,18.9,89,99.0,94,0.0,0.05,100,14,4,2,37,0,0,0,0.9998476951563913,0.0174524064372836,0.30000000000000004,14.8,128
2026-02-06 15:00:00,96.14866557172576,0.1,17.0,86,52.0,95,0.0,0.05,100,15,4,2,37,0,0,0,0.9975640502598242,0.06975647374412523,-0.1,14.9,128
2026-02-06 16:00:00,97.0176899748162,0.2,17.4,85,59.0,95,0.0,0.05,100,16,4,2,37,0,0,0,0.9961946980917455,0.08715574274765814,-0.09999999999999998,14.8,128
2026-02-06 17:00:00,97.11134387790666,0.2,17.0,85,35.0,96,0.0,0.05,100,17,4,2,37,0,0,0,0.9961946980917455,0.08715574274765814,0.0,14.8,128
2026-02-06 18:00:00,95.18445871183046,0.2,17.7,87,13.0,96,0.0,0.05,100,18,4,2,37,0,0,0,0.9986295347545738,0.052335956242943966,0.1,14.8,128
2026-02-06 19:00:00,93.2852872840876,0.2,18.5,89,0.0,96,0.0,0.05,100,19,4,2,37,0,0,0,0.9998476951563913,0.0174524064372836,0.0,14.8,128
2026-02-06 20:00:00,89.90910079551138,0.4,18.9,89,0.0,96,0.0,0.05,100,20,4,2,37,0,0,0,0.9998476951563913,0.0174524064372836,0.2,14.6,128
2026-02-06 21:00:00,86.4570963727685,0.4,18.7,92,0.0,96,0.0,0.05,100,21,4,2,37,0,0,0,0.9993908270190958,-0.034899496702500955,0.2,14.6,128
2026-02-06 22:00:00,82.62954684002563,0.5,18.1,96,0.0,96,0.0,0.05,100,22,4,2,37,0,0,0,0.9945218953682733,-0.10452846326765355,0.3,14.5,128
2026-02-06 23:00:00,81.30505790644942,0.6,18.4,95,0.0,95,0.0,0.05,100,23,4,2,37,0,0,0,0.9961946980917455,-0.08715574274765824,0.19999999999999996,14.4,128
2026-02-07 00:00:00,80.45407881870653,0.6,18.7,93,0.0,95,0.0,0.05,100,0,5,2,38,1,0,0,0.9986295347545738,-0.05233595624294384,0.19999999999999996,14.4,129
2026-02-07 01:00:00,78.91284814013034,0.5,18.1,95,0.0,95,0.0,0.05,100,1,5,2,38,1,0,0,0.9961946980917455,-0.08715574274765824,0.0,14.5,129
2026-02-07 02:00:00,78.58529654905412,0.4,18.0,94,0.0,96,0.0,0.04,100,2,5,2,38,1,0,0,0.9975640502598242,-0.06975647374412533,-0.19999999999999996,14.6,129
2026-02-07 03:00:00,79.15755082547793,0.4,17.3,93,0.0,97,0.0,0.04,100,3,5,2,38,1,0,0,0.9986295347545738,-0.05233595624294384,-0.19999999999999996,14.6,129
2026-02-07 04:00:00,80.58224609523505,0.4,17.1,92,0.0,97,0.0,0.04,100,4,5,2,38,1,0,0,0.9993908270190958,-0.034899496702500955,-0.09999999999999998,14.6,129
2026-02-07 05:00:00,83.79922608249217,0.4,17.3,91,0.0,97,0.0,0.04,100,5,5,2,38,1,0,0,0.9998476951563913,-0.017452406437283477,0.0,14.6,129
2026-02-07 06:00:00,87.97437168391596,0.4,16.9,91,0.0,97,0.0,0.04,100,6,5,2,38,1,0,0,0.9998476951563913,-0.017452406437283477,0.0,14.6,129
2026-02-07 07:00:00,92.4756601195064,0.4,17.3,91,0.0,97,0.0,0.04,100,7,5,2,38,1,0,0,0.9998476951563913,-0.017452406437283477,0.0,14.6,129
2026-02-07 08:00:00,95.9500420000969,0.4,18.4,89,0.0,97,0.0,0.03,100,8,5,2,38,1,0,0,0.9998476951563913,0.0174524064372836,0.0,14.6,129
2026-02-07 09:00:00,96.99970783568736,0.4,18.5,91,0.0,98,0.0,0.03,100,9,5,2,38,1,0,0,0.9998476951563913,-0.017452406437283477,0.0,14.6,129
2026-02-07 10:00:00,96.95076531044448,0.4,18.8,93,5.0,97,0.0,0.03,100,10,5,2,38,1,0,0,0.9986295347545738,-0.05233595624294384,0.0,14.6,129
2026-02-07 11:00:00,95.69989259103494,0.6,18.1,96,36.0,96,0.0,0.03,100,11,5,2,38,1,0,0,0.9945218953682733,-0.10452846326765355,0.19999999999999996,14.4,129
2026-02-07 12:00:00,94.87411015329204,0.6,17.4,98,43.0,97,0.07,0.03,100,12,5,2,38,1,0,0,0.9902680687415704,-0.13917310096006535,0.19999999999999996,14.4,129
2026-02-07 13:00:00,94.04769354304918,0.6,17.6,96,61.0,97,0.07,0.03,100,13,5,2,38,1,0,0,0.9945218953682733,-0.10452846326765355,0.19999999999999996,14.4,129
2026-02-07 14:00:00,94.25340889947296,0.6,18.4,93,63.0,97,0.14,0.04,100,14,5,2,38,1,0,0,0.9986295347545738,-0.05233595624294384,0.0,14.4,129
2026-02-07 15:00:00,93.92707593673008,0.5,18.6,93,58.0,97,0.21,0.04,100,15,5,2,38,1,0,0,0.9986295347545738,-0.05233595624294384,-0.09999999999999998,14.5,129
2026-02-07 16:00:00,94.40133901982055,0.4,19.1,93,46.0,97,0.28,0.04,100,16,5,2,38,1,0,0,0.9986295347545738,-0.05233595624294384,-0.19999999999999996,14.6,129
2026-02-07 17:00:00,94.494016085411,0.4,18.5,91,31.0,97,0.28,0.04,100,17,5,2,38,1,0,0,0.9998476951563913,-0.017452406437283477,-0.19999999999999996,14.6,129
2026-02-07 18:00:00,93.0178755768348,0.3,19.1,89,9.0,97,0.35,0.05,100,18,5,2,38,1,0,0,0.9998476951563913,0.0174524064372836,-0.2,14.7,129
2026-02-07 19:00:00,92.0164833657586,0.3,19.8,88,0.0,97,0.35,0.05,100,19,5,2,38,1,0,0,0.9993908270190958,0.03489949670250108,-0.10000000000000003,14.7,129
2026-02-07 20:00:00,89.13993674801573,0.4,20.0,89,0.0,97,0.35,0.05,100,20,5,2,38,1,0,0,0.9998476951563913,0.0174524064372836,0.0,14.6,129
2026-02-07 21:00:00,85.71279949943953,0.4,20.2,91,0.0,96,0.21,0.05,100,21,5,2,38,1,0,0,0.9998476951563913,-0.017452406437283477,0.10000000000000003,14.6,129
2026-02-07 22:00:00,82.12086762086331,0.4,20.2,94,0.0,95,0.21,0.05,100,22,5,2,38,1,0,0,0.9975640502598242,-0.06975647374412533,0.10000000000000003,14.6,129
2026-02-07 23:00:00,79.68650812895378,0.4,19.8,94,0.0,95,0.21,0.06,100,23,5,2,38,1,0,0,0.9975640502598242,-0.06975647374412533,0.0,14.6,129
2026-02-08 00:00:00,78.61027490037756,0.4,20.2,93,0.0,95,0.14,0.06,100,0,6,2,39,1,0,1,0.9986295347545738,-0.05233595624294384,0.0,14.6,130
2026-02-08 01:00:00,78.54135496180137,0.4,20.7,92,0.0,94,0.07,0.06,100,1,6,2,39,1,0,1,0.9993908270190958,-0.034899496702500955,0.0,14.6,130
2026-02-08 02:00:00,78.17109431989182,0.2,20.9,94,0.0,95,0.07,0.05,100,2,6,2,39,1,0,1,0.9975640502598242,-0.06975647374412533,-0.2,14.8,130
2026-02-08 03:00:00,79.14120734381562,0.2,18.8,94,0.0,95,0.21,0.05,100,3,6,2,39,1,0,1,0.9975640502598242,-0.06975647374412533,-0.2,14.8,130
2026-02-08 04:00:00,80.53778566357273,0.2,18.7,92,0.0,94,0.14,0.05,100,4,6,2,39,1,0,1,0.9993908270190958,-0.034899496702500955,-0.2,14.8,130
2026-02-08 05:00:00,83.68130674082987,0.1,18.9,89,0.0,94,0.07,0.05,100,5,6,2,39,1,0,1,0.9998476951563913,0.0174524064372836,-0.1,14.9,130
2026-02-08 06:00:00,87.457068670587,0.1,18.9,89,0.0,94,0.0,0.05,100,6,6,2,39,1,0,1,0.9998476951563913,0.0174524064372836,-0.1,14.9,130
2026-02-08 07:00:00,93.50715426367746,0.2,18.2,90,0.0,93,0.0,0.05,100,7,6,2,39,1,0,1,1.0,6.123233995736766e-17,0.0,14.8,130
2026-02-08 08:00:00,97.68149725760124,0.0,17.8,78,0.0,96,0.0,0.05,100,8,6,2,39,1,0,1,0.9781476007338056,0.20791169081775945,-0.1,15.0,130
2026-02-08 09:00:00,98.15666146319172,-0.5,20.0,79,0.0,96,0.0,0.05,100,9,6,2,39,1,0,1,0.981627183447664,0.19080899537654492,-0.6,15.5,130
2026-02-08 10:00:00,96.15379030794884,-0.4,21.0,81,8.0,94,0.0,0.05,100,10,6,2,39,1,0,1,0.9876883405951378,0.15643446504023092,-0.6000000000000001,15.4,130
2026-02-08 11:00:00,93.90402321437264,-0.3,20.7,82,41.0,93,0.0,0.05,100,11,6,2,39,1,0,1,0.9902680687415704,0.13917310096006547,-0.3,15.3,130
2026-02-08 12:00:00,92.55239714496308,-0.1,20.9,82,82.0,92,0.0,0.05,100,12,6,2,39,1,0,1,0.9902680687415704,0.13917310096006547,0.4,15.1,130
2026-02-08 13:00:00,92.60211887222022,0.1,21.3,82,122.0,92,0.0,0.05,100,13,6,2,39,1,0,1,0.9902680687415704,0.13917310096006547,0.5,14.9,130
2026-02-08 14:00:00,92.60454312781069,-0.2,16.3,79,138.0,94,0.0,0.06,100,14,6,2,39,1,0,1,0.981627183447664,0.19080899537654492,0.09999999999999998,15.2,130
2026-02-08 15:00:00,92.2898555975678,-0.2,18.4,81,86.0,93,0.0,0.06,100,15,6,2,39,1,0,1,0.9876883405951378,0.15643446504023092,-0.1,15.2,130
2026-02-08 16:00:00,93.6867132964916,-0.3,15.1,75,57.0,95,0.0,0.06,100,16,6,2,39,1,0,1,0.9659258262890683,0.25881904510252074,-0.4,15.3,130
2026-02-08 17:00:00,94.8293373679154,-0.1,15.0,76,51.0,95,0.0,0.06,100,17,6,2,39,1,0,1,0.9702957262759965,0.24192189559966767,0.1,15.1,130
2026-02-08 18:00:00,93.64873470933917,0.3,17.3,86,19.0,93,0.0,0.06,100,18,6,2,39,1,0,1,0.9975640502598242,0.06975647374412523,0.5,14.7,130
2026-02-08 19:00:00,92.17181767076296,0.3,18.0,89,0.0,94,0.0,0.06,100,19,6,2,39,1,0,1,0.9998476951563913,0.0174524064372836,0.6,14.7,130
2026-02-08 20:00:00,88.27986737802009,0.4,18.2,89,0.0,94,0.0,0.06,100,20,6,2,39,1,0,1,0.9998476951563913,0.0174524064372836,0.5,14.6,130
2026-02-08 21:00:00,84.09478332111055,0.4,19.6,93,0.0,94,0.0,0.05,100,21,6,2,39,1,0,1,0.9986295347545738,-0.05233595624294384,0.10000000000000003,14.6,130
2026-02-08 22:00:00,79.89470825336768,0.4,20.3,96,0.0,94,0.0,0.05,100,22,6,2,39,1,0,1,0.9945218953682733,-0.10452846326765355,0.10000000000000003,14.6,130
2026-02-08 23:00:00,78.56735323312482,0.2,19.9,100,0.0,94,0.0,0.05,100,23,6,2,39,1,0,1,0.984807753012208,-0.1736481776669303,-0.2,14.8,130
2026-02-09 00:00:00,78.19121478288194,-0.1,17.7,107,0.0,94,0.0,0.05,100,0,0,2,40,0,0,1,0.9563047559630355,-0.29237170472273666,-0.5,15.1,131
2026-02-09 01:00:00,77.4732808334724,-0.3,15.5,116,0.0,93,0.0,0.05,100,1,0,2,40,0,0,1,0.8987940462991669,-0.4383711467890775,-0.7,15.3,131
2026-02-09 02:00:00,77.44271004739619,-0.4,15.6,112,0.0,91,0.0,0.05,100,2,0,2,40,0,0,1,0.9271838545667874,-0.37460659341591207,-0.6000000000000001,15.4,131
2026-02-09 03:00:00,78.64807404631999,-0.6,15.0,111,0.0,91,0.0,0.05,100,3,0,2,40,0,0,1,0.9335804264972017,-0.35836794954530027,-0.5,15.6,131
2026-02-09 04:00:00,81.7718598810771,-0.7,14.4,113,0.0,91,0.0,0.05,100,4,0,2,40,0,0,1,0.9205048534524403,-0.39073112848927377,-0.39999999999999997,15.7,131
2026-02-09 05:00:00,88.72167227000088,-0.8,14.0,112,0.0,91,0.0,0.05,100,5,0,2,40,0,0,1,0.9271838545667874,-0.37460659341591207,-0.4,15.8,131
2026-02-09 06:00:00,92.187687389758,-0.8,14.0,116,0.0,91,0.0,0.05,100,6,0,2,40,0,0,1,0.8987940462991669,-0.4383711467890775,-0.20000000000000007,15.8,131
2026-02-09 07:00:00,95.34463548201516,-0.9,13.2,116,0.0,93,0.0,0.05,100,7,0,2,40,0,0,1,0.8987940462991669,-0.4383711467890775,-0.20000000000000007,15.9,131
2026-02-09 08:00:00,94.28799429927228,-0.6,13.0,112,0.0,94,0.0,0.04,100,8,0,2,40,0,0,1,0.9271838545667874,-0.37460659341591207,0.20000000000000007,15.6,131
2026-02-09 09:00:00,92.16977593069606,-0.8,12.9,109,0.0,94,0.0,0.04,100,9,0,2,40,0,0,1,0.9455185755993168,-0.32556815445715664,0.0,15.8,131
2026-02-09 10:00:00,90.00965691378653,-0.6,13.9,111,14.0,94,0.0,0.04,100,10,0,2,40,0,0,1,0.9335804264972017,-0.35836794954530027,0.30000000000000004,15.6,131
2026-02-09 11:00:00,87.133662499377,-0.3,16.3,118,53.0,92,0.0,0.04,100,11,0,2,40,0,0,1,0.8829475928589269,-0.4694715627858909,0.3,15.3,131
2026-02-09 12:00:00,88.10666806746745,-0.1,16.6,122,107.0,90,0.0,0.04,100,12,0,2,40,0,0,1,0.8480480961564261,-0.5299192642332048,0.7000000000000001,15.1,131
2026-02-09 13:00:00,88.55812082139124,0.0,15.1,118,110.0,90,0.0,0.04,100,13,0,2,40,0,0,1,0.8829475928589269,-0.4694715627858909,0.6,15.0,131
2026-02-09 14:00:00,88.66523818781502,0.2,15.6,117,112.0,89,0.0,0.05,100,14,0,2,40,0,0,1,0.8910065241883679,-0.45399049973954675,0.5,14.8,131
2026-02-09 15:00:00,89.71385924507216,-0.1,14.1,117,108.0,91,0.0,0.05,100,15,0,2,40,0,0,1,0.8910065241883679,-0.45399049973954675,0.0,15.1,131
2026-02-09 16:00:00,92.11115202816262,-0.1,13.5,115,86.0,91,0.0,0.05,100,16,0,2,40,0,0,1,0.90630778703665,-0.42261826174069933,-0.1,15.1,131
2026-02-09 17:00:00,92.9532197795864,-0.2,11.4,102,43.0,93,0.0,0.05,100,17,0,2,40,0,0,1,0.9781476007338057,-0.20791169081775934,-0.4,15.2,131
2026-02-09 18:00:00,91.1791770610102,-0.4,12.7,102,14.0,94,0.0,0.05,100,18,0,2,40,0,0,1,0.9781476007338057,-0.20791169081775934,-0.30000000000000004,15.4,131
2026-02-09 19:00:00,88.80344426076734,-0.5,12.6,107,0.0,95,0.0,0.05,100,19,0,2,40,0,0,1,0.9563047559630355,-0.29237170472273666,-0.4,15.5,131
2026-02-09 20:00:00,85.70154208969113,-0.4,12.4,109,0.0,96,0.0,0.05,100,20,0,2,40,0,0,1,0.9455185755993168,-0.32556815445715664,-0.2,15.4,131
2026-02-09 21:00:00,81.72631139611491,-0.3,11.8,106,0.0,96,0.0,0.05,100,21,0,2,40,0,0,1,0.9612616959383189,-0.27563735581699905,0.10000000000000003,15.3,131
2026-02-09 22:00:00,77.39839799753871,-0.2,11.2,109,0.0,95,0.0,0.05,100,22,0,2,40,0,0,1,0.9455185755993168,-0.32556815445715664,0.3,15.2,131
2026-02-09 23:00:00,74.89717841729583,-0.2,9.9,115,0.0,96,0.0,0.05,100,23,0,2,40,0,0,1,0.90630778703665,-0.42261826174069933,0.2,15.2,131
2026-02-10 00:00:00,74.24697296205296,-0.1,9.2,116,0.0,96,0.0,0.05,100,0,1,2,41,0,0,1,0.8987940462991669,-0.4383711467890775,0.19999999999999998,15.1,132
2026-02-10 01:00:00,74.17791104597677,-0.1,8.2,116,0.0,96,0.0,0.05,100,1,1,2,41,0,0,1,0.8987940462991669,-0.4383711467890775,0.1,15.1,132
2026-02-10 02:00:00,74.50358521156721,-0.2,8.3,101,0.0,97,0.0,0.05,100,2,1,2,41,0,0,1,0.981627183447664,-0.1908089953765448,0.0,15.2,132
2026-02-10 03:00:00,75.97721000549102,-0.2,8.7,104,0.0,97,0.0,0.05,100,3,1,2,41,0,0,1,0.9702957262759965,-0.24192189559966779,-0.1,15.2,132
2026-02-10 04:00:00,78.95071066608146,-0.2,9.3,105,0.0,97,0.0,0.05,100,4,1,2,41,0,0,1,0.9659258262890683,-0.25881904510252085,-0.1,15.2,132
2026-02-10 05:00:00,86.19661516667193,-0.2,9.5,105,0.0,97,0.0,0.05,100,5,1,2,41,0,0,1,0.9659258262890683,-0.25881904510252085,0.0,15.2,132
2026-02-10 06:00:00,90.1711911797624,-0.1,10.0,104,0.0,97,0.0,0.05,100,6,1,2,41,0,0,1,0.9702957262759965,-0.24192189559966779,0.1,15.1,132
2026-02-10 07:00:00,90.8952961195195,-0.1,10.1,107,0.0,97,0.0,0.05,100,7,1,2,41,0,0,1,0.9563047559630355,-0.29237170472273666,0.1,15.1,132
2026-02-10 08:00:00,90.51897680510996,0.1,11.1,106,0.0,97,0.0,0.04,100,8,1,2,41,0,0,1,0.9612616959383189,-0.27563735581699905,0.30000000000000004,14.9,132
2026-02-10 09:00:00,86.94263720820042,0.1,11.5,107,0.0,97,0.0,0.04,100,9,1,2,41,0,0,1,0.9563047559630355,-0.29237170472273666,0.2,14.9,132
2026-02-10 10:00:00,85.21586130795755,0.2,12.5,102,12.0,97,0.0,0.04,100,10,1,2,41,0,0,1,0.9781476007338057,-0.20791169081775934,0.30000000000000004,14.8,132
2026-02-10 11:00:00,83.76346572271467,0.4,13.2,107,60.0,96,0.0,0.04,100,11,1,2,41,0,0,1,0.9563047559630355,-0.29237170472273666,0.30000000000000004,14.6,132
2026-02-10 12:00:00,81.27006069997181,0.6,14.4,113,124.0,95,0.0,0.04,100,12,1,2,41,0,0,1,0.9205048534524403,-0.39073112848927377,0.5,14.4,132
2026-02-10 13:00:00,81.84351621972893,0.9,14.0,112,140.0,94,0.0,0.04,100,13,1,2,41,0,0,1,0.9271838545667874,-0.37460659341591207,0.7,14.1,132
2026-02-10 14:00:00,80.74439237115273,1.0,14.9,107,131.0,92,0.0,0.04,100,14,1,2,41,0,0,1,0.9563047559630355,-0.29237170472273666,0.6,14.0,132
2026-02-10 15:00:00,84.11998952340986,0.9,15.5,100,211.0,92,0.0,0.04,100,15,1,2,41,0,0,1,0.984807753012208,-0.1736481776669303,0.30000000000000004,14.1,132
2026-02-10 16:00:00,88.13965922983364,0.7,15.3,94,197.0,93,0.0,0.04,100,16,1,2,41,0,0,1,0.9975640502598242,-0.06975647374412533,-0.20000000000000007,14.3,132
2026-02-10 17:00:00,90.08364222875744,0.4,16.1,96,115.0,94,0.0,0.04,100,17,1,2,41,0,0,1,0.9945218953682733,-0.10452846326765355,-0.6,14.6,132
2026-02-10 18:00:00,89.55885279434791,0.1,17.6,96,41.0,95,0.0,0.04,100,18,1,2,41,0,0,1,0.9945218953682733,-0.10452846326765355,-0.8,14.9,132
2026-02-10 19:00:00,88.05929599910503,-0.1,17.8,98,1.0,94,0.0,0.04,100,19,1,2,41,0,0,1,0.9902680687415704,-0.13917310096006535,-0.7999999999999999,15.1,132
2026-02-10 20:00:00,84.2586463871955,0.4,18.5,98,0.0,94,0.0,0.04,100,20,1,2,41,0,0,1,0.9902680687415704,-0.13917310096006535,0.0,14.6,132
2026-02-10 21:00:00,79.65626407028594,0.5,17.9,100,0.0,95,0.0,0.04,100,21,1,2,41,0,0,1,0.984807753012208,-0.1736481776669303,0.4,14.5,132
2026-02-10 22:00:00,75.40456182670974,0.4,17.7,102,0.0,95,0.0,0.04,100,22,1,2,41,0,0,1,0.9781476007338057,-0.20791169081775934,0.5,14.6,132
2026-02-10 23:00:00,73.82854591063355,0.6,17.2,104,0.0,96,0.0,0.04,100,23,1,2,41,0,0,1,0.9702957262759965,-0.24192189559966779,0.19999999999999996,14.4,132
2026-02-11 00:00:00,73.52810369955733,0.4,16.3,98,0.0,98,0.14,0.04,100,0,2,2,42,0,0,1,0.9902680687415704,-0.13917310096006535,-0.09999999999999998,14.6,133
2026-02-11 01:00:00,73.73487832181448,0.3,17.1,88,0.0,98,0.28,0.05,100,1,2,2,42,0,0,1,0.9993908270190958,0.03489949670250108,-0.10000000000000003,14.7,133
2026-02-11 02:00:00,74.25472973157159,0.3,18.2,85,0.0,99,0.21,0.04,100,2,2,2,42,0,0,1,0.9961946980917455,0.08715574274765814,-0.3,14.7,133
2026-02-11 03:00:00,75.38412055049538,0.3,17.3,82,0.0,99,0.07,0.04,100,3,2,2,42,0,0,1,0.9902680687415704,0.13917310096006547,-0.10000000000000003,14.7,133
2026-02-11 04:00:00,78.45998473191916,0.2,17.1,75,0.0,99,0.07,0.04,100,4,2,2,42,0,0,1,0.9659258262890683,0.25881904510252074,-0.09999999999999998,14.8,133
2026-02-11 05:00:00,85.23332107417627,0.2,17.6,70,0.0,98,0.07,0.04,100,5,2,2,42,0,0,1,0.9396926207859083,0.3420201433256688,-0.09999999999999998,14.8,133
2026-02-11 06:00:00,89.67691374976675,0.2,19.2,70,0.0,98,0.07,0.04,100,6,2,2,42,0,0,1,0.9396926207859083,0.3420201433256688,-0.09999999999999998,14.8,133
2026-02-11 07:00:00,91.6248323928572,0.2,18.5,72,0.0,98,0.07,0.04,100,7,2,2,42,0,0,1,0.9510565162951535,0.30901699437494745,0.0,14.8,133
2026-02-11 08:00:00,91.32570732511434,0.2,19.1,71,0.0,98,0.07,0.03,100,8,2,2,42,0,0,1,0.9455185755993167,0.32556815445715676,0.0,14.8,133
2026-02-11 09:00:00,89.07477543653813,0.2,19.3,70,0.0,98,0.07,0.03,100,9,2,2,42,0,0,1,0.9396926207859083,0.3420201433256688,0.0,14.8,133
2026-02-11 10:00:00,88.37347639310808,0.3,19.3,69,8.0,97,0.0,0.03,100,10,2,2,42,0,0,1,0.9335804264972017,0.3583679495453004,0.09999999999999998,14.7,133
2026-02-11 11:00:00,87.29077305076575,0.3,19.4,70,24.0,97,0.0,0.03,100,11,2,2,42,0,0,1,0.9396926207859083,0.3420201433256688,0.09999999999999998,14.7,133
2026-02-11 12:00:00,86.97365917675674,0.4,16.7,69,45.0,97,0.0,0.03,100,12,2,2,42,0,0,1,0.9335804264972017,0.3583679495453004,0.2,14.6,133
2026-02-11 13:00:00,86.95318691024772,0.5,18.1,67,56.0,97,0.0,0.03,100,13,2,2,42,0,0,1,0.9205048534524404,0.3907311284892737,0.2,14.5,133
2026-02-11 14:00:00,87.65094272707205,0.3,18.3,66,36.0,98,0.07,0.04,100,14,2,2,42,0,0,1,0.9135454576426009,0.4067366430758002,0.0,14.7,133
2026-02-11 15:00:00,89.1924590072297,0.3,17.6,67,57.0,98,0.21,0.04,100,15,2,2,42,0,0,1,0.9205048534524404,0.3907311284892737,-0.10000000000000003,14.7,133
2026-02-11 16:00:00,91.21572562322068,0.3,18.2,69,44.0,97,0.07,0.04,100,16,2,2,42,0,0,1,0.9335804264972017,0.3583679495453004,-0.2,14.7,133
2026-02-11 17:00:00,92.01650231337835,0.3,18.2,69,29.0,98,0.07,0.04,100,17,2,2,42,0,0,1,0.9335804264972017,0.3583679495453004,0.0,14.7,133
2026-02-11 18:00:00,90.01437692770266,0.3,19.2,73,10.0,98,0.07,0.04,100,18,2,2,42,0,0,1,0.9563047559630354,0.29237170472273677,0.0,14.7,133
2026-02-11 19:00:00,88.38681318036035,0.3,20.5,77,0.0,97,0.07,0.04,100,19,2,2,42,0,0,1,0.9743700647852352,0.22495105434386492,0.0,14.7,133
2026-02-11 20:00:00,84.98716973301799,0.3,20.4,78,0.0,98,0.07,0.04,100,20,2,2,42,0,0,1,0.9781476007338056,0.20791169081775945,0.0,14.7,133
2026-02-11 21:00:00,81.56025418650898,0.3,21.5,78,0.0,97,0.0,0.04,100,21,2,2,42,0,0,1,0.9781476007338056,0.20791169081775945,0.0,14.7,133
2026-02-11 22:00:00,78.10891486249997,0.3,23.0,80,0.0,97,0.0,0.04,100,22,2,2,42,0,0,1,0.984807753012208,0.17364817766693041,0.0,14.7,133
2026-02-11 23:00:00,75.25699931599098,0.3,22.2,81,0.0,97,0.0,0.04,100,23,2,2,42,0,0,1,0.9876883405951378,0.15643446504023092,0.0,14.7,133
2026-02-12 00:00:00,74.83031145281531,0.2,22.0,80,0.0,97,0.0,0.04,100,0,3,2,43,0,0,1,0.984807753012208,0.17364817766693041,-0.09999999999999998,14.8,134
2026-02-12 01:00:00,75.87255669380629,0.2,21.9,81,0.0,97,0.0,0.04,100,1,3,2,43,0,0,1,0.9876883405951378,0.15643446504023092,-0.09999999999999998,14.8,134
2026-02-12 02:00:00,75.93986231313062,0.3,21.6,79,0.0,98,0.07,0.03,100,2,3,2,43,0,0,1,0.981627183447664,0.19080899537654492,0.0,14.7,134
2026-02-12 03:00:00,77.63227018412161,0.2,21.8,80,0.0,98,0.14,0.04,100,3,3,2,43,0,0,1,0.984807753012208,0.17364817766693041,0.0,14.8,134
2026-02-12 04:00:00,80.30100183261258,0.2,22.4,78,0.0,98,0.35,0.04,100,4,3,2,43,0,0,1,0.9781476007338056,0.20791169081775945,0.0,14.8,134
2026-02-12 05:00:00,87.40214780360358,0.2,23.3,75,0.0,97,0.42,0.04,100,5,3,2,43,0,0,1,0.9659258262890683,0.25881904510252074,-0.09999999999999998,14.8,134
2026-02-12 06:00:00,92.02987451126126,0.2,24.3,73,0.0,97,0.49,0.05,100,6,3,2,43,0,0,1,0.9563047559630354,0.29237170472273677,0.0,14.8,134
2026-02-12 07:00:00,94.65030035808556,0.3,24.7,76,0.0,96,0.63,0.05,100,7,3,2,43,0,0,1,0.9702957262759965,0.24192189559966767,0.09999999999999998,14.7,134
2026-02-12 08:00:00,94.2034219649099,0.4,23.7,75,0.0,97,0.49,0.05,100,8,3,2,43,0,0,1,0.9659258262890683,0.25881904510252074,0.2,14.6,134
2026-02-12 09:00:00,91.62342889340088,0.4,25.5,74,0.0,97,0.56,0.06,100,9,3,2,43,0,0,1,0.9612616959383189,0.27563735581699916,0.2,14.6,134
2026-02-12 10:00:00,91.77643292189188,0.4,26.0,74,9.0,97,0.56,0.06,100,10,3,2,43,0,0,1,0.9612616959383189,0.27563735581699916,0.10000000000000003,14.6,134
2026-02-12 11:00:00,90.79559705788286,0.5,25.6,72,29.0,96,0.35,0.07,100,11,3,2,43,0,0,1,0.9510565162951535,0.30901699437494745,0.09999999999999998,14.5,134
2026-02-12 12:00:00,90.7471601897072,0.6,25.6,68,46.0,96,0.35,0.07,100,12,3,2,43,0,0,1,0.9271838545667874,0.37460659341591196,0.19999999999999996,14.4,134
2026-02-12 13:00:00,90.87578428319816,0.6,25.6,66,68.0,96,0.49,0.07,100,13,3,2,43,0,0,1,0.9135454576426009,0.4067366430758002,0.19999999999999996,14.4,134
2026-02-12 14:00:00,91.28023706168916,0.5,24.2,64,72.0,95,0.49,0.07,100,14,3,2,43,0,0,1,0.8987940462991669,0.43837114678907746,0.0,14.5,134
2026-02-12 15:00:00,91.17632765518016,0.4,24.6,62,69.0,95,0.56,0.07,100,15,3,2,43,0,0,1,0.8829475928589269,0.46947156278589086,-0.19999999999999996,14.6,134
2026-02-12 16:00:00,92.82104689200447,0.3,23.9,58,55.0,95,0.63,0.08,100,16,3,2,43,0,0,1,0.848048096156426,0.5299192642332049,-0.3,14.7,134
2026-02-12 17:00:00,94.5668465163288,0.3,23.6,55,56.0,94,0.42,0.08,100,17,3,2,43,0,0,1,0.8191520442889918,0.573576436351046,-0.2,14.7,134
2026-02-12 18:00:00,93.44242701565312,0.1,23.1,51,23.0,94,0.28,0.08,100,18,3,2,43,0,0,1,0.7771459614569709,0.6293203910498374,-0.30000000000000004,14.9,134
2026-02-12 19:00:00,90.91474652914413,-0.1,22.7,49,1.0,93,0.14,0.09,100,19,3,2,43,0,0,1,0.754709580222772,0.6560590289905073,-0.4,15.1,134
2026-02-12 20:00:00,87.88848665680179,-0.1,21.7,50,0.0,94,0.14,0.08,100,20,3,2,43,0,0,1,0.766044443118978,0.6427876096865394,-0.4,15.1,134
2026-02-12 21:00:00,83.71061287695944,-0.2,21.2,51,0.0,93,0.21,0.08,100,21,3,2,43,0,0,1,0.7771459614569709,0.6293203910498374,-0.30000000000000004,15.2,134
2026-02-12 22:00:00,79.98475659628376,-0.2,20.1,46,0.0,92,0.14,0.08,100,22,3,2,43,0,0,1,0.7193398003386511,0.6946583704589973,-0.1,15.2,134
2026-02-12 23:00:00,77.25796648144141,-0.4,20.0,43,0.0,92,0.14,0.08,100,23,3,2,43,0,0,1,0.6819983600624985,0.7313537016191705,-0.30000000000000004,15.4,134
2026-02-13 00:00:00,76.50668342909908,-0.6,19.1,43,0.0,91,0.07,0.08,100,0,4,2,44,0,0,1,0.6819983600624985,0.7313537016191705,-0.39999999999999997,15.6,135
2026-02-13 01:00:00,76.36383461925675,-0.8,18.0,46,0.0,90,0.0,0.08,100,1,4,2,44,0,0,1,0.7193398003386511,0.6946583704589973,-0.6000000000000001,15.8,135
2026-02-13 02:00:00,76.0923871144144,-0.9,18.3,44,0.0,90,0.0,0.08,100,2,4,2,44,0,0,1,0.6946583704589973,0.7193398003386512,-0.5,15.9,135
2026-02-13 03:00:00,78.31198839290538,-1.0,17.1,41,0.0,91,0.0,0.08,100,3,4,2,44,0,0,1,0.6560590289905073,0.754709580222772,-0.4,16.0,135
2026-02-13 04:00:00,82.4856565422297,-1.1,17.6,40,0.0,91,0.0,0.08,100,4,4,2,44,0,0,1,0.6427876096865393,0.766044443118978,-0.30000000000000004,16.1,135
2026-02-13 05:00:00,88.50456951405403,-1.2,18.9,41,0.0,90,0.0,0.08,100,5,4,2,44,0,0,1,0.6560590289905073,0.754709580222772,-0.29999999999999993,16.2,135
2026-02-13 06:00:00,93.48371805504502,-1.6,18.1,43,0.0,89,0.0,0.08,100,6,4,2,44,0,0,1,0.6819983600624985,0.7313537016191705,-0.6000000000000001,16.6,135
2026-02-13 07:00:00,96.82893901853602,-1.8,17.1,42,0.0,89,0.0,0.08,100,7,4,2,44,0,0,1,0.6691306063588582,0.7431448254773942,-0.7,16.8,135
2026-02-13 08:00:00,96.89265902619368,-2.0,17.8,39,0.0,90,0.0,0.07,100,8,4,2,44,0,0,1,0.6293203910498374,0.7771459614569709,-0.8,17.0,135
2026-02-13 09:00:00,95.05156254968468,-2.0,18.4,37,0.0,90,0.0,0.07,100,9,4,2,44,0,0,1,0.6018150231520483,0.7986355100472928,-0.3999999999999999,17.0,135
2026-02-13 10:00:00,93.64738367567566,-2.0,19.0,35,25.0,90,0.0,0.07,100,10,4,2,44,0,0,1,0.573576436351046,0.8191520442889918,-0.19999999999999996,17.0,135
2026-02-13 11:00:00,92.19542344749998,-2.2,19.7,34,82.0,88,0.0,0.07,100,11,4,2,44,0,0,1,0.5591929034707469,0.8290375725550417,-0.20000000000000018,17.2,135
2026-02-13 12:00:00,92.99482336599098,-2.2,20.0,33,158.0,87,0.0,0.07,100,12,4,2,44,0,0,1,0.5446390350150271,0.838670567945424,-0.20000000000000018,17.2,135
2026-02-13 13:00:00,94.22371776614862,-2.1,20.7,35,186.0,86,0.0,0.07,100,13,4,2,44,0,0,1,0.573576436351046,0.8191520442889918,-0.10000000000000009,17.1,135
2026-02-13 14:00:00,95.32977575963965,-1.6,19.3,35,203.0,83,0.0,0.08,100,14,4,2,44,0,0,1,0.573576436351046,0.8191520442889918,0.6000000000000001,16.6,135
2026-02-13 15:00:00,95.87597729729728,-1.8,18.1,35,197.0,84,0.0,0.08,100,15,4,2,44,0,0,1,0.573576436351046,0.8191520442889918,0.40000000000000013,16.8,135
2026-02-13 16:00:00,96.39872236328826,-2.1,17.8,34,129.0,87,0.0,0.08,100,16,4,2,44,0,0,1,0.5591929034707469,0.8290375725550417,0.0,17.1,135
2026-02-13 17:00:00,96.59245271344592,-2.3,16.4,30,84.0,88,0.0,0.08,100,17,4,2,44,0,0,1,0.49999999999999994,0.8660254037844387,-0.6999999999999997,17.3,135
2026-02-13 18:00:00,95.84210891027024,-2.5,16.1,30,37.0,88,0.0,0.08,100,18,4,2,44,0,0,1,0.49999999999999994,0.8660254037844387,-0.7,17.5,135
2026-02-13 19:00:00,94.69015905292792,-2.7,16.3,33,2.0,88,0.0,0.08,100,19,4,2,44,0,0,1,0.5446390350150271,0.838670567945424,-0.6000000000000001,17.7,135
2026-02-13 20:00:00,91.2128784214189,-3.0,16.7,37,0.0,90,0.0,0.08,100,20,4,2,44,0,0,1,0.6018150231520483,0.7986355100472928,-0.7000000000000002,18.0,135
2026-02-13 21:00:00,88.48590492490989,-3.0,17.1,36,0.0,89,0.0,0.08,100,21,4,2,44,0,0,1,0.5877852522924731,0.8090169943749475,-0.5,18.0,135
2026-02-13 22:00:00,85.25997620673421,-3.0,17.4,33,0.0,88,0.0,0.08,100,22,4,2,44,0,0,1,0.5446390350150271,0.838670567945424,-0.2999999999999998,18.0,135
2026-02-13 23:00:00,82.4828574552252,-3.3,16.8,31,0.0,89,0.0,0.08,100,23,4,2,44,0,0,1,0.5150380749100542,0.8571673007021123,-0.2999999999999998,18.3,135
2026-02-14 00:00:00,80.7594590937162,-3.4,15.8,32,0.0,89,0.0,0.08,100,0,5,2,45,1,0,1,0.5299192642332049,0.848048096156426,-0.3999999999999999,18.4,136
2026-02-14 01:00:00,81.34816648720718,-3.3,14.5,32,0.0,89,0.0,0.08,100,1,5,2,45,1,0,1,0.5299192642332049,0.848048096156426,-0.2999999999999998,18.3,136
2026-02-14 02:00:00,82.39083635236483,-4.0,12.4,22,0.0,89,0.0,0.08,100,2,5,2,45,1,0,1,0.374606593415912,0.9271838545667874,-0.7000000000000002,19.0,136
2026-02-14 03:00:00,82.78460315085583,-4.2,11.5,17,0.0,90,0.0,0.08,100,3,5,2,45,1,0,1,0.29237170472273677,0.9563047559630354,-0.8000000000000003,19.2,136
2026-02-14 04:00:00,85.20412787518015,-3.8,11.9,14,0.0,89,0.0,0.08,100,4,5,2,45,1,0,1,0.24192189559966773,0.9702957262759965,-0.5,18.8,136
2026-02-14 05:00:00,88.85356881783781,-3.6,12.4,10,0.0,90,0.0,0.08,100,5,5,2,45,1,0,1,0.17364817766693033,0.984807753012208,0.3999999999999999,18.6,136
2026-02-14 06:00:00,92.5308770663288,-3.5,12.3,11,0.0,90,0.0,0.08,100,6,5,2,45,1,0,1,0.1908089953765448,0.981627183447664,0.7000000000000002,18.5,136
2026-02-14 07:00:00,90.07790850815314,-3.3,12.5,18,0.0,89,0.0,0.08,100,7,5,2,45,1,0,1,0.3090169943749474,0.9510565162951535,0.5,18.3,136
2026-02-14 08:00:00,92.14962320414412,-4.2,13.2,10,0.0,90,0.0,0.07,100,8,5,2,45,1,0,1,0.17364817766693033,0.984807753012208,-0.6000000000000001,19.2,136
2026-02-14 09:00:00,96.37673823846846,-4.3,12.7,13,0.0,89,0.0,0.07,100,9,5,2,45,1,0,1,0.224951054343865,0.9743700647852352,-0.7999999999999998,19.3,136
2026-02-14 10:00:00,99.62444235945944,-3.8,12.4,22,29.0,87,0.0,0.07,100,10,5,2,45,1,0,1,0.374606593415912,0.9271838545667874,-0.5,18.8,136
2026-02-14 11:00:00,98.52306864545044,-3.6,12.1,25,105.0,83,0.0,0.07,100,11,5,2,45,1,0,1,0.42261826174069944,0.9063077870366499,0.6000000000000001,18.6,136
2026-02-14 12:00:00,92.6809487864414,-3.4,13.1,33,201.0,80,0.0,0.07,100,12,5,2,45,1,0,1,0.5446390350150271,0.838670567945424,0.8999999999999999,18.4,136
2026-02-14 13:00:00,88.22957011659908,-3.4,12.1,33,224.0,81,0.0,0.07,100,13,5,2,45,1,0,1,0.5446390350150271,0.838670567945424,0.3999999999999999,18.4,136
2026-02-14 14:00:00,86.6250600884234,-2.3,11.1,40,237.0,76,0.0,0.07,100,14,5,2,45,1,0,1,0.6427876096865393,0.766044443118978,1.3000000000000003,17.3,136
2026-02-14 15:00:00,89.22017628274773,-2.2,9.9,37,235.0,76,0.0,0.07,100,15,5,2,45,1,0,1,0.6018150231520483,0.7986355100472928,1.1999999999999997,17.2,136
2026-02-14 16:00:00,93.46902034040538,-2.3,8.2,29,167.0,76,0.0,0.07,100,16,5,2,45,1,0,1,0.48480962024633706,0.8746197071393957,1.1,17.3,136
2026-02-14 17:00:00,96.61712141889636,-2.5,7.7,24,120.0,75,0.0,0.07,100,17,5,2,45,1,0,1,0.4067366430758002,0.9135454576426009,-0.20000000000000018,17.5,136
2026-02-14 18:00:00,96.40418031988736,-2.7,4.0,3,48.0,81,0.0,0.07,100,18,5,2,45,1,0,1,0.052335956242943835,0.9986295347545738,-0.5,17.7,136
2026-02-14 19:00:00,95.86601115754505,-3.8,1.1,18,3.0,82,0.0,0.07,53,19,5,2,45,1,0,1,0.3090169943749474,0.9510565162951535,-1.5,18.8,136
2026-02-14 20:00:00,94.265132536036,-5.0,0.8,135,0.0,85,0.0,0.08,20,20,5,2,45,1,0,1,0.7071067811865476,-0.7071067811865475,-2.5,20.0,136
2026-02-14 21:00:00,91.51605158369368,-6.9,0.6,214,0.0,90,0.0,0.08,8,21,5,2,45,1,0,1,-0.5591929034707467,-0.8290375725550418,-4.2,21.9,136
2026-02-14 22:00:00,86.62307566385134,-8.2,2.5,225,0.0,94,0.0,0.08,4,22,5,2,45,1,0,1,-0.7071067811865475,-0.7071067811865477,-4.3999999999999995,23.2,136
2026-02-14 23:00:00,84.36884211734233,-9.2,3.7,241,0.0,95,0.0,0.08,5,23,5,2,45,1,0,1,-0.874619707139396,-0.48480962024633684,-4.199999999999999,24.2,136
2026-02-15 00:00:00,83.29299125166665,-9.6,3.7,223,0.0,95,0.0,0.08,2,0,6,2,46,1,0,1,-0.6819983600624984,-0.7313537016191706,-2.6999999999999993,24.6,137
2026-02-15 01:00:00,83.71843678765765,-9.9,3.9,214,0.0,93,0.0,0.08,1,1,6,2,46,1,0,1,-0.5591929034707467,-0.8290375725550418,-1.700000000000001,24.9,137
2026-02-15 02:00:00,84.88541293114861,-10.4,5.2,194,0.0,93,0.0,0.08,98,2,6,2,46,1,0,1,-0.2419218955996675,-0.9702957262759965,-1.200000000000001,25.4,137
2026-02-15 03:00:00,86.68344484963961,-10.8,7.9,196,0.0,92,0.0,0.08,98,3,6,2,46,1,0,1,-0.275637355816999,-0.9612616959383189,-1.200000000000001,25.8,137
2026-02-15 04:00:00,87.80778354063061,-10.3,7.8,185,0.0,93,0.0,0.08,100,4,6,2,46,1,0,1,-0.08715574274765794,-0.9961946980917455,-0.40000000000000036,25.3,137
2026-02-15 05:00:00,90.5569918441216,-10.4,9.2,179,0.0,93,0.0,0.08,100,5,6,2,46,1,0,1,0.01745240643728344,-0.9998476951563913,0.0,25.4,137
2026-02-15 06:00:00,94.0836017951126,-9.6,10.8,170,0.0,93,0.0,0.08,79,6,6,2,46,1,0,1,0.17364817766693028,-0.984807753012208,1.200000000000001,24.6,137
2026-02-15 07:00:00,100.70852791860358,-8.1,12.5,174,0.0,89,0.0,0.08,98,7,6,2,46,1,0,1,0.10452846326765373,-0.9945218953682733,2.200000000000001,23.1,137
2026-02-15 08:00:00,102.81544684959458,-6.8,13.8,154,0.0,89,0.0,0.08,99,8,6,2,46,1,0,1,0.4383711467890773,-0.898794046299167,3.6000000000000005,21.8,137
2026-02-15 09:00:00,98.23833717058557,-5.9,13.7,166,1.0,85,0.0,0.08,99,9,6,2,46,1,0,1,0.24192189559966773,-0.9702957262759965,3.6999999999999993,20.9,137
2026-02-15 10:00:00,94.63413549657656,-5.9,14.6,164,42.0,85,0.0,0.08,94,10,6,2,46,1,0,1,0.2756373558169992,-0.9612616959383189,2.1999999999999993,20.9,137
2026-02-15 11:00:00,90.92351174340088,-5.3,13.1,164,149.0,85,0.0,0.08,100,11,6,2,46,1,0,1,0.2756373558169992,-0.9612616959383189,1.5,20.3,137
2026-02-15 12:00:00,89.79701885189188,-4.9,12.7,159,252.0,85,0.0,0.08,100,12,6,2,46,1,0,1,0.3583679495453002,-0.9335804264972017,1.0,19.9,137
2026-02-15 13:00:00,87.66995599204952,-4.2,13.9,156,298.0,85,0.0,0.08,100,13,6,2,46,1,0,1,0.40673664307580043,-0.9135454576426008,1.7000000000000002,19.2,137
2026-02-15 14:00:00,88.26968622554051,-3.3,14.5,150,285.0,83,0.0,0.08,100,14,6,2,46,1,0,1,0.49999999999999994,-0.8660254037844387,2.0,18.3,137
2026-02-15 15:00:00,91.08337314153152,-3.1,14.6,146,274.0,83,0.0,0.08,100,15,6,2,46,1,0,1,0.5591929034707469,-0.8290375725550416,1.8000000000000003,18.1,137
2026-02-15 16:00:00,94.82149420585584,-3.2,15.8,133,243.0,83,0.0,0.08,100,16,6,2,46,1,0,1,0.7313537016191706,-0.6819983600624984,1.0,18.2,137
2026-02-15 17:00:00,98.4445646310135,-3.5,18.9,131,152.0,82,0.0,0.08,100,17,6,2,46,1,0,1,0.7547095802227721,-0.6560590289905072,-0.20000000000000018,18.5,137
2026-02-15 18:00:00,97.97636560367116,-4.1,19.9,135,66.0,83,0.0,0.08,71,18,6,2,46,1,0,1,0.7071067811865476,-0.7071067811865475,-0.9999999999999996,19.1,137
2026-02-15 19:00:00,96.87547501216213,-4.6,21.0,135,5.0,83,0.0,0.08,98,19,6,2,46,1,0,1,0.7071067811865476,-0.7071067811865475,-1.3999999999999995,19.6,137
2026-02-15 20:00:00,93.15118711815312,-4.4,23.8,133,0.0,83,0.0,0.08,100,20,6,2,46,1,0,1,0.7313537016191706,-0.6819983600624984,-0.9000000000000004,19.4,137
2026-02-15 21:00:00,89.69489139081078,-4.6,24.7,134,0.0,83,0.0,0.08,100,21,6,2,46,1,0,1,0.7193398003386511,-0.6946583704589974,-0.5,19.6,137
2026-02-15 22:00:00,84.88891728596845,-4.4,25.7,134,0.0,83,0.0,0.08,100,22,6,2,46,1,0,1,0.7193398003386511,-0.6946583704589974,0.1999999999999993,19.4,137
2026-02-15 23:00:00,82.6613249436261,-4.2,25.5,138,0.0,82,0.0,0.08,100,23,6,2,46,1,0,1,0.6691306063588585,-0.743144825477394,0.20000000000000018,19.2,137
2026-02-16 00:00:00,81.9835281771171,-4.0,24.3,141,0.0,83,0.0,0.08,100,0,0,2,47,0,0,1,0.6293203910498374,-0.7771459614569709,0.5999999999999996,19.0,138
2026-02-16 01:00:00,82.41484488727475,-3.9,23.1,138,0.0,83,0.0,0.08,100,1,0,2,47,0,0,1,0.6691306063588585,-0.743144825477394,0.5000000000000004,18.9,138
2026-02-16 02:00:00,83.21177575576573,-3.8,23.2,128,0.0,82,0.0,0.08,100,2,0,2,47,0,0,1,0.788010753606722,-0.6156614753256583,0.40000000000000036,18.8,138
2026-02-16 03:00:00,84.38177109425672,-3.8,23.8,126,0.0,82,0.0,0.08,100,3,0,2,47,0,0,1,0.8090169943749475,-0.587785252292473,0.20000000000000018,18.8,138
2026-02-16 04:00:00,88.11319379274772,-4.0,24.3,123,0.0,82,0.0,0.08,100,4,0,2,47,0,0,1,0.838670567945424,-0.5446390350150272,-0.10000000000000009,19.0,138
2026-02-16 05:00:00,95.04079057207204,-4.1,25.5,125,0.0,83,0.07,0.08,100,5,0,2,47,0,0,1,0.8191520442889917,-0.5735764363510462,-0.2999999999999998,19.1,138
2026-02-16 06:00:00,99.69005560639636,-4.2,25.5,127,0.0,83,0.07,0.08,100,6,0,2,47,0,0,1,0.7986355100472927,-0.6018150231520484,-0.40000000000000036,19.2,138
2026-02-16 07:00:00,102.41690726905402,-4.3,23.9,131,0.0,84,0.07,0.08,100,7,0,2,47,0,0,1,0.7547095802227721,-0.6560590289905072,-0.2999999999999998,19.3,138
2026-02-16 08:00:00,101.73428906254505,-4.2,22.8,129,0.0,86,0.14,0.07,100,8,0,2,47,0,0,1,0.777145961456971,-0.6293203910498373,-0.10000000000000053,19.2,138
2026-02-16 09:00:00,98.90727256270269,-4.4,23.5,124,1.0,86,0.14,0.08,100,9,0,2,47,0,0,1,0.8290375725550417,-0.5591929034707467,-0.20000000000000018,19.4,138
2026-02-16 10:00:00,96.80217807869366,-4.6,22.8,125,27.0,86,0.07,0.08,100,10,0,2,47,0,0,1,0.8191520442889917,-0.5735764363510462,-0.2999999999999998,19.6,138
2026-02-16 11:00:00,95.23048672468468,-4.4,20.5,125,79.0,87,0.07,0.08,100,11,0,2,47,0,0,1,0.8191520442889917,-0.5735764363510462,-0.20000000000000018,19.4,138
2026-02-16 12:00:00,95.274174451509,-4.1,20.5,124,133.0,86,0.07,0.08,100,12,0,2,47,0,0,1,0.8290375725550417,-0.5591929034707467,0.3000000000000007,19.1,138
2026-02-16 13:00:00,96.12952545499998,-3.7,23.9,122,186.0,84,0.07,0.08,100,13,0,2,47,0,0,1,0.8480480961564261,-0.5299192642332048,0.8999999999999995,18.7,138
2026-02-16 14:00:00,97.45553516432427,-3.7,24.2,118,173.0,86,0.07,0.08,100,14,0,2,47,0,0,1,0.8829475928589269,-0.4694715627858909,0.7000000000000002,18.7,138
2026-02-16 15:00:00,98.4314877628153,-3.7,21.9,117,119.0,87,0.07,0.09,100,15,0,2,47,0,0,1,0.8910065241883679,-0.45399049973954675,0.39999999999999947,18.7,138
2026-02-16 16:00:00,100.03248466297296,-3.5,21.8,116,117.0,88,0.07,0.09,100,16,0,2,47,0,0,1,0.8987940462991669,-0.4383711467890775,0.20000000000000018,18.5,138
2026-02-16 17:00:00,101.0769998556306,-3.5,20.0,113,56.0,89,0.07,0.09,100,17,0,2,47,0,0,1,0.9205048534524403,-0.39073112848927377,0.20000000000000018,18.5,138
2026-02-16 18:00:00,100.12299978745492,-3.6,20.2,114,26.0,90,0.07,0.09,100,18,0,2,47,0,0,1,0.9135454576426009,-0.40673664307580026,0.10000000000000009,18.6,138
2026-02-16 19:00:00,99.2227785184459,-3.5,19.7,118,3.0,90,0.0,0.09,100,19,0,2,47,0,0,1,0.8829475928589269,-0.4694715627858909,0.0,18.5,138
2026-02-16 20:00:00,95.54650415860355,-3.3,19.5,119,0.0,89,0.0,0.09,100,20,0,2,47,0,0,1,0.8746197071393959,-0.484809620246337,0.20000000000000018,18.3,138
2026-02-16 21:00:00,90.21704003126123,-3.2,18.8,117,0.0,89,0.0,0.09,100,21,0,2,47,0,0,1,0.8910065241883679,-0.45399049973954675,0.3999999999999999,18.2,138
2026-02-16 22:00:00,86.54194289558556,-3.2,18.5,118,0.0,89,0.0,0.09,100,22,0,2,47,0,0,1,0.8829475928589269,-0.4694715627858909,0.2999999999999998,18.2,138
2026-02-16 23:00:00,83.78972189240989,-3.1,19.4,117,0.0,89,0.0,0.09,100,23,0,2,47,0,0,1,0.8910065241883679,-0.45399049973954675,0.19999999999999973,18.1,138
2026-02-17 00:00:00,82.58686381923421,-3.2,18.2,120,0.0,89,0.0,0.09,100,0,1,2,48,0,0,0,0.8660254037844387,-0.49999999999999983,0.0,18.2,139
2026-02-17 01:00:00,82.92517631355852,-3.2,15.3,121,0.0,89,0.0,0.09,100,1,1,2,48,0,0,0,0.8571673007021123,-0.5150380749100543,0.0,18.2,139
2026-02-17 02:00:00,84.14668414704953,-3.4,18.0,109,0.0,91,0.0,0.09,99,2,1,2,48,0,0,0,0.9455185755993168,-0.32556815445715664,-0.2999999999999998,18.4,139
2026-02-17 03:00:00,85.76818580554051,-3.8,16.1,121,0.0,91,0.0,0.09,100,3,1,2,48,0,0,0,0.8571673007021123,-0.5150380749100543,-0.5999999999999996,18.8,139
2026-02-17 04:00:00,88.61406038486483,-3.8,14.9,120,0.0,91,0.0,0.09,100,4,1,2,48,0,0,0,0.8660254037844387,-0.49999999999999983,-0.5999999999999996,18.8,139
2026-02-17 05:00:00,94.93510713585582,-3.6,15.6,114,0.0,91,0.07,0.09,100,5,1,2,48,0,0,0,0.9135454576426009,-0.40673664307580026,-0.20000000000000018,18.6,139
2026-02-17 06:00:00,99.66188056601348,-3.6,14.5,121,0.0,91,0.07,0.09,99,6,1,2,48,0,0,0,0.8571673007021123,-0.5150380749100543,0.19999999999999973,18.6,139
2026-02-17 07:00:00,101.65926923950448,-3.7,14.5,122,0.0,91,0.0,0.09,100,7,1,2,48,0,0,0,0.8480480961564261,-0.5299192642332048,0.09999999999999964,18.7,139
2026-02-17 08:00:00,101.30685166549544,-3.5,16.6,113,0.0,91,0.0,0.07,100,8,1,2,48,0,0,0,0.9205048534524403,-0.39073112848927377,0.10000000000000009,18.5,139
2026-02-17 09:00:00,98.53350256148646,-3.7,15.7,120,1.0,91,0.35,0.07,100,9,1,2,48,0,0,0,0.8660254037844387,-0.49999999999999983,-0.10000000000000009,18.7,139
2026-02-17 10:00:00,96.80499536914412,-3.7,15.0,123,19.0,91,0.56,0.08,100,10,1,2,48,0,0,0,0.838670567945424,-0.5446390350150272,0.0,18.7,139
2026-02-17 11:00:00,96.13950932013512,-3.5,15.4,122,47.0,91,0.42,0.08,100,11,1,2,48,0,0,0,0.8480480961564261,-0.5299192642332048,0.0,18.5,139
2026-02-17 12:00:00,96.1079259011261,-3.2,14.3,119,80.0,91,0.14,0.08,100,12,1,2,48,0,0,0,0.8746197071393959,-0.484809620246337,0.5,18.2,139
2026-02-17 13:00:00,96.35536093461708,-2.8,14.4,114,126.0,91,0.14,0.09,100,13,1,2,48,0,0,0,0.9135454576426009,-0.40673664307580026,0.9000000000000004,17.8,139
2026-02-17 14:00:00,96.35552831060808,-2.8,15.9,112,131.0,91,0.07,0.09,100,14,1,2,48,0,0,0,0.9271838545667874,-0.37460659341591207,0.7000000000000002,17.8,139
2026-02-17 15:00:00,98.34636367826572,-2.7,15.9,116,120.0,91,0.0,0.09,100,15,1,2,48,0,0,0,0.8987940462991669,-0.4383711467890775,0.5,17.7,139
2026-02-17 16:00:00,99.92195332925672,-2.7,14.6,109,101.0,92,0.0,0.09,100,16,1,2,48,0,0,0,0.9455185755993168,-0.32556815445715664,0.09999999999999964,17.7,139
2026-02-17 17:00:00,101.0825762894144,-2.5,14.0,102,69.0,91,0.07,0.1,100,17,1,2,48,0,0,0,0.9781476007338057,-0.20791169081775934,0.2999999999999998,17.5,139
2026-02-17 18:00:00,99.39566052540538,-2.6,13.5,91,24.0,92,0.07,0.1,100,18,1,2,48,0,0,0,0.9998476951563913,-0.017452406437283477,0.10000000000000009,17.6,139
2026-02-17 19:00:00,97.52100876556304,-2.6,15.1,91,3.0,92,0.0,0.1,100,19,1,2,48,0,0,0,0.9998476951563913,-0.017452406437283477,0.10000000000000009,17.6,139
2026-02-17 20:00:00,94.09434408238737,-2.7,15.9,86,0.0,92,0.0,0.1,100,20,1,2,48,0,0,0,0.9975640502598242,0.06975647374412523,-0.20000000000000018,17.7,139
2026-02-17 21:00:00,90.09112961671168,-2.8,13.0,73,0.0,91,0.0,0.1,100,21,1,2,48,0,0,0,0.9563047559630354,0.29237170472273677,-0.19999999999999973,17.8,139
2026-02-17 22:00:00,85.28944998686933,-2.9,11.5,61,0.0,92,0.0,0.1,100,22,1,2,48,0,0,0,0.8746197071393957,0.4848096202463371,-0.2999999999999998,17.9,139
2026-02-17 23:00:00,82.99712310702701,-3.1,10.3,47,0.0,92,0.07,0.1,100,23,1,2,48,0,0,0,0.7313537016191705,0.6819983600624985,-0.3999999999999999,18.1,139
2026-02-18 00:00:00,82.09385488718466,-3.1,8.0,27,0.0,93,0.07,0.1,100,0,2,2,49,0,0,0,0.4539904997395468,0.8910065241883679,-0.30000000000000027,18.1,140
2026-02-18 01:00:00,81.97473445484232,-3.2,7.7,12,0.0,94,0.07,0.1,100,1,2,2,49,0,0,0,0.20791169081775934,0.9781476007338057,-0.30000000000000027,18.2,140
2026-02-18 02:00:00,83.51280354916665,-3.0,8.8,23,0.0,95,0.07,0.1,100,2,2,2,49,0,0,0,0.39073112848927377,0.9205048534524404,0.10000000000000009,18.0,140
2026-02-18 03:00:00,85.6842223993243,-3.0,9.4,12,0.0,94,0.07,0.1,100,3,2,2,49,0,0,0,0.20791169081775934,0.9781476007338057,0.10000000000000009,18.0,140
2026-02-18 04:00:00,89.5833115253153,-3.5,8.9,6,0.0,93,0.07,0.1,52,4,2,2,49,0,0,0,0.10452846326765347,0.9945218953682733,-0.2999999999999998,18.5,140
2026-02-18 05:00:00,97.20955517213962,-4.9,8.0,352,0.0,94,0.0,0.11,3,5,2,2,49,0,0,0,-0.13917310096006588,0.9902680687415703,-1.9000000000000004,19.9,140
2026-02-18 06:00:00,103.46563138979728,-7.3,7.5,349,0.0,94,0.0,0.11,2,6,2,2,49,0,0,0,-0.19080899537654467,0.981627183447664,-4.3,22.3,140
2026-02-18 07:00:00,106.38550503328828,-8.7,7.1,345,0.0,94,0.0,0.11,48,7,2,2,49,0,0,0,-0.2588190451025207,0.9659258262890683,-5.199999999999999,23.7,140
2026-02-18 08:00:00,104.71339362094592,-9.8,5.2,331,0.0,93,0.0,0.09,97,8,2,2,49,0,0,0,-0.4848096202463369,0.8746197071393959,-4.9,24.8,140
2026-02-18 09:00:00,100.20798247027024,-10.6,6.4,315,2.0,92,0.0,0.09,100,9,2,2,49,0,0,0,-0.7071067811865477,0.7071067811865474,-3.3,25.6,140
2026-02-18 10:00:00,92.56346134376123,-10.4,6.6,303,58.0,93,0.0,0.09,100,10,2,2,49,0,0,0,-0.8386705679454243,0.5446390350150266,-1.700000000000001,25.4,140
2026-02-18 11:00:00,88.20981636975222,-8.9,4.1,255,147.0,94,0.0,0.09,100,11,2,2,49,0,0,0,-0.9659258262890683,-0.25881904510252063,0.9000000000000004,23.9,140
2026-02-18 12:00:00,83.63040813407655,-6.6,4.1,236,251.0,92,0.0,0.09,100,12,2,2,49,0,0,0,-0.8290375725550418,-0.5591929034707466,4.0,21.6,140
2026-02-18 13:00:00,81.30443389506753,-4.1,5.6,239,302.0,91,0.0,0.09,100,13,2,2,49,0,0,0,-0.8571673007021121,-0.5150380749100544,6.300000000000001,19.1,140
2026-02-18 14:00:00,81.16932094105854,-2.2,7.4,209,303.0,77,0.0,0.1,2,14,2,2,49,0,0,0,-0.48480962024633695,-0.8746197071393959,6.7,17.2,140
2026-02-18 15:00:00,84.72014604954951,-2.0,6.9,223,392.0,77,0.0,0.1,0,15,2,2,49,0,0,0,-0.6819983600624984,-0.7313537016191706,4.6,17.0,140
2026-02-18 16:00:00,91.5207476705405,-2.0,5.7,238,330.0,78,0.0,0.1,0,16,2,2,49,0,0,0,-0.848048096156426,-0.529919264233205,2.0999999999999996,17.0,140
2026-02-18 17:00:00,99.09810639569818,-3.0,4.5,236,226.0,83,0.0,0.1,0,17,2,2,49,0,0,0,-0.8290375725550418,-0.5591929034707466,-0.7999999999999998,18.0,140
2026-02-18 18:00:00,102.17481692002252,-5.0,3.2,227,102.0,86,0.0,0.1,16,18,2,2,49,0,0,0,-0.7313537016191703,-0.6819983600624986,-3.0,20.0,140
2026-02-18 19:00:00,96.9295851460135,-6.7,2.3,198,9.0,90,0.0,0.1,4,19,2,2,49,0,0,0,-0.3090169943749473,-0.9510565162951536,-4.7,21.7,140
2026-02-18 20:00:00,93.35099568367114,-6.7,0.9,233,0.0,89,0.0,0.1,0,20,2,2,49,0,0,0,-0.7986355100472928,-0.6018150231520483,-3.7,21.7,140
2026-02-18 21:00:00,89.74693103132881,-7.8,0.2,90,0.0,95,0.0,0.1,0,21,2,2,49,0,0,0,1.0,6.123233995736766e-17,-2.8,22.8,140
2026-02-18 22:00:00,86.76587457731979,-9.0,2.0,80,0.0,97,0.0,0.1,0,22,2,2,49,0,0,0,0.984807753012208,0.17364817766693041,-2.3,24.0,140
2026-02-18 23:00:00,85.64117729664412,-10.1,4.3,105,0.0,97,0.0,0.1,5,23,2,2,49,0,0,0,0.9659258262890683,-0.25881904510252085,-3.3999999999999995,25.1,140
2026-02-19 00:00:00,86.09043234013511,-11.0,6.9,127,0.0,94,0.0,0.1,100,0,3,2,50,0,0,0,0.7986355100472927,-0.6018150231520484,-3.2,26.0,141
2026-02-19 01:00:00,86.6446678061261,-11.1,8.1,141,0.0,92,0.0,0.1,96,1,3,2,50,0,0,0,0.6293203910498374,-0.7771459614569709,-2.0999999999999996,26.1,141
2026-02-19 02:00:00,87.64111273378377,-12.3,9.8,154,0.0,91,0.0,0.1,98,2,3,2,50,0,0,0,0.4383711467890773,-0.898794046299167,-2.200000000000001,27.3,141
2026-02-19 03:00:00,89.38641398810807,-11.8,8.1,127,0.0,90,0.0,0.1,97,3,3,2,50,0,0,0,0.7986355100472927,-0.6018150231520484,-0.8000000000000007,26.8,141
2026-02-19 04:00:00,93.36488207576576,-11.8,9.2,111,0.0,89,0.0,0.1,100,4,3,2,50,0,0,0,0.9335804264972017,-0.35836794954530027,-0.7000000000000011,26.8,141
2026-02-19 05:00:00,100.17319310509006,-11.4,10.3,113,0.0,89,0.0,0.1,100,5,3,2,50,0,0,0,0.9205048534524403,-0.39073112848927377,0.9000000000000004,26.4,141
2026-02-19 06:00:00,105.42168534608103,-10.8,11.0,108,0.0,93,0.0,0.1,100,6,3,2,50,0,0,0,0.9510565162951536,-0.30901699437494734,1.0,25.8,141
2026-02-19 07:00:00,108.19650502207205,-10.1,10.7,113,0.0,91,0.0,0.1,100,7,3,2,50,0,0,0,0.9205048534524403,-0.39073112848927377,1.700000000000001,25.1,141
2026-02-19 08:00:00,104.76767590639636,-10.1,10.5,115,0.0,89,0.0,0.09,100,8,3,2,50,0,0,0,0.90630778703665,-0.42261826174069933,1.3000000000000007,25.1,141
2026-02-19 09:00:00,97.05721357405405,-9.9,10.3,103,3.0,91,0.0,0.09,100,9,3,2,50,0,0,0,0.9743700647852352,-0.22495105434386503,0.9000000000000004,24.9,141
2026-02-19 10:00:00,92.278849277545,-8.6,10.8,85,68.0,92,0.0,0.09,99,10,3,2,50,0,0,0,0.9961946980917455,0.08715574274765814,1.5,23.6,141
2026-02-19 11:00:00,90.39924569020268,-6.0,12.0,83,185.0,91,0.0,0.09,100,11,3,2,50,0,0,0,0.992546151641322,0.12186934340514749,4.1,21.0,141
2026-02-19 12:00:00,87.59575885952701,-3.7,14.4,89,281.0,89,0.0,0.09,100,12,3,2,50,0,0,0,0.9998476951563913,0.0174524064372836,6.2,18.7,141
2026-02-19 13:00:00,88.44769660801799,-2.8,19.2,96,300.0,88,0.0,0.09,100,13,3,2,50,0,0,0,0.9945218953682733,-0.10452846326765355,5.8,17.8,141
2026-02-19 14:00:00,89.72201006067564,-2.2,18.1,95,255.0,88,0.0,0.1,100,14,3,2,50,0,0,0,0.9961946980917455,-0.08715574274765824,3.8,17.2,141
2026-02-19 15:00:00,92.27356495916663,-2.2,17.1,92,253.0,88,0.0,0.1,99,15,3,2,50,0,0,0,0.9993908270190958,-0.034899496702500955,1.5,17.2,141
2026-02-19 16:00:00,98.23148978182432,-2.3,17.8,91,240.0,87,0.0,0.1,100,16,3,2,50,0,0,0,0.9998476951563913,-0.017452406437283477,0.5,17.3,141
2026-02-19 17:00:00,100.88323881281528,-2.7,16.4,87,169.0,88,0.0,0.1,100,17,3,2,50,0,0,0,0.9986295347545738,0.052335956242943966,-0.5,17.7,141
2026-02-19 18:00:00,99.51775660630628,-3.3,15.2,86,92.0,86,0.0,0.1,99,18,3,2,50,0,0,0,0.9975640502598242,0.06975647374412523,-1.0999999999999996,18.3,141
2026-02-19 19:00:00,98.62035471063062,-3.8,15.8,83,10.0,88,0.0,0.1,99,19,3,2,50,0,0,0,0.992546151641322,0.12186934340514749,-1.5,18.8,141
2026-02-19 20:00:00,96.09634085995494,-4.2,14.2,91,0.0,90,0.0,0.11,100,20,3,2,50,0,0,0,0.9998476951563913,-0.017452406437283477,-1.5,19.2,141
2026-02-19 21:00:00,91.5175688551126,-4.1,13.8,98,0.0,90,0.0,0.11,100,21,3,2,50,0,0,0,0.9902680687415704,-0.13917310096006535,-0.7999999999999998,19.1,141
2026-02-19 22:00:00,87.79125271110358,-4.0,15.3,99,0.0,90,0.0,0.11,100,22,3,2,50,0,0,0,0.9876883405951378,-0.1564344650402308,-0.20000000000000018,19.0,141
2026-02-19 23:00:00,85.59020061959457,-4.1,16.4,99,0.0,89,0.0,0.11,100,23,3,2,50,0,0,0,0.9876883405951378,-0.1564344650402308,0.10000000000000053,19.1,141
2026-02-20 00:00:00,85.51390391891888,-4.2,16.5,106,0.0,90,0.0,0.11,100,0,4,2,51,0,0,0,0.9612616959383189,-0.27563735581699905,-0.10000000000000053,19.2,142
2026-02-20 01:00:00,86.07021399490988,-4.3,16.1,120,0.0,90,0.0,0.11,100,1,4,2,51,0,0,0,0.8660254037844387,-0.49999999999999983,-0.2999999999999998,19.3,142
2026-02-20 02:00:00,87.65192888173422,-4.6,16.4,133,0.0,92,0.0,0.11,100,2,4,2,51,0,0,0,0.7313537016191706,-0.6819983600624984,-0.5,19.6,142
2026-02-20 03:00:00,89.19497130522521,-5.1,15.7,134,0.0,91,0.0,0.11,100,3,4,2,51,0,0,0,0.7193398003386511,-0.6946583704589974,-0.8999999999999995,20.1,142
2026-02-20 04:00:00,92.56972479788288,-5.6,16.6,131,0.0,90,0.0,0.11,100,4,4,2,51,0,0,0,0.7547095802227721,-0.6560590289905072,-1.2999999999999998,20.6,142
2026-02-20 05:00:00,97.31582332387384,-5.8,17.2,135,0.0,88,0.0,0.11,100,5,4,2,51,0,0,0,0.7071067811865476,-0.7071067811865475,-1.2000000000000002,20.8,142
2026-02-20 06:00:00,101.81399104486484,-6.0,16.4,137,0.0,87,0.0,0.11,100,6,4,2,51,0,0,0,0.6819983600624986,-0.7313537016191705,-0.9000000000000004,21.0,142
2026-02-20 07:00:00,105.01532611335584,-6.1,16.4,142,0.0,85,0.0,0.11,100,7,4,2,51,0,0,0,0.6156614753256584,-0.7880107536067219,-0.5,21.1,142
2026-02-20 08:00:00,104.73556400268016,-5.3,19.5,151,0.0,85,0.0,0.09,100,8,4,2,51,0,0,0,0.48480962024633717,-0.8746197071393957,0.5,20.3,142
2026-02-20 09:00:00,99.4819948228378,-5.1,20.4,159,3.0,84,0.0,0.09,100,9,4,2,51,0,0,0,0.3583679495453002,-0.9335804264972017,0.9000000000000004,20.1,142
2026-02-20 10:00:00,95.5297572738288,-4.8,23.0,156,56.0,82,0.0,0.09,100,10,4,2,51,0,0,0,0.40673664307580043,-0.9135454576426008,1.2999999999999998,19.8,142
2026-02-20 11:00:00,92.60353506898647,-4.3,25.2,157,137.0,80,0.0,0.09,100,11,4,2,51,0,0,0,0.39073112848927377,-0.9205048534524404,1.0,19.3,142
2026-02-20 12:00:00,88.92789648081079,-3.5,22.2,157,238.0,79,0.0,0.09,100,12,4,2,51,0,0,0,0.39073112848927377,-0.9205048534524404,1.5999999999999996,18.5,142
2026-02-20 13:00:00,89.47890161430178,-2.9,20.9,157,318.0,79,0.0,0.09,100,13,4,2,51,0,0,0,0.39073112848927377,-0.9205048534524404,1.9,17.9,142
2026-02-20 14:00:00,93.43644854279276,-1.6,19.8,158,312.0,80,0.0,0.1,100,14,4,2,51,0,0,0,0.37460659341591224,-0.9271838545667873,2.6999999999999997,16.6,142
2026-02-20 15:00:00,96.63537456961708,-1.2,20.8,162,200.0,82,0.0,0.1,100,15,4,2,51,0,0,0,0.3090169943749475,-0.9510565162951535,2.3,16.2,142
2026-02-20 16:00:00,98.52959299810809,-0.6,21.6,180,149.0,74,0.0,0.1,100,16,4,2,51,0,0,0,1.2246467991473532e-16,-1.0,2.3,15.6,142
2026-02-20 17:00:00,98.47526924909909,-0.5,20.7,187,52.0,82,0.21,0.1,100,17,4,2,51,0,0,0,-0.12186934340514731,-0.9925461516413221,1.1,15.5,142
2026-02-20 18:00:00,95.07343445259008,-0.3,20.8,192,24.0,88,0.14,0.1,100,18,4,2,51,0,0,0,-0.2079116908177595,-0.9781476007338056,0.8999999999999999,15.3,142
2026-02-20 19:00:00,93.12252517774772,0.0,20.7,190,3.0,91,0.14,0.1,100,19,4,2,51,0,0,0,-0.17364817766693047,-0.984807753012208,0.6,15.0,142
2026-02-20 20:00:00,89.91989394873872,0.3,20.6,189,0.0,92,0.07,0.11,100,20,4,2,51,0,0,0,-0.15643446504023073,-0.9876883405951378,0.8,14.7,142
2026-02-20 21:00:00,85.04297344639637,0.7,20.9,191,0.0,95,0.14,0.11,100,21,4,2,51,0,0,0,-0.19080899537654472,-0.981627183447664,1.0,14.3,142
2026-02-20 22:00:00,80.34198593905403,1.5,21.4,196,0.0,94,0.0,0.11,100,22,4,2,51,0,0,0,-0.275637355816999,-0.9612616959383189,1.5,13.5,142
2026-02-20 23:00:00,78.08986009421169,1.9,21.3,194,0.0,95,0.0,0.1,100,23,4,2,51,0,0,0,-0.2419218955996675,-0.9702957262759965,1.5999999999999999,13.1,142
2026-02-21 00:00:00,76.66416195686936,1.9,21.9,185,0.0,96,0.0,0.1,100,0,5,2,52,1,0,0,-0.08715574274765794,-0.9961946980917455,1.2,13.1,143
2026-02-21 01:00:00,76.40601519619368,2.1,23.7,185,0.0,95,0.0,0.1,100,1,5,2,52,1,0,0,-0.08715574274765794,-0.9961946980917455,0.6000000000000001,12.9,143
2026-02-21 02:00:00,77.097283130518,2.5,23.7,186,0.0,95,0.0,0.09,100,2,5,2,52,1,0,0,-0.1045284632676535,-0.9945218953682733,0.6000000000000001,12.5,143
2026-02-21 03:00:00,78.56558343150898,2.5,24.1,181,0.0,95,0.14,0.09,100,3,5,2,52,1,0,0,-0.017452406437283637,-0.9998476951563913,0.6000000000000001,12.5,143
2026-02-21 04:00:00,79.48402860749998,2.5,22.7,198,0.0,96,0.0,0.08,100,4,5,2,52,1,0,0,-0.3090169943749473,-0.9510565162951536,0.3999999999999999,12.5,143
2026-02-21 05:00:00,84.03444806599099,2.8,22.7,221,0.0,98,0.0,0.08,100,5,5,2,52,1,0,0,-0.656059028990507,-0.7547095802227721,0.2999999999999998,12.2,143
2026-02-21 06:00:00,88.68501575614862,2.8,18.6,239,0.0,99,0.0,0.07,100,6,5,2,52,1,0,0,-0.8571673007021121,-0.5150380749100544,0.2999999999999998,12.2,143
2026-02-21 07:00:00,92.7113446496396,3.0,18.1,253,0.0,98,0.0,0.07,100,7,5,2,52,1,0,0,-0.9563047559630353,-0.2923717047227371,0.5,12.0,143
2026-02-21 08:00:00,94.44019268979726,3.7,20.7,263,0.0,95,0.0,0.06,61,8,5,2,52,1,0,0,-0.9925461516413221,-0.12186934340514717,0.9000000000000004,11.3,143
2026-02-21 09:00:00,91.90954768078826,3.2,19.5,264,4.0,95,0.0,0.06,36,9,5,2,52,1,0,0,-0.9945218953682734,-0.10452846326765336,0.40000000000000036,11.8,143
2026-02-21 10:00:00,85.43349810677925,3.5,20.2,262,75.0,95,0.0,0.05,89,10,5,2,52,1,0,0,-0.9902680687415703,-0.13917310096006583,0.5,11.5,143
2026-02-21 11:00:00,83.45664668527024,4.1,18.0,268,160.0,95,0.0,0.05,100,11,5,2,52,1,0,0,-0.9993908270190958,-0.03489949670250076,0.39999999999999947,10.9,143
2026-02-21 12:00:00,82.07818601126125,4.8,21.8,262,139.0,94,0.0,0.04,62,12,5,2,52,1,0,0,-0.9902680687415703,-0.13917310096006583,1.5999999999999996,10.2,143
2026-02-21 13:00:00,81.75230159475223,5.9,22.6,264,318.0,90,0.0,0.03,100,13,5,2,52,1,0,0,-0.9945218953682734,-0.10452846326765336,2.4000000000000004,9.1,143
2026-02-21 14:00:00,82.68381365657656,5.5,22.7,268,179.0,91,0.0,0.03,100,14,5,2,52,1,0,0,-0.9993908270190958,-0.03489949670250076,1.4000000000000004,9.5,143
2026-02-21 15:00:00,84.50968802256753,4.8,21.4,271,155.0,91,0.0,0.03,100,15,5,2,52,1,0,0,-0.9998476951563913,0.01745240643728313,0.0,10.2,143
2026-02-21 16:00:00,84.7805016752252,4.7,20.0,275,130.0,90,0.0,0.02,100,16,5,2,52,1,0,0,-0.9961946980917455,0.08715574274765789,-1.2000000000000002,10.3,143
2026-02-21 17:00:00,85.79938811038285,4.4,20.5,277,100.0,90,0.0,0.02,100,17,5,2,52,1,0,0,-0.992546151641322,0.12186934340514768,-1.0999999999999996,10.6,143
2026-02-21 18:00:00,83.69774249054052,4.5,20.3,276,48.0,91,0.0,0.02,98,18,5,2,52,1,0,0,-0.9945218953682734,0.10452846326765299,-0.2999999999999998,10.5,143
2026-02-21 19:00:00,82.52100994569818,3.5,17.5,274,9.0,96,0.0,0.02,100,19,5,2,52,1,0,0,-0.9975640502598243,0.06975647374412522,-1.2000000000000002,11.5,143
2026-02-21 20:00:00,79.09471820085584,3.4,12.8,275,0.0,97,0.0,0.02,100,20,5,2,52,1,0,0,-0.9961946980917455,0.08715574274765789,-1.0000000000000004,11.6,143
2026-02-21 21:00:00,75.89189283934682,2.5,11.5,250,0.0,99,0.0,0.02,100,21,5,2,52,1,0,0,-0.9396926207859084,-0.34202014332566855,-2.0,12.5,143
2026-02-21 22:00:00,71.81564371783782,2.9,11.5,248,0.0,100,0.0,0.02,100,22,5,2,52,1,0,0,-0.9271838545667873,-0.3746065934159123,-0.6000000000000001,12.1,143
2026-02-21 23:00:00,70.01429897882882,2.8,10.1,245,0.0,100,0.0,0.02,100,23,5,2,52,1,0,0,-0.90630778703665,-0.42261826174069916,-0.6000000000000001,12.2,143
2026-02-22 00:00:00,68.86368860565314,2.7,9.3,248,0.0,100,0.0,0.02,100,0,6,2,53,1,0,0,-0.9271838545667873,-0.3746065934159123,0.20000000000000018,12.3,144
2026-02-22 01:00:00,68.14562743914414,2.3,7.4,231,0.0,100,0.0,0.02,100,1,6,2,53,1,0,0,-0.7771459614569706,-0.6293203910498378,-0.6000000000000001,12.7,144
2026-02-22 02:00:00,68.19003168763513,2.5,8.5,205,0.0,99,0.0,0.03,100,2,6,2,53,1,0,0,-0.4226182617406993,-0.90630778703665,-0.2999999999999998,12.5,144
2026-02-22 03:00:00,68.98533332195944,2.2,6.8,191,0.0,100,0.0,0.03,100,3,6,2,53,1,0,0,-0.19080899537654472,-0.981627183447664,-0.5,12.8,144
2026-02-22 04:00:00,70.06569591545043,2.3,9.6,193,0.0,100,0.0,0.03,100,4,6,2,53,1,0,0,-0.22495105434386498,-0.9743700647852352,0.0,12.7,144
2026-02-22 05:00:00,71.86489346810808,2.8,9.9,201,0.0,100,0.0,0.03,100,5,6,2,53,1,0,0,-0.35836794954530043,-0.9335804264972016,0.2999999999999998,12.2,144
2026-02-22 06:00:00,74.13719026076576,3.1,9.9,205,0.0,100,0.0,0.02,100,6,6,2,53,1,0,0,-0.4226182617406993,-0.90630778703665,0.8999999999999999,11.9,144
2026-02-22 07:00:00,77.20702669592342,3.5,10.9,196,0.0,100,0.0,0.02,100,7,6,2,53,1,0,0,-0.275637355816999,-0.9612616959383189,1.2000000000000002,11.5,144
2026-02-22 08:00:00,80.63131285191439,3.9,6.5,203,0.0,100,0.0,0.02,100,8,6,2,53,1,0,0,-0.39073112848927355,-0.9205048534524404,1.1,11.1,144
2026-02-22 09:00:00,81.10580884707204,3.4,7.1,221,1.0,100,0.0,0.02,100,9,6,2,53,1,0,0,-0.656059028990507,-0.7547095802227721,0.2999999999999998,11.6,144
2026-02-22 10:00:00,78.80372402639638,4.1,9.1,245,11.0,100,0.0,0.01,100,10,6,2,53,1,0,0,-0.90630778703665,-0.42261826174069916,0.5999999999999996,10.9,144
2026-02-22 11:00:00,78.20511330822069,4.3,9.8,250,25.0,100,0.0,0.01,100,11,6,2,53,1,0,0,-0.9396926207859084,-0.34202014332566855,0.3999999999999999,10.7,144
2026-02-22 12:00:00,77.42560160171169,5.2,11.2,238,69.0,99,0.0,0.01,100,12,6,2,53,1,0,0,-0.848048096156426,-0.529919264233205,1.8000000000000003,9.8,144
2026-02-22 13:00:00,76.42499908186934,5.9,14.0,229,123.0,99,0.0,0.01,100,13,6,2,53,1,0,0,-0.754709580222772,-0.6560590289905073,1.8000000000000007,9.1,144
2026-02-22 14:00:00,75.99884809536034,5.3,13.6,223,89.0,99,0.0,0.01,100,14,6,2,53,1,0,0,-0.6819983600624984,-0.7313537016191706,1.0,9.7,144
2026-02-22 15:00:00,76.74938635135133,6.1,14.3,223,116.0,100,0.0,0.0,100,15,6,2,53,1,0,0,-0.6819983600624984,-0.7313537016191706,0.8999999999999995,8.9,144
2026-02-22 16:00:00,79.70042381650897,5.8,16.1,238,70.0,100,0.0,0.0,100,16,6,2,53,1,0,0,-0.848048096156426,-0.529919264233205,-0.10000000000000053,9.2,144
2026-02-22 17:00:00,81.27302774416665,5.2,17.1,225,23.0,99,0.0,0.0,100,17,6,2,53,1,0,0,-0.7071067811865475,-0.7071067811865477,-0.09999999999999964,9.8,144
2026-02-22 18:00:00,81.17032697515765,5.2,15.9,242,32.0,100,0.0,0.0,100,18,6,2,53,1,0,0,-0.882947592858927,-0.46947156278589075,-0.8999999999999995,9.8,144
2026-02-22 19:00:00,78.57010029114863,5.3,17.6,257,3.0,99,0.0,0.0,100,19,6,2,53,1,0,0,-0.9743700647852351,-0.22495105434386525,-0.5,9.7,144
2026-02-22 20:00:00,76.45124147297295,5.1,19.5,267,0.0,99,0.0,0.0,100,20,6,2,53,1,0,0,-0.9986295347545738,-0.052335956242944306,-0.10000000000000053,9.9,144
2026-02-22 21:00:00,71.92128355146394,4.9,17.6,281,0.0,99,0.0,0.0,100,21,6,2,53,1,0,0,-0.9816271834476639,0.1908089953765451,-0.2999999999999998,10.1,144
2026-02-22 22:00:00,68.31664023828829,4.8,16.0,271,0.0,99,0.0,0.0,100,22,6,2,53,1,0,0,-0.9998476951563913,0.01745240643728313,-0.5,10.2,144
2026-02-22 23:00:00,65.6117796126126,4.6,15.5,257,0.0,99,0.0,0.0,100,23,6,2,53,1,0,0,-0.9743700647852351,-0.22495105434386525,-0.5,10.4,144
2026-02-23 00:00:00,63.235890620270254,4.1,15.7,243,0.0,99,0.0,0.0,100,0,0,2,54,0,0,0,-0.8910065241883678,-0.45399049973954697,-0.8000000000000007,10.9,145
2026-02-23 01:00:00,64.11897770292792,3.8,17.2,239,0.0,98,0.0,0.0,100,1,0,2,54,0,0,0,-0.8571673007021121,-0.5150380749100544,-1.0,11.2,145
2026-02-23 02:00:00,64.98980424391891,4.3,18.4,242,0.0,97,0.0,0.02,100,2,0,2,54,0,0,0,-0.882947592858927,-0.46947156278589075,-0.2999999999999998,10.7,145
2026-02-23 03:00:00,67.05913437657655,3.8,18.8,242,0.0,97,0.0,0.02,70,3,0,2,54,0,0,0,-0.882947592858927,-0.46947156278589075,-0.2999999999999998,11.2,145
2026-02-23 04:00:00,70.2852670792342,3.2,16.5,237,0.0,98,0.0,0.01,81,4,0,2,54,0,0,0,-0.8386705679454242,-0.544639035015027,-0.5999999999999996,11.8,145
2026-02-23 05:00:00,75.33459585855853,2.7,16.1,236,0.0,98,0.0,0.01,98,5,0,2,54,0,0,0,-0.8290375725550418,-0.5591929034707466,-1.5999999999999996,12.3,145
2026-02-23 06:00:00,78.63821873288285,2.6,16.4,230,0.0,98,0.0,0.01,100,6,0,2,54,0,0,0,-0.7660444431189779,-0.6427876096865395,-1.1999999999999997,12.4,145
2026-02-23 07:00:00,79.50660595887385,3.3,19.7,242,0.0,97,0.0,0.01,85,7,0,2,54,0,0,0,-0.882947592858927,-0.46947156278589075,0.09999999999999964,11.7,145
2026-02-23 08:00:00,78.35734040569818,3.8,16.0,237,0.0,97,0.0,0.01,74,8,0,2,54,0,0,0,-0.8386705679454242,-0.544639035015027,1.0999999999999996,11.2,145
2026-02-23 09:00:00,75.63927596168917,3.6,17.1,246,5.0,98,0.0,0.01,98,9,0,2,54,0,0,0,-0.913545457642601,-0.4067366430758001,1.0,11.4,145
2026-02-23 10:00:00,74.23757856684685,4.6,19.0,245,57.0,94,0.0,0.01,100,10,0,2,54,0,0,0,-0.90630778703665,-0.42261826174069916,1.2999999999999998,10.4,145
2026-02-23 11:00:00,72.5837916945045,5.3,18.8,247,115.0,93,0.0,0.01,100,11,0,2,54,0,0,0,-0.9205048534524403,-0.3907311284892738,1.5,9.7,145
2026-02-23 12:00:00,73.98167949799549,6.8,17.8,250,217.0,88,0.0,0.0,100,12,0,2,54,0,0,0,-0.9396926207859084,-0.34202014332566855,3.1999999999999997,8.2,145
2026-02-23 13:00:00,74.2801783782264,6.7,19.7,250,177.0,85,0.0,0.0,100,13,0,2,54,0,0,0,-0.9396926207859084,-0.34202014332566855,2.1000000000000005,8.3,145
2026-02-23 14:00:00,74.40212165830165,6.5,19.1,261,195.0,86,0.0,0.0,100,14,0,2,54,0,0,0,-0.9876883405951377,-0.15643446504023104,1.2000000000000002,8.5,145
2026-02-23 15:00:00,76.08097547587688,6.2,19.7,264,201.0,88,0.0,0.0,100,15,0,2,54,0,0,0,-0.9945218953682734,-0.10452846326765336,-0.5999999999999996,8.8,145
2026-02-23 16:00:00,76.21547156511879,5.6,16.1,250,94.0,93,0.0,0.0,100,16,0,2,54,0,0,0,-0.9396926207859084,-0.34202014332566855,-1.1000000000000005,9.4,145
2026-02-23 17:00:00,77.44581965352735,5.4,18.3,260,61.0,93,0.0,0.0,100,17,0,2,54,0,0,0,-0.984807753012208,-0.17364817766693033,-1.0999999999999996,9.6,145
2026-02-23 18:00:00,76.20021736193593,4.9,18.1,263,23.0,93,0.0,0.0,100,18,0,2,54,0,0,0,-0.9925461516413221,-0.12186934340514717,-1.2999999999999998,10.1,145
2026-02-23 19:00:00,75.1804238528445,4.4,15.8,268,5.0,95,0.0,0.0,100,19,0,2,54,0,0,0,-0.9993908270190958,-0.03489949670250076,-1.1999999999999993,10.6,145
2026-02-23 20:00:00,72.16231836708643,4.2,11.9,266,0.0,100,0.0,0.0,100,20,0,2,54,0,0,0,-0.9975640502598242,-0.06975647374412558,-1.2000000000000002,10.8,145
2026-02-23 21:00:00,68.742715712995,4.1,14.9,269,0.0,99,0.0,0.0,91,21,0,2,54,0,0,0,-0.9998476951563913,-0.017452406437283498,-0.8000000000000007,10.9,145
2026-02-23 22:00:00,64.85088101057022,3.7,15.5,275,0.0,98,0.0,0.0,48,22,0,2,54,0,0,0,-0.9961946980917455,0.08715574274765789,-0.7000000000000002,11.3,145
2026-02-23 23:00:00,62.75548687981213,2.8,14.2,277,0.0,99,0.0,0.0,36,23,0,2,54,0,0,0,-0.992546151641322,0.12186934340514768,-1.4000000000000004,12.2,145
2026-02-24 00:00:00,62.28675469488738,2.4,13.0,280,0.0,99,0.0,0.0,37,0,1,2,55,0,0,0,-0.9848077530122081,0.17364817766692997,-1.6999999999999997,12.6,146
2026-02-24 01:00:00,62.60050263579595,1.9,12.0,279,0.0,99,0.0,0.0,88,1,1,2,55,0,0,0,-0.9876883405951378,0.15643446504023067,-1.8000000000000003,13.1,146
2026-02-24 02:00:00,63.30512718837119,3.7,12.1,285,0.0,99,0.0,0.0,100,2,1,2,55,0,0,0,-0.9659258262890684,0.2588190451025203,0.9000000000000004,11.3,146
2026-02-24 03:00:00,63.90651401427976,3.3,10.7,286,0.0,99,0.0,0.0,100,3,1,2,55,0,0,0,-0.9612616959383188,0.2756373558169994,0.8999999999999999,11.7,146
2026-02-24 04:00:00,67.16521908602166,3.2,10.1,294,0.0,100,0.0,0.0,100,4,1,2,55,0,0,0,-0.9135454576426011,0.40673664307579976,1.3000000000000003,11.8,146
2026-02-24 05:00:00,73.97269066193023,3.1,8.5,297,0.0,100,0.0,0.0,100,5,1,2,55,0,0,0,-0.8910065241883679,0.45399049973954664,-0.6000000000000001,11.9,146
2026-02-24 06:00:00,78.36396979867213,2.9,8.0,290,0.0,100,0.0,0.0,100,6,1,2,55,0,0,0,-0.9396926207859083,0.342020143325669,-0.3999999999999999,12.1,146
2026-02-24 07:00:00,78.62286900291406,2.5,6.1,300,0.0,100,0.0,0.0,100,7,1,2,55,0,0,0,-0.8660254037844386,0.5000000000000001,-0.7000000000000002,12.5,146
2026-02-24 08:00:00,77.50537450965595,2.8,5.3,278,0.0,100,0.0,0.0,100,8,1,2,55,0,0,0,-0.9902680687415704,0.13917310096006547,-0.30000000000000027,12.2,146
2026-02-24 09:00:00,73.3516256672312,2.2,4.5,284,3.0,100,0.0,0.0,100,9,1,2,55,0,0,0,-0.9702957262759966,0.24192189559966745,-0.6999999999999997,12.8,146
2026-02-24 10:00:00,69.55625845313978,3.2,3.5,291,33.0,99,0.0,0.0,100,10,1,2,55,0,0,0,-0.9335804264972017,0.3583679495453004,0.7000000000000002,11.8,146
2026-02-24 11:00:00,67.93357783992671,3.8,3.2,308,64.0,98,0.0,0.0,100,11,1,2,55,0,0,0,-0.7880107536067218,0.6156614753256585,1.0,11.2,146
2026-02-24 12:00:00,68.05288471666665,4.4,5.3,282,139.0,94,0.0,0.0,100,12,1,2,55,0,0,0,-0.9781476007338056,0.20791169081775945,2.2,10.6,146
2026-02-24 13:00:00,68.97609528083332,5.1,3.3,264,150.0,91,0.0,0.0,100,13,1,2,55,0,0,0,-0.9945218953682734,-0.10452846326765336,1.8999999999999995,9.9,146
2026-02-24 14:00:00,70.55179319833331,4.4,6.8,233,175.0,95,0.0,0.0,100,14,1,2,55,0,0,0,-0.7986355100472928,-0.6018150231520483,0.6000000000000005,10.6,146
2026-02-24 15:00:00,70.87812315083332,5.1,7.8,247,107.0,93,0.0,0.0,100,15,1,2,55,0,0,0,-0.9205048534524403,-0.3907311284892738,0.6999999999999993,9.9,146
2026-02-24 16:00:00,71.33191140249998,5.6,8.2,251,83.0,91,0.0,0.0,100,16,1,2,55,0,0,0,-0.9455185755993168,-0.32556815445715664,0.5,9.4,146
2026-02-24 17:00:00,72.72991670333332,5.8,5.1,260,66.0,90,0.0,0.0,100,17,1,2,55,0,0,0,-0.984807753012208,-0.17364817766693033,1.3999999999999995,9.2,146
2026-02-24 18:00:00,72.95261730749999,5.4,1.2,153,41.0,94,0.0,0.0,100,18,1,2,55,0,0,0,0.45399049973954686,-0.8910065241883678,0.3000000000000007,9.6,146
2026-02-24 19:00:00,71.72595414249999,4.7,3.6,117,9.0,96,0.0,0.0,100,19,1,2,55,0,0,0,0.8910065241883679,-0.45399049973954675,-0.8999999999999995,10.3,146
2026-02-24 20:00:00,68.72552241499999,4.4,8.4,115,0.0,98,0.0,0.0,100,20,1,2,55,0,0,0,0.90630778703665,-0.42261826174069933,-1.3999999999999995,10.6,146
2026-02-24 21:00:00,65.25046072833332,4.4,8.5,119,0.0,98,0.0,0.0,100,21,1,2,55,0,0,0,0.8746197071393959,-0.484809620246337,-1.0,10.6,146
2026-02-24 22:00:00,61.325833666666654,4.3,8.2,128,0.0,97,0.0,0.0,100,22,1,2,55,0,0,0,0.788010753606722,-0.6156614753256583,-0.40000000000000036,10.7,146
2026-02-24 23:00:00,60.55846400333333,4.2,7.8,127,0.0,97,0.0,0.0,100,23,1,2,55,0,0,0,0.7986355100472927,-0.6018150231520484,-0.20000000000000018,10.8,146
2026-02-25 00:00:00,60.13043611583333,4.2,9.0,127,0.0,97,0.0,0.0,100,0,2,2,56,0,0,0,0.7986355100472927,-0.6018150231520484,-0.20000000000000018,10.8,147
2026-02-25 01:00:00,59.21222747583332,4.0,9.8,134,0.0,98,0.0,0.0,100,1,2,2,56,0,0,0,0.7193398003386511,-0.6946583704589974,-0.2999999999999998,11.0,147
2026-02-25 02:00:00,59.879450585833325,3.3,10.0,113,0.0,99,0.0,0.0,100,2,2,2,56,0,0,0,0.9205048534524403,-0.39073112848927377,-0.9000000000000004,11.7,147
2026-02-25 03:00:00,60.59977150333332,3.4,11.4,117,0.0,99,0.0,0.0,100,3,2,2,56,0,0,0,0.8910065241883679,-0.45399049973954675,-0.8000000000000003,11.6,147
2026-02-25 04:00:00,64.60111556333332,3.5,11.1,127,0.0,99,0.0,0.0,100,4,2,2,56,0,0,0,0.7986355100472927,-0.6018150231520484,-0.5,11.5,147
2026-02-25 05:00:00,70.65331148833333,3.5,11.1,136,0.0,99,0.0,0.0,100,5,2,2,56,0,0,0,0.6946583704589971,-0.7193398003386513,0.20000000000000018,11.5,147
2026-02-25 06:00:00,75.18270287916665,3.8,12.6,139,0.0,99,0.0,0.0,100,6,2,2,56,0,0,0,0.6560590289905073,-0.754709580222772,0.3999999999999999,11.2,147
2026-02-25 07:00:00,76.28872762083331,3.8,12.2,147,0.0,99,0.0,0.0,100,7,2,2,56,0,0,0,0.5446390350150273,-0.8386705679454239,0.2999999999999998,11.2,147
2026-02-25 08:00:00,74.20285536166665,4.0,11.7,146,0.0,99,0.0,0.0,100,8,2,2,56,0,0,0,0.5591929034707469,-0.8290375725550416,0.5,11.0,147
2026-02-25 09:00:00,72.00193395666665,4.7,13.1,157,2.0,97,0.0,0.0,100,9,2,2,56,0,0,0,0.39073112848927377,-0.9205048534524404,0.9000000000000004,10.3,147
2026-02-25 10:00:00,66.77692236666665,5.3,12.8,161,21.0,97,0.0,0.0,100,10,2,2,56,0,0,0,0.3255681544571566,-0.9455185755993168,1.5,9.7,147
2026-02-25 11:00:00,63.00077243916665,5.9,11.4,173,50.0,98,0.0,0.0,100,11,2,2,56,0,0,0,0.12186934340514755,-0.992546151641322,1.9000000000000004,9.1,147
2026-02-25 12:00:00,61.42500124499999,6.5,11.2,178,48.0,98,0.0,0.0,100,12,2,2,56,0,0,0,0.03489949670250114,-0.9993908270190958,1.7999999999999998,8.5,147
2026-02-25 13:00:00,61.12573469249999,8.6,11.8,188,144.0,97,0.0,0.0,100,13,2,2,56,0,0,0,-0.13917310096006552,-0.9902680687415703,3.3,6.4,147
2026-02-25 14:00:00,59.79982076083332,8.2,12.7,173,116.0,97,0.0,0.0,100,14,2,2,56,0,0,0,0.12186934340514755,-0.992546151641322,2.299999999999999,6.800000000000001,147
2026-02-25 15:00:00,59.89915059916666,9.1,11.4,173,159.0,96,0.0,0.0,100,15,2,2,56,0,0,0,0.12186934340514755,-0.992546151641322,2.5999999999999996,5.9,147
2026-02-25 16:00:00,61.92671778416665,10.4,13.3,178,169.0,91,0.0,0.0,52,16,2,2,56,0,0,0,0.03489949670250114,-0.9993908270190958,1.8000000000000007,4.6,147
2026-02-25 17:00:00,65.00060888083331,11.1,9.4,154,222.0,89,0.0,0.0,5,17,2,2,56,0,0,0,0.4383711467890773,-0.898794046299167,2.9000000000000004,3.9000000000000004,147
2026-02-25 18:00:00,66.97857675999998,10.1,11.3,171,123.0,91,0.0,0.0,19,18,2,2,56,0,0,0,0.15643446504023098,-0.9876883405951377,1.0,4.9,147
2026-02-25 19:00:00,67.33221975666666,8.6,12.8,160,20.0,92,0.0,0.0,1,19,2,2,56,0,0,0,0.3420201433256689,-0.9396926207859083,-1.8000000000000007,6.4,147
2026-02-25 20:00:00,66.42968901999998,7.8,14.6,150,0.0,92,0.0,0.0,1,20,2,2,56,0,0,0,0.49999999999999994,-0.8660254037844387,-3.3,7.2,147
2026-02-25 21:00:00,62.67500703999999,7.3,15.4,159,0.0,94,0.0,0.0,23,21,2,2,56,0,0,0,0.3583679495453002,-0.9335804264972017,-2.8,7.7,147
2026-02-25 22:00:00,57.957638215833335,6.7,14.7,173,0.0,97,0.0,0.0,0,22,2,2,56,0,0,0,0.12186934340514755,-0.992546151641322,-1.8999999999999995,8.3,147
2026-02-25 23:00:00,55.33002215333333,6.6,15.8,181,0.0,97,0.0,0.0,0,23,2,2,56,0,0,0,-0.017452406437283637,-0.9998476951563913,-1.2000000000000002,8.4,147
2026-02-26 00:00:00,54.12784902833332,6.7,16.9,183,0.0,97,0.0,0.0,0,0,3,2,57,0,0,0,-0.052335956242943564,-0.9986295347545738,-0.5999999999999996,8.3,148
2026-02-26 01:00:00,53.80679458416666,6.7,17.5,185,0.0,97,0.0,0.0,1,1,3,2,57,0,0,0,-0.08715574274765794,-0.9961946980917455,0.0,8.3,148
2026-02-26 02:00:00,54.05180219166666,6.9,17.7,192,0.0,95,0.0,0.0,0,2,3,2,57,0,0,0,-0.2079116908177595,-0.9781476007338056,0.3000000000000007,8.1,148
2026-02-26 03:00:00,55.79786738666666,6.7,16.2,192,0.0,97,0.0,0.0,38,3,3,2,57,0,0,0,-0.2079116908177595,-0.9781476007338056,0.0,8.3,148
2026-02-26 04:00:00,58.950045546666665,6.5,16.8,193,0.0,97,0.0,0.0,4,4,3,2,57,0,0,0,-0.22495105434386498,-0.9743700647852352,-0.20000000000000018,8.5,148
2026-02-26 05:00:00,64.97547026,6.3,17.1,198,0.0,97,0.0,0.0,7,5,3,2,57,0,0,0,-0.3090169943749473,-0.9510565162951536,-0.6000000000000005,8.7,148
2026-02-26 06:00:00,68.70539563,6.2,17.9,201,0.0,97,0.0,0.0,90,6,3,2,57,0,0,0,-0.35836794954530043,-0.9335804264972016,-0.5,8.8,148
2026-02-26 07:00:00,67.77355836916665,6.3,19.0,202,0.0,97,0.0,0.0,66,7,3,2,57,0,0,0,-0.374606593415912,-0.9271838545667874,-0.20000000000000018,8.7,148
2026-02-26 08:00:00,64.20374031833333,7.2,18.1,207,0.0,96,0.0,0.0,56,8,3,2,57,0,0,0,-0.4539904997395467,-0.8910065241883679,0.9000000000000004,7.8,148
2026-02-26 09:00:00,61.22922252249999,7.4,18.6,211,11.0,97,0.0,0.0,100,9,3,2,57,0,0,0,-0.5150380749100542,-0.8571673007021123,1.2000000000000002,7.6,148
2026-02-26 10:00:00,60.40023800083333,8.6,20.6,216,69.0,94,0.0,0.0,100,10,3,2,57,0,0,0,-0.587785252292473,-0.8090169943749475,2.3,6.4,148
2026-02-26 11:00:00,59.31230337583333,9.1,20.7,219,120.0,93,0.0,0.0,99,11,3,2,57,0,0,0,-0.6293203910498376,-0.7771459614569708,1.8999999999999995,5.9,148
2026-02-26 12:00:00,60.547959726666654,9.9,20.5,227,215.0,90,0.0,0.0,41,12,3,2,57,0,0,0,-0.7313537016191703,-0.6819983600624986,2.5,5.1,148
2026-02-26 13:00:00,55.32096662666665,11.1,21.5,231,384.0,82,0.0,0.0,6,13,3,2,57,0,0,0,-0.7771459614569706,-0.6293203910498378,2.5,3.9000000000000004,148
2026-02-26 14:00:00,55.02301599833333,11.2,23.4,239,413.0,81,0.0,0.0,61,14,3,2,57,0,0,0,-0.8571673007021121,-0.5150380749100544,2.0999999999999996,3.8000000000000007,148
2026-02-26 15:00:00,58.597530057499995,11.2,22.2,238,361.0,80,0.0,0.0,99,15,3,2,57,0,0,0,-0.848048096156426,-0.529919264233205,1.299999999999999,3.8000000000000007,148
2026-02-26 16:00:00,62.90161431333332,10.8,19.7,233,293.0,82,0.0,0.0,100,16,3,2,57,0,0,0,-0.7986355100472928,-0.6018150231520483,-0.29999999999999893,4.199999999999999,148
2026-02-26 17:00:00,64.00018874333333,9.6,18.6,231,195.0,87,0.0,0.0,100,17,3,2,57,0,0,0,-0.7771459614569706,-0.6293203910498378,-1.5999999999999996,5.4,148
2026-02-26 18:00:00,63.249870857499985,9.4,20.4,233,74.0,88,0.0,0.0,100,18,3,2,57,0,0,0,-0.7986355100472928,-0.6018150231520483,-1.799999999999999,5.6,148
2026-02-26 19:00:00,61.40064448999999,8.2,19.5,237,13.0,93,0.0,0.0,100,19,3,2,57,0,0,0,-0.8386705679454242,-0.544639035015027,-2.6000000000000014,6.800000000000001,148
2026-02-26 20:00:00,58.46182716166666,8.0,21.2,235,0.0,93,0.0,0.0,100,20,3,2,57,0,0,0,-0.8191520442889916,-0.5735764363510464,-1.5999999999999996,7.0,148
2026-02-26 21:00:00,55.28377357666666,8.1,20.5,231,0.0,92,0.0,0.0,100,21,3,2,57,0,0,0,-0.7771459614569706,-0.6293203910498378,-1.3000000000000007,6.9,148
2026-02-26 22:00:00,51.30479203166665,8.1,16.3,229,0.0,92,0.0,0.0,100,22,3,2,57,0,0,0,-0.754709580222772,-0.6560590289905073,-0.09999999999999964,6.9,148
2026-02-26 23:00:00,49.527560497499984,7.5,12.4,214,0.0,94,0.0,0.0,100,23,3,2,57,0,0,0,-0.5591929034707467,-0.8290375725550418,-0.5,7.5,148
2026-02-27 00:00:00,49.673323513333315,7.4,11.8,226,0.0,95,0.0,0.0,100,0,4,2,58,0,0,0,-0.7193398003386512,-0.6946583704589973,-0.6999999999999993,7.6,149
2026-02-27 01:00:00,50.30646960499998,7.4,18.1,233,0.0,96,0.0,0.0,100,1,4,2,58,0,0,0,-0.7986355100472928,-0.6018150231520483,-0.6999999999999993,7.6,149
2026-02-27 02:00:00,50.477893709999975,7.7,24.7,230,0.0,91,0.0,0.0,100,2,4,2,58,0,0,0,-0.7660444431189779,-0.6427876096865395,0.20000000000000018,7.3,149
2026-02-27 03:00:00,51.52329743583332,7.4,23.4,230,0.0,93,0.0,0.0,100,3,4,2,58,0,0,0,-0.7660444431189779,-0.6427876096865395,0.0,7.6,149
2026-02-27 04:00:00,54.24912200416665,7.3,21.5,225,0.0,92,0.0,0.0,100,4,4,2,58,0,0,0,-0.7071067811865475,-0.7071067811865477,-0.10000000000000053,7.7,149
2026-02-27 05:00:00,60.350129954166654,7.4,20.8,223,0.0,92,0.0,0.0,100,5,4,2,58,0,0,0,-0.6819983600624984,-0.7313537016191706,-0.2999999999999998,7.6,149
2026-02-27 06:00:00,63.42668347333333,7.6,21.4,226,0.0,91,0.0,0.0,100,6,4,2,58,0,0,0,-0.7193398003386512,-0.6946583704589973,0.1999999999999993,7.4,149
2026-02-27 07:00:00,64.85236270749999,7.6,20.3,218,0.0,90,0.0,0.0,100,7,4,2,58,0,0,0,-0.6156614753256582,-0.788010753606722,0.2999999999999998,7.4,149
2026-02-27 08:00:00,64.57534520833332,9.0,22.2,217,0.0,87,0.0,0.0,100,8,4,2,58,0,0,0,-0.6018150231520484,-0.7986355100472928,1.5999999999999996,6.0,149
2026-02-27 09:00:00,63.24927603083332,9.3,22.5,220,5.0,86,0.0,0.0,100,9,4,2,58,0,0,0,-0.6427876096865393,-0.766044443118978,1.700000000000001,5.699999999999999,149
2026-02-27 10:00:00,61.74721506916665,9.6,22.9,222,59.0,86,0.0,0.0,100,10,4,2,58,0,0,0,-0.6691306063588582,-0.7431448254773942,2.0,5.4,149
2026-02-27 11:00:00,59.821024196666656,10.6,22.5,225,126.0,82,0.0,0.0,100,11,4,2,58,0,0,0,-0.7071067811865475,-0.7071067811865477,1.5999999999999996,4.4,149
2026-02-27 12:00:00,58.47515603166666,10.9,21.9,228,126.0,80,0.0,0.0,100,12,4,2,58,0,0,0,-0.7431448254773944,-0.6691306063588581,1.5999999999999996,4.1,149
2026-02-27 13:00:00,58.64879626499999,10.5,20.9,227,111.0,82,0.0,0.0,100,13,4,2,58,0,0,0,-0.7313537016191703,-0.6819983600624986,0.9000000000000004,4.5,149
2026-02-27 14:00:00,57.80532143499999,10.1,21.9,222,82.0,87,0.0,0.0,100,14,4,2,58,0,0,0,-0.6691306063588582,-0.7431448254773942,-0.5,4.9,149
2026-02-27 15:00:00,58.50294342666666,10.7,20.1,226,67.0,81,0.0,0.0,100,15,4,2,58,0,0,0,-0.7193398003386512,-0.6946583704589973,-0.20000000000000107,4.300000000000001,149
2026-02-27 16:00:00,59.67893231333332,10.6,16.4,227,49.0,83,0.0,0.0,100,16,4,2,58,0,0,0,-0.7313537016191703,-0.6819983600624986,0.09999999999999964,4.4,149
2026-02-27 17:00:00,60.84878055833332,9.8,13.9,227,35.0,89,0.0,0.0,100,17,4,2,58,0,0,0,-0.7313537016191703,-0.6819983600624986,-0.29999999999999893,5.199999999999999,149
2026-02-27 18:00:00,60.24995984083332,8.8,9.9,222,16.0,96,0.0,0.0,100,18,4,2,58,0,0,0,-0.6691306063588582,-0.7431448254773942,-1.8999999999999986,6.199999999999999,149
2026-02-27 19:00:00,58.89839808833332,8.6,8.2,230,3.0,96,0.0,0.0,100,19,4,2,58,0,0,0,-0.7660444431189779,-0.6427876096865395,-2.0,6.4,149
2026-02-27 20:00:00,55.97605837333332,8.9,7.1,236,0.0,95,0.0,0.0,100,20,4,2,58,0,0,0,-0.8290375725550418,-0.5591929034707466,-0.9000000000000004,6.1,149
2026-02-27 21:00:00,53.222493609166655,8.9,6.9,221,0.0,98,0.0,0.0,100,21,4,2,58,0,0,0,-0.656059028990507,-0.7547095802227721,0.09999999999999964,6.1,149
2026-02-27 22:00:00,49.42210824166665,8.6,6.6,209,0.0,99,0.0,0.0,100,22,4,2,58,0,0,0,-0.48480962024633695,-0.8746197071393959,0.0,6.4,149
2026-02-27 23:00:00,46.99709375416665,8.1,4.2,200,0.0,99,0.0,0.0,100,23,4,2,58,0,0,0,-0.34202014332566866,-0.9396926207859084,-0.8000000000000007,6.9,149
2026-02-28 00:00:00,46.24593475416665,7.8,3.7,194,0.0,99,0.0,0.0,100,0,5,2,59,1,0,0,-0.2419218955996675,-0.9702957262759965,-1.1000000000000005,7.2,150
2026-02-28 01:00:00,45.75580691666665,7.7,4.2,198,0.0,100,0.0,0.0,100,1,5,2,59,1,0,0,-0.3090169943749473,-0.9510565162951536,-0.8999999999999995,7.3,150
2026-02-28 02:00:00,45.97581947999998,8.2,2.7,152,0.0,100,0.0,0.0,100,2,5,2,59,1,0,0,0.4694715627858907,-0.882947592858927,0.09999999999999964,6.800000000000001,150
2026-02-28 03:00:00,46.89536058999998,8.4,6.7,149,0.0,100,0.0,0.0,100,3,5,2,59,1,0,0,0.5150380749100544,-0.8571673007021122,0.6000000000000005,6.6,150
2026-02-28 04:00:00,48.796566789166654,8.6,8.6,190,0.0,99,0.0,0.0,100,4,5,2,59,1,0,0,-0.17364817766693047,-0.984807753012208,0.8999999999999995,6.4,150
2026-02-28 05:00:00,50.92219226916665,8.2,9.3,198,0.0,99,0.0,0.0,100,5,5,2,59,1,0,0,-0.3090169943749473,-0.9510565162951536,0.0,6.800000000000001,150
2026-02-28 06:00:00,53.449309961666664,8.2,9.7,196,0.0,99,0.0,0.0,100,6,5,2,59,1,0,0,-0.275637355816999,-0.9612616959383189,-0.20000000000000107,6.800000000000001,150
2026-02-28 07:00:00,56.951657775833326,8.4,10.4,197,0.0,99,0.0,0.0,100,7,5,2,59,1,0,0,-0.29237170472273677,-0.9563047559630354,-0.1999999999999993,6.6,150
2026-02-28 08:00:00,58.60094788833331,9.1,9.4,200,0.0,100,0.0,0.0,100,8,5,2,59,1,0,0,-0.34202014332566866,-0.9396926207859084,0.9000000000000004,5.9,150
2026-02-28 09:00:00,59.19975411833333,9.4,9.3,189,6.0,99,0.0,0.0,100,9,5,2,59,1,0,0,-0.15643446504023073,-0.9876883405951378,1.200000000000001,5.6,150
2026-02-28 10:00:00,58.02623062416666,9.4,11.5,176,15.0,98,0.0,0.0,100,10,5,2,59,1,0,0,0.06975647374412552,-0.9975640502598242,1.0,5.6,150
2026-02-28 11:00:00,56.17283597333333,9.4,13.8,193,26.0,98,0.0,0.0,100,11,5,2,59,1,0,0,-0.22495105434386498,-0.9743700647852352,0.3000000000000007,5.6,150
2026-02-28 12:00:00,55.42244397166666,9.9,15.6,204,66.0,97,0.0,0.0,100,12,5,2,59,1,0,0,-0.4067366430758002,-0.9135454576426009,0.5,5.1,150
2026-02-28 13:00:00,54.99656351166666,9.7,17.1,223,69.0,96,0.0,0.0,100,13,5,2,59,1,0,0,-0.6819983600624984,-0.7313537016191706,0.29999999999999893,5.300000000000001,150
2026-02-28 14:00:00,52.545601541666656,9.5,16.5,232,126.0,96,0.0,0.0,99,14,5,2,59,1,0,0,-0.7880107536067221,-0.6156614753256581,0.09999999999999964,5.5,150
2026-02-28 15:00:00,53.09720675666666,10.9,16.2,226,248.0,89,0.0,0.0,91,15,5,2,59,1,0,0,-0.7193398003386512,-0.6946583704589973,1.0,4.1,150
2026-02-28 16:00:00,55.626425516666664,11.5,17.0,216,226.0,82,0.0,0.0,95,16,5,2,59,1,0,0,-0.587785252292473,-0.8090169943749475,1.8000000000000007,3.5,150
2026-02-28 17:00:00,57.548204335833326,11.4,22.5,214,182.0,70,0.0,0.0,28,17,5,2,59,1,0,0,-0.5591929034707467,-0.8290375725550418,1.9000000000000004,3.5999999999999996,150
2026-02-28 18:00:00,57.79726844333332,10.9,20.1,204,118.0,68,0.0,0.0,48,18,5,2,59,1,0,0,-0.4067366430758002,-0.9135454576426009,0.0,4.1,150
2026-02-28 19:00:00,57.073657184999995,9.6,19.3,198,24.0,74,0.0,0.0,42,19,5,2,59,1,0,0,-0.3090169943749473,-0.9510565162951536,-1.9000000000000004,5.4,150
2026-02-28 20:00:00,56.57774349916666,8.8,20.7,190,0.0,79,0.0,0.0,41,20,5,2,59,1,0,0,-0.17364817766693047,-0.984807753012208,-2.5999999999999996,6.199999999999999,150
2026-02-28 21:00:00,56.60565716499999,9.1,27.9,206,0.0,76,0.0,0.0,47,21,5,2,59,1,0,0,-0.43837114678907746,-0.8987940462991669,-1.8000000000000007,5.9,150
2026-02-28 22:00:00,57.50478044166666,8.4,26.5,211,0.0,79,0.0,0.0,100,22,5,2,59,1,0,0,-0.5150380749100542,-0.8571673007021123,-1.1999999999999993,6.6,150
2026-02-28 23:00:00,56.12329042166666,7.5,28.0,219,0.0,88,0.0,0.0,100,23,5,2,59,1,0,0,-0.6293203910498376,-0.7771459614569708,-1.3000000000000007,7.5,150
2026-03-01 00:00:00,55.14829331916666,6.2,28.1,224,0.0,90,0.0,0.0,100,0,6,3,60,1,0,0,-0.6946583704589974,-0.7193398003386511,-2.8999999999999995,8.8,151
2026-03-01 01:00:00,56.80713648916666,5.4,26.1,231,0.0,95,0.0,0.0,100,1,6,3,60,1,0,0,-0.7771459614569706,-0.6293203910498378,-3.0,9.6,151
2026-03-01 02:00:00,57.50216110166666,5.0,25.1,240,0.0,96,0.0,0.0,100,2,6,3,60,1,0,0,-0.8660254037844384,-0.5000000000000004,-2.5,10.0,151
2026-03-01 03:00:00,57.22241705499999,4.2,28.4,269,0.0,91,0.0,0.0,100,3,6,3,60,1,0,0,-0.9998476951563913,-0.017452406437283498,-2.0,10.8,151
2026-03-01 04:00:00,58.77404712833333,4.1,26.9,262,0.0,90,0.0,0.0,100,4,6,3,60,1,0,0,-0.9902680687415703,-0.13917310096006583,-1.3000000000000007,10.9,151
2026-03-01 05:00:00,61.24947595833332,3.9,25.3,264,0.0,84,0.0,0.0,76,5,6,3,60,1,0,0,-0.9945218953682734,-0.10452846326765336,-1.1,11.1,151
2026-03-01 06:00:00,64.04899207583333,3.2,21.0,260,0.0,85,0.0,0.0,100,6,6,3,60,1,0,0,-0.984807753012208,-0.17364817766693033,-1.0,11.8,151
2026-03-01 07:00:00,69.02588749999998,3.9,19.0,255,0.0,83,0.0,0.0,76,7,6,3,60,1,0,0,-0.9659258262890683,-0.25881904510252063,-0.19999999999999973,11.1,151
2026-03-01 08:00:00,67.73643961999998,3.0,16.6,239,0.0,91,0.0,0.0,17,8,6,3,60,1,0,0,-0.8571673007021121,-0.5150380749100544,-0.8999999999999999,12.0,151
2026-03-01 09:00:00,66.90335083416666,2.9,15.8,235,18.0,93,0.0,0.0,0,9,6,3,60,1,0,0,-0.8191520442889916,-0.5735764363510464,-0.30000000000000027,12.1,151
2026-03-01 10:00:00,65.47699892083331,4.9,18.9,239,122.0,84,0.0,0.0,93,10,6,3,60,1,0,0,-0.8571673007021121,-0.5150380749100544,1.0000000000000004,10.1,151
2026-03-01 11:00:00,61.29871353583332,5.6,16.9,226,137.0,83,0.0,0.0,32,11,6,3,60,1,0,0,-0.7193398003386512,-0.6946583704589973,2.5999999999999996,9.4,151
2026-03-01 12:00:00,56.37192036333333,7.1,23.3,233,327.0,77,0.0,0.0,75,12,6,3,60,1,0,0,-0.7986355100472928,-0.6018150231520483,4.199999999999999,7.9,151
2026-03-01 13:00:00,55.671802785,7.8,25.4,243,355.0,71,0.0,0.0,47,13,6,3,60,1,0,0,-0.8910065241883678,-0.45399049973954697,2.8999999999999995,7.2,151
2026-03-01 14:00:00,56.04677838583332,7.8,22.2,245,408.0,73,0.0,0.0,59,14,6,3,60,1,0,0,-0.90630778703665,-0.42261826174069916,2.2,7.2,151
2026-03-01 15:00:00,56.87331985583333,8.4,21.1,244,355.0,73,0.0,0.0,44,15,6,3,60,1,0,0,-0.8987940462991668,-0.43837114678907774,1.3000000000000007,6.6,151
2026-03-01 16:00:00,58.23064473583332,8.8,16.8,232,315.0,71,0.0,0.0,41,16,6,3,60,1,0,0,-0.7880107536067221,-0.6156614753256581,1.0000000000000009,6.199999999999999,151
2026-03-01 17:00:00,61.909680953333314,8.4,16.5,216,216.0,71,0.0,0.0,89,17,6,3,60,1,0,0,-0.587785252292473,-0.8090169943749475,0.6000000000000005,6.6,151
2026-03-01 18:00:00,62.705040836666655,7.7,12.8,194,88.0,74,0.0,0.0,33,18,6,3,60,1,0,0,-0.2419218955996675,-0.9702957262759965,-0.7000000000000002,7.3,151
2026-03-01 19:00:00,61.05198809083332,6.8,13.9,193,30.0,76,0.0,0.0,84,19,6,3,60,1,0,0,-0.22495105434386498,-0.9743700647852352,-2.000000000000001,8.2,151
2026-03-01 20:00:00,58.72287653833333,7.0,14.4,189,0.0,75,0.0,0.0,98,20,6,3,60,1,0,0,-0.15643446504023073,-0.9876883405951378,-1.4000000000000004,8.0,151
2026-03-01 21:00:00,55.87311039666666,7.8,16.2,176,0.0,69,0.0,0.0,59,21,6,3,60,1,0,0,0.06975647374412552,-0.9975640502598242,0.09999999999999964,7.2,151
2026-03-01 22:00:00,51.64743565916666,7.2,15.4,187,0.0,72,0.0,0.0,100,22,6,3,60,1,0,0,-0.12186934340514731,-0.9925461516413221,0.40000000000000036,7.8,151
2026-03-01 23:00:00,49.22221255166665,7.8,15.8,188,0.0,71,0.0,0.0,100,23,6,3,60,1,0,0,-0.13917310096006552,-0.9902680687415703,0.7999999999999998,7.2,151
2026-03-02 00:00:00,48.621894206666646,8.2,16.6,198,0.0,69,0.0,0.0,100,0,0,3,61,0,0,0,-0.3090169943749473,-0.9510565162951536,0.39999999999999947,6.800000000000001,152
2026-03-02 01:00:00,49.606179854999986,8.2,14.7,198,0.0,70,0.0,0.0,100,1,0,3,61,0,0,0,-0.3090169943749473,-0.9510565162951536,0.9999999999999991,6.800000000000001,152
2026-03-02 02:00:00,50.22610427416666,8.5,15.2,210,0.0,75,0.0,0.0,100,2,0,3,61,0,0,0,-0.5000000000000001,-0.8660254037844386,0.7000000000000002,6.5,152
2026-03-02 03:00:00,51.12198944416666,8.0,15.2,207,0.0,84,0.0,0.0,100,3,0,3,61,0,0,0,-0.4539904997395467,-0.8910065241883679,-0.1999999999999993,7.0,152
2026-03-02 04:00:00,53.847825602499995,7.6,15.3,207,0.0,89,0.0,0.0,100,4,0,3,61,0,0,0,-0.4539904997395467,-0.8910065241883679,-0.5999999999999996,7.4,152
2026-03-02 05:00:00,57.85002152749998,7.1,14.5,210,0.0,95,0.0,0.0,100,5,0,3,61,0,0,0,-0.5000000000000001,-0.8660254037844386,-1.4000000000000004,7.9,152
2026-03-02 06:00:00,61.04992880749999,7.2,15.0,214,0.0,93,0.0,0.0,100,6,0,3,61,0,0,0,-0.5591929034707467,-0.8290375725550418,-0.7999999999999998,7.8,152
2026-03-02 07:00:00,61.52843066583332,7.2,14.3,216,0.0,92,0.0,0.0,100,7,0,3,61,0,0,0,-0.587785252292473,-0.8090169943749475,-0.39999999999999947,7.8,152
2026-03-02 08:00:00,59.49754995999999,7.4,13.4,212,0.0,92,0.0,0.0,100,8,0,3,61,0,0,0,-0.5299192642332048,-0.8480480961564261,0.3000000000000007,7.6,152
2026-03-02 09:00:00,55.07292869333333,7.7,12.6,204,7.0,90,0.0,0.0,99,9,0,3,61,0,0,0,-0.4067366430758002,-0.9135454576426009,0.5,7.3,152
2026-03-02 10:00:00,50.39883888833331,8.4,12.0,202,93.0,86,0.0,0.0,91,10,0,3,61,0,0,0,-0.374606593415912,-0.9271838545667874,1.2000000000000002,6.6,152
2026-03-02 11:00:00,48.195839136666656,9.8,11.2,196,233.0,79,0.0,0.0,43,11,0,3,61,0,0,0,-0.275637355816999,-0.9612616959383189,2.4000000000000004,5.199999999999999,152
2026-03-02 12:00:00,46.32050920166665,11.1,12.8,196,345.0,71,0.0,0.0,59,12,0,3,61,0,0,0,-0.275637355816999,-0.9612616959383189,3.3999999999999995,3.9000000000000004,152
2026-03-02 13:00:00,47.09665577249998,12.2,14.3,204,414.0,65,0.0,0.0,78,13,0,3,61,0,0,0,-0.4067366430758002,-0.9135454576426009,3.799999999999999,2.8000000000000007,152
2026-03-02 14:00:00,44.32021861249998,13.0,15.6,207,429.0,61,0.0,0.0,100,14,0,3,61,0,0,0,-0.4539904997395467,-0.8910065241883679,3.1999999999999993,2.0,152
2026-03-02 15:00:00,46.97159492499998,13.4,15.3,216,375.0,57,0.0,0.0,100,15,0,3,61,0,0,0,-0.587785252292473,-0.8090169943749475,2.3000000000000007,1.5999999999999996,152
2026-03-02 16:00:00,49.10058767999998,13.3,14.1,217,317.0,53,0.0,0.0,98,16,0,3,61,0,0,0,-0.6018150231520484,-0.7986355100472928,1.1000000000000014,1.6999999999999993,152
2026-03-02 17:00:00,53.44698113166666,12.9,11.8,207,238.0,54,0.0,0.0,100,17,0,3,61,0,0,0,-0.4539904997395467,-0.8910065241883679,-0.09999999999999964,2.0999999999999996,152
2026-03-02 18:00:00,54.580221241666656,11.6,8.3,184,118.0,62,0.0,0.0,100,18,0,3,61,0,0,0,-0.06975647374412527,-0.9975640502598242,-1.8000000000000007,3.4000000000000004,152
2026-03-02 19:00:00,53.70271200666666,9.6,9.0,164,25.0,72,0.0,0.0,100,19,0,3,61,0,0,0,0.2756373558169992,-0.9612616959383189,-3.700000000000001,5.4,152
2026-03-02 20:00:00,53.59860624916666,8.9,10.0,159,0.0,74,0.0,0.0,100,20,0,3,61,0,0,0,0.3583679495453002,-0.9335804264972017,-4.0,6.1,152
2026-03-02 21:00:00,51.19323923999998,8.8,11.3,158,0.0,74,0.0,0.0,100,21,0,3,61,0,0,0,0.37460659341591224,-0.9271838545667873,-2.799999999999999,6.199999999999999,152
2026-03-02 22:00:00,47.86822391333332,8.4,12.4,159,0.0,75,0.0,0.0,100,22,0,3,61,0,0,0,0.3583679495453002,-0.9335804264972017,-1.1999999999999993,6.6,152
2026-03-02 23:00:00,45.96878313083331,8.1,13.9,167,0.0,74,0.0,0.0,100,23,0,3,61,0,0,0,0.2249510543438652,-0.9743700647852351,-0.8000000000000007,6.9,152
2026-03-03 00:00:00,45.919907360833314,7.9,14.5,173,0.0,72,0.0,0.0,100,0,1,3,62,0,0,0,0.12186934340514755,-0.992546151641322,-0.9000000000000004,7.1,153
2026-03-03 01:00:00,46.05285520333331,7.7,15.1,180,0.0,71,0.0,0.0,100,1,1,3,62,0,0,0,1.2246467991473532e-16,-1.0,-0.7000000000000002,7.3,153
2026-03-03 02:00:00,47.49937614499998,7.4,14.2,187,0.0,74,0.0,0.0,100,2,1,3,62,0,0,0,-0.12186934340514731,-0.9925461516413221,-0.6999999999999993,7.6,153
2026-03-03 03:00:00,48.64371648833331,6.9,13.5,192,0.0,75,0.0,0.0,100,3,1,3,62,0,0,0,-0.2079116908177595,-0.9781476007338056,-1.0,8.1,153
2026-03-03 04:00:00,52.59617814416666,6.4,13.1,199,0.0,77,0.0,0.0,99,4,1,3,62,0,0,0,-0.32556815445715676,-0.9455185755993167,-1.2999999999999998,8.6,153
2026-03-03 05:00:00,58.62316255166665,5.8,12.6,209,0.0,79,0.0,0.0,99,5,1,3,62,0,0,0,-0.48480962024633695,-0.8746197071393959,-1.6000000000000005,9.2,153
2026-03-03 06:00:00,64.89861502083332,5.4,12.6,211,0.0,81,0.0,0.0,94,6,1,3,62,0,0,0,-0.5150380749100542,-0.8571673007021123,-1.5,9.6,153
2026-03-03 07:00:00,63.10506531499999,5.1,12.5,217,0.0,83,0.0,0.0,99,7,1,3,62,0,0,0,-0.6018150231520484,-0.7986355100472928,-1.3000000000000007,9.9,153
2026-03-03 08:00:00,59.70217940499998,4.8,12.4,221,0.0,82,0.0,0.0,4,8,1,3,62,0,0,0,-0.656059028990507,-0.7547095802227721,-1.0,10.2,153
2026-03-03 09:00:00,52.64486107999999,5.3,12.6,224,24.0,81,0.0,0.0,14,9,1,3,62,0,0,0,-0.6946583704589974,-0.7193398003386511,-0.10000000000000053,9.7,153
2026-03-03 10:00:00,50.37307936333331,7.1,13.1,232,130.0,78,0.0,0.0,7,10,1,3,62,0,0,0,-0.7880107536067221,-0.6156614753256581,2.0,7.9,153
2026-03-03 11:00:00,50.86613733333331,8.9,10.8,244,256.0,73,0.0,0.0,3,11,1,3,62,0,0,0,-0.8987940462991668,-0.43837114678907774,4.1000000000000005,6.1,153
2026-03-03 12:00:00,48.94245691499998,10.4,11.4,257,360.0,72,0.0,0.0,0,12,1,3,62,0,0,0,-0.9743700647852351,-0.22495105434386525,5.1000000000000005,4.6,153
2026-03-03 13:00:00,46.892576092499986,11.4,12.3,275,427.0,72,0.0,0.0,0,13,1,3,62,0,0,0,-0.9961946980917455,0.08715574274765789,4.300000000000001,3.5999999999999996,153
2026-03-03 14:00:00,45.32351718666665,11.8,13.0,292,451.0,69,0.0,0.0,8,14,1,3,62,0,0,0,-0.9271838545667874,0.37460659341591196,2.9000000000000004,3.1999999999999993,153
2026-03-03 15:00:00,47.59924034249998,11.9,12.7,293,430.0,63,0.0,0.0,0,15,1,3,62,0,0,0,-0.9205048534524405,0.3907311284892735,1.5,3.0999999999999996,153
2026-03-03 16:00:00,49.40385605999999,11.4,13.4,297,371.0,63,0.0,0.0,0,16,1,3,62,0,0,0,-0.8910065241883679,0.45399049973954664,0.0,3.5999999999999996,153
2026-03-03 17:00:00,56.123209291666655,10.6,12.9,317,273.0,69,0.0,0.0,8,17,1,3,62,0,0,0,-0.6819983600624984,0.7313537016191707,-1.200000000000001,4.4,153
2026-03-03 18:00:00,62.04885795166665,9.5,12.5,319,151.0,65,0.0,0.0,37,18,1,3,62,0,0,0,-0.6560590289905074,0.7547095802227719,-2.4000000000000004,5.5,153
2026-03-03 19:00:00,64.9238397275,6.9,12.5,321,37.0,70,0.0,0.0,97,19,1,3,62,0,0,0,-0.6293203910498378,0.7771459614569706,-4.5,8.1,153
2026-03-03 20:00:00,63.096624359166654,5.5,14.0,328,0.0,73,0.0,0.0,97,20,1,3,62,0,0,0,-0.529919264233205,0.8480480961564258,-5.1,9.5,153
2026-03-03 21:00:00,60.672444351666655,4.4,13.7,335,0.0,78,0.0,0.0,79,21,1,3,62,0,0,0,-0.4226182617406992,0.90630778703665,-5.1,10.6,153
2026-03-03 22:00:00,56.522102446666665,3.2,10.5,341,0.0,84,0.0,0.0,97,22,1,3,62,0,0,0,-0.3255681544571567,0.9455185755993168,-3.7,11.8,153
2026-03-03 23:00:00,53.747826821666656,2.5,8.2,334,0.0,90,0.0,0.0,80,23,1,3,62,0,0,0,-0.4383711467890778,0.8987940462991668,-3.0,12.5,153
2026-03-04 00:00:00,54.07292823416666,1.8,7.7,327,0.0,91,0.0,0.0,8,0,2,3,63,0,0,0,-0.544639035015027,0.838670567945424,-2.6000000000000005,13.2,154
2026-03-04 01:00:00,57.405389296666655,1.3,8.1,325,0.0,92,0.0,0.0,0,1,2,3,63,0,0,0,-0.5735764363510465,0.8191520442889916,-1.9000000000000001,13.7,154
2026-03-04 02:00:00,59.05033315916666,0.9,8.2,320,0.0,92,0.0,0.0,0,2,2,3,63,0,0,0,-0.6427876096865396,0.7660444431189778,-1.6,14.1,154
2026-03-04 03:00:00,60.62277550583332,0.4,7.8,320,0.0,92,0.0,0.0,0,3,2,3,63,0,0,0,-0.6427876096865396,0.7660444431189778,-1.4,14.6,154
2026-03-04 04:00:00,64.49989899333332,0.2,8.6,319,0.0,93,0.0,0.0,0,4,2,3,63,0,0,0,-0.6560590289905074,0.7547095802227719,-1.1,14.8,154
2026-03-04 05:00:00,72.02641400583333,0.1,8.8,321,0.0,94,0.0,0.0,0,5,2,3,63,0,0,0,-0.6293203910498378,0.7771459614569706,-0.8,14.9,154
2026-03-04 06:00:00,76.15720077249999,-0.1,8.0,320,0.0,94,0.0,0.0,0,6,2,3,63,0,0,0,-0.6427876096865396,0.7660444431189778,-0.5,15.1,154
2026-03-04 07:00:00,76.41071010416665,-0.4,7.1,315,0.0,95,0.0,0.0,0,7,2,3,63,0,0,0,-0.7071067811865477,0.7071067811865474,-0.6000000000000001,15.4,154
2026-03-04 08:00:00,68.73880837083333,-0.6,6.7,314,0.0,95,0.0,0.0,0,8,2,3,63,0,0,0,-0.7193398003386512,0.6946583704589973,-0.7,15.6,154
2026-03-04 09:00:00,59.729242424999995,-0.1,7.8,310,28.0,96,0.0,0.0,0,9,2,3,63,0,0,0,-0.7660444431189781,0.6427876096865393,0.0,15.1,154
2026-03-04 10:00:00,53.073626990833326,2.2,7.8,314,143.0,94,0.0,0.0,0,10,2,3,63,0,0,0,-0.7193398003386512,0.6946583704589973,2.6,12.8,154
2026-03-04 11:00:00,50.54579483499999,4.4,5.0,308,272.0,88,0.0,0.0,0,11,2,3,63,0,0,0,-0.7880107536067218,0.6156614753256585,5.0,10.6,154
2026-03-04 12:00:00,48.421563052499984,6.6,5.5,319,382.0,78,0.0,0.0,0,12,2,3,63,0,0,0,-0.6560590289905074,0.7547095802227719,6.699999999999999,8.4,154
2026-03-04 13:00:00,49.04664997749999,8.1,5.1,318,453.0,67,0.0,0.0,0,13,2,3,63,0,0,0,-0.6691306063588581,0.7431448254773944,5.8999999999999995,6.9,154
2026-03-04 14:00:00,47.694491339999985,8.9,3.9,298,481.0,61,0.0,0.0,14,14,2,3,63,0,0,0,-0.8829475928589271,0.4694715627858904,4.5,6.1,154
2026-03-04 15:00:00,49.070383769999985,9.5,3.2,273,460.0,57,0.0,0.0,8,15,2,3,63,0,0,0,-0.9986295347545738,0.052335956242943946,2.9000000000000004,5.5,154
2026-03-04 16:00:00,52.750478034166655,9.6,3.6,261,396.0,56,0.0,0.0,5,16,2,3,63,0,0,0,-0.9876883405951377,-0.15643446504023104,1.5,5.4,154
2026-03-04 17:00:00,57.975096403333325,9.2,3.9,257,294.0,57,0.0,0.0,1,17,2,3,63,0,0,0,-0.9743700647852351,-0.22495105434386525,0.29999999999999893,5.800000000000001,154
2026-03-04 18:00:00,62.12662552333333,7.8,2.8,259,166.0,73,0.0,0.0,0,18,2,3,63,0,0,0,-0.981627183447664,-0.1908089953765446,-1.7000000000000002,7.2,154
2026-03-04 19:00:00,64.62419611999998,4.9,2.4,261,43.0,76,0.0,0.0,0,19,2,3,63,0,0,0,-0.9876883405951377,-0.15643446504023104,-4.699999999999999,10.1,154
2026-03-04 20:00:00,66.85116771833331,5.8,1.3,225,0.0,68,0.0,0.0,0,20,2,3,63,0,0,0,-0.7071067811865475,-0.7071067811865477,-3.3999999999999995,9.2,154
2026-03-04 21:00:00,65.60533348416666,4.2,1.5,187,0.0,73,0.0,0.0,0,21,2,3,63,0,0,0,-0.12186934340514731,-0.9925461516413221,-3.5999999999999996,10.8,154
2026-03-04 22:00:00,60.55651108833332,2.7,1.5,150,0.0,78,0.0,0.0,0,22,2,3,63,0,0,0,0.49999999999999994,-0.8660254037844387,-2.2,12.3,154
2026-03-04 23:00:00,55.65391820583333,1.0,3.4,122,0.0,84,0.0,0.0,0,23,2,3,63,0,0,0,0.8480480961564261,-0.5299192642332048,-4.8,14.0,154
2026-03-05 00:00:00,54.79784047,0.1,6.2,136,0.0,87,0.0,0.0,0,0,3,3,64,0,0,0,0.6946583704589971,-0.7193398003386513,-4.1000000000000005,14.9,155
2026-03-05 01:00:00,56.0309215975,1.1,8.3,147,0.0,84,0.0,0.0,0,1,3,3,64,0,0,0,0.5446390350150273,-0.8386705679454239,-1.6,13.9,155
2026-03-05 02:00:00,57.278262990833326,1.2,9.8,139,0.0,85,0.0,0.0,0,2,3,3,64,0,0,0,0.6560590289905073,-0.754709580222772,0.19999999999999996,13.8,155
2026-03-05 03:00:00,58.925394924999985,1.1,10.6,140,0.0,85,0.0,0.0,0,3,3,3,64,0,0,0,0.6427876096865395,-0.7660444431189779,1.0,13.9,155
2026-03-05 04:00:00,62.65155971999999,0.9,10.7,139,0.0,86,0.0,0.0,0,4,3,3,64,0,0,0,0.6560590289905073,-0.754709580222772,-0.20000000000000007,14.1,155
2026-03-05 05:00:00,69.42793976916666,0.8,10.8,137,0.0,85,0.0,0.0,0,5,3,3,64,0,0,0,0.6819983600624986,-0.7313537016191705,-0.3999999999999999,14.2,155
2026-03-05 06:00:00,74.40896618916666,0.6,10.9,135,0.0,85,0.0,0.0,0,6,3,3,64,0,0,0,0.7071067811865476,-0.7071067811865475,-0.5000000000000001,14.4,155
2026-03-05 07:00:00,73.88627221916666,0.4,11.8,140,0.0,84,0.0,0.0,0,7,3,3,64,0,0,0,0.6427876096865395,-0.7660444431189779,-0.5,14.6,155
2026-03-05 08:00:00,64.95426270749998,0.3,11.7,135,0.0,83,0.0,0.0,0,8,3,3,64,0,0,0,0.7071067811865476,-0.7071067811865475,-0.5,14.7,155
2026-03-05 09:00:00,55.95060560333332,1.1,11.7,134,31.0,80,0.0,0.0,0,9,3,3,64,0,0,0,0.7193398003386511,-0.6946583704589974,0.5000000000000001,13.9,155
2026-03-05 10:00:00,50.698692794166654,3.2,12.9,122,147.0,77,0.0,0.0,0,10,3,3,64,0,0,0,0.8480480961564261,-0.5299192642332048,2.8000000000000003,11.8,155
2026-03-05 11:00:00,49.14373555166666,5.3,10.0,128,273.0,69,0.0,0.0,0,11,3,3,64,0,0,0,0.788010753606722,-0.6156614753256583,5.0,9.7,155
2026-03-05 12:00:00,48.11832944249999,7.2,9.4,128,377.0,65,0.0,0.0,0,12,3,3,64,0,0,0,0.788010753606722,-0.6156614753256583,6.1,7.8,155
2026-03-05 13:00:00,47.520170574166656,9.1,9.0,133,447.0,64,0.0,0.0,0,13,3,3,64,0,0,0,0.7313537016191706,-0.6819983600624984,5.8999999999999995,5.9,155
2026-03-05 14:00:00,47.346853182499984,11.4,9.5,127,475.0,62,0.0,0.0,0,14,3,3,64,0,0,0,0.7986355100472927,-0.6018150231520484,6.1000000000000005,3.5999999999999996,155
2026-03-05 15:00:00,48.79672531249998,12.4,9.6,130,456.0,62,0.0,0.0,0,15,3,3,64,0,0,0,0.766044443118978,-0.6427876096865394,5.2,2.5999999999999996,155
2026-03-05 16:00:00,53.50089191749999,12.8,9.8,128,392.0,63,0.0,0.0,0,16,3,3,64,0,0,0,0.788010753606722,-0.6156614753256583,3.700000000000001,2.1999999999999993,155
2026-03-05 17:00:00,61.09888608749999,12.4,9.5,119,290.0,67,0.0,0.0,0,17,3,3,64,0,0,0,0.8746197071393959,-0.484809620246337,1.0,2.5999999999999996,155
2026-03-05 18:00:00,65.2358695725,10.9,9.1,108,164.0,77,0.0,0.0,0,18,3,3,64,0,0,0,0.9510565162951536,-0.30901699437494734,-1.5,4.1,155
2026-03-05 19:00:00,65.49993376333332,8.2,10.2,108,44.0,87,0.0,0.0,0,19,3,3,64,0,0,0,0.9510565162951536,-0.30901699437494734,-4.600000000000001,6.800000000000001,155
2026-03-05 20:00:00,62.57121543166666,6.9,12.3,108,0.0,84,0.0,0.0,0,20,3,3,64,0,0,0,0.9510565162951536,-0.30901699437494734,-5.5,8.1,155
2026-03-05 21:00:00,59.44607383416666,6.7,12.6,118,0.0,83,0.0,0.0,0,21,3,3,64,0,0,0,0.8829475928589269,-0.4694715627858909,-4.2,8.3,155
2026-03-05 22:00:00,56.14694476249999,6.3,12.3,128,0.0,84,0.0,0.0,0,22,3,3,64,0,0,0,0.788010753606722,-0.6156614753256583,-1.8999999999999995,8.7,155
2026-03-05 23:00:00,54.89622740166666,5.9,12.1,137,0.0,82,0.0,0.0,0,23,3,3,64,0,0,0,0.6819983600624986,-0.7313537016191705,-1.0,9.1,155
2026-03-06 00:00:00,55.596884294999995,5.6,11.7,144,0.0,78,0.0,0.0,0,0,4,3,65,0,0,0,0.5877852522924732,-0.8090169943749473,-1.1000000000000005,9.4,156
2026-03-06 01:00:00,55.69875794833332,5.1,11.6,150,0.0,76,0.0,0.0,0,1,4,3,65,0,0,0,0.49999999999999994,-0.8660254037844387,-1.2000000000000002,9.9,156
2026-03-06 02:00:00,56.22489563666666,4.3,11.3,146,0.0,76,0.0,0.0,0,2,4,3,65,0,0,0,0.5591929034707469,-0.8290375725550416,-1.6000000000000005,10.7,156
2026-03-06 03:00:00,57.54683092083333,4.2,11.1,150,0.0,74,0.0,0.0,0,3,4,3,65,0,0,0,0.49999999999999994,-0.8660254037844387,-1.3999999999999995,10.8,156
2026-03-06 04:00:00,64.38100692333332,3.9,10.7,150,0.0,72,0.0,0.0,0,4,4,3,65,0,0,0,0.49999999999999994,-0.8660254037844387,-1.1999999999999997,11.1,156
2026-03-06 05:00:00,68.39621636333331,3.4,10.4,152,0.0,72,0.0,0.0,0,5,4,3,65,0,0,0,0.4694715627858907,-0.882947592858927,-0.8999999999999999,11.6,156
2026-03-06 06:00:00,65.14138333333332,3.0,10.4,152,0.0,72,0.0,0.0,0,6,4,3,65,0,0,0,0.4694715627858907,-0.882947592858927,-1.2000000000000002,12.0,156
2026-03-06 07:00:00,61.89138333333332,2.5,9.9,151,0.0,74,0.0,0.0,0,7,4,3,65,0,0,0,0.48480962024633717,-0.8746197071393957,-1.4,12.5,156
2026-03-06 08:00:00,58.64138333333332,2.1,8.8,145,0.0,75,0.0,0.0,0,8,4,3,65,0,0,0,0.5735764363510459,-0.8191520442889919,-1.2999999999999998,12.9,156
2026-03-06 09:00:00,55.39138333333332,3.0,10.1,155,35.0,73,0.0,0.0,0,9,4,3,65,0,0,0,0.4226182617406995,-0.9063077870366499,0.0,12.0,156
2026-03-06 10:00:00,52.14138333333332,5.3,9.7,156,155.0,70,0.0,0.0,1,10,4,3,65,0,0,0,0.40673664307580043,-0.9135454576426008,2.8,9.7,156
2026-03-06 11:00:00,49.56846608416666,7.8,7.2,155,286.0,65,0.0,0.0,9,11,4,3,65,0,0,0,0.4226182617406995,-0.9063077870366499,5.699999999999999,7.2,156
2026-03-06 12:00:00,49.44162860999999,10.0,5.4,166,389.0,63,0.0,0.0,85,12,4,3,65,0,0,0,0.24192189559966773,-0.9702957262759965,7.0,5.0,156
2026-03-06 13:00:00,47.219972324999986,11.8,5.4,172,447.0,60,0.0,0.0,98,13,4,3,65,0,0,0,0.13917310096006533,-0.9902680687415704,6.500000000000001,3.1999999999999993,156
2026-03-06 14:00:00,47.01827644833333,13.4,5.8,158,443.0,57,0.0,0.0,36,14,4,3,65,0,0,0,0.37460659341591224,-0.9271838545667873,5.6000000000000005,1.5999999999999996,156
2026-03-06 15:00:00,48.341987440833314,14.4,5.9,166,462.0,55,0.0,0.0,25,15,4,3,65,0,0,0,0.24192189559966773,-0.9702957262759965,4.4,0.5999999999999996,156
2026-03-06 16:00:00,51.84819518416666,14.8,5.6,165,400.0,54,0.0,0.0,98,16,4,3,65,0,0,0,0.258819045102521,-0.9659258262890682,3.0,0.1999999999999993,156
2026-03-06 17:00:00,57.35234486333333,14.4,4.8,151,289.0,57,0.0,0.0,95,17,4,3,65,0,0,0,0.48480962024633717,-0.8746197071393957,1.0,0.5999999999999996,156
2026-03-06 18:00:00,60.44938361833332,12.1,4.3,118,156.0,75,0.0,0.0,80,18,4,3,65,0,0,0,0.8829475928589269,-0.4694715627858909,-2.3000000000000007,2.9000000000000004,156
2026-03-06 19:00:00,60.020416101666655,8.8,6.3,103,46.0,85,0.0,0.0,16,19,4,3,65,0,0,0,0.9743700647852352,-0.22495105434386503,-6.0,6.199999999999999,156
2026-03-06 20:00:00,58.521210016666664,7.0,8.2,104,0.0,82,0.0,0.0,0,20,4,3,65,0,0,0,0.9702957262759965,-0.24192189559966779,-7.4,8.0,156
2026-03-06 21:00:00,56.572812334166656,6.7,7.2,118,0.0,82,0.0,0.0,0,21,4,3,65,0,0,0,0.8829475928589269,-0.4694715627858909,-5.3999999999999995,8.3,156
2026-03-06 22:00:00,54.95500972416665,6.0,7.2,127,0.0,81,0.0,0.0,0,22,4,3,65,0,0,0,0.7986355100472927,-0.6018150231520484,-2.8000000000000007,9.0,156
2026-03-06 23:00:00,53.45314952916666,5.6,7.7,141,0.0,82,0.0,0.0,0,23,4,3,65,0,0,0,0.6293203910498374,-0.7771459614569709,-1.4000000000000004,9.4,156
2026-03-07 00:00:00,52.974846379166664,5.7,7.8,165,0.0,81,0.0,0.0,5,0,5,3,66,1,0,0,0.258819045102521,-0.9659258262890682,-1.0,9.3,157
2026-03-07 01:00:00,51.954801104166656,5.6,8.1,179,0.0,80,0.0,0.0,94,1,5,3,66,1,0,0,0.01745240643728344,-0.9998476951563913,-0.40000000000000036,9.4,157
2026-03-07 02:00:00,51.75150664666665,4.8,8.0,171,0.0,84,0.0,0.0,95,2,5,3,66,1,0,0,0.15643446504023098,-0.9876883405951377,-0.7999999999999998,10.2,157
2026-03-07 03:00:00,53.02305282666666,4.7,8.1,192,0.0,85,0.0,0.0,100,3,5,3,66,1,0,0,-0.2079116908177595,-0.9781476007338056,-1.0,10.3,157
2026-03-07 04:00:00,54.92352595833333,4.6,7.6,188,0.0,84,0.0,0.0,100,4,5,3,66,1,0,0,-0.13917310096006552,-0.9902680687415703,-1.0,10.4,157
2026-03-07 05:00:00,57.87390225333333,4.2,8.0,196,0.0,86,0.0,0.0,100,5,5,3,66,1,0,0,-0.275637355816999,-0.9612616959383189,-0.5999999999999996,10.8,157
2026-03-07 06:00:00,60.25289462833332,4.0,7.8,199,0.0,87,0.0,0.0,100,6,5,3,66,1,0,0,-0.32556815445715676,-0.9455185755993167,-0.7000000000000002,11.0,157
2026-03-07 07:00:00,63.65093096249999,4.7,7.9,201,0.0,86,0.0,0.0,98,7,5,3,66,1,0,0,-0.35836794954530043,-0.9335804264972016,0.10000000000000053,10.3,157
2026-03-07 08:00:00,62.55288967249999,4.1,6.2,210,0.0,88,0.0,0.0,84,8,5,3,66,1,0,0,-0.5000000000000001,-0.8660254037844386,-0.10000000000000053,10.9,157
2026-03-07 09:00:00,59.07301607749999,4.7,7.8,218,29.0,87,0.0,0.0,73,9,5,3,66,1,0,0,-0.6156614753256582,-0.788010753606722,0.7000000000000002,10.3,157
2026-03-07 10:00:00,56.32194522166666,7.1,5.3,225,138.0,80,0.0,0.0,88,10,5,3,66,1,0,0,-0.7071067811865475,-0.7071067811865477,2.3999999999999995,7.9,157
2026-03-07 11:00:00,53.270970363333326,9.0,3.4,238,180.0,78,0.0,0.0,91,11,5,3,66,1,0,0,-0.848048096156426,-0.529919264233205,4.9,6.0,157
2026-03-07 12:00:00,51.22142069499999,10.8,3.2,251,247.0,75,0.0,0.0,23,12,5,3,66,1,0,0,-0.9455185755993168,-0.32556815445715664,6.1000000000000005,4.199999999999999,157
2026-03-07 13:00:00,49.56940525416666,13.2,3.8,245,442.0,68,0.0,0.0,57,13,5,3,66,1,0,0,-0.90630778703665,-0.42261826174069916,6.1,1.8000000000000007,157
2026-03-07 14:00:00,50.74507953249999,13.6,2.5,176,374.0,70,0.0,0.0,66,14,5,3,66,1,0,0,0.06975647374412552,-0.9975640502598242,4.6,1.4000000000000004,157
2026-03-07 15:00:00,52.8190078375,13.9,3.6,57,320.0,70,0.0,0.0,41,15,5,3,66,1,0,0,0.838670567945424,0.5446390350150271,3.0999999999999996,1.0999999999999996,157
2026-03-07 16:00:00,54.39981534583333,14.4,4.4,120,336.0,69,0.0,0.0,51,16,5,3,66,1,0,0,0.8660254037844387,-0.49999999999999983,1.200000000000001,0.5999999999999996,157
2026-03-07 17:00:00,57.270674628333325,14.2,3.1,135,267.0,68,0.0,0.0,91,17,5,3,66,1,0,0,0.7071067811865476,-0.7071067811865475,0.5999999999999996,0.8000000000000007,157
2026-03-07 18:00:00,56.82632867999999,12.8,1.8,127,87.0,83,0.0,0.0,92,18,5,3,66,1,0,0,0.7986355100472927,-0.6018150231520484,-1.0999999999999996,2.1999999999999993,157
2026-03-07 19:00:00,55.08167578666666,10.6,1.5,166,32.0,88,0.0,0.0,99,19,5,3,66,1,0,0,0.24192189559966773,-0.9702957262759965,-3.8000000000000007,4.4,157
2026-03-07 20:00:00,53.83112937833333,9.4,1.4,157,0.0,89,0.0,0.0,44,20,5,3,66,1,0,0,0.39073112848927377,-0.9205048534524404,-4.799999999999999,5.6,157
2026-03-07 21:00:00,51.82674256333333,8.5,0.3,45,0.0,93,0.0,0.0,59,21,5,3,66,1,0,0,0.7071067811865475,0.7071067811865476,-4.300000000000001,6.5,157
2026-03-07 22:00:00,49.15766439916665,7.4,1.1,261,0.0,98,0.0,0.0,95,22,5,3,66,1,0,0,-0.9876883405951377,-0.15643446504023104,-3.1999999999999993,7.6,157
2026-03-07 23:00:00,47.52593248249998,6.7,2.2,275,0.0,100,0.0,0.0,100,23,5,3,66,1,0,0,-0.9961946980917455,0.08715574274765789,-2.7,8.3,157
2026-03-08 00:00:00,47.32572386249998,7.0,0.3,315,0.0,100,0.0,0.0,100,0,6,3,67,1,0,0,-0.7071067811865477,0.7071067811865474,-1.5,8.0,158
2026-03-08 01:00:00,47.60933233499998,6.8,1.2,321,0.0,100,0.0,0.0,100,1,6,3,67,1,0,0,-0.6293203910498378,0.7771459614569706,-0.6000000000000005,8.2,158
2026-03-08 02:00:00,49.55431554333332,7.0,2.5,82,0.0,99,0.0,0.0,99,2,6,3,67,1,0,0,0.9902680687415704,0.13917310096006547,0.2999999999999998,8.0,158
2026-03-08 03:00:00,50.30017211833332,5.8,2.3,4,0.0,100,0.0,0.0,100,3,6,3,67,1,0,0,0.0697564737441253,0.9975640502598242,-1.2000000000000002,9.2,158
2026-03-08 04:00:00,50.451079874999984,5.7,9.2,286,0.0,100,0.0,0.0,100,4,6,3,67,1,0,0,-0.9612616959383188,0.2756373558169994,-1.0999999999999996,9.3,158
2026-03-08 05:00:00,52.251497954166666,5.6,6.5,347,0.0,100,0.0,0.0,100,5,6,3,67,1,0,0,-0.22495105434386534,0.9743700647852351,-1.4000000000000004,9.4,158
2026-03-08 06:00:00,55.659457381666655,5.6,4.5,130,0.0,99,0.0,0.0,100,6,6,3,67,1,0,0,0.766044443118978,-0.6427876096865394,-0.20000000000000018,9.4,158
2026-03-08 07:00:00,60.326089865833325,6.4,9.6,123,0.0,97,0.0,0.0,98,7,6,3,67,1,0,0,0.838670567945424,-0.5446390350150272,0.7000000000000002,8.6,158
2026-03-08 08:00:00,61.652669003333315,6.5,1.3,278,0.0,95,0.0,0.0,100,8,6,3,67,1,0,0,-0.9902680687415704,0.13917310096006547,0.9000000000000004,8.5,158
2026-03-08 09:00:00,61.68069501749999,6.6,8.8,55,11.0,97,0.0,0.0,99,9,6,3,67,1,0,0,0.8191520442889918,0.573576436351046,1.0,8.4,158
2026-03-08 10:00:00,56.344350280833325,7.4,9.8,125,68.0,95,0.0,0.0,98,10,6,3,67,1,0,0,0.8191520442889917,-0.5735764363510462,1.0,7.6,158
2026-03-08 11:00:00,52.49142605416666,8.3,8.2,113,110.0,92,0.0,0.0,63,11,6,3,67,1,0,0,0.9205048534524403,-0.39073112848927377,1.8000000000000007,6.699999999999999,158
2026-03-08 12:00:00,50.81758150749999,11.4,6.1,130,345.0,82,0.0,0.0,98,12,6,3,67,1,0,0,0.766044443118978,-0.6427876096865394,4.800000000000001,3.5999999999999996,158
2026-03-08 13:00:00,49.3421038,12.9,5.9,137,355.0,72,0.0,0.0,100,13,6,3,67,1,0,0,0.6819983600624986,-0.7313537016191705,5.5,2.0999999999999996,158
2026-03-08 14:00:00,48.34208061999999,12.6,5.5,58,398.0,75,0.0,0.0,100,14,6,3,67,1,0,0,0.848048096156426,0.5299192642332049,4.299999999999999,2.4000000000000004,158
2026-03-08 15:00:00,48.217193622499984,12.8,8.0,80,387.0,71,0.0,0.0,100,15,6,3,67,1,0,0,0.984807753012208,0.17364817766693041,1.4000000000000004,2.1999999999999993,158
2026-03-08 16:00:00,51.39341346999999,12.1,9.8,83,310.0,71,0.0,0.0,100,16,6,3,67,1,0,0,0.992546151641322,0.12186934340514749,-0.8000000000000007,2.9000000000000004,158
2026-03-08 17:00:00,55.72016691666666,10.9,9.2,78,209.0,74,0.0,0.0,100,17,6,3,67,1,0,0,0.9781476007338056,0.20791169081775945,-1.6999999999999993,4.1,158
2026-03-08 18:00:00,59.36945085416665,9.4,9.3,80,115.0,80,0.0,0.0,99,18,6,3,67,1,0,0,0.984807753012208,0.17364817766693041,-3.4000000000000004,5.6,158
2026-03-08 19:00:00,58.67035982999999,8.2,9.5,91,40.0,83,0.0,0.0,97,19,6,3,67,1,0,0,0.9998476951563913,-0.017452406437283477,-3.9000000000000004,6.800000000000001,158
2026-03-08 20:00:00,56.547281711666656,7.3,10.3,94,0.0,83,0.0,0.0,99,20,6,3,67,1,0,0,0.9975640502598242,-0.06975647374412533,-3.6000000000000005,7.7,158
2026-03-08 21:00:00,54.077173071666664,7.2,9.9,95,0.0,81,0.0,0.0,100,21,6,3,67,1,0,0,0.9961946980917455,-0.08715574274765824,-2.2,7.8,158
2026-03-08 22:00:00,50.59955373166665,6.5,9.6,98,0.0,83,0.0,0.0,95,22,6,3,67,1,0,0,0.9902680687415704,-0.13917310096006535,-1.6999999999999993,8.5,158
2026-03-08 23:00:00,49.82109411666666,6.1,9.8,103,0.0,84,0.0,0.0,95,23,6,3,67,1,0,0,0.9743700647852352,-0.22495105434386503,-1.2000000000000002,8.9,158
2026-03-09 00:00:00,49.84426289666665,5.9,9.5,115,0.0,85,0.0,0.0,46,0,0,3,68,0,0,0,0.90630778703665,-0.42261826174069933,-1.2999999999999998,9.1,159
2026-03-09 01:00:00,50.854979529999994,6.1,10.0,128,0.0,82,0.0,0.0,63,1,0,3,68,0,0,0,0.788010753606722,-0.6156614753256583,-0.40000000000000036,8.9,159
2026-03-09 02:00:00,51.52415387666666,6.4,9.5,143,0.0,78,0.0,0.0,38,2,0,3,68,0,0,0,0.6018150231520482,-0.7986355100472929,0.3000000000000007,8.6,159
2026-03-09 03:00:00,52.37036974166666,5.6,8.2,142,0.0,80,0.0,0.0,8,3,0,3,68,0,0,0,0.6156614753256584,-0.7880107536067219,-0.3000000000000007,9.4,159
2026-03-09 04:00:00,56.84603288916666,5.1,8.5,142,0.0,81,0.0,0.0,4,4,0,3,68,0,0,0,0.6156614753256584,-0.7880107536067219,-1.0,9.9,159
2026-03-09 05:00:00,64.02318451249998,4.6,8.4,137,0.0,82,0.0,0.0,5,5,0,3,68,0,0,0,0.6819983600624986,-0.7313537016191705,-1.8000000000000007,10.4,159
2026-03-09 06:00:00,68.85375190833332,4.0,7.9,131,0.0,84,0.0,0.0,2,6,0,3,68,0,0,0,0.7547095802227721,-0.6560590289905072,-1.5999999999999996,11.0,159
2026-03-09 07:00:00,67.00277423166665,3.5,8.7,122,0.0,86,0.0,0.0,0,7,0,3,68,0,0,0,0.8480480961564261,-0.5299192642332048,-1.5999999999999996,11.5,159
2026-03-09 08:00:00,58.87105363083332,2.9,9.1,115,0.0,87,0.0,0.0,0,8,0,3,68,0,0,0,0.90630778703665,-0.42261826174069933,-1.6999999999999997,12.1,159
2026-03-09 09:00:00,50.894728634166654,3.9,9.9,119,48.0,83,0.0,0.0,0,9,0,3,68,0,0,0,0.8746197071393959,-0.484809620246337,-0.10000000000000009,11.1,159
2026-03-09 10:00:00,47.818409812499986,6.2,7.9,117,173.0,77,0.0,0.0,0,10,0,3,68,0,0,0,0.8910065241883679,-0.45399049973954675,2.7,8.8,159
2026-03-09 11:00:00,46.16850664916665,8.4,6.0,127,304.0,71,0.0,0.0,0,11,0,3,68,0,0,0,0.7986355100472927,-0.6018150231520484,5.5,6.6,159
2026-03-09 12:00:00,44.93963512999998,10.5,5.4,127,411.0,66,0.0,0.0,0,12,0,3,68,0,0,0,0.7986355100472927,-0.6018150231520484,6.6,4.5,159
2026-03-09 13:00:00,43.54359890999998,12.2,5.8,126,480.0,62,0.0,0.0,0,13,0,3,68,0,0,0,0.8090169943749475,-0.587785252292473,5.999999999999999,2.8000000000000007,159
2026-03-09 14:00:00,42.816289602499985,13.6,6.3,121,505.0,59,0.0,0.0,0,14,0,3,68,0,0,0,0.8571673007021123,-0.5150380749100543,5.199999999999999,1.4000000000000004,159
2026-03-09 15:00:00,44.21706155666666,14.4,7.1,117,484.0,57,0.0,0.0,0,15,0,3,68,0,0,0,0.8910065241883679,-0.45399049973954675,3.9000000000000004,0.5999999999999996,159
2026-03-09 16:00:00,48.72181307666665,14.5,7.2,118,419.0,58,0.0,0.0,0,16,0,3,68,0,0,0,0.8829475928589269,-0.4694715627858909,2.3000000000000007,0.5,159
2026-03-09 17:00:00,54.14532963583333,14.0,6.8,115,316.0,62,0.0,0.0,0,17,0,3,68,0,0,0,0.90630778703665,-0.42261826174069933,0.40000000000000036,1.0,159
2026-03-09 18:00:00,57.32094100833333,12.5,6.4,101,187.0,72,0.0,0.0,0,18,0,3,68,0,0,0,0.981627183447664,-0.1908089953765448,-1.9000000000000004,2.5,159
2026-03-09 19:00:00,56.997990759999986,9.1,5.2,104,60.0,86,0.0,0.0,0,19,0,3,68,0,0,0,0.9702957262759965,-0.24192189559966779,-5.4,5.9,159
2026-03-09 20:00:00,56.35421916583333,7.8,2.7,138,1.0,84,0.0,0.0,0,20,0,3,68,0,0,0,0.6691306063588585,-0.743144825477394,-6.2,7.2,159
2026-03-09 21:00:00,53.79465676666666,7.0,2.0,225,0.0,88,0.0,0.0,0,21,0,3,68,0,0,0,-0.7071067811865475,-0.7071067811865477,-5.5,8.0,159
2026-03-09 22:00:00,51.32177876583332,6.3,2.4,261,0.0,89,0.0,0.0,0,22,0,3,68,0,0,0,-0.9876883405951377,-0.15643446504023104,-2.8,8.7,159
2026-03-09 23:00:00,49.99417017666665,5.1,4.6,239,0.0,91,0.0,0.0,0,23,0,3,68,0,0,0,-0.8571673007021121,-0.5150380749100544,-2.7,9.9,159
2026-03-10 00:00:00,49.90614572916665,4.8,6.9,247,0.0,88,0.0,0.0,0,0,1,3,69,0,0,0,-0.9205048534524403,-0.3907311284892738,-2.2,10.2,160
2026-03-10 01:00:00,50.22710185333332,3.5,6.1,247,0.0,88,0.0,0.0,0,1,1,3,69,0,0,0,-0.9205048534524403,-0.3907311284892738,-2.8,11.5,160
2026-03-10 02:00:00,51.07224480416666,2.5,5.4,222,0.0,92,0.0,0.0,0,2,1,3,69,0,0,0,-0.6691306063588582,-0.7431448254773942,-2.5999999999999996,12.5,160
2026-03-10 03:00:00,52.59397062916666,2.2,9.5,238,0.0,93,0.0,0.0,0,3,1,3,69,0,0,0,-0.848048096156426,-0.529919264233205,-2.5999999999999996,12.8,160
2026-03-10 04:00:00,56.670859039166665,2.0,10.9,258,0.0,96,0.0,0.0,48,4,1,3,69,0,0,0,-0.9781476007338056,-0.2079116908177598,-1.5,13.0,160
2026-03-10 05:00:00,62.448547539166654,2.0,10.3,264,0.0,100,0.0,0.0,100,5,1,3,69,0,0,0,-0.9945218953682734,-0.10452846326765336,-0.5,13.0,160
2026-03-10 06:00:00,66.67285755416665,2.8,9.9,260,0.0,100,0.0,0.0,100,6,1,3,69,0,0,0,-0.984807753012208,-0.17364817766693033,0.5999999999999996,12.2,160
2026-03-10 07:00:00,65.82206074166665,3.4,8.9,261,0.0,100,0.0,0.0,100,7,1,3,69,0,0,0,-0.9876883405951377,-0.15643446504023104,1.4,11.6,160
2026-03-10 08:00:00,63.64787409999999,2.9,7.2,251,0.0,99,0.0,0.0,100,8,1,3,69,0,0,0,-0.9455185755993168,-0.32556815445715664,0.8999999999999999,12.1,160
2026-03-10 09:00:00,59.39835508499999,3.4,6.9,239,19.0,99,0.0,0.0,100,9,1,3,69,0,0,0,-0.8571673007021121,-0.5150380749100544,0.6000000000000001,11.6,160
2026-03-10 10:00:00,57.0561238475,4.6,7.8,241,65.0,97,0.0,0.0,100,10,1,3,69,0,0,0,-0.874619707139396,-0.48480962024633684,1.1999999999999997,10.4,160
2026-03-10 11:00:00,55.32378925083333,5.8,8.3,243,110.0,94,0.0,0.0,100,11,1,3,69,0,0,0,-0.8910065241883678,-0.45399049973954697,2.9,9.2,160
2026-03-10 12:00:00,54.63375599666666,7.3,8.8,253,187.0,90,0.0,0.0,100,12,1,3,69,0,0,0,-0.9563047559630353,-0.2923717047227371,3.9,7.7,160
2026-03-10 13:00:00,52.34500465666665,8.4,10.7,250,216.0,87,0.0,0.0,100,13,1,3,69,0,0,0,-0.9396926207859084,-0.34202014332566855,3.8000000000000007,6.6,160
2026-03-10 14:00:00,50.02268026833332,9.2,9.4,235,251.0,85,0.0,0.0,79,14,1,3,69,0,0,0,-0.8191520442889916,-0.5735764363510464,3.3999999999999995,5.800000000000001,160
2026-03-10 15:00:00,49.47274111583332,10.7,8.6,231,310.0,80,0.0,0.0,23,15,1,3,69,0,0,0,-0.7771459614569706,-0.6293203910498378,3.3999999999999995,4.300000000000001,160
2026-03-10 16:00:00,52.223315279999994,11.6,6.9,221,364.0,76,0.0,0.0,5,16,1,3,69,0,0,0,-0.656059028990507,-0.7547095802227721,3.1999999999999993,3.4000000000000004,160
2026-03-10 17:00:00,57.47110738499999,11.9,8.4,222,312.0,75,0.0,0.0,12,17,1,3,69,0,0,0,-0.6691306063588582,-0.7431448254773942,2.700000000000001,3.0999999999999996,160
2026-03-10 18:00:00,58.455204500833325,11.6,8.5,216,178.0,79,0.0,0.0,23,18,1,3,69,0,0,0,-0.587785252292473,-0.8090169943749475,0.9000000000000004,3.4000000000000004,160
2026-03-10 19:00:00,57.99410109583332,9.7,10.1,229,52.0,88,0.0,0.0,39,19,1,3,69,0,0,0,-0.754709580222772,-0.6560590289905073,-1.9000000000000004,5.300000000000001,160
2026-03-10 20:00:00,56.34464994249999,8.4,8.1,225,1.0,94,0.0,0.0,66,20,1,3,69,0,0,0,-0.7071067811865475,-0.7071067811865477,-3.5,6.6,160
2026-03-10 21:00:00,52.59332990166666,7.1,8.2,230,0.0,98,0.0,0.0,69,21,1,3,69,0,0,0,-0.7660444431189779,-0.6427876096865395,-4.5,7.9,160
2026-03-10 22:00:00,47.84257365416665,6.9,7.5,224,0.0,99,0.0,0.0,95,22,1,3,69,0,0,0,-0.6946583704589974,-0.7193398003386511,-2.799999999999999,8.1,160
2026-03-10 23:00:00,45.69216800416665,6.9,10.7,226,0.0,97,0.0,0.0,99,23,1,3,69,0,0,0,-0.7193398003386512,-0.6946583704589973,-1.5,8.1,160
2026-03-11 00:00:00,44.944181766666645,6.9,9.2,254,0.0,99,0.0,0.0,100,0,2,3,70,0,0,0,-0.961261695938319,-0.2756373558169989,-0.1999999999999993,8.1,161
2026-03-11 01:00:00,45.60193585666665,6.9,9.9,215,0.0,100,0.0,0.0,100,1,2,3,70,0,0,0,-0.5735764363510462,-0.8191520442889918,0.0,8.1,161
2026-03-11 02:00:00,46.09643845999997,7.8,9.8,210,0.0,99,0.0,0.0,100,2,2,3,70,0,0,0,-0.5000000000000001,-0.8660254037844386,0.8999999999999995,7.2,161
2026-03-11 03:00:00,46.61688358999998,7.7,8.4,208,0.0,100,0.0,0.0,100,3,2,3,70,0,0,0,-0.46947156278589086,-0.8829475928589269,0.7999999999999998,7.3,161
2026-03-11 04:00:00,49.79290023249998,7.6,9.7,202,0.0,100,0.0,0.0,100,4,2,3,70,0,0,0,-0.374606593415912,-0.9271838545667874,0.6999999999999993,7.4,161
2026-03-11 05:00:00,54.42104531833333,7.8,12.9,193,0.0,99,0.0,0.0,100,5,2,3,70,0,0,0,-0.22495105434386498,-0.9743700647852352,0.0,7.2,161
2026-03-11 06:00:00,57.89945071999999,7.8,14.7,198,0.0,100,0.0,0.0,100,6,2,3,70,0,0,0,-0.3090169943749473,-0.9510565162951536,0.09999999999999964,7.2,161
2026-03-11 07:00:00,57.57147003166666,7.7,16.7,191,0.0,97,0.0,0.0,100,7,2,3,70,0,0,0,-0.19080899537654472,-0.981627183447664,0.10000000000000053,7.3,161
2026-03-11 08:00:00,55.21903773083332,7.8,17.7,197,0.0,96,0.0,0.0,48,8,2,3,70,0,0,0,-0.29237170472273677,-0.9563047559630354,0.0,7.2,161
2026-03-11 09:00:00,50.96954479333332,8.1,17.8,198,44.0,96,0.0,0.0,45,9,2,3,70,0,0,0,-0.3090169943749473,-0.9510565162951536,0.2999999999999998,6.9,161
2026-03-11 10:00:00,50.46923849749999,8.9,21.2,198,161.0,92,0.0,0.0,36,10,2,3,70,0,0,0,-0.3090169943749473,-0.9510565162951536,1.2000000000000002,6.1,161
2026-03-11 11:00:00,50.94312295999999,10.4,19.4,193,280.0,80,0.0,0.0,100,11,2,3,70,0,0,0,-0.22495105434386498,-0.9743700647852352,2.6000000000000005,4.6,161
2026-03-11 12:00:00,51.61939907916666,11.5,22.4,197,342.0,77,0.0,0.0,100,12,2,3,70,0,0,0,-0.29237170472273677,-0.9563047559630354,3.4000000000000004,3.5,161
2026-03-11 13:00:00,52.04568267166666,10.9,23.8,208,219.0,77,0.0,0.0,100,13,2,3,70,0,0,0,-0.46947156278589086,-0.8829475928589269,2.0,4.1,161
2026-03-11 14:00:00,51.56932664166666,9.6,21.0,212,261.0,92,0.0,0.0,100,14,2,3,70,0,0,0,-0.5299192642332048,-0.8480480961564261,-0.8000000000000007,5.4,161
2026-03-11 15:00:00,53.293964454166655,10.6,22.9,207,211.0,80,0.0,0.0,100,15,2,3,70,0,0,0,-0.4539904997395467,-0.8910065241883679,-0.9000000000000004,4.4,161
2026-03-11 16:00:00,56.92159622333332,10.1,22.2,207,88.0,85,0.0,0.0,100,16,2,3,70,0,0,0,-0.4539904997395467,-0.8910065241883679,-0.8000000000000007,4.9,161
2026-03-11 17:00:00,60.04947641749999,9.8,23.0,204,70.0,88,0.0,0.0,100,17,2,3,70,0,0,0,-0.4067366430758002,-0.9135454576426009,0.20000000000000107,5.199999999999999,161
2026-03-11 18:00:00,60.99122106999999,9.0,22.5,206,21.0,96,0.0,0.0,100,18,2,3,70,0,0,0,-0.43837114678907746,-0.8987940462991669,-1.5999999999999996,6.0,161
2026-03-11 19:00:00,58.48596996083332,8.6,21.8,226,9.0,97,0.0,0.0,100,19,2,3,70,0,0,0,-0.7193398003386512,-0.6946583704589973,-1.5,6.4,161
2026-03-11 20:00:00,56.38279216333333,7.6,16.6,266,0.0,97,0.0,0.0,100,20,2,3,70,0,0,0,-0.9975640502598242,-0.06975647374412558,-2.200000000000001,7.4,161
2026-03-11 21:00:00,55.02752077166666,7.0,15.5,273,0.0,95,0.0,0.0,100,21,2,3,70,0,0,0,-0.9986295347545738,0.052335956242943946,-2.0,8.0,161
2026-03-11 22:00:00,52.127793136666654,6.2,15.5,267,0.0,95,0.0,0.0,100,22,2,3,70,0,0,0,-0.9986295347545738,-0.052335956242944306,-2.3999999999999995,8.8,161
2026-03-11 23:00:00,50.40248600166666,5.4,14.9,262,0.0,95,0.0,0.0,100,23,2,3,70,0,0,0,-0.9902680687415703,-0.13917310096006583,-2.1999999999999993,9.6,161
2026-03-12 00:00:00,50.523748226666655,5.0,14.6,254,0.0,95,0.0,0.0,84,0,3,3,71,0,0,0,-0.961261695938319,-0.2756373558169989,-2.0,10.0,162
2026-03-12 01:00:00,51.02845376666666,4.6,15.0,251,0.0,95,0.0,0.0,0,1,3,3,71,0,0,0,-0.9455185755993168,-0.32556815445715664,-1.6000000000000005,10.4,162
2026-03-12 02:00:00,51.82595901916666,4.0,13.6,238,0.0,96,0.0,0.0,0,2,3,3,71,0,0,0,-0.848048096156426,-0.529919264233205,-1.4000000000000004,11.0,162
2026-03-12 03:00:00,53.57048648083333,3.7,14.1,236,0.0,96,0.0,0.0,0,3,3,3,71,0,0,0,-0.8290375725550418,-0.5591929034707466,-1.2999999999999998,11.3,162
2026-03-12 04:00:00,56.82179744916666,3.7,15.0,236,0.0,95,0.0,0.0,0,4,3,3,71,0,0,0,-0.8290375725550418,-0.5591929034707466,-0.8999999999999995,11.3,162
2026-03-12 05:00:00,64.9995401625,3.7,15.1,232,0.0,95,0.0,0.0,0,5,3,3,71,0,0,0,-0.7880107536067221,-0.6156614753256581,-0.2999999999999998,11.3,162
2026-03-12 06:00:00,73.87643184999999,3.5,15.2,224,0.0,95,0.0,0.0,0,6,3,3,71,0,0,0,-0.6946583704589974,-0.7193398003386511,-0.20000000000000018,11.5,162
2026-03-12 07:00:00,70.32749539833333,3.6,16.6,222,0.0,95,0.0,0.0,56,7,3,3,71,0,0,0,-0.6691306063588582,-0.7431448254773942,-0.10000000000000009,11.4,162
2026-03-12 08:00:00,60.284477572499995,3.9,18.3,224,1.0,95,0.0,0.0,98,8,3,3,71,0,0,0,-0.6946583704589974,-0.7193398003386511,0.19999999999999973,11.1,162
2026-03-12 09:00:00,53.71407829618421,4.8,19.8,222,49.0,91,0.0,0.0,82,9,3,3,71,0,0,0,-0.6691306063588582,-0.7431448254773942,1.2999999999999998,10.2,162
2026-03-12 10:00:00,49.6632362082456,6.4,15.3,214,160.0,86,0.0,0.0,98,10,3,3,71,0,0,0,-0.5591929034707467,-0.8290375725550418,2.8000000000000003,8.6,162
2026-03-12 11:00:00,49.287645822807015,7.9,18.5,209,252.0,78,0.0,0.0,93,11,3,3,71,0,0,0,-0.48480962024633695,-0.8746197071393959,4.0,7.1,162
2026-03-12 12:00:00,48.69084994320174,9.6,22.1,208,420.0,70,0.0,0.0,3,12,3,3,71,0,0,0,-0.46947156278589086,-0.8829475928589269,4.8,5.4,162
2026-03-12 13:00:00,48.140860179429815,10.0,29.0,218,498.0,64,0.0,0.0,84,13,3,3,71,0,0,0,-0.6156614753256582,-0.788010753606722,3.5999999999999996,5.0,162
2026-03-12 14:00:00,48.21534848565789,10.1,30.8,225,523.0,65,0.0,0.0,100,14,3,3,71,0,0,0,-0.7071067811865475,-0.7071067811865477,2.1999999999999993,4.9,162
2026-03-12 15:00:00,49.284278088552625,10.3,34.0,224,477.0,61,0.0,0.0,100,15,3,3,71,0,0,0,-0.6946583704589974,-0.7193398003386511,0.7000000000000011,4.699999999999999,162
2026-03-12 16:00:00,52.81941470728069,10.3,34.1,218,292.0,57,0.0,0.0,99,16,3,3,71,0,0,0,-0.6156614753256582,-0.788010753606722,0.3000000000000007,4.699999999999999,162
2026-03-12 17:00:00,57.16882524017543,10.5,34.5,204,261.0,54,0.0,0.0,98,17,3,3,71,0,0,0,-0.4067366430758002,-0.9135454576426009,0.40000000000000036,4.5,162
2026-03-12 18:00:00,59.640731034736824,10.4,31.2,201,167.0,53,0.0,0.0,100,18,3,3,71,0,0,0,-0.35836794954530043,-0.9335804264972016,0.09999999999999964,4.6,162
2026-03-12 19:00:00,58.690918018464906,9.6,27.3,207,65.0,56,0.0,0.0,100,19,3,3,71,0,0,0,-0.4539904997395467,-0.8910065241883679,-0.7000000000000011,5.4,162
2026-03-12 20:00:00,56.29028912635964,9.0,27.7,199,1.0,62,0.0,0.0,100,20,3,3,71,0,0,0,-0.32556815445715676,-0.9455185755993167,-1.5,6.0,162
2026-03-12 21:00:00,53.78892305008772,8.9,30.1,197,0.0,62,0.0,0.0,99,21,3,3,71,0,0,0,-0.29237170472273677,-0.9563047559630354,-1.5,6.1,162
2026-03-12 22:00:00,50.41414396464911,8.6,30.1,196,0.0,63,0.0,0.0,100,22,3,3,71,0,0,0,-0.275637355816999,-0.9612616959383189,-1.0,6.4,162
2026-03-12 23:00:00,48.64044320837717,8.7,30.5,200,0.0,63,0.0,0.0,100,23,3,3,71,0,0,0,-0.34202014332566866,-0.9396926207859084,-0.3000000000000007,6.300000000000001,162
2026-03-13 00:00:00,48.300882571271906,8.6,29.6,204,0.0,65,0.0,0.0,100,0,4,3,72,0,0,0,-0.4067366430758002,-0.9135454576426009,-0.3000000000000007,6.4,163
2026-03-13 01:00:00,48.45142660166665,8.6,29.2,203,0.0,66,0.0,0.0,93,1,4,3,72,0,0,0,-0.39073112848927355,-0.9205048534524404,0.0,6.4,163
2026-03-13 02:00:00,48.89495307206139,8.4,28.7,203,0.0,69,0.0,0.0,100,2,4,3,72,0,0,0,-0.39073112848927355,-0.9205048534524404,-0.29999999999999893,6.6,163
2026-03-13 03:00:00,50.19070398328945,8.8,28.3,202,0.0,67,0.0,0.0,100,3,4,3,72,0,0,0,-0.374606593415912,-0.9271838545667874,0.20000000000000107,6.199999999999999,163
2026-03-13 04:00:00,53.115423250350865,8.4,28.6,196,0.0,70,0.0,0.0,100,4,4,3,72,0,0,0,-0.275637355816999,-0.9612616959383189,-0.1999999999999993,6.6,163
2026-03-13 05:00:00,58.76928266491227,8.0,29.7,194,0.0,71,0.0,0.0,100,5,4,3,72,0,0,0,-0.2419218955996675,-0.9702957262759965,-0.40000000000000036,7.0,163
2026-03-13 06:00:00,62.12298561447367,7.9,30.7,194,0.0,73,0.0,0.0,100,6,4,3,72,0,0,0,-0.2419218955996675,-0.9702957262759965,-0.9000000000000004,7.1,163
2026-03-13 07:00:00,62.507095024868406,7.9,31.6,194,0.0,75,0.0,0.0,100,7,4,3,72,0,0,0,-0.2419218955996675,-0.9702957262759965,-0.5,7.1,163
2026-03-13 08:00:00,62.044101286228056,8.1,34.9,190,1.0,73,0.0,0.0,100,8,4,3,72,0,0,0,-0.17364817766693047,-0.984807753012208,0.09999999999999964,6.9,163
2026-03-13 09:00:00,58.67027168583332,9.1,37.3,193,33.0,70,0.0,0.0,100,9,4,3,72,0,0,0,-0.22495105434386498,-0.9743700647852352,1.1999999999999993,5.9,163
2026-03-13 10:00:00,58.54867251166666,9.5,33.5,198,57.0,71,0.0,0.0,100,10,4,3,72,0,0,0,-0.3090169943749473,-0.9510565162951536,1.5999999999999996,5.5,163
2026-03-13 11:00:00,61.19859427916665,10.3,34.9,201,80.0,72,0.0,0.0,100,11,4,3,72,0,0,0,-0.35836794954530043,-0.9335804264972016,2.200000000000001,4.699999999999999,163
2026-03-13 12:00:00,58.67430790333332,9.7,33.7,217,71.0,80,0.0,0.0,100,12,4,3,72,0,0,0,-0.6018150231520484,-0.7986355100472928,0.5999999999999996,5.300000000000001,163
2026-03-13 13:00:00,58.77041076583332,6.8,23.4,251,50.0,93,0.0,0.0,100,13,4,3,72,0,0,0,-0.9455185755993168,-0.32556815445715664,-2.7,8.2,163
2026-03-13 14:00:00,60.72674348166665,5.9,20.6,228,90.0,90,0.0,0.0,100,14,4,3,72,0,0,0,-0.7431448254773944,-0.6691306063588581,-4.4,9.1,163
2026-03-13 15:00:00,60.09920938833332,6.3,19.5,222,123.0,84,0.0,0.0,100,15,4,3,72,0,0,0,-0.6691306063588582,-0.7431448254773942,-3.3999999999999995,8.7,163
2026-03-13 16:00:00,61.44825321333333,5.8,19.5,220,78.0,82,0.0,0.0,100,16,4,3,72,0,0,0,-0.6427876096865393,-0.766044443118978,-1.0,9.2,163
2026-03-13 17:00:00,63.32203999999998,5.7,18.3,218,47.0,87,0.0,0.0,100,17,4,3,72,0,0,0,-0.6156614753256582,-0.788010753606722,-0.20000000000000018,9.3,163
2026-03-13 18:00:00,62.84521747249998,5.8,18.3,219,69.0,86,0.0,0.0,100,18,4,3,72,0,0,0,-0.6293203910498376,-0.7771459614569708,-0.5,9.2,163
2026-03-13 19:00:00,62.34578744083333,5.6,17.1,218,15.0,85,0.0,0.0,100,19,4,3,72,0,0,0,-0.6156614753256582,-0.788010753606722,-0.20000000000000018,9.4,163
2026-03-13 20:00:00,60.94900076833332,5.4,15.7,202,1.0,87,0.0,0.0,100,20,4,3,72,0,0,0,-0.374606593415912,-0.9271838545667874,-0.2999999999999998,9.6,163
2026-03-13 21:00:00,59.784764326666654,5.2,15.5,195,0.0,89,0.0,0.0,100,21,4,3,72,0,0,0,-0.2588190451025208,-0.9659258262890683,-0.5999999999999996,9.8,163
2026-03-13 22:00:00,56.49981702416666,5.1,15.8,197,0.0,90,0.0,0.0,100,22,4,3,72,0,0,0,-0.29237170472273677,-0.9563047559630354,-0.5,9.9,163
2026-03-13 23:00:00,57.22512621749999,4.8,15.5,205,0.0,91,0.0,0.0,100,23,4,3,72,0,0,0,-0.4226182617406993,-0.90630778703665,-0.6000000000000005,10.2,163
2026-03-14 00:00:00,56.621366481666655,4.6,12.8,200,0.0,94,0.0,0.0,100,0,5,3,73,1,0,0,-0.34202014332566866,-0.9396926207859084,-0.6000000000000005,10.4,164
2026-03-14 01:00:00,56.00675691666666,3.7,11.3,190,0.0,97,0.0,0.0,100,1,5,3,73,1,0,0,-0.17364817766693047,-0.984807753012208,-1.3999999999999995,11.3,164
2026-03-14 02:00:00,54.77394815416667,3.6,11.4,176,0.0,96,0.0,0.0,100,2,5,3,73,1,0,0,0.06975647374412552,-0.9975640502598242,-1.1999999999999997,11.4,164
2026-03-14 03:00:00,53.72112309166667,3.6,10.5,175,0.0,97,0.0,0.0,100,3,5,3,73,1,0,0,0.0871557427476582,-0.9961946980917455,-0.9999999999999996,11.4,164
2026-03-14 04:00:00,56.35732501166666,3.6,10.5,185,0.0,97,0.0,0.0,100,4,5,3,73,1,0,0,-0.08715574274765794,-0.9961946980917455,-0.10000000000000009,11.4,164
2026-03-14 05:00:00,60.554887649166645,3.5,7.9,181,0.0,97,0.0,0.0,100,5,5,3,73,1,0,0,-0.017452406437283637,-0.9998476951563913,-0.10000000000000009,11.5,164
2026-03-14 06:00:00,63.90894628666665,3.3,7.8,175,0.0,98,0.0,0.0,100,6,5,3,73,1,0,0,0.0871557427476582,-0.9961946980917455,-0.30000000000000027,11.7,164
2026-03-14 07:00:00,66.88825584797617,3.1,7.6,188,0.0,99,0.0,0.0,100,7,5,3,73,1,0,0,-0.13917310096006552,-0.9902680687415703,-0.5,11.9,164
2026-03-14 08:00:00,65.91325471952379,3.0,8.3,175,1.0,98,0.0,0.0,100,8,5,3,73,1,0,0,0.0871557427476582,-0.9961946980917455,-0.5,12.0,164
2026-03-14 09:00:00,61.82299747333333,3.6,7.6,179,39.0,96,0.0,0.0,100,9,5,3,73,1,0,0,0.01745240643728344,-0.9998476951563913,0.30000000000000027,11.4,164
2026-03-14 10:00:00,59.55870803749999,4.5,8.4,191,103.0,94,0.0,0.0,100,10,5,3,73,1,0,0,-0.19080899537654472,-0.981627183447664,1.4,10.5,164
2026-03-14 11:00:00,57.59465245999999,5.4,7.5,195,150.0,88,0.0,0.0,100,11,5,3,73,1,0,0,-0.2588190451025208,-0.9659258262890683,2.4000000000000004,9.6,164
2026-03-14 12:00:00,55.903595929166656,6.6,7.0,203,258.0,78,0.0,0.0,100,12,5,3,73,1,0,0,-0.39073112848927355,-0.9205048534524404,2.9999999999999996,8.4,164
2026-03-14 13:00:00,55.74044629583333,7.4,8.3,213,377.0,70,0.0,0.0,100,13,5,3,73,1,0,0,-0.5446390350150271,-0.838670567945424,2.9000000000000004,7.6,164
2026-03-14 14:00:00,58.51385724666665,6.7,5.4,220,300.0,75,0.0,0.0,100,14,5,3,73,1,0,0,-0.6427876096865393,-0.766044443118978,1.2999999999999998,8.3,164
2026-03-14 15:00:00,61.24813334166666,7.5,6.1,223,254.0,68,0.0,0.0,100,15,5,3,73,1,0,0,-0.6819983600624984,-0.7313537016191706,0.9000000000000004,7.5,164
2026-03-14 16:00:00,64.06016168166666,7.2,8.1,239,189.0,69,0.0,0.0,100,16,5,3,73,1,0,0,-0.8571673007021121,-0.5150380749100544,-0.20000000000000018,7.8,164
2026-03-14 17:00:00,66.29761911999998,6.5,9.3,255,104.0,74,0.0,0.0,100,17,5,3,73,1,0,0,-0.9659258262890683,-0.25881904510252063,-0.20000000000000018,8.5,164
2026-03-14 18:00:00,67.42304505249997,5.8,9.4,263,72.0,83,0.0,0.0,100,18,5,3,73,1,0,0,-0.9925461516413221,-0.12186934340514717,-1.7000000000000002,9.2,164
2026-03-14 19:00:00,67.64693195333332,4.9,7.4,269,23.0,89,0.0,0.0,100,19,5,3,73,1,0,0,-0.9998476951563913,-0.017452406437283498,-2.3,10.1,164
2026-03-14 20:00:00,65.27145096833333,4.3,6.3,270,2.0,95,0.0,0.0,100,20,5,3,73,1,0,0,-1.0,-1.8369701987210297e-16,-2.2,10.7,164
2026-03-14 21:00:00,63.123380703333325,4.2,4.1,272,0.0,97,0.0,0.0,100,21,5,3,73,1,0,0,-0.9993908270190958,0.03489949670250128,-1.5999999999999996,10.8,164
2026-03-14 22:00:00,59.45434581666666,3.9,5.8,268,0.0,98,0.0,0.0,100,22,5,3,73,1,0,0,-0.9993908270190958,-0.03489949670250076,-1.0000000000000004,11.1,164
2026-03-14 23:00:00,58.251048841666666,3.7,6.1,275,0.0,99,0.0,0.0,100,23,5,3,73,1,0,0,-0.9961946980917455,0.08715574274765789,-0.5999999999999996,11.3,164
2026-03-15 00:00:00,58.399824877499995,3.1,5.4,262,0.0,99,0.0,0.0,100,0,6,3,74,1,0,0,-0.9902680687415703,-0.13917310096006583,-1.1,11.9,165
2026-03-15 01:00:00,59.27767723666666,3.3,6.9,255,0.0,99,0.0,0.0,100,1,6,3,74,1,0,0,-0.9659258262890683,-0.25881904510252063,-0.6000000000000001,11.7,165
2026-03-15 02:00:00,60.44957653166666,2.8,5.9,258,0.0,97,0.0,0.0,100,2,6,3,74,1,0,0,-0.9781476007338056,-0.2079116908177598,-0.9000000000000004,12.2,165
2026-03-15 03:00:00,61.81870413833332,2.7,7.2,242,0.0,99,0.0,0.0,96,3,6,3,74,1,0,0,-0.882947592858927,-0.46947156278589075,-0.3999999999999999,12.3,165
2026-03-15 04:00:00,62.29710290583332,2.0,7.7,252,0.0,99,0.0,0.0,47,4,6,3,74,1,0,0,-0.9510565162951535,-0.30901699437494756,-1.2999999999999998,13.0,165
2026-03-15 05:00:00,64.47209421333332,1.4,8.3,259,0.0,99,0.0,0.0,34,5,6,3,74,1,0,0,-0.981627183447664,-0.1908089953765446,-1.4,13.6,165
2026-03-15 06:00:00,66.02296971749999,0.9,7.7,252,0.0,100,0.0,0.0,30,6,6,3,74,1,0,0,-0.9510565162951535,-0.30901699437494756,-1.8000000000000003,14.1,165
2026-03-15 07:00:00,67.42396317999999,0.5,8.1,242,0.0,100,0.0,0.0,100,7,6,3,74,1,0,0,-0.882947592858927,-0.46947156278589075,-1.5,14.5,165
2026-03-15 08:00:00,66.74498529249999,0.8,8.5,242,2.0,100,0.0,0.0,100,8,6,3,74,1,0,0,-0.882947592858927,-0.46947156278589075,-0.5999999999999999,14.2,165
2026-03-15 09:00:00,62.69651021666665,2.3,8.5,228,54.0,99,0.0,0.0,100,9,6,3,74,1,0,0,-0.7431448254773944,-0.6691306063588581,1.4,12.7,165
2026-03-15 10:00:00,59.44749910333332,4.1,9.5,234,154.0,94,0.0,0.0,100,10,6,3,74,1,0,0,-0.8090169943749473,-0.5877852522924732,3.5999999999999996,10.9,165
2026-03-15 11:00:00,56.070048198333325,6.0,10.4,238,257.0,85,0.0,0.0,45,11,6,3,74,1,0,0,-0.848048096156426,-0.529919264233205,5.2,9.0,165
2026-03-15 12:00:00,55.24433990999999,7.7,12.5,231,387.0,70,0.0,0.0,51,12,6,3,74,1,0,0,-0.7771459614569706,-0.6293203910498378,5.4,7.3,165
2026-03-15 13:00:00,53.890754024166654,8.3,16.0,232,405.0,65,0.0,0.0,98,13,6,3,74,1,0,0,-0.7880107536067221,-0.6156614753256581,4.200000000000001,6.699999999999999,165
2026-03-15 14:00:00,53.716710579166666,7.9,17.6,237,364.0,64,0.0,0.0,54,14,6,3,74,1,0,0,-0.8386705679454242,-0.544639035015027,1.9000000000000004,7.1,165
2026-03-15 15:00:00,53.441193985,8.1,18.4,235,394.0,64,0.0,0.0,43,15,6,3,74,1,0,0,-0.8191520442889916,-0.5735764363510464,0.39999999999999947,6.9,165
2026-03-15 16:00:00,56.85065516166666,7.7,18.8,231,357.0,65,0.0,0.0,66,16,6,3,74,1,0,0,-0.7771459614569706,-0.6293203910498378,-0.6000000000000005,7.3,165
2026-03-15 17:00:00,60.64937866249999,7.1,18.8,221,252.0,70,0.0,0.0,32,17,6,3,74,1,0,0,-0.656059028990507,-0.7547095802227721,-0.8000000000000007,7.9,165
2026-03-15 18:00:00,65.70243430583332,6.8,18.0,213,175.0,70,0.0,0.0,18,18,6,3,74,1,0,0,-0.5446390350150271,-0.838670567945424,-1.2999999999999998,8.2,165
2026-03-15 19:00:00,68.32088137999997,6.0,14.4,196,79.0,71,0.0,0.0,4,19,6,3,74,1,0,0,-0.275637355816999,-0.9612616959383189,-1.7000000000000002,9.0,165
2026-03-15 20:00:00,67.04479939333332,5.1,15.8,187,4.0,77,0.0,0.0,96,20,6,3,74,1,0,0,-0.12186934340514731,-0.9925461516413221,-2.0,9.9,165
2026-03-15 21:00:00,63.546094575833315,4.8,17.3,177,0.0,78,0.0,0.0,93,21,6,3,74,1,0,0,0.05233595624294381,-0.9986295347545738,-2.0,10.2,165
2026-03-15 22:00:00,56.47030851416667,4.8,19.5,174,0.0,77,0.0,0.0,100,22,6,3,74,1,0,0,0.10452846326765373,-0.9945218953682733,-1.2000000000000002,10.2,165
2026-03-15 23:00:00,52.89450918416666,4.9,20.9,179,0.0,75,0.0,0.0,100,23,6,3,74,1,0,0,0.01745240643728344,-0.9998476951563913,-0.1999999999999993,10.1,165
2026-03-16 00:00:00,52.56947151666667,4.9,22.0,179,0.0,75,0.0,0.0,100,0,0,3,75,0,0,0,0.01745240643728344,-0.9998476951563913,0.10000000000000053,10.1,166
2026-03-16 01:00:00,52.30319009416666,4.9,22.7,181,0.0,74,0.0,0.0,100,1,0,3,75,0,0,0,-0.017452406437283637,-0.9998476951563913,0.10000000000000053,10.1,166
2026-03-16 02:00:00,52.87246211666666,5.3,23.1,182,0.0,74,0.0,0.0,100,2,0,3,75,0,0,0,-0.0348994967025009,-0.9993908270190958,0.39999999999999947,9.7,166
2026-03-16 03:00:00,54.19556639166667,5.3,23.1,182,0.0,72,0.0,0.0,100,3,0,3,75,0,0,0,-0.0348994967025009,-0.9993908270190958,0.39999999999999947,9.7,166
2026-03-16 04:00:00,58.66793424249999,5.1,22.7,181,0.0,72,0.0,0.0,100,4,0,3,75,0,0,0,-0.017452406437283637,-0.9998476951563913,0.1999999999999993,9.9,166
2026-03-16 05:00:00,65.57285008083332,4.4,21.4,187,0.0,78,0.0,0.0,100,5,0,3,75,0,0,0,-0.12186934340514731,-0.9925461516413221,-0.8999999999999995,10.6,166
2026-03-16 06:00:00,70.81408850499999,3.4,21.4,193,0.0,94,0.0,0.0,100,6,0,3,75,0,0,0,-0.22495105434386498,-0.9743700647852352,-1.9,11.6,166
2026-03-16 07:00:00,71.38605696499998,3.0,18.9,192,0.0,97,0.0,0.0,100,7,0,3,75,0,0,0,-0.2079116908177595,-0.9781476007338056,-2.0999999999999996,12.0,166
2026-03-16 08:00:00,68.36415579666665,3.2,16.7,202,0.0,97,0.0,0.0,100,8,0,3,75,0,0,0,-0.374606593415912,-0.9271838545667874,-1.2000000000000002,11.8,166
2026-03-16 09:00:00,64.66872648976502,2.5,14.2,215,8.0,99,0.0,0.0,100,9,0,3,75,0,0,0,-0.5735764363510462,-0.8191520442889918,-0.8999999999999999,12.5,166
2026-03-16 10:00:00,60.457563223027314,3.2,12.5,223,22.0,98,0.0,0.0,100,10,0,3,75,0,0,0,-0.6819983600624984,-0.7313537016191706,0.20000000000000018,11.8,166
2026-03-16 11:00:00,56.12026413628963,5.2,15.2,287,92.0,92,0.0,0.0,100,11,0,3,75,0,0,0,-0.9563047559630354,0.2923717047227367,2.0,9.8,166
2026-03-16 12:00:00,52.75932565538526,6.9,19.0,288,269.0,81,0.0,0.0,100,12,0,3,75,0,0,0,-0.9510565162951536,0.30901699437494723,4.4,8.1,166
2026-03-16 13:00:00,53.50331330448089,7.2,20.9,287,228.0,71,0.0,0.0,100,13,0,3,75,0,0,0,-0.9563047559630354,0.2923717047227367,4.0,7.8,166
2026-03-16 14:00:00,53.979816600287045,7.7,21.4,291,409.0,66,0.0,0.0,59,14,0,3,75,0,0,0,-0.9335804264972017,0.3583679495453004,2.5,7.3,166
2026-03-16 15:00:00,54.58316070328619,7.8,21.5,289,422.0,66,0.0,0.0,58,15,0,3,75,0,0,0,-0.945518575599317,0.3255681544571563,0.8999999999999995,7.2,166
2026-03-16 16:00:00,57.512715502118674,7.5,22.7,289,404.0,64,0.0,0.0,14,16,0,3,75,0,0,0,-0.945518575599317,0.3255681544571563,0.2999999999999998,7.5,166
2026-03-16 17:00:00,62.61860528845115,7.0,21.5,287,328.0,64,0.0,0.0,13,17,0,3,75,0,0,0,-0.9563047559630354,0.2923717047227367,-0.7000000000000002,8.0,166
2026-03-16 18:00:00,65.32130530728362,6.3,20.4,284,206.0,70,0.0,0.0,27,18,0,3,75,0,0,0,-0.9702957262759966,0.24192189559966745,-1.5,8.7,166
2026-03-16 19:00:00,64.99915721528276,5.2,15.7,279,76.0,76,0.0,0.0,13,19,0,3,75,0,0,0,-0.9876883405951378,0.15643446504023067,-2.3,9.8,166
2026-03-16 20:00:00,64.1037704232819,4.6,13.5,271,4.0,80,0.0,0.0,49,20,0,3,75,0,0,0,-0.9998476951563913,0.01745240643728313,-2.4000000000000004,10.4,166
2026-03-16 21:00:00,60.45572242794772,4.1,11.8,261,0.0,83,0.0,0.0,98,21,0,3,75,0,0,0,-0.9876883405951377,-0.15643446504023104,-2.2,10.9,166
2026-03-16 22:00:00,57.014485235946864,4.6,11.7,260,0.0,81,0.0,0.0,97,22,0,3,75,0,0,0,-0.984807753012208,-0.17364817766693033,-0.6000000000000005,10.4,166
2026-03-16 23:00:00,54.944016015612675,4.5,10.6,249,0.0,83,0.0,0.0,95,23,0,3,75,0,0,0,-0.9335804264972015,-0.3583679495453007,-0.09999999999999964,10.5,166
2026-03-17 00:00:00,55.12051563027848,4.2,10.0,237,0.0,86,0.0,0.0,66,0,1,3,76,0,0,0,-0.8386705679454242,-0.544639035015027,0.10000000000000053,10.8,167
2026-03-17 01:00:00,55.92614791911096,3.4,9.9,225,0.0,92,0.0,0.0,30,1,1,3,76,0,0,0,-0.7071067811865475,-0.7071067811865477,-1.1999999999999997,11.6,167
2026-03-17 02:00:00,58.47600716877676,2.0,10.2,219,0.0,96,0.0,0.0,22,2,1,3,76,0,0,0,-0.6293203910498376,-0.7771459614569708,-2.5,13.0,167
2026-03-17 03:00:00,60.15114290010924,1.6,9.8,208,0.0,97,0.0,0.0,0,3,1,3,76,0,0,0,-0.46947156278589086,-0.8829475928589269,-2.6,13.4,167
2026-03-17 04:00:00,63.35299646894172,1.5,9.9,202,0.0,97,0.0,0.0,6,4,1,3,76,0,0,0,-0.374606593415912,-0.9271838545667874,-1.9,13.5,167
2026-03-17 05:00:00,70.93613715360752,1.4,10.6,194,0.0,98,0.0,0.0,31,5,1,3,76,0,0,0,-0.2419218955996675,-0.9702957262759965,-0.6000000000000001,13.6,167
2026-03-17 06:00:00,76.11655754494001,1.4,10.7,189,0.0,98,0.0,0.0,100,6,1,3,76,0,0,0,-0.15643446504023073,-0.9876883405951378,-0.20000000000000018,13.6,167
2026-03-17 07:00:00,72.74399473043914,2.2,12.1,183,0.0,96,0.0,0.0,100,7,1,3,76,0,0,0,-0.052335956242943564,-0.9986295347545738,0.7000000000000002,12.8,167
2026-03-17 08:00:00,65.92412529260496,2.9,12.8,183,1.0,94,0.0,0.0,100,8,1,3,76,0,0,0,-0.052335956242943564,-0.9986295347545738,1.5,12.1,167
2026-03-17 09:00:00,61.64476448393742,3.5,13.5,185,25.0,91,0.0,0.0,100,9,1,3,76,0,0,0,-0.08715574274765794,-0.9961946980917455,2.1,11.5,167
2026-03-17 10:00:00,58.57022595443658,4.2,10.6,183,55.0,89,0.0,0.0,100,10,1,3,76,0,0,0,-0.052335956242943564,-0.9986295347545738,2.0,10.8,167
2026-03-17 11:00:00,56.54794991326906,4.9,10.8,178,86.0,87,0.0,0.0,100,11,1,3,76,0,0,0,0.03489949670250114,-0.9993908270190958,2.0000000000000004,10.1,167
2026-03-17 12:00:00,56.93677129210153,5.6,10.7,164,96.0,85,0.0,0.0,100,12,1,3,76,0,0,0,0.2756373558169992,-0.9612616959383189,2.0999999999999996,9.4,167
2026-03-17 13:00:00,54.834243465934016,6.3,13.0,166,126.0,82,0.0,0.0,100,13,1,3,76,0,0,0,0.24192189559966773,-0.9702957262759965,2.0999999999999996,8.7,167
2026-03-17 14:00:00,52.91271955559982,8.1,13.0,163,120.0,77,0.0,0.0,100,14,1,3,76,0,0,0,0.2923717047227366,-0.9563047559630355,3.1999999999999993,6.9,167
2026-03-17 15:00:00,54.4946908694323,8.6,13.2,165,162.0,77,0.0,0.0,100,15,1,3,76,0,0,0,0.258819045102521,-0.9659258262890682,3.0,6.4,167
2026-03-17 16:00:00,58.47685135993144,9.0,13.6,163,170.0,77,0.0,0.0,100,16,1,3,76,0,0,0,0.2923717047227366,-0.9563047559630355,2.7,6.0,167
2026-03-17 17:00:00,60.97438018043058,9.5,14.5,158,173.0,76,0.0,0.0,100,17,1,3,76,0,0,0,0.37460659341591224,-0.9271838545667873,1.4000000000000004,5.5,167
2026-03-17 18:00:00,61.62887710842971,9.4,15.4,157,158.0,76,0.0,0.0,100,18,1,3,76,0,0,0,0.39073112848927377,-0.9205048534524404,0.8000000000000007,5.6,167
2026-03-17 19:00:00,60.304586924762205,8.5,15.0,159,62.0,78,0.0,0.0,100,19,1,3,76,0,0,0,0.3583679495453002,-0.9335804264972017,-0.5,6.5,167
2026-03-17 20:00:00,57.43396871276135,8.8,14.8,156,4.0,75,0.0,0.0,100,20,1,3,76,0,0,0,0.40673664307580043,-0.9135454576426008,-0.6999999999999993,6.199999999999999,167
2026-03-17 21:00:00,54.48520213742716,8.9,15.7,156,0.0,72,0.0,0.0,100,21,1,3,76,0,0,0,0.40673664307580043,-0.9135454576426008,-0.5,6.1,167
2026-03-17 22:00:00,50.713317717926294,8.6,15.9,160,0.0,70,0.0,0.0,100,22,1,3,76,0,0,0,0.3420201433256689,-0.9396926207859083,0.09999999999999964,6.4,167
2026-03-17 23:00:00,48.966423766758766,8.6,15.8,161,0.0,68,0.0,0.0,100,23,1,3,76,0,0,0,0.3255681544571566,-0.9455185755993168,-0.20000000000000107,6.4,167
2026-03-18 00:00:00,49.21887292225791,8.4,15.5,165,0.0,66,0.0,0.0,100,0,2,3,77,0,0,0,0.258819045102521,-0.9659258262890682,-0.5,6.6,168
2026-03-18 01:00:00,50.209456065257065,8.4,15.9,167,0.0,65,0.0,0.0,97,1,2,3,77,0,0,0,0.2249510543438652,-0.9743700647852351,-0.1999999999999993,6.6,168
2026-03-18 02:00:00,51.980268726589536,6.9,14.6,164,0.0,74,0.0,0.0,100,2,2,3,77,0,0,0,0.2756373558169992,-0.9612616959383189,-1.6999999999999993,8.1,168
2026-03-18 03:00:00,53.90533491792202,6.5,14.1,163,0.0,75,0.0,0.0,52,3,2,3,77,0,0,0,0.2923717047227366,-0.9563047559630355,-1.9000000000000004,8.5,168
2026-03-18 04:00:00,57.53602767425449,5.8,14.7,162,0.0,75,0.0,0.0,11,4,2,3,77,0,0,0,0.3090169943749475,-0.9510565162951535,-2.6000000000000005,9.2,168
2026-03-18 05:00:00,62.99132637058696,5.2,15.8,163,0.0,76,0.0,0.0,3,5,2,3,77,0,0,0,0.2923717047227366,-0.9563047559630355,-1.7000000000000002,9.8,168
2026-03-18 06:00:00,67.10628571191944,4.8,16.9,166,0.0,76,0.0,0.0,5,6,2,3,77,0,0,0,0.24192189559966773,-0.9702957262759965,-1.7000000000000002,10.2,168
2026-03-18 07:00:00,62.19139108658524,4.5,17.2,167,0.0,75,0.0,0.0,2,7,2,3,77,0,0,0,0.2249510543438652,-0.9743700647852351,-1.2999999999999998,10.5,168
2026-03-18 08:00:00,55.25363062041773,4.6,16.7,168,5.0,72,0.0,0.0,0,8,2,3,77,0,0,0,0.20791169081775931,-0.9781476007338057,-0.6000000000000005,10.4,168
2026-03-18 09:00:00,49.82829817591687,5.8,17.2,173,88.0,67,0.0,0.0,0,9,2,3,77,0,0,0,0.12186934340514755,-0.992546151641322,1.0,9.2,168
2026-03-18 10:00:00,47.45637357141601,7.3,14.7,173,222.0,63,0.0,0.0,0,10,2,3,77,0,0,0,0.12186934340514755,-0.992546151641322,2.8,7.7,168
2026-03-18 11:00:00,47.55297801024848,9.0,14.8,178,354.0,59,0.0,0.0,9,11,2,3,77,0,0,0,0.03489949670250114,-0.9993908270190958,4.4,6.0,168
2026-03-18 12:00:00,44.30692349491429,10.6,15.1,182,458.0,55,0.0,0.0,48,12,2,3,77,0,0,0,-0.0348994967025009,-0.9993908270190958,4.8,4.4,168
2026-03-18 13:00:00,43.6100138370801,11.8,15.9,186,520.0,52,0.0,0.0,63,13,2,3,77,0,0,0,-0.1045284632676535,-0.9945218953682733,4.500000000000001,3.1999999999999993,168
2026-03-18 14:00:00,45.01332980424592,12.9,15.3,193,549.0,45,0.0,0.0,34,14,2,3,77,0,0,0,-0.22495105434386498,-0.9743700647852352,3.9000000000000004,2.0999999999999996,168
2026-03-18 15:00:00,45.04165858057839,13.4,13.1,198,531.0,43,0.0,0.0,90,15,2,3,77,0,0,0,-0.3090169943749473,-0.9510565162951536,2.8000000000000007,1.5999999999999996,168
2026-03-18 16:00:00,44.701065472744204,13.3,11.0,198,456.0,42,0.0,0.0,77,16,2,3,77,0,0,0,-0.3090169943749473,-0.9510565162951536,1.5,1.6999999999999993,168
2026-03-18 17:00:00,48.563600630743345,13.0,9.6,194,342.0,43,0.0,0.0,73,17,2,3,77,0,0,0,-0.2419218955996675,-0.9702957262759965,0.09999999999999964,2.0,168
2026-03-18 18:00:00,52.13602205874249,12.2,6.8,182,220.0,51,0.0,0.0,81,18,2,3,77,0,0,0,-0.0348994967025009,-0.9993908270190958,-1.200000000000001,2.8000000000000007,168
2026-03-18 19:00:00,52.28612218090831,9.8,5.5,163,89.0,65,0.0,0.0,91,19,2,3,77,0,0,0,0.2923717047227366,-0.9563047559630355,-3.5,5.199999999999999,168
2026-03-18 20:00:00,52.195459533074114,8.4,6.8,138,6.0,66,0.0,0.0,95,20,2,3,77,0,0,0,0.6691306063588585,-0.743144825477394,-4.6,6.6,168
2026-03-18 21:00:00,51.85878692773992,7.8,8.5,136,0.0,65,0.0,0.0,85,21,2,3,77,0,0,0,0.6946583704589971,-0.7193398003386513,-4.3999999999999995,7.2,168
2026-03-18 22:00:00,48.15197548823906,6.6,9.0,142,0.0,69,0.0,0.0,97,22,2,3,77,0,0,0,0.6156614753256584,-0.7880107536067219,-3.200000000000001,8.4,168
2026-03-18 23:00:00,47.178765232904865,5.9,8.6,160,0.0,72,0.0,0.0,75,23,2,3,77,0,0,0,0.3420201433256689,-0.9396926207859083,-2.5,9.1,168
2026-03-19 00:00:00,48.18205550257067,5.3,8.0,174,0.0,74,0.0,0.0,28,0,3,3,78,0,0,0,0.10452846326765373,-0.9945218953682733,-2.5,9.7,169
2026-03-19 01:00:00,49.93331752223649,4.9,9.0,180,0.0,75,0.0,0.0,81,1,3,3,78,0,0,0,1.2246467991473532e-16,-1.0,-1.6999999999999993,10.1,169
2026-03-19 02:00:00,52.96640689106897,3.7,6.9,185,0.0,82,0.0,0.0,88,2,3,3,78,0,0,0,-0.08715574274765794,-0.9961946980917455,-2.2,11.3,169
2026-03-19 03:00:00,55.03665453990145,2.9,7.0,193,0.0,84,0.0,0.0,0,3,3,3,78,0,0,0,-0.22495105434386498,-0.9743700647852352,-2.4,12.1,169
2026-03-19 04:00:00,58.822766460400594,2.8,7.8,199,0.0,85,0.0,0.0,0,4,3,3,78,0,0,0,-0.32556815445715676,-0.9455185755993167,-2.1000000000000005,12.2,169
2026-03-19 05:00:00,66.23133147839974,2.6,8.1,208,0.0,86,0.0,0.0,0,5,3,3,78,0,0,0,-0.46947156278589086,-0.8829475928589269,-1.1,12.4,169
2026-03-19 06:00:00,68.9856653072322,2.2,7.3,222,0.0,87,0.0,0.0,0,6,3,3,78,0,0,0,-0.6691306063588582,-0.7431448254773942,-0.6999999999999997,12.8,169
2026-03-19 07:00:00,59.27363852634247,2.0,8.0,230,0.0,88,0.0,0.0,0,7,3,3,78,0,0,0,-0.7660444431189779,-0.6427876096865395,-0.7999999999999998,13.0,169
2026-03-19 08:00:00,48.92667043295271,2.0,8.1,239,7.0,87,0.0,0.0,0,8,3,3,78,0,0,0,-0.8571673007021121,-0.5150380749100544,-0.6000000000000001,13.0,169
2026-03-19 09:00:00,45.40268903622964,4.0,9.2,244,98.0,83,0.0,0.0,0,9,3,3,78,0,0,0,-0.8987940462991668,-0.43837114678907774,1.7999999999999998,11.0,169
2026-03-19 10:00:00,43.879866665895435,7.1,6.8,243,236.0,76,0.0,0.0,37,10,3,3,78,0,0,0,-0.8910065241883678,-0.45399049973954697,5.1,7.9,169
2026-03-19 11:00:00,45.011877705561254,9.4,6.5,247,368.0,70,0.0,0.0,59,11,3,3,78,0,0,0,-0.9205048534524403,-0.3907311284892738,7.4,5.6,169
2026-03-19 12:00:00,44.1639476685604,11.4,7.6,265,470.0,63,0.0,0.0,100,12,3,3,78,0,0,0,-0.9961946980917455,-0.08715574274765825,7.4,3.5999999999999996,169
2026-03-19 13:00:00,43.04055944655954,12.6,8.7,274,512.0,55,0.0,0.0,100,13,3,3,78,0,0,0,-0.9975640502598243,0.06975647374412522,5.5,2.4000000000000004,169
2026-03-19 14:00:00,43.59450455122535,13.2,9.2,269,467.0,50,0.0,0.0,100,14,3,3,78,0,0,0,-0.9998476951563913,-0.017452406437283498,3.799999999999999,1.8000000000000007,169
2026-03-19 15:00:00,46.64875641089116,13.2,10.7,277,283.0,50,0.0,0.0,100,15,3,3,78,0,0,0,-0.992546151641322,0.12186934340514768,1.799999999999999,1.8000000000000007,169
2026-03-19 16:00:00,52.760180422223634,12.7,12.4,289,239.0,52,0.0,0.0,100,16,3,3,78,0,0,0,-0.945518575599317,0.3255681544571563,0.09999999999999964,2.3000000000000007,169
2026-03-19 17:00:00,55.634119486056115,11.9,12.0,302,265.0,55,0.0,0.0,100,17,3,3,78,0,0,0,-0.8480480961564262,0.5299192642332047,-1.299999999999999,3.0999999999999996,169
2026-03-19 18:00:00,56.26257781072193,10.4,11.2,320,70.0,65,0.0,0.0,100,18,3,3,78,0,0,0,-0.6427876096865396,0.7660444431189778,-2.799999999999999,4.6,169
2026-03-19 19:00:00,54.7902865220544,9.4,9.9,338,21.0,78,0.0,0.0,100,19,3,3,78,0,0,0,-0.37460659341591235,0.9271838545667873,-3.299999999999999,5.6,169
2026-03-19 20:00:00,52.66943613005355,9.4,8.3,355,3.0,80,0.0,0.0,95,20,3,3,78,0,0,0,-0.08715574274765832,0.9961946980917455,-2.5,5.6,169
2026-03-19 21:00:00,50.25883018471935,8.6,9.3,341,0.0,79,0.0,0.0,1,21,3,3,78,0,0,0,-0.3255681544571567,0.9455185755993168,-1.8000000000000007,6.4,169
2026-03-19 22:00:00,47.45024669438517,6.3,12.5,332,0.0,83,0.0,0.0,0,22,3,3,78,0,0,0,-0.4694715627858908,0.882947592858927,-3.1000000000000005,8.7,169
2026-03-19 23:00:00,46.7776147198843,5.3,12.4,341,0.0,82,0.0,0.0,1,23,3,3,78,0,0,0,-0.3255681544571567,0.9455185755993168,-4.1000000000000005,9.7,169
2026-03-20 00:00:00,47.188175656216785,4.2,10.3,337,0.0,84,0.0,0.0,50,0,4,3,79,0,0,0,-0.3907311284892739,0.9205048534524403,-4.3999999999999995,10.8,170
2026-03-20 01:00:00,48.27556613421593,3.2,10.9,336,0.0,88,0.0,0.0,93,1,4,3,79,0,0,0,-0.40673664307580015,0.9135454576426009,-3.0999999999999996,11.8,170
2026-03-20 02:00:00,48.62421422888173,2.6,9.8,334,0.0,93,0.0,0.0,85,2,4,3,79,0,0,0,-0.4383711467890778,0.8987940462991668,-2.6999999999999997,12.4,170
2026-03-20 03:00:00,50.51878096521422,2.0,8.2,337,0.0,97,0.0,0.0,98,3,4,3,79,0,0,0,-0.3907311284892739,0.9205048534524403,-2.2,13.0,170
2026-03-20 04:00:00,53.34700543154669,1.5,8.4,340,0.0,99,0.0,0.0,98,4,4,3,79,0,0,0,-0.3420201433256686,0.9396926207859084,-1.7000000000000002,13.5,170
2026-03-20 05:00:00,59.651823142879174,1.2,7.9,344,0.0,100,0.0,0.0,98,5,4,3,79,0,0,0,-0.27563735581699894,0.9612616959383189,-1.4000000000000001,13.8,170
2026-03-20 06:00:00,64.43380948254497,1.1,7.7,342,0.0,100,0.0,0.0,100,6,4,3,79,0,0,0,-0.3090169943749477,0.9510565162951535,-0.8999999999999999,13.9,170
2026-03-20 07:00:00,63.83199202971078,1.4,6.7,344,0.0,100,0.0,0.0,100,7,4,3,79,0,0,0,-0.27563735581699894,0.9612616959383189,-0.10000000000000009,13.6,170
2026-03-20 08:00:00,61.2392086018766,1.2,6.0,353,5.0,99,0.0,0.0,100,8,4,3,79,0,0,0,-0.12186934340514723,0.9925461516413221,0.0,13.8,170
2026-03-20 09:00:00,55.86397589154241,1.7,6.0,3,54.0,98,0.0,0.0,100,9,4,3,79,0,0,0,0.052335956242943835,0.9986295347545738,0.5999999999999999,13.3,170
2026-03-20 10:00:00,48.77439748522921,3.0,6.3,3,120.0,93,0.0,0.0,100,10,4,3,79,0,0,0,0.052335956242943835,0.9986295347545738,1.6,12.0,170
2026-03-20 11:00:00,44.12805718416665,5.4,4.7,360,280.0,85,0.0,0.0,98,11,4,3,79,0,0,0,-2.4492935982947064e-16,1.0,4.2,9.6,170
2026-03-20 12:00:00,42.23949604999998,7.8,4.2,18,467.0,75,0.0,0.0,98,12,4,3,79,0,0,0,0.3090169943749474,0.9510565162951535,6.1,7.2,170
2026-03-20 13:00:00,41.34022370249998,9.4,4.8,45,553.0,66,0.0,0.0,69,13,4,3,79,0,0,0,0.7071067811865475,0.7071067811865476,6.4,5.6,170
2026-03-20 14:00:00,41.40593889833332,9.9,5.2,78,575.0,64,0.0,0.0,100,14,4,3,79,0,0,0,0.9781476007338056,0.20791169081775945,4.5,5.1,170
2026-03-20 15:00:00,41.61985642499999,10.5,4.5,85,488.0,62,0.0,0.0,61,15,4,3,79,0,0,0,0.9961946980917455,0.08715574274765814,2.7,4.5,170
2026-03-20 16:00:00,43.59781766999998,10.8,5.3,78,469.0,61,0.0,0.0,35,16,4,3,79,0,0,0,0.9781476007338056,0.20791169081775945,1.4000000000000004,4.199999999999999,170
2026-03-20 17:00:00,47.74431916833332,10.5,6.2,75,370.0,61,0.0,0.0,30,17,4,3,79,0,0,0,0.9659258262890683,0.25881904510252074,0.5999999999999996,4.5,170
2026-03-20 18:00:00,52.83495044333333,9.7,6.2,78,235.0,64,0.0,0.0,0,18,4,3,79,0,0,0,0.9781476007338056,0.20791169081775945,-0.8000000000000007,5.300000000000001,170
2026-03-20 19:00:00,54.130659491666655,7.7,5.8,104,102.0,79,0.0,0.0,0,19,4,3,79,0,0,0,0.9702957262759965,-0.24192189559966779,-3.1000000000000005,7.3,170
2026-03-20 20:00:00,54.37228788666666,5.8,8.6,116,9.0,87,0.0,0.0,0,20,4,3,79,0,0,0,0.8987940462991669,-0.4383711467890775,-4.7,9.2,170
2026-03-20 21:00:00,51.22014373666666,4.7,8.6,126,0.0,91,0.0,0.0,5,21,4,3,79,0,0,0,0.8090169943749475,-0.587785252292473,-4.999999999999999,10.3,170
2026-03-20 22:00:00,47.870184301666654,3.8,7.7,127,0.0,93,0.0,0.0,2,22,4,3,79,0,0,0,0.7986355100472927,-0.6018150231520484,-3.9000000000000004,11.2,170
2026-03-20 23:00:00,46.168295511666656,3.0,5.7,131,0.0,94,0.0,0.0,2,23,4,3,79,0,0,0,0.7547095802227721,-0.6560590289905072,-2.8,12.0,170
2026-03-21 00:00:00,45.518396084999985,2.1,5.3,142,0.0,94,0.0,0.0,3,0,5,3,80,1,0,0,0.6156614753256584,-0.7880107536067219,-2.6,12.9,171
2026-03-21 01:00:00,46.15234935999998,1.5,3.9,143,0.0,95,0.0,0.0,2,1,5,3,80,1,0,0,0.6018150231520482,-0.7986355100472929,-2.3,13.5,171
2026-03-21 02:00:00,47.32249894499999,1.1,4.9,118,0.0,100,0.0,0.0,95,2,5,3,80,1,0,0,0.8829475928589269,-0.4694715627858909,-1.9,13.9,171
2026-03-21 03:00:00,48.319086529166654,1.5,5.3,114,0.0,100,0.0,0.0,100,3,5,3,80,1,0,0,0.9135454576426009,-0.40673664307580026,-0.6000000000000001,13.5,171
2026-03-21 04:00:00,49.719758369166655,1.6,6.8,108,0.0,99,0.0,0.0,100,4,5,3,80,1,0,0,0.9510565162951536,-0.30901699437494734,0.10000000000000009,13.4,171
2026-03-21 05:00:00,52.97549503916666,1.6,7.7,108,0.0,100,0.0,0.0,100,5,5,3,80,1,0,0,0.9510565162951536,-0.30901699437494734,0.5,13.4,171
2026-03-21 06:00:00,57.453090439166665,1.7,8.3,110,0.0,99,0.0,0.0,100,6,5,3,80,1,0,0,0.9396926207859084,-0.3420201433256687,0.19999999999999996,13.3,171
2026-03-21 07:00:00,61.52922382083331,1.9,9.2,107,0.0,99,0.0,0.0,100,7,5,3,80,1,0,0,0.9563047559630355,-0.29237170472273666,0.2999999999999998,13.1,171
2026-03-21 08:00:00,65.47587057416665,2.0,9.0,100,4.0,99,0.0,0.0,100,8,5,3,80,1,0,0,0.984807753012208,-0.1736481776669303,0.3999999999999999,13.0,171
2026-03-21 09:00:00,64.91963217749999,2.3,9.7,101,38.0,98,0.0,0.0,100,9,5,3,80,1,0,0,0.981627183447664,-0.1908089953765448,0.5999999999999999,12.7,171
2026-03-21 10:00:00,60.47071500333332,2.5,9.9,100,98.0,98,0.0,0.0,100,10,5,3,80,1,0,0,0.984807753012208,-0.1736481776669303,0.6000000000000001,12.5,171
2026-03-21 11:00:00,58.695291129166655,3.2,9.8,97,153.0,92,0.0,0.0,100,11,5,3,80,1,0,0,0.9925461516413221,-0.12186934340514737,1.2000000000000002,11.8,171
2026-03-21 12:00:00,57.57005643166666,4.4,9.9,92,282.0,84,0.0,0.0,100,12,5,3,80,1,0,0,0.9993908270190958,-0.034899496702500955,2.1000000000000005,10.6,171
2026-03-21 13:00:00,58.32019756999999,4.8,10.3,94,278.0,84,0.0,0.0,100,13,5,3,80,1,0,0,0.9975640502598242,-0.06975647374412533,2.3,10.2,171
2026-03-21 14:00:00,59.04460815833331,4.1,11.2,96,312.0,86,0.0,0.0,100,14,5,3,80,1,0,0,0.9945218953682733,-0.10452846326765355,0.8999999999999995,10.9,171
2026-03-21 15:00:00,59.49404024833332,4.5,10.4,100,268.0,85,0.0,0.0,100,15,5,3,80,1,0,0,0.984807753012208,-0.1736481776669303,0.09999999999999964,10.5,171
2026-03-21 16:00:00,61.29802972583332,4.7,9.6,99,252.0,85,0.0,0.0,100,16,5,3,80,1,0,0,0.9876883405951378,-0.1564344650402308,-0.09999999999999964,10.3,171
2026-03-21 17:00:00,63.27429677249998,4.7,8.3,91,190.0,86,0.0,0.0,100,17,5,3,80,1,0,0,0.9998476951563913,-0.017452406437283477,0.6000000000000005,10.3,171
2026-03-21 18:00:00,64.16637033916665,4.4,9.0,87,123.0,87,0.0,0.0,100,18,5,3,80,1,0,0,0.9986295347545738,0.052335956242943966,-0.09999999999999964,10.6,171
2026-03-21 19:00:00,62.84017534999998,3.8,9.8,95,53.0,91,0.0,0.0,100,19,5,3,80,1,0,0,0.9961946980917455,-0.08715574274765824,-0.9000000000000004,11.2,171
2026-03-21 20:00:00,61.14533047499999,3.7,8.1,89,5.0,93,0.0,0.0,100,20,5,3,80,1,0,0,0.9998476951563913,0.0174524064372836,-1.0,11.3,171
2026-03-21 21:00:00,57.35228073833333,2.9,7.4,77,0.0,97,0.0,0.0,89,21,5,3,80,1,0,0,0.9743700647852352,0.22495105434386492,-1.5000000000000004,12.1,171
2026-03-21 22:00:00,54.0770733375,1.9,9.7,101,0.0,98,0.0,0.0,4,22,5,3,80,1,0,0,0.981627183447664,-0.1908089953765448,-1.9,13.1,171
2026-03-21 23:00:00,52.07493040666667,1.2,9.4,103,0.0,98,0.0,0.0,1,23,5,3,80,1,0,0,0.9743700647852352,-0.22495105434386503,-2.5,13.8,171
2026-03-22 00:00:00,52.318147359166666,0.9,7.7,102,0.0,97,0.0,0.0,0,0,6,3,81,1,0,0,0.9781476007338057,-0.20791169081775934,-2.0,14.1,172
2026-03-22 01:00:00,52.22802493666666,0.6,7.5,100,0.0,97,0.0,0.0,0,1,6,3,81,1,0,0,0.984807753012208,-0.1736481776669303,-1.2999999999999998,14.4,172
2026-03-22 02:00:00,53.07439147166666,0.7,9.8,104,0.0,99,0.0,0.0,0,2,6,3,81,1,0,0,0.9702957262759965,-0.24192189559966779,-0.5,14.3,172
2026-03-22 03:00:00,54.36945413166666,0.6,9.8,114,0.0,98,0.0,0.0,0,3,6,3,81,1,0,0,0.9135454576426009,-0.40673664307580026,-0.30000000000000004,14.4,172
2026-03-22 04:00:00,56.24494548749999,0.4,8.4,121,0.0,97,0.0,0.0,0,4,6,3,81,1,0,0,0.8571673007021123,-0.5150380749100543,-0.19999999999999996,14.6,172
2026-03-22 05:00:00,59.94632721499999,0.2,7.6,128,0.0,96,0.0,0.0,0,5,6,3,81,1,0,0,0.788010753606722,-0.6156614753256583,-0.49999999999999994,14.8,172
2026-03-22 06:00:00,64.69776193666665,0.2,7.8,140,0.0,95,0.0,0.0,0,6,6,3,81,1,0,0,0.6427876096865395,-0.7660444431189779,-0.39999999999999997,14.8,172
2026-03-22 07:00:00,66.27426825666666,0.2,8.1,151,0.0,93,0.0,0.0,0,7,6,3,81,1,0,0,0.48480962024633717,-0.8746197071393957,-0.2,14.8,172
2026-03-22 08:00:00,62.62135375166666,0.2,7.7,149,13.0,93,0.0,0.0,0,8,6,3,81,1,0,0,0.5150380749100544,-0.8571673007021122,0.0,14.8,172
2026-03-22 09:00:00,56.345220829166664,2.1,8.7,142,117.0,89,0.0,0.0,0,9,6,3,81,1,0,0,0.6156614753256584,-0.7880107536067219,1.9000000000000001,12.9,172
2026-03-22 10:00:00,51.11979939333333,4.4,6.7,128,262.0,83,0.0,0.0,0,10,6,3,81,1,0,0,0.788010753606722,-0.6156614753256583,4.2,10.6,172
2026-03-22 11:00:00,48.16735550249999,6.8,7.6,128,399.0,73,0.0,0.0,0,11,6,3,81,1,0,0,0.788010753606722,-0.6156614753256583,6.6,8.2,172
2026-03-22 12:00:00,45.79040380666665,8.9,8.8,131,505.0,66,0.0,0.0,0,12,6,3,81,1,0,0,0.7547095802227721,-0.6560590289905072,6.800000000000001,6.1,172
2026-03-22 13:00:00,43.64398099999998,10.4,10.3,133,571.0,60,0.0,0.0,0,13,6,3,81,1,0,0,0.7313537016191706,-0.6819983600624984,6.0,4.6,172
2026-03-22 14:00:00,41.43941781749998,11.6,10.6,138,593.0,55,0.0,0.0,0,14,6,3,81,1,0,0,0.6691306063588585,-0.743144825477394,4.8,3.4000000000000004,172
2026-03-22 15:00:00,41.96543400083331,12.2,10.9,141,569.0,53,0.0,0.0,0,15,6,3,81,1,0,0,0.6293203910498374,-0.7771459614569709,3.299999999999999,2.8000000000000007,172
2026-03-22 16:00:00,44.77021403666665,12.4,10.2,143,499.0,52,0.0,0.0,0,16,6,3,81,1,0,0,0.6018150231520482,-0.7986355100472929,2.0,2.5999999999999996,172
2026-03-22 17:00:00,50.19683709583333,12.2,8.9,135,390.0,52,0.0,0.0,0,17,6,3,81,1,0,0,0.7071067811865476,-0.7071067811865475,0.5999999999999996,2.8000000000000007,172
2026-03-22 18:00:00,53.92803408833333,10.9,9.4,110,256.0,60,0.0,0.0,0,18,6,3,81,1,0,0,0.9396926207859084,-0.3420201433256687,-1.299999999999999,4.1,172
2026-03-22 19:00:00,55.04900610416665,8.3,10.5,106,114.0,73,0.0,0.0,0,19,6,3,81,1,0,0,0.9612616959383189,-0.27563735581699905,-4.1,6.699999999999999,172
2026-03-22 20:00:00,53.82390179416666,6.4,10.5,109,12.0,73,0.0,0.0,0,20,6,3,81,1,0,0,0.9455185755993168,-0.32556815445715664,-5.799999999999999,8.6,172
2026-03-22 21:00:00,51.92010317166666,5.7,10.0,113,0.0,69,0.0,0.0,0,21,6,3,81,1,0,0,0.9205048534524403,-0.39073112848927377,-5.2,9.3,172
2026-03-22 22:00:00,48.718702839999985,5.0,9.8,121,0.0,71,0.0,0.0,0,22,6,3,81,1,0,0,0.8571673007021123,-0.5150380749100543,-3.3000000000000007,10.0,172
2026-03-22 23:00:00,47.04343832833331,4.6,9.8,134,0.0,74,0.0,0.0,0,23,6,3,81,1,0,0,0.7193398003386511,-0.6946583704589974,-1.8000000000000007,10.4,172
2026-03-23 00:00:00,47.39323961999999,4.2,9.5,144,0.0,77,0.0,0.0,0,0,0,3,82,0,0,0,0.5877852522924732,-0.8090169943749473,-1.5,10.8,173
2026-03-23 01:00:00,48.05215812499999,4.0,9.6,154,0.0,78,0.0,0.0,0,1,0,3,82,0,0,0,0.4383711467890773,-0.898794046299167,-1.0,11.0,173
2026-03-23 02:00:00,49.37209039749999,3.5,8.7,187,0.0,81,0.0,0.0,0,2,0,3,82,0,0,0,-0.12186934340514731,-0.9925461516413221,-1.0999999999999996,11.5,173
2026-03-23 03:00:00,50.89468013666665,3.1,8.9,198,0.0,82,0.0,0.0,0,3,0,3,82,0,0,0,-0.3090169943749473,-0.9510565162951536,-1.1,11.9,173
2026-03-23 04:00:00,53.14649443083332,2.8,9.8,200,0.0,82,0.0,0.0,0,4,0,3,82,0,0,0,-0.34202014332566866,-0.9396926207859084,-1.2000000000000002,12.2,173
2026-03-23 05:00:00,58.97439566749999,2.2,8.8,219,0.0,84,0.0,0.0,10,5,0,3,82,0,0,0,-0.6293203910498376,-0.7771459614569708,-1.2999999999999998,12.8,173
2026-03-23 06:00:00,62.80041688583332,1.5,7.7,229,0.0,87,0.0,0.0,100,6,0,3,82,0,0,0,-0.754709580222772,-0.6560590289905073,-1.6,13.5,173
2026-03-23 07:00:00,60.419359759999985,2.3,9.0,213,0.0,84,0.0,0.0,100,7,0,3,82,0,0,0,-0.5446390350150271,-0.838670567945424,-0.5,12.7,173
2026-03-23 08:00:00,56.38301974333333,2.5,8.5,257,9.0,85,0.0,0.0,100,8,0,3,82,0,0,0,-0.9743700647852351,-0.22495105434386525,0.2999999999999998,12.5,173
2026-03-23 09:00:00,49.58993000666665,4.4,7.0,271,65.0,82,0.0,0.0,95,9,0,3,82,0,0,0,-0.9998476951563913,0.01745240643728313,2.9000000000000004,10.6,173
2026-03-23 10:00:00,46.902115644166656,5.8,6.9,298,109.0,82,0.0,0.0,99,10,0,3,82,0,0,0,-0.8829475928589271,0.4694715627858904,3.5,9.2,173
2026-03-23 11:00:00,46.238440181666654,8.2,4.9,343,270.0,72,0.0,0.0,100,11,0,3,82,0,0,0,-0.29237170472273716,0.9563047559630353,5.699999999999999,6.800000000000001,173
2026-03-23 12:00:00,45.70675009999999,9.5,3.4,354,330.0,66,0.0,0.0,100,12,0,3,82,0,0,0,-0.10452846326765342,0.9945218953682733,5.1,5.5,173
2026-03-23 13:00:00,45.34508747749998,10.9,4.2,317,485.0,60,0.0,0.0,100,13,0,3,82,0,0,0,-0.6819983600624984,0.7313537016191707,5.1000000000000005,4.1,173
2026-03-23 14:00:00,45.97485115249999,11.2,4.0,297,507.0,57,0.0,0.0,100,14,0,3,82,0,0,0,-0.8910065241883679,0.45399049973954664,3.0,3.8000000000000007,173
2026-03-23 15:00:00,45.11518168249999,11.9,5.5,283,487.0,55,0.0,0.0,100,15,0,3,82,0,0,0,-0.9743700647852352,0.22495105434386492,2.4000000000000004,3.0999999999999996,173
2026-03-23 16:00:00,47.79595663583332,11.9,7.8,279,371.0,55,0.0,0.0,100,16,0,3,82,0,0,0,-0.9876883405951378,0.15643446504023067,1.0,3.0999999999999996,173
2026-03-23 17:00:00,52.370485641666654,11.6,7.4,273,304.0,57,0.0,0.0,100,17,0,3,82,0,0,0,-0.9986295347545738,0.052335956242943946,0.40000000000000036,3.4000000000000004,173
2026-03-23 18:00:00,55.270162799999994,11.1,6.5,262,209.0,60,0.0,0.0,100,18,0,3,82,0,0,0,-0.9902680687415703,-0.13917310096006583,-0.8000000000000007,3.9000000000000004,173
2026-03-23 19:00:00,54.39306622916666,9.0,4.0,249,90.0,77,0.0,0.0,100,19,0,3,82,0,0,0,-0.9335804264972015,-0.3583679495453007,-2.9000000000000004,6.0,173
2026-03-23 20:00:00,52.81767544666666,6.6,5.4,256,11.0,84,0.0,0.0,100,20,0,3,82,0,0,0,-0.9702957262759965,-0.24192189559966779,-5.0,8.4,173
2026-03-23 21:00:00,51.24324541499999,5.8,4.2,245,0.0,89,0.0,0.0,100,21,0,3,82,0,0,0,-0.90630778703665,-0.42261826174069916,-5.3,9.2,173
2026-03-23 22:00:00,47.96817877249999,5.1,5.5,232,0.0,93,0.0,0.0,100,22,0,3,82,0,0,0,-0.7880107536067221,-0.6156614753256581,-3.9000000000000004,9.9,173
2026-03-23 23:00:00,46.092891919999985,4.6,8.1,241,0.0,94,0.0,0.0,100,23,0,3,82,0,0,0,-0.874619707139396,-0.48480962024633684,-2.0,10.4,173
2026-03-24 00:00:00,45.817483372499986,4.3,9.4,230,0.0,91,0.0,0.0,100,0,1,3,83,0,0,0,-0.7660444431189779,-0.6427876096865395,-1.5,10.7,174
2026-03-24 01:00:00,46.55220158749998,4.4,10.2,221,0.0,89,0.0,0.0,100,1,1,3,83,0,0,0,-0.656059028990507,-0.7547095802227721,-0.6999999999999993,10.6,174
2026-03-24 02:00:00,46.42229322249998,4.3,11.5,230,0.0,97,0.0,0.0,100,2,1,3,83,0,0,0,-0.7660444431189779,-0.6427876096865395,-0.2999999999999998,10.7,174
2026-03-24 03:00:00,48.39301940999998,4.2,11.7,223,0.0,96,0.0,0.0,100,3,1,3,83,0,0,0,-0.6819983600624984,-0.7313537016191706,-0.09999999999999964,10.8,174
2026-03-24 04:00:00,51.44404062833332,4.3,11.7,227,0.0,93,0.0,0.0,100,4,1,3,83,0,0,0,-0.7313537016191703,-0.6819983600624986,-0.10000000000000053,10.7,174
2026-03-24 05:00:00,57.12134459999999,4.3,12.1,213,0.0,90,0.0,0.0,100,5,1,3,83,0,0,0,-0.5446390350150271,-0.838670567945424,0.0,10.7,174
2026-03-24 06:00:00,60.60087011499999,4.8,14.2,209,0.0,85,0.0,0.0,100,6,1,3,83,0,0,0,-0.48480962024633695,-0.8746197071393959,0.5999999999999996,10.2,174
2026-03-24 07:00:00,59.508867214999995,4.7,15.4,213,0.0,86,0.0,0.0,100,7,1,3,83,0,0,0,-0.5446390350150271,-0.838670567945424,0.40000000000000036,10.3,174
2026-03-24 08:00:00,54.551260818333326,5.5,16.6,216,11.0,88,0.0,0.0,100,8,1,3,83,0,0,0,-0.587785252292473,-0.8090169943749475,1.2000000000000002,9.5,174
2026-03-24 09:00:00,53.32103204999999,6.4,18.8,216,59.0,85,0.0,0.0,100,9,1,3,83,0,0,0,-0.587785252292473,-0.8090169943749475,1.6000000000000005,8.6,174
2026-03-24 10:00:00,51.26970827249999,8.1,17.4,212,184.0,81,0.0,0.0,100,10,1,3,83,0,0,0,-0.5299192642332048,-0.8480480961564261,3.3999999999999995,6.9,174
2026-03-24 11:00:00,49.56885099249999,9.1,20.7,216,212.0,76,0.0,0.0,100,11,1,3,83,0,0,0,-0.587785252292473,-0.8090169943749475,3.5999999999999996,5.9,174
2026-03-24 12:00:00,52.79645920166665,9.5,23.1,219,269.0,70,0.0,0.0,100,12,1,3,83,0,0,0,-0.6293203910498376,-0.7771459614569708,3.0999999999999996,5.5,174
2026-03-24 13:00:00,53.94445413166666,10.2,26.5,221,361.0,68,0.0,0.0,100,13,1,3,83,0,0,0,-0.656059028990507,-0.7547095802227721,2.0999999999999996,4.800000000000001,174
2026-03-24 14:00:00,54.845781186666656,10.2,27.5,227,400.0,70,0.0,0.0,100,14,1,3,83,0,0,0,-0.7313537016191703,-0.6819983600624986,1.0999999999999996,4.800000000000001,174
2026-03-24 15:00:00,55.093660216666656,10.0,32.5,231,229.0,74,0.0,0.0,100,15,1,3,83,0,0,0,-0.7771459614569706,-0.6293203910498378,0.5,5.0,174
2026-03-24 16:00:00,56.64713721666665,9.6,29.3,228,189.0,79,0.0,0.0,100,16,1,3,83,0,0,0,-0.7431448254773944,-0.6691306063588581,-0.5999999999999996,5.4,174
2026-03-24 17:00:00,59.146524624999984,8.4,26.0,226,43.0,90,0.0,0.0,100,17,1,3,83,0,0,0,-0.7193398003386512,-0.6946583704589973,-1.799999999999999,6.6,174
2026-03-24 18:00:00,60.12088016083331,8.2,24.8,227,69.0,97,0.0,0.0,100,18,1,3,83,0,0,0,-0.7313537016191703,-0.6819983600624986,-1.8000000000000007,6.800000000000001,174
2026-03-24 19:00:00,58.97038674666666,8.1,24.7,226,22.0,97,0.0,0.0,100,19,1,3,83,0,0,0,-0.7193398003386512,-0.6946583704589973,-1.5,6.9,174
2026-03-24 20:00:00,54.994254204166666,8.9,28.3,223,4.0,92,0.0,0.0,100,20,1,3,83,0,0,0,-0.6819983600624984,-0.7313537016191706,0.5,6.1,174
2026-03-24 21:00:00,50.492713114166655,9.3,27.5,224,0.0,89,0.0,0.0,100,21,1,3,83,0,0,0,-0.6946583704589974,-0.7193398003386511,1.1000000000000014,5.699999999999999,174
2026-03-24 22:00:00,46.79328765833331,9.6,27.2,222,0.0,85,0.0,0.0,100,22,1,3,83,0,0,0,-0.6691306063588582,-0.7431448254773942,1.5,5.4,174
2026-03-24 23:00:00,45.54252103999999,10.1,27.5,219,0.0,76,0.0,0.0,100,23,1,3,83,0,0,0,-0.6293203910498376,-0.7771459614569708,1.1999999999999993,4.9,174
2026-03-25 00:00:00,44.79215511583332,10.4,30.4,221,0.0,71,0.0,0.0,100,0,2,3,84,0,0,0,-0.656059028990507,-0.7547095802227721,1.0999999999999996,4.6,175
2026-03-25 01:00:00,44.77720570416665,9.8,31.6,222,0.0,76,0.0,0.0,100,1,2,3,84,0,0,0,-0.6691306063588582,-0.7431448254773942,0.20000000000000107,5.199999999999999,175
2026-03-25 02:00:00,45.847868985833315,9.4,32.4,212,0.0,70,0.0,0.0,100,2,2,3,84,0,0,0,-0.5299192642332048,-0.8480480961564261,-0.6999999999999993,5.6,175
2026-03-25 03:00:00,48.419870532499985,8.6,32.8,218,0.0,82,0.0,0.0,100,3,2,3,84,0,0,0,-0.6156614753256582,-0.788010753606722,-1.8000000000000007,6.4,175
2026-03-25 04:00:00,50.996255996666655,8.8,32.8,215,0.0,86,0.0,0.0,100,4,2,3,84,0,0,0,-0.5735764363510462,-0.8191520442889918,-1.0,6.199999999999999,175
2026-03-25 05:00:00,56.87511218916666,8.7,32.7,215,0.0,89,0.0,0.0,100,5,2,3,84,0,0,0,-0.5735764363510462,-0.8191520442889918,-0.7000000000000011,6.300000000000001,175
2026-03-25 06:00:00,61.154468350833326,8.2,32.2,211,0.0,95,0.0,0.0,100,6,2,3,84,0,0,0,-0.5150380749100542,-0.8571673007021123,-0.40000000000000036,6.800000000000001,175
2026-03-25 07:00:00,62.22999569583332,7.6,35.4,232,0.0,94,0.0,0.0,100,7,2,3,84,0,0,0,-0.7880107536067221,-0.6156614753256581,-1.200000000000001,7.4,175
2026-03-25 08:00:00,62.09731526249998,6.8,30.6,229,4.0,89,0.0,0.0,73,8,2,3,84,0,0,0,-0.754709580222772,-0.6560590289905073,-1.8999999999999995,8.2,175
2026-03-25 09:00:00,60.24372030416666,6.2,34.6,225,98.0,83,0.0,0.0,80,9,2,3,84,0,0,0,-0.7071067811865475,-0.7071067811865477,-1.9999999999999991,8.8,175
2026-03-25 10:00:00,58.692884145833325,6.5,30.5,229,158.0,81,0.0,0.0,98,10,2,3,84,0,0,0,-0.754709580222772,-0.6560590289905073,-1.0999999999999996,8.5,175
2026-03-25 11:00:00,55.768260820833326,5.1,33.8,301,124.0,94,0.0,0.0,100,11,2,3,84,0,0,0,-0.8571673007021123,0.5150380749100542,-1.7000000000000002,9.9,175
2026-03-25 12:00:00,55.32407320583332,4.2,25.1,285,49.0,94,0.0,0.0,100,12,2,3,84,0,0,0,-0.9659258262890684,0.2588190451025203,-2.0,10.8,175
2026-03-25 13:00:00,51.370702574166664,6.6,28.2,281,209.0,84,0.0,0.0,100,13,2,3,84,0,0,0,-0.9816271834476639,0.1908089953765451,0.09999999999999964,8.4,175
2026-03-25 14:00:00,51.695430589166655,7.3,32.0,289,352.0,70,0.0,0.0,100,14,2,3,84,0,0,0,-0.945518575599317,0.3255681544571563,2.2,7.7,175
2026-03-25 15:00:00,53.868550111666664,6.8,32.8,286,415.0,68,0.0,0.0,79,15,2,3,84,0,0,0,-0.9612616959383188,0.2756373558169994,2.5999999999999996,8.2,175
2026-03-25 16:00:00,56.246905416666664,7.1,33.3,289,428.0,66,0.0,0.0,28,16,2,3,84,0,0,0,-0.945518575599317,0.3255681544571563,0.5,7.9,175
2026-03-25 17:00:00,60.822081784166656,6.2,31.6,283,362.0,71,0.0,0.0,55,17,2,3,84,0,0,0,-0.9743700647852352,0.22495105434386492,-1.0999999999999996,8.8,175
2026-03-25 18:00:00,64.32366221999997,5.9,27.8,278,210.0,75,0.0,0.0,78,18,2,3,84,0,0,0,-0.9902680687415704,0.13917310096006547,-0.8999999999999995,9.1,175
2026-03-25 19:00:00,63.67306945166665,5.2,25.3,274,99.0,77,0.0,0.0,20,19,2,3,84,0,0,0,-0.9975640502598243,0.06975647374412522,-1.8999999999999995,9.8,175
2026-03-25 20:00:00,60.44783932999999,4.7,21.9,264,16.0,80,0.0,0.0,91,20,2,3,84,0,0,0,-0.9945218953682734,-0.10452846326765336,-1.5,10.3,175
2026-03-25 21:00:00,57.92012513249999,3.9,23.3,264,0.0,83,0.0,0.0,77,21,2,3,84,0,0,0,-0.9945218953682734,-0.10452846326765336,-2.0000000000000004,11.1,175
2026-03-25 22:00:00,54.47336621583332,3.9,22.5,267,0.0,82,0.0,0.0,74,22,2,3,84,0,0,0,-0.9986295347545738,-0.052335956242944306,-1.3000000000000003,11.1,175
2026-03-25 23:00:00,52.02446558749999,3.8,20.7,270,0.0,79,0.0,0.0,100,23,2,3,84,0,0,0,-1.0,-1.8369701987210297e-16,-0.9000000000000004,11.2,175
2026-03-26 00:00:00,51.80220372499999,3.8,21.6,273,0.0,80,0.0,0.0,98,0,3,3,85,0,0,0,-0.9986295347545738,0.052335956242943946,-0.10000000000000009,11.2,176
2026-03-26 01:00:00,51.23456543333332,3.7,21.7,275,0.0,76,0.0,0.0,100,1,3,3,85,0,0,0,-0.9961946980917455,0.08715574274765789,-0.19999999999999973,11.3,176
2026-03-26 02:00:00,52.89835996166666,2.4,19.3,267,0.0,83,0.0,0.0,99,2,3,3,85,0,0,0,-0.9986295347545738,-0.052335956242944306,-1.4,12.6,176
2026-03-26 03:00:00,53.94544095999999,2.8,19.1,271,0.0,89,0.63,0.0,100,3,3,3,85,0,0,0,-0.9998476951563913,0.01745240643728313,-1.0,12.2,176
2026-03-26 04:00:00,58.172055706666654,2.7,18.3,280,0.0,93,0.0,0.0,98,4,3,3,85,0,0,0,-0.9848077530122081,0.17364817766692997,-1.0,12.3,176
2026-03-26 05:00:00,62.997039999999984,2.8,19.7,283,0.0,92,0.0,0.0,83,5,3,3,85,0,0,0,-0.9743700647852352,0.22495105434386492,0.3999999999999999,12.2,176
2026-03-26 06:00:00,66.90330859083332,2.7,19.0,287,0.0,89,0.0,0.0,75,6,3,3,85,0,0,0,-0.9563047559630354,0.2923717047227367,-0.09999999999999964,12.3,176
2026-03-26 07:00:00,67.07262201749998,2.5,18.6,286,0.0,85,0.0,0.0,23,7,3,3,85,0,0,0,-0.9612616959383188,0.2756373558169994,-0.20000000000000018,12.5,176
2026-03-26 08:00:00,64.55711724833331,2.5,18.6,290,20.0,86,0.0,0.0,84,8,3,3,85,0,0,0,-0.9396926207859083,0.342020143325669,-0.2999999999999998,12.5,176
2026-03-26 09:00:00,58.45408035757935,3.5,19.6,295,117.0,76,0.0,0.0,98,9,3,3,85,0,0,0,-0.9063077870366498,0.4226182617406996,0.7999999999999998,11.5,176
2026-03-26 10:00:00,56.2593316290873,4.5,24.2,298,246.0,64,0.0,0.0,41,10,3,3,85,0,0,0,-0.8829475928589271,0.4694715627858904,2.0,10.5,176
2026-03-26 11:00:00,56.92057332904761,5.2,27.5,297,401.0,56,0.0,0.0,19,11,3,3,85,0,0,0,-0.8910065241883679,0.45399049973954664,2.7,9.8,176
2026-03-26 12:00:00,56.805813247619035,5.4,28.9,299,497.0,54,0.0,0.0,17,12,3,3,85,0,0,0,-0.8746197071393956,0.4848096202463373,1.9000000000000004,9.6,176
2026-03-26 13:00:00,54.1387136645238,5.6,28.4,296,557.0,52,0.0,0.0,16,13,3,3,85,0,0,0,-0.898794046299167,0.4383711467890774,1.0999999999999996,9.4,176
2026-03-26 14:00:00,52.550783440476174,5.4,25.7,297,599.0,52,0.0,0.0,30,14,3,3,85,0,0,0,-0.8910065241883679,0.45399049973954664,0.20000000000000018,9.6,176
2026-03-26 15:00:00,52.19382041833332,5.3,25.9,295,528.0,52,0.0,0.0,24,15,3,3,85,0,0,0,-0.9063077870366498,0.4226182617406996,-0.10000000000000053,9.7,176
2026-03-26 16:00:00,57.37392787166665,5.3,24.1,291,462.0,51,0.0,0.0,43,16,3,3,85,0,0,0,-0.9335804264972017,0.3583679495453004,-0.2999999999999998,9.7,176
2026-03-26 17:00:00,64.54983151166665,4.8,23.5,293,342.0,58,0.0,0.0,33,17,3,3,85,0,0,0,-0.9205048534524405,0.3907311284892735,-0.6000000000000005,10.2,176
2026-03-26 18:00:00,65.37541810499998,4.2,20.0,286,228.0,68,0.07,0.0,41,18,3,3,85,0,0,0,-0.9612616959383188,0.2756373558169994,-1.0999999999999996,10.8,176
2026-03-26 19:00:00,64.19798168749998,3.7,18.2,275,98.0,70,0.0,0.0,18,19,3,3,85,0,0,0,-0.9961946980917455,0.08715574274765789,-1.5999999999999996,11.3,176
2026-03-26 20:00:00,61.15132997833332,2.7,16.6,269,17.0,85,0.0,0.0,62,20,3,3,85,0,0,0,-0.9998476951563913,-0.017452406437283498,-2.0999999999999996,12.3,176
2026-03-26 21:00:00,57.57346473083334,2.4,13.5,274,0.0,88,0.0,0.0,31,21,3,3,85,0,0,0,-0.9975640502598243,0.06975647374412522,-1.8000000000000003,12.6,176
2026-03-26 22:00:00,55.70056999416666,2.5,14.4,285,0.0,88,0.0,0.0,5,22,3,3,85,0,0,0,-0.9659258262890684,0.2588190451025203,-1.2000000000000002,12.5,176
2026-03-26 23:00:00,54.348899355833325,2.5,15.6,303,0.0,81,0.0,0.0,2,23,3,3,85,0,0,0,-0.8386705679454243,0.5446390350150266,-0.20000000000000018,12.5,176
2026-03-27 00:00:00,54.247455561666655,2.1,15.3,300,0.0,80,0.0,0.0,0,0,4,3,86,0,0,0,-0.8660254037844386,0.5000000000000001,-0.2999999999999998,12.9,177
2026-03-27 01:00:00,54.930107019999994,1.8,14.5,298,0.0,81,0.0,0.0,1,1,4,3,86,0,0,0,-0.8829475928589271,0.4694715627858904,-0.7,13.2,177
2026-03-27 02:00:00,55.47590358666666,2.3,15.1,298,0.0,79,0.0,0.0,3,2,4,3,86,0,0,0,-0.8829475928589271,0.4694715627858904,-0.20000000000000018,12.7,177
2026-03-27 03:00:00,56.97413405333332,1.8,12.3,293,0.0,82,0.0,0.0,9,3,4,3,86,0,0,0,-0.9205048534524405,0.3907311284892735,-0.30000000000000004,13.2,177
2026-03-27 04:00:00,61.898325270833325,1.3,11.1,287,0.0,85,0.0,0.0,23,4,4,3,86,0,0,0,-0.9563047559630354,0.2923717047227367,-0.5,13.7,177
2026-03-27 05:00:00,68.80782121749998,1.4,11.3,283,0.0,86,0.0,0.0,31,5,4,3,86,0,0,0,-0.9743700647852352,0.22495105434386492,-0.8999999999999999,13.6,177
2026-03-27 06:00:00,71.43429650416665,1.5,11.2,280,0.0,87,0.0,0.0,42,6,4,3,86,0,0,0,-0.9848077530122081,0.17364817766692997,-0.30000000000000004,13.5,177
2026-03-27 07:00:00,66.03925636999999,1.3,9.4,275,0.0,89,0.0,0.0,14,7,4,3,86,0,0,0,-0.9961946980917455,0.08715574274765789,0.0,13.7,177
2026-03-27 08:00:00,59.59762407583332,1.6,10.3,258,24.0,88,0.0,0.0,98,8,4,3,86,0,0,0,-0.9781476007338056,-0.2079116908177598,0.20000000000000018,13.4,177
2026-03-27 09:00:00,54.99548320333332,3.5,10.4,256,82.0,81,0.0,0.0,55,9,4,3,86,0,0,0,-0.9702957262759965,-0.24192189559966779,2.0,11.5,177
2026-03-27 10:00:00,53.622573060833325,5.1,15.4,276,203.0,64,0.0,0.0,44,10,4,3,86,0,0,0,-0.9945218953682734,0.10452846326765299,3.8,9.9,177
2026-03-27 11:00:00,52.14663389083332,6.2,17.1,269,322.0,54,0.0,0.0,95,11,4,3,86,0,0,0,-0.9998476951563913,-0.017452406437283498,4.6,8.8,177
2026-03-27 12:00:00,50.270500509166645,6.9,17.8,262,374.0,49,0.0,0.0,85,12,4,3,86,0,0,0,-0.9902680687415703,-0.13917310096006583,3.4000000000000004,8.1,177
2026-03-27 13:00:00,50.59404306666665,6.8,18.6,251,397.0,55,0.0,0.0,92,13,4,3,86,0,0,0,-0.9455185755993168,-0.32556815445715664,1.7000000000000002,8.2,177
2026-03-27 14:00:00,48.67455990666665,7.6,17.9,246,374.0,53,0.0,0.0,76,14,4,3,86,0,0,0,-0.913545457642601,-0.4067366430758001,1.3999999999999995,7.4,177
2026-03-27 15:00:00,47.64631722416665,7.9,18.9,243,452.0,50,0.0,0.0,95,15,4,3,86,0,0,0,-0.8910065241883678,-0.45399049973954697,1.0,7.1,177
2026-03-27 16:00:00,50.17175017083332,7.8,19.4,242,390.0,49,0.0,0.0,80,16,4,3,86,0,0,0,-0.882947592858927,-0.46947156278589075,1.0,7.2,177
2026-03-27 17:00:00,54.59743649833332,7.4,21.3,238,260.0,52,0.0,0.0,75,17,4,3,86,0,0,0,-0.848048096156426,-0.529919264233205,-0.1999999999999993,7.6,177
2026-03-27 18:00:00,57.87798688916666,7.1,17.1,229,212.0,59,0.0,0.0,100,18,4,3,86,0,0,0,-0.754709580222772,-0.6560590289905073,-0.8000000000000007,7.9,177
2026-03-27 19:00:00,57.60088162583333,6.2,14.7,205,123.0,65,0.0,0.0,95,19,4,3,86,0,0,0,-0.4226182617406993,-0.90630778703665,-1.5999999999999996,8.8,177
2026-03-27 20:00:00,55.620543211666664,6.0,16.4,195,14.0,63,0.0,0.0,100,20,4,3,86,0,0,0,-0.2588190451025208,-0.9659258262890683,-1.4000000000000004,9.0,177
2026-03-27 21:00:00,53.94517065333333,6.2,18.5,195,0.0,60,0.0,0.0,100,21,4,3,86,0,0,0,-0.2588190451025208,-0.9659258262890683,-0.8999999999999995,8.8,177
2026-03-27 22:00:00,51.67026627083333,6.2,19.8,200,0.0,62,0.0,0.0,100,22,4,3,86,0,0,0,-0.34202014332566866,-0.9396926207859084,0.0,8.8,177
2026-03-27 23:00:00,49.42112309166665,5.8,21.1,202,0.0,71,0.0,0.0,100,23,4,3,86,0,0,0,-0.374606593415912,-0.9271838545667874,-0.20000000000000018,9.2,177
2026-03-28 00:00:00,51.99563836999999,5.7,21.7,206,0.0,75,0.0,0.0,100,0,5,3,87,1,0,0,-0.43837114678907746,-0.8987940462991669,-0.5,9.3,178
2026-03-28 01:00:00,54.03069269499999,5.4,22.9,204,0.0,80,0.0,0.0,100,1,5,3,87,1,0,0,-0.4067366430758002,-0.9135454576426009,-0.7999999999999998,9.6,178
2026-03-28 02:00:00,54.374492884166656,5.0,22.5,209,0.0,87,0.0,0.0,100,2,5,3,87,1,0,0,-0.48480962024633695,-0.8746197071393959,-0.7999999999999998,10.0,178
2026-03-28 03:00:00,54.39584203416666,4.8,22.7,207,0.0,91,0.0,0.0,100,3,5,3,87,1,0,0,-0.4539904997395467,-0.8910065241883679,-0.9000000000000004,10.2,178
2026-03-28 04:00:00,56.12055518166666,4.8,21.9,207,0.0,93,0.0,0.0,100,4,5,3,87,1,0,0,-0.4539904997395467,-0.8910065241883679,-0.6000000000000005,10.2,178
2026-03-28 05:00:00,59.74578576249999,4.8,20.5,207,0.0,95,0.0,0.0,100,5,5,3,87,1,0,0,-0.4539904997395467,-0.8910065241883679,-0.20000000000000018,10.2,178
2026-03-28 06:00:00,59.80056419916665,4.8,18.6,208,0.0,97,0.0,0.0,100,6,5,3,87,1,0,0,-0.46947156278589086,-0.8829475928589269,0.0,10.2,178
2026-03-28 07:00:00,62.20421299083333,4.8,15.1,212,0.0,98,0.0,0.0,100,7,5,3,87,1,0,0,-0.5299192642332048,-0.8480480961564261,0.0,10.2,178
2026-03-28 08:00:00,61.753212973333326,5.0,9.5,237,6.0,98,0.0,0.0,100,8,5,3,87,1,0,0,-0.8386705679454242,-0.544639035015027,0.20000000000000018,10.0,178
2026-03-28 09:00:00,54.19803841833332,5.3,8.3,264,23.0,98,0.0,0.0,100,9,5,3,87,1,0,0,-0.9945218953682734,-0.10452846326765336,0.5,9.7,178
2026-03-28 10:00:00,50.716949472499984,6.0,7.6,275,96.0,91,0.0,0.0,100,10,5,3,87,1,0,0,-0.9961946980917455,0.08715574274765789,1.2000000000000002,9.0,178
2026-03-28 11:00:00,53.52031506916666,7.1,8.1,265,199.0,83,0.0,0.0,100,11,5,3,87,1,0,0,-0.9961946980917455,-0.08715574274765825,2.0999999999999996,7.9,178
2026-03-28 12:00:00,52.34386593916666,8.7,13.5,270,438.0,74,0.0,0.0,100,12,5,3,87,1,0,0,-1.0,-1.8369701987210297e-16,3.3999999999999995,6.300000000000001,178
2026-03-28 13:00:00,51.64618683666666,8.2,15.4,277,449.0,76,0.0,0.0,99,13,5,3,87,1,0,0,-0.992546151641322,0.12186934340514768,2.1999999999999993,6.800000000000001,178
2026-03-28 14:00:00,50.819923526666656,7.7,15.8,297,366.0,81,0.0,0.0,100,14,5,3,87,1,0,0,-0.8910065241883679,0.45399049973954664,0.6000000000000005,7.3,178
2026-03-28 15:00:00,52.01762580916665,8.6,18.7,298,437.0,65,0.0,0.0,100,15,5,3,87,1,0,0,-0.8829475928589271,0.4694715627858904,-0.09999999999999964,6.4,178
2026-03-28 16:00:00,52.42291954166665,8.1,17.1,294,356.0,61,0.0,0.0,100,16,5,3,87,1,0,0,-0.9135454576426011,0.40673664307579976,-0.09999999999999964,6.9,178
2026-03-28 17:00:00,55.170707529999994,7.4,16.2,287,275.0,65,0.0,0.0,100,17,5,3,87,1,0,0,-0.9563047559630354,0.2923717047227367,-0.2999999999999998,7.6,178
2026-03-28 18:00:00,60.82312862083332,6.8,15.5,282,193.0,70,0.0,0.0,100,18,5,3,87,1,0,0,-0.9781476007338056,0.20791169081775945,-1.7999999999999998,8.2,178
2026-03-28 19:00:00,60.873093011666654,5.8,12.7,278,100.0,75,0.0,0.0,55,19,5,3,87,1,0,0,-0.9902680687415704,0.13917310096006547,-2.3,9.2,178
2026-03-28 20:00:00,59.72139301833332,4.6,8.8,270,22.0,81,0.0,0.0,2,20,5,3,87,1,0,0,-1.0,-1.8369701987210297e-16,-2.8000000000000007,10.4,178
2026-03-28 21:00:00,56.52274325333333,3.1,7.1,254,0.0,89,0.0,0.0,10,21,5,3,87,1,0,0,-0.961261695938319,-0.2756373558169989,-3.6999999999999997,11.9,178
2026-03-28 22:00:00,52.62177838583332,2.7,8.7,236,0.0,91,0.0,0.0,32,22,5,3,87,1,0,0,-0.8290375725550418,-0.5591929034707466,-3.0999999999999996,12.3,178
2026-03-28 23:00:00,51.47102251833332,2.6,8.8,231,0.0,92,0.0,0.0,13,23,5,3,87,1,0,0,-0.7771459614569706,-0.6293203910498378,-1.9999999999999996,12.4,178
2026-03-29 00:00:00,49.796444714166654,2.5,9.3,229,0.0,93,0.0,0.0,13,0,6,3,88,1,0,0,-0.754709580222772,-0.6560590289905073,-0.6000000000000001,12.5,179
2026-03-29 01:00:00,49.55546752916665,2.1,8.5,246,0.0,94,0.0,0.0,15,1,6,3,88,1,0,0,-0.913545457642601,-0.4067366430758001,-0.6000000000000001,12.9,179
2026-03-29 02:00:00,49.774615306666654,3.5,11.6,276,0.0,93,0.0,0.0,90,2,6,3,88,1,0,0,-0.9945218953682734,0.10452846326765299,0.8999999999999999,11.5,179
2026-03-29 03:00:00,49.909972784166655,2.7,9.3,283,0.0,95,0.14,0.0,91,3,6,3,88,1,0,0,-0.9743700647852352,0.22495105434386492,0.20000000000000018,12.3,179
2026-03-29 04:00:00,54.029702589166654,2.0,9.3,278,0.0,98,0.0,0.0,14,4,6,3,88,1,0,0,-0.9902680687415704,0.13917310096006547,-0.10000000000000009,13.0,179
2026-03-29 05:00:00,58.67476029333332,2.0,10.5,299,0.0,97,0.0,0.0,4,5,6,3,88,1,0,0,-0.8746197071393956,0.4848096202463373,-1.5,13.0,179
2026-03-29 06:00:00,62.34708925749999,1.9,11.2,302,0.0,97,0.0,0.0,0,6,6,3,88,1,0,0,-0.8480480961564262,0.5299192642332047,-0.8000000000000003,13.1,179
2026-03-29 07:00:00,59.871263089999985,1.4,9.3,292,0.0,98,0.0,0.0,0,7,6,3,88,1,0,0,-0.9271838545667874,0.37460659341591196,-0.6000000000000001,13.6,179
2026-03-29 08:00:00,54.74485032916666,2.1,9.7,266,32.0,97,0.0,0.0,0,8,6,3,88,1,0,0,-0.9975640502598242,-0.06975647374412558,0.10000000000000009,12.9,179
2026-03-29 09:00:00,53.26911184666666,4.0,12.1,242,156.0,96,0.0,0.0,0,9,6,3,88,1,0,0,-0.882947592858927,-0.46947156278589075,2.1,11.0,179
2026-03-29 10:00:00,54.4689085625,6.1,15.4,256,302.0,82,0.0,0.0,29,10,6,3,88,1,0,0,-0.9702957262759965,-0.24192189559966779,4.699999999999999,8.9,179
2026-03-29 11:00:00,55.07061892666666,7.0,17.8,261,365.0,70,0.0,0.0,49,11,6,3,88,1,0,0,-0.9876883405951377,-0.15643446504023104,4.9,8.0,179
2026-03-29 12:00:00,53.84282078083333,7.6,21.1,261,467.0,66,0.0,0.0,43,12,6,3,88,1,0,0,-0.9876883405951377,-0.15643446504023104,3.5999999999999996,7.4,179
2026-03-29 13:00:00,53.19360226666666,7.7,22.8,254,456.0,67,0.0,0.0,58,13,6,3,88,1,0,0,-0.961261695938319,-0.2756373558169989,1.6000000000000005,7.3,179
2026-03-29 14:00:00,52.96899922416666,7.9,23.9,252,486.0,69,0.0,0.0,63,14,6,3,88,1,0,0,-0.9510565162951535,-0.30901699437494756,0.9000000000000004,7.1,179
2026-03-29 15:00:00,56.17314844416666,8.2,25.4,246,494.0,64,0.0,0.0,87,15,6,3,88,1,0,0,-0.913545457642601,-0.4067366430758001,0.5999999999999996,6.800000000000001,179
2026-03-29 16:00:00,59.25031371583332,7.8,25.9,237,435.0,64,0.0,0.0,99,16,6,3,88,1,0,0,-0.8386705679454242,-0.544639035015027,0.09999999999999964,7.2,179
2026-03-29 17:00:00,59.89900114833332,7.6,28.2,238,342.0,63,0.0,0.0,100,17,6,3,88,1,0,0,-0.848048096156426,-0.529919264233205,-0.3000000000000007,7.4,179
2026-03-29 18:00:00,60.62325900833332,6.9,23.2,229,168.0,66,0.0,0.0,100,18,6,3,88,1,0,0,-0.754709580222772,-0.6560590289905073,-1.299999999999999,8.1,179
2026-03-29 19:00:00,60.44887327833331,6.5,23.2,225,57.0,70,0.0,0.0,100,19,6,3,88,1,0,0,-0.7071067811865475,-0.7071067811865477,-1.2999999999999998,8.5,179
2026-03-29 20:00:00,60.54691456833332,5.9,23.9,220,8.0,76,0.0,0.0,100,20,6,3,88,1,0,0,-0.6427876096865393,-0.766044443118978,-1.6999999999999993,9.1,179
2026-03-29 21:00:00,62.47591311833333,5.7,26.5,220,0.0,77,0.0,0.0,100,21,6,3,88,1,0,0,-0.6427876096865393,-0.766044443118978,-1.2000000000000002,9.3,179
2026-03-29 22:00:00,58.070409926666656,4.6,30.9,214,0.0,84,0.0,0.0,100,22,6,3,88,1,0,0,-0.5591929034707467,-0.8290375725550418,-1.9000000000000004,10.4,179
2026-03-29 23:00:00,57.00162834166666,3.8,32.0,204,0.0,94,0.0,0.0,100,23,6,3,88,1,0,0,-0.4067366430758002,-0.9135454576426009,-2.1000000000000005,11.2,179
2026-03-30 00:00:00,52.54923294833332,3.5,30.6,201,0.0,96,0.0,0.0,100,0,0,3,89,0,0,0,-0.35836794954530043,-0.9335804264972016,-2.2,11.5,180
2026-03-30 01:00:00,52.46033494916666,3.3,28.9,199,0.0,97,0.28,0.0,100,1,0,3,89,0,0,0,-0.32556815445715676,-0.9455185755993167,-1.2999999999999998,11.7,180
2026-03-30 02:00:00,51.723038339166656,4.0,27.5,205,0.0,94,0.0,0.0,100,2,0,3,89,0,0,0,-0.4226182617406993,-0.90630778703665,0.20000000000000018,11.0,180
2026-03-30 03:00:00,54.86999886166665,3.8,26.9,207,0.0,98,0.0,0.0,100,3,0,3,89,0,0,0,-0.4539904997395467,-0.8910065241883679,0.2999999999999998,11.2,180
2026-03-30 04:00:00,60.775885821666655,3.8,19.5,218,0.0,99,0.0,0.0,100,4,0,3,89,0,0,0,-0.6156614753256582,-0.788010753606722,0.5,11.2,180
2026-03-30 05:00:00,65.42425910499998,4.4,13.1,295,0.0,97,0.0,0.0,56,5,0,3,89,0,0,0,-0.9063077870366498,0.4226182617406996,0.40000000000000036,10.6,180
2026-03-30 06:00:00,67.37899361999999,3.2,12.2,296,0.0,97,0.0,0.0,50,6,0,3,89,0,0,0,-0.898794046299167,0.4383711467890774,-0.5999999999999996,11.8,180
2026-03-30 07:00:00,64.30065040833331,2.8,12.9,286,0.0,98,0.0,0.0,61,7,0,3,89,0,0,0,-0.9612616959383188,0.2756373558169994,-1.0,12.2,180
2026-03-30 08:00:00,59.46013333333333,3.3,12.5,276,28.0,96,0.0,0.0,28,8,0,3,89,0,0,0,-0.9945218953682734,0.10452846326765299,-1.1000000000000005,11.7,180
2026-03-30 09:00:00,54.33537576083332,4.7,17.9,298,147.0,88,0.0,0.0,30,9,0,3,89,0,0,0,-0.8829475928589271,0.4694715627858904,1.5,10.3,180
2026-03-30 10:00:00,52.64779045249999,5.7,16.6,304,272.0,80,0.0,0.0,23,10,0,3,89,0,0,0,-0.8290375725550416,0.559192903470747,2.9000000000000004,9.3,180
2026-03-30 11:00:00,53.569940911666656,6.5,19.2,297,403.0,71,0.0,0.0,30,11,0,3,89,0,0,0,-0.8910065241883679,0.45399049973954664,3.2,8.5,180
2026-03-30 12:00:00,53.65066637166665,7.1,21.2,296,459.0,68,0.0,0.0,64,12,0,3,89,0,0,0,-0.898794046299167,0.4383711467890774,2.3999999999999995,7.9,180
2026-03-30 13:00:00,54.85243964166666,6.1,23.4,304,422.0,76,0.0,0.0,68,13,0,3,89,0,0,0,-0.8290375725550416,0.559192903470747,0.39999999999999947,8.9,180
2026-03-30 14:00:00,56.65018828416666,5.3,17.4,289,381.0,84,0.0,0.0,84,14,0,3,89,0,0,0,-0.945518575599317,0.3255681544571563,-1.2000000000000002,9.7,180
2026-03-30 15:00:00,54.29813975166665,6.3,22.9,296,277.0,75,0.0,0.0,72,15,0,3,89,0,0,0,-0.898794046299167,0.4383711467890774,-0.7999999999999998,8.7,180
2026-03-30 16:00:00,55.19914930083333,7.2,25.1,301,429.0,65,0.0,0.0,64,16,0,3,89,0,0,0,-0.8571673007021123,0.5150380749100542,1.1000000000000005,7.8,180
2026-03-30 17:00:00,58.04808347999999,6.8,21.2,292,263.0,70,0.0,0.0,96,17,0,3,89,0,0,0,-0.9271838545667874,0.37460659341591196,1.5,8.2,180
2026-03-30 18:00:00,60.94770100999999,6.3,20.9,295,173.0,73,0.0,0.0,99,18,0,3,89,0,0,0,-0.9063077870366498,0.4226182617406996,0.0,8.7,180
2026-03-30 19:00:00,59.49923836333331,5.6,18.4,293,104.0,78,0.0,0.0,67,19,0,3,89,0,0,0,-0.9205048534524405,0.3907311284892735,-1.6000000000000005,9.4,180
2026-03-30 20:00:00,57.12125889416666,4.9,14.6,289,23.0,85,0.0,0.0,55,20,0,3,89,0,0,0,-0.945518575599317,0.3255681544571563,-1.8999999999999995,10.1,180
2026-03-30 21:00:00,52.421830081666656,4.2,15.0,289,0.0,87,0.0,0.0,16,21,0,3,89,0,0,0,-0.945518575599317,0.3255681544571563,-2.0999999999999996,10.8,180
2026-03-30 22:00:00,48.844048481666654,3.8,14.3,289,0.0,91,0.0,0.0,2,22,0,3,89,0,0,0,-0.945518575599317,0.3255681544571563,-1.7999999999999998,11.2,180
2026-03-30 23:00:00,49.26892137166665,3.5,13.7,283,0.0,91,0.0,0.0,27,23,0,3,89,0,0,0,-0.9743700647852352,0.22495105434386492,-1.4000000000000004,11.5,180
2026-03-31 00:00:00,49.743335237499984,3.6,14.3,284,0.0,92,0.0,0.0,41,0,1,3,90,0,0,0,-0.9702957262759966,0.24192189559966745,-0.6000000000000001,11.4,181
2026-03-31 01:00:00,50.78151848249998,4.1,14.8,286,0.0,91,0.0,0.0,22,1,1,3,90,0,0,0,-0.9612616959383188,0.2756373558169994,0.2999999999999998,10.9,181
2026-03-31 02:00:00,51.09869317416666,4.1,15.4,287,0.0,95,0.0,0.0,25,2,1,3,90,0,0,0,-0.9563047559630354,0.2923717047227367,0.5999999999999996,10.9,181
2026-03-31 03:00:00,52.719813421666665,4.2,16.4,285,0.0,95,0.0,0.0,38,3,1,3,90,0,0,0,-0.9659258262890684,0.2588190451025203,0.6000000000000001,10.8,181
2026-03-31 04:00:00,57.07249322916665,4.1,16.6,280,0.0,94,0.0,0.0,19,4,1,3,90,0,0,0,-0.9848077530122081,0.17364817766692997,0.0,10.9,181
2026-03-31 05:00:00,61.92740327249998,4.1,17.1,278,0.0,94,0.0,0.0,100,5,1,3,90,0,0,0,-0.9902680687415704,0.13917310096006547,0.0,10.9,181
2026-03-31 06:00:00,64.02817446666666,4.4,16.9,279,0.0,93,0.0,0.0,77,6,1,3,90,0,0,0,-0.9876883405951378,0.15643446504023067,0.20000000000000018,10.6,181
2026-03-31 07:00:00,62.27582627249999,4.7,17.9,288,0.0,91,0.0,0.0,97,7,1,3,90,0,0,0,-0.9510565162951536,0.30901699437494723,0.6000000000000005,10.3,181
2026-03-31 08:00:00,59.45008115583333,5.1,19.1,290,28.0,91,0.0,0.0,46,8,1,3,90,0,0,0,-0.9396926207859083,0.342020143325669,1.0,9.9,181
2026-03-31 09:00:00,57.89937164833332,6.3,23.9,298,138.0,84,0.0,0.0,30,9,1,3,90,0,0,0,-0.8829475928589271,0.4694715627858904,1.8999999999999995,8.7,181
2026-03-31 10:00:00,57.34599933833332,7.2,23.8,303,250.0,78,0.0,0.0,58,10,1,3,90,0,0,0,-0.8386705679454243,0.5446390350150266,2.5,7.8,181
2026-03-31 11:00:00,55.49773410166666,7.8,25.3,302,292.0,73,0.0,0.0,42,11,1,3,90,0,0,0,-0.8480480961564262,0.5299192642332047,2.7,7.2,181
2026-03-31 12:00:00,52.02384216583332,8.2,26.6,309,407.0,73,0.0,0.0,66,12,1,3,90,0,0,0,-0.7771459614569708,0.6293203910498375,1.8999999999999995,6.800000000000001,181
2026-03-31 13:00:00,50.223547459999985,8.6,28.7,312,411.0,67,0.0,0.0,56,13,1,3,90,0,0,0,-0.7431448254773946,0.6691306063588578,1.3999999999999995,6.4,181
2026-03-31 14:00:00,49.67165455333332,8.6,26.7,313,390.0,65,0.0,0.0,80,14,1,3,90,0,0,0,-0.7313537016191703,0.6819983600624987,0.7999999999999998,6.4,181
2026-03-31 15:00:00,49.19708917833332,8.9,24.7,317,294.0,65,0.0,0.0,66,15,1,3,90,0,0,0,-0.6819983600624984,0.7313537016191707,0.7000000000000011,6.1,181
2026-03-31 16:00:00,50.467999127499986,9.8,22.3,315,354.0,59,0.0,0.0,77,16,1,3,90,0,0,0,-0.7071067811865477,0.7071067811865474,1.200000000000001,5.199999999999999,181
2026-03-31 17:00:00,54.24754370583332,9.6,21.6,315,309.0,59,0.0,0.0,56,17,1,3,90,0,0,0,-0.7071067811865477,0.7071067811865474,1.0,5.4,181
2026-03-31 18:00:00,56.94801889583333,9.1,18.6,306,227.0,62,0.0,0.0,11,18,1,3,90,0,0,0,-0.8090169943749476,0.5877852522924729,0.1999999999999993,5.9,181
2026-03-31 19:00:00,58.27369980833332,7.7,17.5,292,150.0,74,0.0,0.0,0,19,1,3,90,0,0,0,-0.9271838545667874,0.37460659341591196,-2.1000000000000005,7.3,181
2026-03-31 20:00:00,56.52146499666666,6.3,16.7,296,30.0,81,0.0,0.0,0,20,1,3,90,0,0,0,-0.898794046299167,0.4383711467890774,-3.3,8.7,181
2026-03-31 21:00:00,53.65053598416666,5.2,15.1,303,0.0,87,0.0,0.0,0,21,1,3,90,0,0,0,-0.8386705679454243,0.5446390350150266,-3.8999999999999995,9.8,181
2026-03-31 22:00:00,51.199319034166656,4.5,13.3,310,0.0,91,0.0,0.0,0,22,1,3,90,0,0,0,-0.7660444431189781,0.6427876096865393,-3.2,10.5,181
2026-03-31 23:00:00,49.52237397249999,4.0,11.5,319,0.0,94,0.0,0.0,0,23,1,3,90,0,0,0,-0.6560590289905074,0.7547095802227719,-2.3,11.0,181
2026-04-01 00:00:00,50.19955990666666,3.3,9.4,324,0.0,95,0.0,0.0,7,0,2,4,91,0,0,1,-0.5877852522924734,0.8090169943749473,-1.9000000000000004,11.7,182
2026-04-01 01:00:00,51.405951411666656,2.8,8.9,324,0.0,96,0.0,0.0,5,1,2,4,91,0,0,1,-0.5877852522924734,0.8090169943749473,-1.7000000000000002,12.2,182
2026-04-01 02:00:00,52.05146028666666,2.4,8.6,327,0.0,98,0.0,0.0,0,2,2,4,91,0,0,1,-0.544639035015027,0.838670567945424,-1.6,12.6,182
2026-04-01 03:00:00,55.745882599166656,2.0,7.5,323,0.0,99,0.0,0.0,5,3,2,4,91,0,0,1,-0.6018150231520483,0.7986355100472928,-1.2999999999999998,13.0,182
2026-04-01 04:00:00,59.82530754083332,1.5,6.3,325,0.0,100,0.0,0.0,100,4,2,4,91,0,0,1,-0.5735764363510465,0.8191520442889916,-1.2999999999999998,13.5,182
2026-04-01 05:00:00,64.15233624999999,1.2,5.6,333,0.0,100,0.0,0.0,100,5,2,4,91,0,0,1,-0.45399049973954697,0.8910065241883678,-1.2,13.8,182
2026-04-01 06:00:00,66.27785162499998,1.5,3.2,326,0.0,100,0.0,0.0,100,6,2,4,91,0,0,1,-0.5591929034707466,0.8290375725550418,-0.5,13.5,182
2026-04-01 07:00:00,64.22254462416664,1.8,1.9,338,0.0,100,0.0,0.0,100,7,2,4,91,0,0,1,-0.37460659341591235,0.9271838545667873,0.30000000000000004,13.2,182
2026-04-01 08:00:00,57.17375615916665,1.9,2.5,278,22.0,99,0.0,0.0,100,8,2,4,91,0,0,1,-0.9902680687415704,0.13917310096006547,0.7,13.1,182
2026-04-01 09:00:00,52.542603468333326,2.7,3.1,249,88.0,99,0.0,0.0,100,9,2,4,91,0,0,1,-0.9335804264972015,-0.3583679495453007,1.2000000000000002,12.3,182
2026-04-01 10:00:00,48.02942564833331,4.1,4.7,223,200.0,94,0.0,0.0,89,10,2,4,91,0,0,1,-0.6819983600624984,-0.7313537016191706,2.3,10.9,182
2026-04-01 11:00:00,47.92561627499998,6.5,7.3,216,355.0,84,0.0,0.0,75,11,2,4,91,0,0,1,-0.587785252292473,-0.8090169943749475,4.6,8.5,182
2026-04-01 12:00:00,45.79817200416665,8.5,9.4,222,511.0,74,0.0,0.0,61,12,2,4,91,0,0,1,-0.6691306063588582,-0.7431448254773942,5.8,6.5,182
2026-04-01 13:00:00,43.94534694166666,9.5,9.5,224,566.0,67,0.0,0.0,41,13,2,4,91,0,0,1,-0.6946583704589974,-0.7193398003386511,5.4,5.5,182
2026-04-01 14:00:00,42.54171843249999,9.8,10.6,222,572.0,63,0.0,0.0,66,14,2,4,91,0,0,1,-0.6691306063588582,-0.7431448254773942,3.3000000000000007,5.199999999999999,182
2026-04-01 15:00:00,42.72038087249999,10.4,10.6,223,503.0,61,0.0,0.0,55,15,2,4,91,0,0,1,-0.6819983600624984,-0.7313537016191706,1.9000000000000004,4.6,182
2026-04-01 16:00:00,45.320212817499986,10.4,10.9,232,454.0,61,0.0,0.0,27,16,2,4,91,0,0,1,-0.7880107536067221,-0.6156614753256581,0.9000000000000004,4.6,182
2026-04-01 17:00:00,48.54774279416665,10.0,12.3,238,402.0,64,0.0,0.0,25,17,2,4,91,0,0,1,-0.848048096156426,-0.529919264233205,0.1999999999999993,5.0,182
2026-04-01 18:00:00,51.41965779583333,8.9,12.3,239,287.0,68,0.0,0.0,4,18,2,4,91,0,0,1,-0.8571673007021121,-0.5150380749100544,-1.5,6.1,182
2026-04-01 19:00:00,51.64616945166666,7.8,7.1,240,156.0,73,0.0,0.0,0,19,2,4,91,0,0,1,-0.8660254037844384,-0.5000000000000004,-2.6000000000000005,7.2,182
2026-04-01 20:00:00,50.56966892666665,5.9,6.9,247,34.0,79,0.0,0.0,0,20,2,4,91,0,0,1,-0.9205048534524403,-0.3907311284892738,-4.1,9.1,182
2026-04-01 21:00:00,48.24601130833332,4.6,5.5,247,0.0,87,0.0,0.0,0,21,2,4,91,0,0,1,-0.9205048534524403,-0.3907311284892738,-4.300000000000001,10.4,182
2026-04-01 22:00:00,47.418448239999975,3.4,5.4,222,0.0,88,0.0,0.0,0,22,2,4,91,0,0,1,-0.6691306063588582,-0.7431448254773942,-4.4,11.6,182
2026-04-01 23:00:00,47.01836131499998,3.0,6.0,205,0.0,87,0.0,0.0,0,23,2,4,91,0,0,1,-0.4226182617406993,-0.90630778703665,-2.9000000000000004,12.0,182
2026-04-02 00:00:00,48.09450582749999,2.8,6.0,196,0.0,87,0.0,0.0,0,0,3,4,92,0,0,1,-0.275637355816999,-0.9612616959383189,-1.7999999999999998,12.2,183
2026-04-02 01:00:00,48.65552212249999,2.7,6.9,186,0.0,87,0.0,0.0,0,1,3,4,92,0,0,1,-0.1045284632676535,-0.9945218953682733,-0.6999999999999997,12.3,183
2026-04-02 02:00:00,50.57356484499998,3.0,9.8,187,0.0,89,0.0,0.0,0,2,3,4,92,0,0,1,-0.12186934340514731,-0.9925461516413221,0.0,12.0,183
2026-04-02 03:00:00,53.24601298666666,3.0,10.7,189,0.0,89,0.0,0.0,0,3,3,4,92,0,0,1,-0.15643446504023073,-0.9876883405951378,0.20000000000000018,12.0,183
2026-04-02 04:00:00,58.248461374166666,2.9,10.8,185,0.0,91,0.0,0.0,24,4,3,4,92,0,0,1,-0.08715574274765794,-0.9961946980917455,0.19999999999999973,12.1,183
2026-04-02 05:00:00,60.49923546583331,2.8,11.5,189,0.0,91,0.0,0.0,68,5,3,4,92,0,0,1,-0.15643446504023073,-0.9876883405951378,-0.20000000000000018,12.2,183
2026-04-02 06:00:00,63.15343440249998,2.7,12.4,194,0.0,89,0.0,0.0,49,6,3,4,92,0,0,1,-0.2419218955996675,-0.9702957262759965,-0.2999999999999998,12.3,183
2026-04-02 07:00:00,60.804689019999984,2.7,12.7,196,0.0,89,0.0,0.0,86,7,3,4,92,0,0,1,-0.275637355816999,-0.9612616959383189,-0.19999999999999973,12.3,183
2026-04-02 08:00:00,59.721271703333315,4.0,12.9,201,30.0,83,0.0,0.0,100,8,3,4,92,0,0,1,-0.35836794954530043,-0.9335804264972016,1.2000000000000002,11.0,183
2026-04-02 09:00:00,56.37005970916666,4.9,15.5,192,60.0,84,0.0,0.0,100,9,3,4,92,0,0,1,-0.2079116908177595,-0.9781476007338056,2.2,10.1,183
2026-04-02 10:00:00,52.84250990916666,6.2,12.8,197,119.0,79,0.0,0.0,100,10,3,4,92,0,0,1,-0.29237170472273677,-0.9563047559630354,3.5,8.8,183
2026-04-02 11:00:00,53.62341127749998,7.8,13.7,207,206.0,76,0.0,0.0,98,11,3,4,92,0,0,1,-0.4539904997395467,-0.8910065241883679,3.8,7.2,183
2026-04-02 12:00:00,50.945966626666646,9.1,14.9,224,360.0,72,0.0,0.0,100,12,3,4,92,0,0,1,-0.6946583704589974,-0.7193398003386511,4.199999999999999,5.9,183
2026-04-02 13:00:00,51.94664875833333,9.6,17.8,240,328.0,76,0.0,0.0,100,13,3,4,92,0,0,1,-0.8660254037844384,-0.5000000000000004,3.3999999999999995,5.4,183
2026-04-02 14:00:00,53.12143929916666,9.0,16.3,235,235.0,78,0.0,0.0,100,14,3,4,92,0,0,1,-0.8191520442889916,-0.5735764363510464,1.2000000000000002,6.0,183
2026-04-02 15:00:00,56.14705029166666,8.9,18.8,234,222.0,80,0.0,0.0,100,15,3,4,92,0,0,1,-0.8090169943749473,-0.5877852522924732,-0.1999999999999993,6.1,183
2026-04-02 16:00:00,57.44518803833332,8.1,17.6,250,115.0,87,0.0,0.0,100,16,3,4,92,0,0,1,-0.9396926207859084,-0.34202014332566855,-1.5,6.9,183
2026-04-02 17:00:00,56.99742994333331,6.4,15.1,296,57.0,91,0.0,0.0,100,17,3,4,92,0,0,1,-0.898794046299167,0.4383711467890774,-2.5999999999999996,8.6,183
2026-04-02 18:00:00,60.852003417499986,6.2,15.9,296,73.0,88,0.0,0.0,86,18,3,4,92,0,0,1,-0.898794046299167,0.4383711467890774,-2.7,8.8,183
2026-04-02 19:00:00,61.771178983333314,6.1,15.9,296,71.0,73,0.0,0.0,45,19,3,4,92,0,0,1,-0.898794046299167,0.4383711467890774,-2.0,8.9,183
2026-04-02 20:00:00,58.545951759166655,4.2,15.3,297,36.0,75,0.0,0.0,0,20,3,4,92,0,0,1,-0.8910065241883679,0.45399049973954664,-2.2,10.8,183
2026-04-02 21:00:00,56.29559452749999,3.2,14.5,297,0.0,82,0.0,0.0,0,21,3,4,92,0,0,1,-0.8910065241883679,0.45399049973954664,-3.0,11.8,183
2026-04-02 22:00:00,52.79729993583333,2.8,12.9,297,0.0,82,0.0,0.0,100,22,3,4,92,0,0,1,-0.8910065241883679,0.45399049973954664,-3.3,12.2,183
2026-04-02 23:00:00,51.29703458499999,3.8,13.5,289,0.0,74,0.0,0.0,100,23,3,4,92,0,0,1,-0.945518575599317,0.3255681544571563,-0.40000000000000036,11.2,183
2026-04-03 00:00:00,51.02045087166666,4.2,14.4,285,0.0,72,0.0,0.0,100,0,4,4,93,0,1,1,-0.9659258262890684,0.2588190451025203,1.0,10.8,184
2026-04-03 01:00:00,51.303114759166654,4.0,14.4,288,0.0,73,0.0,0.0,100,1,4,4,93,0,1,1,-0.9510565162951536,0.30901699437494723,1.2000000000000002,11.0,184
2026-04-03 02:00:00,51.70115894666665,3.7,14.4,282,0.0,71,0.0,0.0,100,2,4,4,93,0,1,1,-0.9781476007338056,0.20791169081775945,-0.09999999999999964,11.3,184
2026-04-03 03:00:00,53.14594634416667,3.7,15.3,279,0.0,68,0.0,0.0,100,3,4,4,93,0,1,1,-0.9876883405951378,0.15643446504023067,-0.5,11.3,184
2026-04-03 04:00:00,57.39702505333332,3.7,14.5,278,0.0,68,0.0,0.0,100,4,4,4,93,0,1,1,-0.9902680687415704,0.13917310096006547,-0.2999999999999998,11.3,184
2026-04-03 05:00:00,60.35685634999999,3.5,13.5,283,0.0,68,0.0,0.0,100,5,4,4,93,0,1,1,-0.9743700647852352,0.22495105434386492,-0.20000000000000018,11.5,184
2026-04-03 06:00:00,62.13078427499999,3.5,12.0,277,0.0,69,0.0,0.0,100,6,4,4,93,0,1,1,-0.992546151641322,0.12186934340514768,-0.20000000000000018,11.5,184
2026-04-03 07:00:00,61.92238274416665,3.5,10.3,264,0.0,71,0.0,0.0,100,7,4,4,93,0,1,1,-0.9945218953682734,-0.10452846326765336,-0.20000000000000018,11.5,184
2026-04-03 08:00:00,61.77005521249999,3.5,10.2,244,20.0,75,0.0,0.0,100,8,4,4,93,0,1,1,-0.8987940462991668,-0.43837114678907774,0.0,11.5,184
2026-04-03 09:00:00,57.148270598333326,4.2,11.5,245,83.0,75,0.0,0.0,100,9,4,4,93,0,1,1,-0.90630778703665,-0.42261826174069916,0.7000000000000002,10.8,184
2026-04-03 10:00:00,54.64635824833333,5.2,17.8,257,181.0,67,0.0,0.0,100,10,4,4,93,0,1,1,-0.9743700647852351,-0.22495105434386525,1.7000000000000002,9.8,184
2026-04-03 11:00:00,52.29160383083333,6.2,18.2,256,240.0,62,0.0,0.0,98,11,4,4,93,0,1,1,-0.9702957262759965,-0.24192189559966779,2.7,8.8,184
2026-04-03 12:00:00,49.91747429999999,7.3,19.3,248,392.0,59,0.0,0.0,100,12,4,4,93,0,1,1,-0.9271838545667873,-0.3746065934159123,3.0999999999999996,7.7,184
2026-04-03 13:00:00,49.26787994999999,7.1,18.0,234,230.0,62,0.0,0.0,88,13,4,4,93,0,1,1,-0.8090169943749473,-0.5877852522924732,1.8999999999999995,7.9,184
2026-04-03 14:00:00,49.34279096666665,8.8,21.4,231,462.0,58,0.0,0.0,100,14,4,4,93,0,1,1,-0.7771459614569706,-0.6293203910498378,2.6000000000000005,6.199999999999999,184
2026-04-03 15:00:00,49.919323744166654,8.7,19.6,224,363.0,60,0.0,0.0,99,15,4,4,93,0,1,1,-0.6946583704589974,-0.7193398003386511,1.3999999999999995,6.300000000000001,184
2026-04-03 16:00:00,52.57166202666665,8.3,19.7,219,276.0,59,0.0,0.0,100,16,4,4,93,0,1,1,-0.6293203910498376,-0.7771459614569708,1.200000000000001,6.699999999999999,184
2026-04-03 17:00:00,55.52789912499999,8.5,20.3,210,265.0,57,0.0,0.0,100,17,4,4,93,0,1,1,-0.5000000000000001,-0.8660254037844386,-0.3000000000000007,6.5,184
2026-04-03 18:00:00,56.40244131999999,7.8,18.3,200,46.0,64,0.0,0.0,100,18,4,4,93,0,1,1,-0.34202014332566866,-0.9396926207859084,-0.8999999999999995,7.2,184
2026-04-03 19:00:00,55.62273082416666,7.8,21.2,192,27.0,65,0.0,0.0,100,19,4,4,93,0,1,1,-0.2079116908177595,-0.9781476007338056,-0.5000000000000009,7.2,184
2026-04-03 20:00:00,53.55700487749999,7.8,22.6,191,5.0,68,0.0,0.0,100,20,4,4,93,0,1,1,-0.19080899537654472,-0.981627183447664,-0.7000000000000002,7.2,184
2026-04-03 21:00:00,49.67217778166665,6.9,24.6,189,0.0,81,0.0,0.0,100,21,4,4,93,0,1,1,-0.15643446504023073,-0.9876883405951378,-0.8999999999999995,8.1,184
2026-04-03 22:00:00,46.12437362749998,7.1,25.5,193,0.0,83,0.0,0.0,100,22,4,4,93,0,1,1,-0.22495105434386498,-0.9743700647852352,-0.7000000000000002,7.9,184
2026-04-03 23:00:00,43.419909799166646,7.6,26.5,201,0.0,85,0.0,0.0,100,23,4,4,93,0,1,1,-0.35836794954530043,-0.9335804264972016,-0.20000000000000018,7.4,184
2026-04-04 00:00:00,43.344847732499986,7.7,27.9,210,0.0,95,0.0,0.0,100,0,5,4,94,1,0,1,-0.5000000000000001,-0.8660254037844386,0.7999999999999998,7.3,185
2026-04-04 01:00:00,45.276378697499986,8.3,29.1,230,0.0,97,0.0,0.0,100,1,5,4,94,1,0,1,-0.7660444431189779,-0.6427876096865395,1.200000000000001,6.699999999999999,185
2026-04-04 02:00:00,46.72370140749999,8.9,28.1,245,0.0,95,0.0,0.0,100,2,5,4,94,1,0,1,-0.90630778703665,-0.42261826174069916,1.3000000000000007,6.1,185
2026-04-04 03:00:00,50.34270937749999,8.4,27.6,260,0.0,92,0.0,0.0,88,3,5,4,94,1,0,1,-0.984807753012208,-0.17364817766693033,0.7000000000000002,6.6,185
2026-04-04 04:00:00,53.85104800249999,6.9,28.1,267,0.0,90,0.0,0.0,2,4,5,4,94,1,0,1,-0.9986295347545738,-0.052335956242944306,-1.4000000000000004,8.1,185
2026-04-04 05:00:00,58.551088187499985,5.9,28.8,270,0.0,88,0.0,0.0,5,5,5,4,94,1,0,1,-1.0,-1.8369701987210297e-16,-3.0,9.1,185
2026-04-04 06:00:00,59.677532440833325,5.7,28.7,274,0.0,83,0.0,0.0,2,6,5,4,94,1,0,1,-0.9975640502598243,0.06975647374412522,-2.7,9.3,185
2026-04-04 07:00:00,56.86904108749999,5.6,28.1,277,0.0,82,0.0,0.0,4,7,5,4,94,1,0,1,-0.992546151641322,0.12186934340514768,-1.3000000000000007,9.4,185
2026-04-04 08:00:00,54.06811884333333,6.0,25.3,276,55.0,79,0.0,0.0,9,8,5,4,94,1,0,1,-0.9945218953682734,0.10452846326765299,0.09999999999999964,9.0,185
2026-04-04 09:00:00,51.717658520833325,6.8,30.6,281,179.0,76,0.0,0.0,30,9,5,4,94,1,0,1,-0.9816271834476639,0.1908089953765451,1.0999999999999996,8.2,185
2026-04-04 10:00:00,49.79776803249999,7.6,30.8,282,298.0,70,0.0,0.0,34,10,5,4,94,1,0,1,-0.9781476007338056,0.20791169081775945,2.0,7.4,185
2026-04-04 11:00:00,48.996556877499984,8.3,30.6,283,416.0,65,0.0,0.0,63,11,5,4,94,1,0,1,-0.9743700647852352,0.22495105434386492,2.3000000000000007,6.699999999999999,185
2026-04-04 12:00:00,47.27045704666665,8.6,29.6,280,462.0,62,0.0,0.0,52,12,5,4,94,1,0,1,-0.9848077530122081,0.17364817766692997,1.7999999999999998,6.4,185
2026-04-04 13:00:00,45.44259599499999,9.2,30.5,278,555.0,57,0.0,0.0,52,13,5,4,94,1,0,1,-0.9902680687415704,0.13917310096006547,1.5999999999999996,5.800000000000001,185
2026-04-04 14:00:00,44.44153093416665,9.1,28.2,275,585.0,59,0.0,0.0,49,14,5,4,94,1,0,1,-0.9961946980917455,0.08715574274765789,0.7999999999999989,5.9,185
2026-04-04 15:00:00,44.54336421249999,9.1,28.3,271,424.0,56,0.0,0.0,46,15,5,4,94,1,0,1,-0.9998476951563913,0.01745240643728313,0.5,5.9,185
2026-04-04 16:00:00,45.66766301749998,9.1,26.8,268,422.0,55,0.0,0.0,55,16,5,4,94,1,0,1,-0.9993908270190958,-0.03489949670250076,-0.09999999999999964,5.9,185
2026-04-04 17:00:00,48.35502458666665,9.1,27.0,263,349.0,54,0.0,0.0,56,17,5,4,94,1,0,1,-0.9925461516413221,-0.12186934340514717,0.0,5.9,185
2026-04-04 18:00:00,50.54674521499999,8.6,21.3,257,253.0,59,0.0,0.0,37,18,5,4,94,1,0,1,-0.9743700647852351,-0.22495105434386525,-0.5,6.4,185
2026-04-04 19:00:00,50.44654322916666,7.7,15.2,241,151.0,70,0.0,0.0,100,19,5,4,94,1,0,1,-0.874619707139396,-0.48480962024633684,-1.3999999999999995,7.3,185
2026-04-04 20:00:00,49.522468750833326,7.3,11.6,226,24.0,73,0.0,0.0,98,20,5,4,94,1,0,1,-0.7193398003386512,-0.6946583704589973,-1.7999999999999998,7.7,185
2026-04-04 21:00:00,46.921549404166655,6.8,7.3,200,0.0,78,0.0,0.0,99,21,5,4,94,1,0,1,-0.34202014332566866,-0.9396926207859084,-1.7999999999999998,8.2,185
2026-04-04 22:00:00,45.017744986666656,6.4,10.8,162,0.0,79,0.0,0.0,100,22,5,4,94,1,0,1,0.3090169943749475,-0.9510565162951535,-1.2999999999999998,8.6,185
2026-04-04 23:00:00,43.21812623749998,7.4,15.4,162,0.0,69,0.0,0.0,43,23,5,4,94,1,0,1,0.3090169943749475,-0.9510565162951535,0.10000000000000053,7.6,185
2026-04-05 00:00:00,41.341970514999986,7.2,19.8,168,0.0,67,0.0,0.0,79,0,6,4,95,1,0,1,0.20791169081775931,-0.9781476007338057,0.40000000000000036,7.8,186
2026-04-05 01:00:00,40.90307663249998,7.9,22.0,178,0.0,71,0.0,0.0,97,1,6,4,95,1,0,1,0.03489949670250114,-0.9993908270190958,1.5,7.1,186
2026-04-05 02:00:00,41.72412444249998,9.4,25.4,184,0.0,76,0.0,0.0,100,2,6,4,95,1,0,1,-0.06975647374412527,-0.9975640502598242,2.0,5.6,186
2026-04-05 03:00:00,42.640918912499984,9.4,26.2,189,0.0,84,0.0,0.0,100,3,6,4,95,1,0,1,-0.15643446504023073,-0.9876883405951378,2.2,5.6,186
2026-04-05 04:00:00,44.218057077499985,10.1,28.1,191,0.0,83,0.0,0.0,100,4,6,4,95,1,0,1,-0.19080899537654472,-0.981627183447664,2.1999999999999993,4.9,186
2026-04-05 05:00:00,46.96934318749998,10.7,29.9,198,0.0,83,0.0,0.0,100,5,6,4,95,1,0,1,-0.3090169943749473,-0.9510565162951536,1.299999999999999,4.300000000000001,186
2026-04-05 06:00:00,50.71690890749999,11.4,32.5,206,0.0,78,0.0,0.0,100,6,6,4,95,1,0,1,-0.43837114678907746,-0.8987940462991669,2.0,3.5999999999999996,186
2026-04-05 07:00:00,52.37031636749999,11.6,33.8,217,0.0,77,0.0,0.0,100,7,6,4,95,1,0,1,-0.6018150231520484,-0.7986355100472928,1.5,3.4000000000000004,186
2026-04-05 08:00:00,50.818128295833326,10.9,36.6,233,7.0,79,0.0,0.0,99,8,6,4,95,1,0,1,-0.7986355100472928,-0.6018150231520483,0.20000000000000107,4.1,186
2026-04-05 09:00:00,48.14583539999999,10.9,40.0,241,107.0,74,0.0,0.0,98,9,6,4,95,1,0,1,-0.874619707139396,-0.48480962024633684,-0.5,4.1,186
2026-04-05 10:00:00,46.09379677916665,10.4,40.4,249,235.0,63,0.0,0.0,6,10,6,4,95,1,0,1,-0.9335804264972015,-0.3583679495453007,-1.1999999999999993,4.6,186
2026-04-05 11:00:00,45.49329756999998,10.2,40.4,255,478.0,55,0.0,0.0,26,11,6,4,95,1,0,1,-0.9659258262890683,-0.25881904510252063,-0.7000000000000011,4.800000000000001,186
2026-04-05 12:00:00,43.87814056249999,10.2,39.6,257,586.0,55,0.0,0.0,1,12,6,4,95,1,0,1,-0.9743700647852351,-0.22495105434386525,-0.7000000000000011,4.800000000000001,186
2026-04-05 13:00:00,42.01808025749999,10.2,37.6,260,651.0,55,0.0,0.0,2,13,6,4,95,1,0,1,-0.984807753012208,-0.17364817766693033,-0.20000000000000107,4.800000000000001,186
2026-04-05 14:00:00,42.86527547749999,10.3,35.4,258,675.0,57,0.0,0.0,9,14,6,4,95,1,0,1,-0.9781476007338056,-0.2079116908177598,0.10000000000000142,4.699999999999999,186
2026-04-05 15:00:00,45.268963994999986,10.1,36.3,258,632.0,55,0.0,0.0,9,15,6,4,95,1,0,1,-0.9781476007338056,-0.2079116908177598,-0.09999999999999964,4.9,186
2026-04-05 16:00:00,47.09443049249998,9.5,36.6,261,563.0,56,0.0,0.0,53,16,6,4,95,1,0,1,-0.9876883405951377,-0.15643446504023104,-0.6999999999999993,5.5,186
2026-04-05 17:00:00,51.24413952333333,8.8,38.9,264,418.0,57,0.0,0.0,99,17,6,4,95,1,0,1,-0.9945218953682734,-0.10452846326765336,-1.5,6.199999999999999,186
2026-04-05 18:00:00,50.921643802499986,8.1,35.9,265,220.0,60,0.0,0.0,59,18,6,4,95,1,0,1,-0.9961946980917455,-0.08715574274765825,-2.0,6.9,186
2026-04-05 19:00:00,51.149884046666656,7.6,31.6,264,141.0,63,0.0,0.0,81,19,6,4,95,1,0,1,-0.9945218953682734,-0.10452846326765336,-1.9000000000000004,7.4,186
2026-04-05 20:00:00,49.97375402166666,6.1,24.6,265,32.0,77,0.0,0.0,22,20,6,4,95,1,0,1,-0.9961946980917455,-0.08715574274765825,-2.700000000000001,8.9,186
2026-04-05 21:00:00,47.820135044166655,5.6,24.3,271,0.0,78,0.0,0.0,49,21,6,4,95,1,0,1,-0.9998476951563913,0.01745240643728313,-2.5,9.4,186
2026-04-05 22:00:00,46.41777396166665,5.6,23.8,274,0.0,75,0.0,0.0,57,22,6,4,95,1,0,1,-0.9975640502598243,0.06975647374412522,-2.0,9.4,186
2026-04-05 23:00:00,45.21869162999999,5.5,22.5,268,0.0,78,0.0,0.0,39,23,6,4,95,1,0,1,-0.9993908270190958,-0.03489949670250076,-0.5999999999999996,9.5,186
2026-04-06 00:00:00,45.89393791749999,4.9,23.2,267,0.0,76,0.0,0.0,5,0,0,4,96,0,1,1,-0.9986295347545738,-0.052335956242944306,-0.6999999999999993,10.1,187
2026-04-06 01:00:00,46.477592749999985,4.8,23.0,270,0.0,74,0.0,0.0,28,1,0,4,96,0,1,1,-1.0,-1.8369701987210297e-16,-0.7999999999999998,10.2,187
2026-04-06 02:00:00,46.79715124499999,4.9,21.4,277,0.0,80,0.0,0.0,19,2,0,4,96,0,1,1,-0.992546151641322,0.12186934340514768,-0.5999999999999996,10.1,187
2026-04-06 03:00:00,47.467306624999985,4.7,22.5,277,0.0,81,0.0,0.0,18,3,0,4,96,0,1,1,-0.992546151641322,0.12186934340514768,-0.20000000000000018,10.3,187
2026-04-06 04:00:00,52.119181307499986,4.3,21.4,276,0.0,86,0.0,0.0,28,4,0,4,96,0,1,1,-0.9945218953682734,0.10452846326765299,-0.5,10.7,187
2026-04-06 05:00:00,54.895385068333326,4.5,21.5,276,0.0,84,0.0,0.0,10,5,0,4,96,0,1,1,-0.9945218953682734,0.10452846326765299,-0.40000000000000036,10.5,187
2026-04-06 06:00:00,56.94516158083332,4.4,21.6,277,0.0,83,0.0,0.0,21,6,0,4,96,0,1,1,-0.992546151641322,0.12186934340514768,-0.2999999999999998,10.6,187
2026-04-06 07:00:00,56.544786964166654,4.6,21.6,277,1.0,81,0.0,0.0,15,7,0,4,96,0,1,1,-0.992546151641322,0.12186934340514768,0.2999999999999998,10.4,187
2026-04-06 08:00:00,53.868260361666664,5.4,22.7,277,61.0,76,0.0,0.0,40,8,0,4,96,0,1,1,-0.992546151641322,0.12186934340514768,0.9000000000000004,9.6,187
2026-04-06 09:00:00,50.87015532666665,6.6,29.4,280,167.0,72,0.0,0.0,31,9,0,4,96,0,1,1,-0.9848077530122081,0.17364817766692997,2.1999999999999993,8.4,187
2026-04-06 10:00:00,49.06882827166665,7.3,31.3,284,278.0,64,0.0,0.0,43,10,0,4,96,0,1,1,-0.9702957262759966,0.24192189559966745,2.7,7.7,187
2026-04-06 11:00:00,46.80805845916666,7.8,35.3,287,398.0,60,0.0,0.0,91,11,0,4,96,0,1,1,-0.9563047559630354,0.2923717047227367,2.3999999999999995,7.2,187
2026-04-06 12:00:00,46.73942688999998,7.9,35.3,286,361.0,59,0.0,0.0,94,12,0,4,96,0,1,1,-0.9612616959383188,0.2756373558169994,1.3000000000000007,7.1,187
2026-04-06 13:00:00,45.11573617999999,8.1,35.3,285,330.0,60,0.0,0.0,71,13,0,4,96,0,1,1,-0.9659258262890684,0.2588190451025203,0.7999999999999998,6.9,187
2026-04-06 14:00:00,44.29136203999999,8.9,33.9,289,423.0,55,0.0,0.0,53,14,0,4,96,0,1,1,-0.945518575599317,0.3255681544571563,1.1000000000000005,6.1,187
2026-04-06 15:00:00,44.069677619166654,9.1,31.1,291,542.0,54,0.0,0.0,61,15,0,4,96,0,1,1,-0.9335804264972017,0.3583679495453004,1.1999999999999993,5.9,187
2026-04-06 16:00:00,44.81898099999998,8.9,31.1,290,514.0,56,0.0,0.0,38,16,0,4,96,0,1,1,-0.9396926207859083,0.342020143325669,0.8000000000000007,6.1,187
2026-04-06 17:00:00,48.37054435166666,8.4,29.4,290,412.0,58,0.0,0.0,38,17,0,4,96,0,1,1,-0.9396926207859083,0.342020143325669,-0.5,6.6,187
2026-04-06 18:00:00,52.62441297333333,7.7,26.9,290,287.0,62,0.0,0.0,17,18,0,4,96,0,1,1,-0.9396926207859083,0.342020143325669,-1.3999999999999995,7.3,187
2026-04-06 19:00:00,52.77353381166667,6.8,20.2,286,166.0,70,0.0,0.0,0,19,0,4,96,0,1,1,-0.9612616959383188,0.2756373558169994,-2.1000000000000005,8.2,187
2026-04-06 20:00:00,51.69465695666666,5.7,16.9,285,48.0,75,0.0,0.0,0,20,0,4,96,0,1,1,-0.9659258262890684,0.2588190451025203,-2.7,9.3,187
2026-04-06 21:00:00,48.34396735166665,4.8,15.5,283,0.0,82,0.0,0.0,0,21,0,4,96,0,1,1,-0.9743700647852352,0.22495105434386492,-2.9000000000000004,10.2,187
2026-04-06 22:00:00,46.451923886666656,4.3,15.0,284,0.0,87,0.0,0.0,0,22,0,4,96,0,1,1,-0.9702957262759966,0.24192189559966745,-2.5,10.7,187
2026-04-06 23:00:00,45.12582115833331,4.0,14.8,283,0.0,90,0.0,0.0,9,23,0,4,96,0,1,1,-0.9743700647852352,0.22495105434386492,-1.7000000000000002,11.0,187
2026-04-07 00:00:00,45.92362942916665,3.8,14.5,282,0.0,91,0.0,0.0,2,0,1,4,97,0,0,1,-0.9781476007338056,0.20791169081775945,-1.0,11.2,188
2026-04-07 01:00:00,46.00081826083332,3.7,14.4,282,0.0,92,0.0,0.0,0,1,1,4,97,0,0,1,-0.9781476007338056,0.20791169081775945,-0.5999999999999996,11.3,188
2026-04-07 02:00:00,45.64697617583332,3.5,13.8,282,0.0,94,0.0,0.0,6,2,1,4,97,0,0,1,-0.9781476007338056,0.20791169081775945,-0.5,11.5,188
2026-04-07 03:00:00,48.07090577916665,3.5,13.6,287,0.0,94,0.0,0.0,15,3,1,4,97,0,0,1,-0.9563047559630354,0.2923717047227367,-0.2999999999999998,11.5,188
2026-04-07 04:00:00,55.293297649166654,3.4,13.5,289,0.0,95,0.0,0.0,53,4,1,4,97,0,0,1,-0.945518575599317,0.3255681544571563,-0.30000000000000027,11.6,188
2026-04-07 05:00:00,59.15559276583332,3.7,13.0,294,0.0,95,0.0,0.0,48,5,1,4,97,0,0,1,-0.9135454576426011,0.40673664307579976,0.20000000000000018,11.3,188
2026-04-07 06:00:00,58.27702575833332,3.8,13.2,299,0.0,95,0.0,0.0,2,6,1,4,97,0,0,1,-0.8746197071393956,0.4848096202463373,0.2999999999999998,11.2,188
2026-04-07 07:00:00,52.92541512833333,3.5,12.9,311,2.0,94,0.0,0.0,0,7,1,4,97,0,0,1,-0.7547095802227722,0.656059028990507,0.10000000000000009,11.5,188
2026-04-07 08:00:00,48.599148081666655,4.1,12.9,318,68.0,92,0.0,0.0,0,8,1,4,97,0,0,1,-0.6691306063588581,0.7431448254773944,0.39999999999999947,10.9,188
2026-04-07 09:00:00,45.06805585833332,5.6,11.6,314,207.0,85,0.0,0.0,0,9,1,4,97,0,0,1,-0.7193398003386512,0.6946583704589973,1.7999999999999998,9.4,188
2026-04-07 10:00:00,45.54408652916665,7.0,12.9,327,357.0,74,0.0,0.0,0,10,1,4,97,0,0,1,-0.544639035015027,0.838670567945424,3.5,8.0,188
2026-04-07 11:00:00,42.615898819999984,8.4,11.0,337,491.0,65,0.0,0.0,0,11,1,4,97,0,0,1,-0.3907311284892739,0.9205048534524403,4.300000000000001,6.6,188
2026-04-07 12:00:00,40.49084872333333,9.6,8.4,349,595.0,59,0.0,0.0,0,12,1,4,97,0,0,1,-0.19080899537654467,0.981627183447664,4.0,5.4,188
2026-04-07 13:00:00,38.26436520333332,10.6,7.0,359,659.0,55,0.0,0.0,0,13,1,4,97,0,0,1,-0.01745240643728356,0.9998476951563913,3.5999999999999996,4.4,188
2026-04-07 14:00:00,38.39101098333332,11.6,5.8,7,679.0,44,0.0,0.0,0,14,1,4,97,0,0,1,0.12186934340514748,0.992546151641322,3.1999999999999993,3.4000000000000004,188
2026-04-07 15:00:00,38.59431001666665,12.1,5.7,28,654.0,42,0.0,0.0,25,15,1,4,97,0,0,1,0.4694715627858908,0.882947592858927,2.5,2.9000000000000004,188
2026-04-07 16:00:00,39.16837702166664,12.1,7.4,49,583.0,42,0.0,0.0,0,16,1,4,97,0,0,1,0.754709580222772,0.6560590289905073,1.5,2.9000000000000004,188
2026-04-07 17:00:00,42.77526849583332,11.6,9.1,63,474.0,40,0.0,0.0,0,17,1,4,97,0,0,1,0.8910065241883679,0.45399049973954686,0.0,3.4000000000000004,188
2026-04-07 18:00:00,44.998924514999985,10.6,10.3,74,337.0,40,0.0,0.0,0,18,1,4,97,0,0,1,0.9612616959383189,0.27563735581699916,-1.5,4.4,188
2026-04-07 19:00:00,46.34417551249999,9.3,9.3,82,186.0,49,0.0,0.0,0,19,1,4,97,0,0,1,0.9902680687415704,0.13917310096006547,-2.799999999999999,5.699999999999999,188
2026-04-07 20:00:00,46.49445656999998,7.4,11.6,84,52.0,53,0.0,0.0,0,20,1,4,97,0,0,1,0.9945218953682733,0.10452846326765346,-4.199999999999999,7.6,188
2026-04-07 21:00:00,44.72079521499999,6.6,11.4,87,0.0,54,0.0,0.0,0,21,1,4,97,0,0,1,0.9986295347545738,0.052335956242943966,-4.0,8.4,188
2026-04-07 22:00:00,43.94703534499998,5.6,11.4,103,0.0,59,0.0,0.0,0,22,1,4,97,0,0,1,0.9743700647852352,-0.22495105434386503,-3.700000000000001,9.4,188
2026-04-07 23:00:00,45.34483034749998,4.7,10.1,110,0.0,65,0.0,0.0,0,23,1,4,97,0,0,1,0.9396926207859084,-0.3420201433256687,-2.7,10.3,188
2026-04-08 00:00:00,45.945816336666645,4.0,8.8,109,0.0,67,0.0,0.0,0,0,2,4,98,0,0,1,0.9455185755993168,-0.32556815445715664,-2.5999999999999996,11.0,189
2026-04-08 01:00:00,46.98006515666665,3.5,8.1,107,0.0,67,0.0,0.0,0,1,2,4,98,0,0,1,0.9563047559630355,-0.29237170472273666,-2.0999999999999996,11.5,189
2026-04-08 02:00:00,47.89994695249998,2.0,5.6,75,0.0,81,0.0,0.0,0,2,2,4,98,0,0,1,0.9659258262890683,0.25881904510252074,-2.7,13.0,189
2026-04-08 03:00:00,50.801423458333325,2.1,7.5,66,0.0,79,0.0,0.0,0,3,2,4,98,0,0,1,0.9135454576426009,0.4067366430758002,-1.9,12.9,189
2026-04-08 04:00:00,56.263058594166665,1.8,7.4,61,0.0,78,0.0,0.0,0,4,2,4,98,0,0,1,0.8746197071393957,0.4848096202463371,-1.7,13.2,189
2026-04-08 05:00:00,60.55637536499999,1.4,7.9,63,0.0,79,0.0,0.0,0,5,2,4,98,0,0,1,0.8910065241883679,0.45399049973954686,-0.6000000000000001,13.6,189
2026-04-08 06:00:00,58.62648850166665,1.0,7.6,65,0.0,82,0.0,0.0,0,6,2,4,98,0,0,1,0.9063077870366499,0.42261826174069944,-1.1,14.0,189
2026-04-08 07:00:00,51.67078164583331,0.9,7.4,64,3.0,85,0.0,0.0,0,7,2,4,98,0,0,1,0.8987940462991669,0.43837114678907746,-0.9,14.1,189
2026-04-08 08:00:00,45.74225473916665,2.7,9.2,62,77.0,81,0.0,0.0,0,8,2,4,98,0,0,1,0.8829475928589269,0.46947156278589086,1.3000000000000003,12.3,189
2026-04-08 09:00:00,43.04200574416666,5.2,7.2,68,220.0,76,0.0,0.0,18,9,2,4,98,0,0,1,0.9271838545667874,0.37460659341591196,4.2,9.8,189
2026-04-08 10:00:00,40.91879388166665,7.2,8.1,78,371.0,68,0.0,0.0,38,10,2,4,98,0,0,1,0.9781476007338056,0.20791169081775945,6.3,7.8,189
2026-04-08 11:00:00,40.72362027749999,8.8,9.0,85,504.0,61,0.0,0.0,41,11,2,4,98,0,0,1,0.9961946980917455,0.08715574274765814,6.1000000000000005,6.199999999999999,189
2026-04-08 12:00:00,39.665833016666646,10.1,11.0,91,606.0,55,0.0,0.0,26,12,2,4,98,0,0,1,0.9998476951563913,-0.017452406437283477,4.8999999999999995,4.9,189
2026-04-08 13:00:00,38.41716792499998,10.8,13.7,95,669.0,50,0.0,0.0,33,13,2,4,98,0,0,1,0.9961946980917455,-0.08715574274765824,3.6000000000000005,4.199999999999999,189
2026-04-08 14:00:00,37.71545466333331,11.6,15.9,100,689.0,44,0.0,0.0,29,14,2,4,98,0,0,1,0.984807753012208,-0.1736481776669303,2.799999999999999,3.4000000000000004,189
2026-04-08 15:00:00,39.03269497333332,11.6,17.6,105,657.0,42,0.0,0.0,59,15,2,4,98,0,0,1,0.9659258262890683,-0.25881904510252085,1.5,3.4000000000000004,189
2026-04-08 16:00:00,42.52033946833332,11.4,17.8,108,583.0,43,0.0,0.0,72,16,2,4,98,0,0,1,0.9510565162951536,-0.30901699437494734,0.5999999999999996,3.5999999999999996,189
2026-04-08 17:00:00,45.16960723999998,10.9,17.0,110,463.0,47,0.0,0.0,100,17,2,4,98,0,0,1,0.9396926207859084,-0.3420201433256687,-0.6999999999999993,4.1,189
2026-04-08 18:00:00,47.771972439166646,9.9,14.6,111,267.0,52,0.0,0.0,100,18,2,4,98,0,0,1,0.9335804264972017,-0.35836794954530027,-1.6999999999999993,5.1,189
2026-04-08 19:00:00,47.246930654999986,8.6,12.6,112,138.0,58,0.0,0.0,100,19,2,4,98,0,0,1,0.9271838545667874,-0.37460659341591207,-2.8000000000000007,6.4,189
2026-04-08 20:00:00,45.79480716749999,7.7,11.6,116,38.0,56,0.0,0.0,100,20,2,4,98,0,0,1,0.8987940462991669,-0.4383711467890775,-3.2,7.3,189
2026-04-08 21:00:00,43.64462172749998,7.1,13.5,115,0.0,55,0.0,0.0,100,21,2,4,98,0,0,1,0.90630778703665,-0.42261826174069933,-2.8000000000000007,7.9,189
2026-04-08 22:00:00,42.269253744999986,6.6,16.5,114,0.0,55,0.0,0.0,100,22,2,4,98,0,0,1,0.9135454576426009,-0.40673664307580026,-2.0,8.4,189
2026-04-08 23:00:00,41.04330168666665,6.2,17.3,113,0.0,60,0.0,0.0,100,23,2,4,98,0,0,1,0.9205048534524403,-0.39073112848927377,-1.5,8.8,189
2026-04-09 00:00:00,41.54440273666665,5.6,16.2,113,0.0,66,0.0,0.0,100,0,3,4,99,0,0,1,0.9205048534524403,-0.39073112848927377,-1.5,9.4,190
2026-04-09 01:00:00,41.903740159999984,4.9,15.6,114,0.0,73,0.0,0.0,100,1,3,4,99,0,0,1,0.9135454576426009,-0.40673664307580026,-1.6999999999999993,10.1,190
2026-04-09 02:00:00,43.17418239249998,5.2,14.8,120,0.0,79,0.0,0.0,100,2,3,4,99,0,0,1,0.8660254037844387,-0.49999999999999983,-1.0,9.8,190
2026-04-09 03:00:00,46.67455990666665,5.4,15.6,120,0.0,77,0.0,0.0,100,3,3,4,99,0,0,1,0.8660254037844387,-0.49999999999999983,-0.1999999999999993,9.6,190
2026-04-09 04:00:00,51.35473034499999,4.9,16.0,119,0.0,77,0.0,0.0,100,4,3,4,99,0,0,1,0.8746197071393959,-0.484809620246337,0.0,10.1,190
2026-04-09 05:00:00,54.77754768833332,4.4,15.3,124,0.0,79,0.0,0.0,100,5,3,4,99,0,0,1,0.8290375725550417,-0.5591929034707467,-0.7999999999999998,10.6,190
2026-04-09 06:00:00,55.054965881666654,4.0,17.1,125,0.0,79,0.0,0.0,100,6,3,4,99,0,0,1,0.8191520442889917,-0.5735764363510462,-1.4000000000000004,11.0,190
2026-04-09 07:00:00,50.89607429333332,3.7,18.1,125,3.0,73,0.0,0.0,100,7,3,4,99,0,0,1,0.8191520442889917,-0.5735764363510462,-1.2000000000000002,11.3,190
2026-04-09 08:00:00,46.26756580083332,5.1,17.3,125,65.0,64,0.0,0.0,95,8,3,4,99,0,0,1,0.8191520442889917,-0.5735764363510462,0.6999999999999993,9.9,190
2026-04-09 09:00:00,43.740750287499985,6.2,14.3,123,180.0,64,0.0,0.0,96,9,3,4,99,0,0,1,0.838670567945424,-0.5446390350150272,2.2,8.8,190
2026-04-09 10:00:00,41.85176443999998,7.5,15.7,123,333.0,59,0.0,0.0,23,10,3,4,99,0,0,1,0.838670567945424,-0.5446390350150272,3.8,7.5,190
2026-04-09 11:00:00,41.15164853999998,8.9,17.7,123,501.0,52,0.0,0.0,10,11,3,4,99,0,0,1,0.838670567945424,-0.5446390350150272,3.8000000000000007,6.1,190
2026-04-09 12:00:00,38.96755786833332,9.7,21.2,125,605.0,46,0.0,0.0,0,12,3,4,99,0,0,1,0.8191520442889917,-0.5735764363510462,3.499999999999999,5.300000000000001,190
2026-04-09 13:00:00,39.51602882749999,9.9,22.6,122,670.0,49,0.0,0.0,0,13,3,4,99,0,0,1,0.8480480961564261,-0.5299192642332048,2.4000000000000004,5.1,190
2026-04-09 14:00:00,39.165507277499984,10.0,24.8,113,688.0,43,0.0,0.0,0,14,3,4,99,0,0,1,0.9205048534524403,-0.39073112848927377,1.0999999999999996,5.0,190
2026-04-09 15:00:00,39.696632972499984,9.8,25.2,113,658.0,44,0.0,0.0,0,15,3,4,99,0,0,1,0.9205048534524403,-0.39073112848927377,0.10000000000000142,5.199999999999999,190
2026-04-09 16:00:00,42.61893418083332,9.1,24.2,109,587.0,51,0.0,0.0,0,16,3,4,99,0,0,1,0.9455185755993168,-0.32556815445715664,-0.8000000000000007,5.9,190
2026-04-09 17:00:00,46.71910017749998,8.2,23.9,108,478.0,59,0.0,0.0,3,17,3,4,99,0,0,1,0.9510565162951536,-0.30901699437494734,-1.8000000000000007,6.800000000000001,190
2026-04-09 18:00:00,49.89739799166666,7.3,24.5,110,338.0,61,0.0,0.0,68,18,3,4,99,0,0,1,0.9396926207859084,-0.3420201433256687,-2.500000000000001,7.7,190
2026-04-09 19:00:00,50.903295243333325,6.4,22.1,109,185.0,64,0.0,0.0,95,19,3,4,99,0,0,1,0.9455185755993168,-0.32556815445715664,-2.6999999999999993,8.6,190
2026-04-09 20:00:00,49.00859327749998,5.9,24.4,109,55.0,59,0.0,0.0,93,20,3,4,99,0,0,1,0.9455185755993168,-0.32556815445715664,-2.299999999999999,9.1,190
2026-04-09 21:00:00,45.67270176999999,5.3,26.4,109,1.0,58,0.0,0.0,100,21,3,4,99,0,0,1,0.9455185755993168,-0.32556815445715664,-2.0,9.7,190
2026-04-09 22:00:00,43.79494914499999,5.0,26.7,115,0.0,60,0.0,0.0,100,22,3,4,99,0,0,1,0.90630778703665,-0.42261826174069933,-1.4000000000000004,10.0,190
2026-04-09 23:00:00,43.344331977499984,4.6,26.8,119,0.0,61,0.0,0.0,100,23,3,4,99,0,0,1,0.8746197071393959,-0.484809620246337,-1.3000000000000007,10.4,190
2026-04-10 00:00:00,44.39599476249999,3.8,25.6,121,0.0,64,0.0,0.0,100,0,4,4,100,0,0,1,0.8571673007021123,-0.5150380749100543,-1.5,11.2,191
2026-04-10 01:00:00,45.50514049166665,3.5,26.4,122,0.0,62,0.0,0.0,100,1,4,4,100,0,0,1,0.8480480961564261,-0.5299192642332048,-1.5,11.5,191
2026-04-10 02:00:00,49.38123303416665,3.7,25.7,128,0.0,63,0.0,0.0,100,2,4,4,100,0,0,1,0.788010753606722,-0.6156614753256583,-0.8999999999999995,11.3,191
2026-04-10 03:00:00,53.64632965333332,3.8,26.1,132,0.0,66,0.28,0.0,100,3,4,4,100,0,0,1,0.7431448254773942,-0.6691306063588582,0.0,11.2,191
2026-04-10 04:00:00,58.34749612666666,3.7,27.0,132,0.0,67,0.77,0.01,100,4,4,4,100,0,0,1,0.7431448254773942,-0.6691306063588582,0.20000000000000018,11.3,191
2026-04-10 05:00:00,64.82602733999998,2.9,24.4,143,0.0,77,0.28,0.01,100,5,4,4,100,0,0,1,0.6018150231520482,-0.7986355100472929,-0.8000000000000003,12.1,191
2026-04-10 06:00:00,65.85387314416666,2.7,23.1,156,0.0,84,0.0,0.01,100,6,4,4,100,0,0,1,0.40673664307580043,-0.9135454576426008,-1.0999999999999996,12.3,191
2026-04-10 07:00:00,63.09787943583332,1.9,21.9,161,1.0,96,0.07,0.01,100,7,4,4,100,0,0,1,0.3255681544571566,-0.9455185755993168,-1.8000000000000003,13.1,191
2026-04-10 08:00:00,52.66924802916665,2.6,19.7,172,7.0,94,0.0,0.01,100,8,4,4,100,0,0,1,0.13917310096006533,-0.9902680687415704,-0.2999999999999998,12.4,191
2026-04-10 09:00:00,47.16813287166665,3.8,14.3,186,44.0,96,0.0,0.01,99,9,4,4,100,0,0,1,-0.1045284632676535,-0.9945218953682733,1.0999999999999996,11.2,191
2026-04-10 10:00:00,46.293976044166655,6.9,13.4,256,239.0,90,0.0,0.0,54,10,4,4,100,0,0,1,-0.9702957262759965,-0.24192189559966779,5.0,8.1,191
2026-04-10 11:00:00,44.790884411666646,8.4,17.8,268,434.0,76,0.0,0.0,45,11,4,4,100,0,0,1,-0.9993908270190958,-0.03489949670250076,5.800000000000001,6.6,191
2026-04-10 12:00:00,43.02023851499998,9.1,17.5,274,537.0,68,0.0,0.0,27,12,4,4,100,0,0,1,-0.9975640502598243,0.06975647374412522,5.3,5.9,191
2026-04-10 13:00:00,44.24247757749998,9.6,17.7,275,624.0,65,0.0,0.0,25,13,4,4,100,0,0,1,-0.9961946980917455,0.08715574274765789,2.6999999999999993,5.4,191
2026-04-10 14:00:00,43.68983917416665,9.6,19.3,284,624.0,58,0.0,0.0,47,14,4,4,100,0,0,1,-0.9702957262759966,0.24192189559966745,1.1999999999999993,5.4,191
2026-04-10 15:00:00,45.76952153416665,9.5,19.1,281,557.0,61,0.0,0.0,28,15,4,4,100,0,0,1,-0.9816271834476639,0.1908089953765451,0.40000000000000036,5.5,191
2026-04-10 16:00:00,48.01968135583332,9.1,18.8,276,510.0,63,0.0,0.0,38,16,4,4,100,0,0,1,-0.9945218953682734,0.10452846326765299,-0.5,5.9,191
2026-04-10 17:00:00,48.51938085499999,8.6,18.7,269,416.0,67,0.0,0.0,30,17,4,4,100,0,0,1,-0.9998476951563913,-0.017452406437283498,-1.0,6.4,191
2026-04-10 18:00:00,50.01948020916665,8.0,16.7,268,296.0,69,0.0,0.0,29,18,4,4,100,0,0,1,-0.9993908270190958,-0.03489949670250076,-1.5,7.0,191
2026-04-10 19:00:00,50.51819699666665,7.4,13.9,268,169.0,72,0.0,0.0,23,19,4,4,100,0,0,1,-0.9993908270190958,-0.03489949670250076,-1.6999999999999993,7.6,191
2026-04-10 20:00:00,49.16882201749999,5.9,6.6,254,57.0,83,0.0,0.0,9,20,4,4,100,0,0,1,-0.961261695938319,-0.2756373558169989,-2.6999999999999993,9.1,191
2026-04-10 21:00:00,48.11879098416666,4.8,7.0,247,1.0,89,0.0,0.0,12,21,4,4,100,0,0,1,-0.9205048534524403,-0.3907311284892738,-3.2,10.2,191
2026-04-10 22:00:00,46.47064416499999,3.5,5.0,249,0.0,92,0.0,0.0,0,22,4,4,100,0,0,1,-0.9335804264972015,-0.3583679495453007,-3.9000000000000004,11.5,191
2026-04-10 23:00:00,47.84503774833332,2.8,1.3,214,0.0,92,0.0,0.0,0,23,4,4,100,0,0,1,-0.5591929034707467,-0.8290375725550418,-3.1000000000000005,12.2,191
2026-04-11 00:00:00,47.67083539999999,2.0,4.6,193,0.0,95,0.0,0.0,0,0,5,4,101,1,0,0,-0.22495105434386498,-0.9743700647852352,-2.8,13.0,192
2026-04-11 01:00:00,48.13115133916666,1.0,4.7,187,0.0,96,0.0,0.0,0,1,5,4,101,1,0,0,-0.12186934340514731,-0.9925461516413221,-2.5,14.0,192
2026-04-11 02:00:00,48.77359755666666,1.2,4.9,144,0.0,98,0.0,0.0,2,2,5,4,101,1,0,0,0.5877852522924732,-0.8090169943749473,-1.5999999999999999,13.8,192
2026-04-11 03:00:00,51.095888394166664,1.0,6.4,126,0.0,97,0.0,0.0,0,3,5,4,101,1,0,0,0.8090169943749475,-0.587785252292473,-1.0,14.0,192
2026-04-11 04:00:00,53.67189054916666,1.2,7.4,129,0.0,95,0.0,0.0,5,4,5,4,101,1,0,0,0.777145961456971,-0.6293203910498373,0.19999999999999996,13.8,192
2026-04-11 05:00:00,57.933727480833326,1.3,8.5,128,0.0,95,0.0,0.0,27,5,5,4,101,1,0,0,0.788010753606722,-0.6156614753256583,0.10000000000000009,13.7,192
2026-04-11 06:00:00,57.04687194499999,1.1,10.3,126,0.0,97,0.0,0.0,29,6,5,4,101,1,0,0,0.8090169943749475,-0.587785252292473,0.10000000000000009,13.9,192
2026-04-11 07:00:00,52.29441692333332,1.5,11.5,124,5.0,96,0.0,0.0,28,7,5,4,101,1,0,0,0.8290375725550417,-0.5591929034707467,0.30000000000000004,13.5,192
2026-04-11 08:00:00,48.11857085333333,3.2,12.9,123,88.0,92,0.0,0.0,34,8,5,4,101,1,0,0,0.838670567945424,-0.5446390350150272,1.9000000000000001,11.8,192
2026-04-11 09:00:00,45.539557356666656,5.7,11.9,121,233.0,86,0.0,0.0,9,9,5,4,101,1,0,0,0.8571673007021123,-0.5150380749100543,4.6,9.3,192
2026-04-11 10:00:00,42.91428742999999,7.8,15.0,119,383.0,76,0.0,0.0,35,10,5,4,101,1,0,0,0.8746197071393959,-0.484809620246337,6.3,7.2,192
2026-04-11 11:00:00,41.14232027333332,9.1,18.0,117,516.0,70,0.0,0.0,13,11,5,4,101,1,0,0,0.8910065241883679,-0.45399049973954675,5.8999999999999995,5.9,192
2026-04-11 12:00:00,40.51785051583332,10.1,18.8,115,618.0,66,0.0,0.0,47,12,5,4,101,1,0,0,0.90630778703665,-0.42261826174069933,4.3999999999999995,4.9,192
2026-04-11 13:00:00,39.239685606666654,11.1,21.5,123,680.0,64,0.0,0.0,57,13,5,4,101,1,0,0,0.838670567945424,-0.5446390350150272,3.3,3.9000000000000004,192
2026-04-11 14:00:00,38.88936398416665,11.6,22.8,120,637.0,63,0.0,0.0,100,14,5,4,101,1,0,0,0.8660254037844387,-0.49999999999999983,2.5,3.4000000000000004,192
2026-04-11 15:00:00,39.96911420583332,11.8,23.3,116,575.0,62,0.0,0.0,100,15,5,4,101,1,0,0,0.8987940462991669,-0.4383711467890775,1.700000000000001,3.1999999999999993,192
2026-04-11 16:00:00,43.419855585833325,11.9,25.7,112,571.0,62,0.0,0.0,100,16,5,4,101,1,0,0,0.9271838545667874,-0.37460659341591207,0.8000000000000007,3.0999999999999996,192
2026-04-11 17:00:00,46.04467304333332,11.1,26.3,109,440.0,64,0.0,0.0,100,17,5,4,101,1,0,0,0.9455185755993168,-0.32556815445715664,-0.5,3.9000000000000004,192
2026-04-11 18:00:00,48.24520412499998,10.1,24.6,108,296.0,66,0.0,0.0,100,18,5,4,101,1,0,0,0.9510565162951536,-0.30901699437494734,-1.700000000000001,4.9,192
2026-04-11 19:00:00,48.069894092499986,8.9,23.5,109,159.0,72,0.0,0.0,100,19,5,4,101,1,0,0,0.9455185755993168,-0.32556815445715664,-3.0,6.1,192
2026-04-11 20:00:00,45.11919457583332,9.0,24.0,116,51.0,63,0.0,0.0,95,20,5,4,101,1,0,0,0.8987940462991669,-0.4383711467890775,-2.0999999999999996,6.0,192
2026-04-11 21:00:00,43.04359021749998,9.0,24.4,121,1.0,59,0.0,0.0,77,21,5,4,101,1,0,0,0.8571673007021123,-0.5150380749100543,-1.0999999999999996,6.0,192
2026-04-11 22:00:00,41.56681984499999,9.1,25.6,125,0.0,53,0.0,0.0,100,22,5,4,101,1,0,0,0.8191520442889917,-0.5735764363510462,0.1999999999999993,5.9,192
2026-04-11 23:00:00,39.71769984583331,9.5,25.3,127,0.0,50,0.0,0.0,100,23,5,4,101,1,0,0,0.7986355100472927,-0.6018150231520484,0.5,5.5,192
2026-04-12 00:00:00,40.69142616499999,9.2,24.3,128,0.0,52,0.0,0.0,100,0,6,4,102,1,0,0,0.788010753606722,-0.6156614753256583,0.1999999999999993,5.800000000000001,193
2026-04-12 01:00:00,41.45218046583332,8.8,21.2,138,0.0,54,0.0,0.0,100,1,6,4,102,1,0,0,0.6691306063588585,-0.743144825477394,-0.29999999999999893,6.199999999999999,193
2026-04-12 02:00:00,41.87810617249998,7.4,18.2,159,0.0,69,0.0,0.0,100,2,6,4,102,1,0,0,0.3583679495453002,-0.9335804264972017,-2.0999999999999996,7.6,193
2026-04-12 03:00:00,42.092100902499986,6.1,16.3,154,0.0,90,0.0,0.0,100,3,6,4,102,1,0,0,0.4383711467890773,-0.898794046299167,-3.0999999999999996,8.9,193
2026-04-12 04:00:00,44.36848011249998,5.9,14.3,169,0.0,94,0.0,0.0,100,4,6,4,102,1,0,0,0.19080899537654497,-0.9816271834476639,-2.9000000000000004,9.1,193
2026-04-12 05:00:00,47.71779714166665,6.1,12.4,181,0.0,94,0.0,0.0,100,5,6,4,102,1,0,0,-0.017452406437283637,-0.9998476951563913,-1.3000000000000007,8.9,193
2026-04-12 06:00:00,50.522383504166655,6.1,9.2,203,0.0,97,0.0,0.0,100,6,6,4,102,1,0,0,-0.39073112848927355,-0.9205048534524404,0.0,8.9,193
2026-04-12 07:00:00,49.944462824166656,6.1,8.9,246,2.0,97,0.0,0.0,100,7,6,4,102,1,0,0,-0.913545457642601,-0.4067366430758001,0.1999999999999993,8.9,193
2026-04-12 08:00:00,46.46619856083331,6.0,8.5,242,56.0,97,0.0,0.0,100,8,6,4,102,1,0,0,-0.882947592858927,-0.46947156278589075,-0.09999999999999964,9.0,193
2026-04-12 09:00:00,44.04467350249998,7.1,7.0,252,211.0,90,0.0,0.0,100,9,6,4,102,1,0,0,-0.9510565162951535,-0.30901699437494756,1.0,7.9,193
2026-04-12 10:00:00,43.04108715749998,8.9,5.8,244,365.0,83,0.0,0.0,93,10,6,4,102,1,0,0,-0.8987940462991668,-0.43837114678907774,2.8000000000000007,6.1,193
2026-04-12 11:00:00,43.48854810833332,10.6,6.0,229,507.0,72,0.0,0.0,63,11,6,4,102,1,0,0,-0.754709580222772,-0.6560590289905073,4.6,4.4,193
2026-04-12 12:00:00,42.01254847083332,11.9,8.1,217,622.0,65,0.0,0.0,41,12,6,4,102,1,0,0,-0.6018150231520484,-0.7986355100472928,4.800000000000001,3.0999999999999996,193
2026-04-12 13:00:00,40.81488927083332,12.4,9.4,216,643.0,59,0.0,0.0,16,13,6,4,102,1,0,0,-0.587785252292473,-0.8090169943749475,3.5,2.5999999999999996,193
2026-04-12 14:00:00,40.03871204666666,12.8,8.9,216,685.0,51,0.0,0.0,25,14,6,4,102,1,0,0,-0.587785252292473,-0.8090169943749475,2.200000000000001,2.1999999999999993,193
2026-04-12 15:00:00,39.74494952499999,13.0,9.2,225,678.0,50,0.0,0.0,70,15,6,4,102,1,0,0,-0.7071067811865475,-0.7071067811865477,1.0999999999999996,2.0,193
2026-04-12 16:00:00,41.115874800833325,13.0,8.8,237,591.0,49,0.0,0.0,98,16,6,4,102,1,0,0,-0.8386705679454242,-0.544639035015027,0.5999999999999996,2.0,193
2026-04-12 17:00:00,42.244587337499986,12.9,7.9,235,476.0,49,0.0,0.0,100,17,6,4,102,1,0,0,-0.8191520442889916,-0.5735764363510464,0.09999999999999964,2.0999999999999996,193
2026-04-12 18:00:00,44.90676159833332,12.6,6.1,242,338.0,51,0.0,0.0,99,18,6,4,102,1,0,0,-0.882947592858927,-0.46947156278589075,-0.40000000000000036,2.4000000000000004,193
2026-04-12 19:00:00,45.77123853249998,11.7,1.1,261,196.0,68,0.0,0.0,100,19,6,4,102,1,0,0,-0.9876883405951377,-0.15643446504023104,-1.3000000000000007,3.3000000000000007,193
2026-04-12 20:00:00,44.774283804999975,9.5,6.3,83,63.0,72,0.0,0.0,100,20,6,4,102,1,0,0,0.992546151641322,0.12186934340514749,-3.4000000000000004,5.5,193
2026-04-12 21:00:00,42.392781814999985,7.7,10.8,118,2.0,80,0.0,0.0,100,21,6,4,102,1,0,0,0.8829475928589269,-0.4694715627858909,-4.8999999999999995,7.3,193
2026-04-12 22:00:00,40.742697787499985,6.9,11.5,124,0.0,80,0.0,0.0,100,22,6,4,102,1,0,0,0.8290375725550417,-0.5591929034707467,-4.799999999999999,8.1,193
2026-04-12 23:00:00,41.24101182249999,6.6,11.6,120,0.0,81,0.0,0.0,100,23,6,4,102,1,0,0,0.8660254037844387,-0.49999999999999983,-2.9000000000000004,8.4,193
2026-04-13 00:00:00,41.341491968333315,5.9,10.7,113,0.0,84,0.0,0.0,100,0,0,4,103,0,0,0,0.9205048534524403,-0.39073112848927377,-1.7999999999999998,9.1,194
2026-04-13 01:00:00,40.07682529249999,5.2,10.0,111,0.0,88,0.0,0.0,100,1,0,4,103,0,0,0,0.9335804264972017,-0.35836794954530027,-1.7000000000000002,9.8,194
2026-04-13 02:00:00,40.89635732999998,4.8,9.2,102,0.0,90,0.0,0.0,100,2,0,4,103,0,0,0,0.9781476007338057,-0.20791169081775934,-1.7999999999999998,10.2,194
2026-04-13 03:00:00,44.34382781249998,4.4,9.0,103,0.0,91,0.0,0.0,100,3,0,4,103,0,0,0,0.9743700647852352,-0.22495105434386503,-1.5,10.6,194
2026-04-13 04:00:00,49.993821637499984,4.1,9.4,93,0.0,92,0.0,0.0,100,4,0,4,103,0,0,0,0.9986295347545738,-0.05233595624294384,-1.1000000000000005,10.9,194
2026-04-13 05:00:00,54.54563715083333,3.9,10.3,88,0.0,94,0.0,0.0,100,5,0,4,103,0,0,0,0.9993908270190958,0.03489949670250108,-0.8999999999999999,11.1,194
2026-04-13 06:00:00,53.77672152083333,3.8,9.5,89,0.0,94,0.0,0.0,100,6,0,4,103,0,0,0,0.9998476951563913,0.0174524064372836,-0.6000000000000005,11.2,194
2026-04-13 07:00:00,47.40098471666665,4.0,10.3,83,6.0,93,0.0,0.0,100,7,0,4,103,0,0,0,0.992546151641322,0.12186934340514749,-0.09999999999999964,11.0,194
2026-04-13 08:00:00,47.02598837416665,5.2,10.9,82,67.0,90,0.0,0.0,100,8,0,4,103,0,0,0,0.9902680687415704,0.13917310096006547,1.3000000000000003,9.8,194
2026-04-13 09:00:00,46.874640197499986,6.8,9.8,76,169.0,86,0.0,0.0,100,9,0,4,103,0,0,0,0.9702957262759965,0.24192189559966767,3.0,8.2,194
2026-04-13 10:00:00,44.951110069166646,8.4,11.1,81,301.0,78,0.0,0.0,100,10,0,4,103,0,0,0,0.9876883405951378,0.15643446504023092,4.4,6.6,194
2026-04-13 11:00:00,45.92701492833331,9.8,13.7,88,428.0,69,0.0,0.0,100,11,0,4,103,0,0,0,0.9993908270190958,0.03489949670250108,4.6000000000000005,5.199999999999999,194
2026-04-13 12:00:00,45.95307419416665,10.1,15.0,93,404.0,64,0.0,0.0,100,12,0,4,103,0,0,0,0.9986295347545738,-0.05233595624294384,3.3,4.9,194
2026-04-13 13:00:00,46.28158222749998,10.5,15.7,91,345.0,63,0.0,0.0,100,13,0,4,103,0,0,0,0.9998476951563913,-0.017452406437283477,2.0999999999999996,4.5,194
2026-04-13 14:00:00,46.855907489999986,9.3,15.5,85,304.0,67,0.0,0.0,100,14,0,4,103,0,0,0,0.9961946980917455,0.08715574274765814,-0.5,5.699999999999999,194
2026-04-13 15:00:00,48.58169934666665,9.3,17.3,88,269.0,69,0.0,0.0,100,15,0,4,103,0,0,0,0.9993908270190958,0.03489949670250108,-0.7999999999999989,5.699999999999999,194
2026-04-13 16:00:00,50.952216914166655,8.4,17.6,89,218.0,71,0.0,0.0,100,16,0,4,103,0,0,0,0.9998476951563913,0.0174524064372836,-2.0999999999999996,6.6,194
2026-04-13 17:00:00,51.95337507499999,8.4,17.3,89,166.0,70,0.0,0.0,100,17,0,4,103,0,0,0,0.9998476951563913,0.0174524064372836,-0.9000000000000004,6.6,194
2026-04-13 18:00:00,51.979174405,8.4,15.7,87,80.0,70,0.0,0.0,100,18,0,4,103,0,0,0,0.9986295347545738,0.052335956242943966,-0.9000000000000004,6.6,194
2026-04-13 19:00:00,51.50370790749999,7.9,17.8,89,21.0,71,0.0,0.0,100,19,0,4,103,0,0,0,0.9998476951563913,0.0174524064372836,-0.5,7.1,194
2026-04-13 20:00:00,48.80415328333332,7.2,20.4,101,8.0,82,0.0,0.0,100,20,0,4,103,0,0,0,0.981627183447664,-0.1908089953765448,-1.2000000000000002,7.8,194
2026-04-13 21:00:00,45.90300998999998,6.7,20.8,105,0.0,87,0.0,0.0,100,21,0,4,103,0,0,0,0.9659258262890683,-0.25881904510252085,-1.7000000000000002,8.3,194
2026-04-13 22:00:00,43.82827945749998,6.2,19.0,100,0.0,94,0.0,0.0,100,22,0,4,103,0,0,0,0.984807753012208,-0.1736481776669303,-1.7000000000000002,8.8,194
2026-04-13 23:00:00,42.478977754999995,6.2,18.4,93,0.0,94,0.0,0.0,100,23,0,4,103,0,0,0,0.9986295347545738,-0.05233595624294384,-1.0,8.8,194
2026-04-14 00:00:00,42.678346099999985,6.1,17.9,96,0.0,94,0.0,0.0,100,0,1,4,104,0,0,0,0.9945218953682733,-0.10452846326765355,-0.6000000000000005,8.9,195
2026-04-14 01:00:00,42.552323282499984,6.0,16.5,104,0.0,95,0.0,0.0,100,1,1,4,104,0,0,0,0.9702957262759965,-0.24192189559966779,-0.20000000000000018,9.0,195
2026-04-14 02:00:00,43.12292487749998,6.3,17.9,112,0.0,91,0.0,0.0,100,2,1,4,104,0,0,0,0.9271838545667874,-0.37460659341591207,0.09999999999999964,8.7,195
2026-04-14 03:00:00,46.16839982166665,6.1,14.9,117,0.0,95,0.0,0.0,100,3,1,4,104,0,0,0,0.8910065241883679,-0.45399049973954675,0.0,8.9,195
2026-04-14 04:00:00,54.29423102416665,6.2,12.7,120,0.0,96,0.0,0.0,100,4,1,4,104,0,0,0,0.8660254037844387,-0.49999999999999983,0.20000000000000018,8.8,195
2026-04-14 05:00:00,59.51994380916666,6.2,11.1,121,0.0,96,0.0,0.0,100,5,1,4,104,0,0,0,0.8571673007021123,-0.5150380749100543,-0.09999999999999964,8.8,195
2026-04-14 06:00:00,59.47249696583333,6.1,10.0,120,0.0,97,0.0,0.0,100,6,1,4,104,0,0,0,0.8660254037844387,-0.49999999999999983,0.0,8.9,195
2026-04-14 07:00:00,58.06879685833332,6.1,7.7,127,1.0,97,0.0,0.0,100,7,1,4,104,0,0,0,0.7986355100472927,-0.6018150231520484,-0.10000000000000053,8.9,195
2026-04-14 08:00:00,55.669283638333326,6.3,6.3,153,9.0,95,0.0,0.0,100,8,1,4,104,0,0,0,0.45399049973954686,-0.8910065241883678,0.09999999999999964,8.7,195
2026-04-14 09:00:00,54.068876309999986,6.6,4.3,158,19.0,97,0.0,0.0,100,9,1,4,104,0,0,0,0.37460659341591224,-0.9271838545667873,0.5,8.4,195
2026-04-14 10:00:00,50.99604821583332,6.9,3.7,209,42.0,98,0.0,0.0,100,10,1,4,104,0,0,0,-0.48480962024633695,-0.8746197071393959,0.8000000000000007,8.1,195
2026-04-14 11:00:00,48.57176427833332,8.2,8.0,275,158.0,89,0.0,0.0,98,11,1,4,104,0,0,0,-0.9961946980917455,0.08715574274765789,1.8999999999999995,6.800000000000001,195
2026-04-14 12:00:00,46.79290892499998,9.1,13.1,272,213.0,80,0.0,0.0,56,12,1,4,104,0,0,0,-0.9993908270190958,0.03489949670250128,2.5,5.9,195
2026-04-14 13:00:00,46.03930519499999,11.0,18.8,285,561.0,65,0.0,0.0,66,13,1,4,104,0,0,0,-0.9659258262890684,0.2588190451025203,4.1,4.0,195
2026-04-14 14:00:00,44.17657545333332,11.6,19.7,291,602.0,61,0.0,0.0,66,14,1,4,104,0,0,0,-0.9335804264972017,0.3583679495453004,3.4000000000000004,3.4000000000000004,195
2026-04-14 15:00:00,43.09376238916665,11.4,20.8,291,460.0,62,0.0,0.0,83,15,1,4,104,0,0,0,-0.9335804264972017,0.3583679495453004,2.3000000000000007,3.5999999999999996,195
2026-04-14 16:00:00,43.19241878833332,11.4,20.3,290,394.0,62,0.0,0.0,41,16,1,4,104,0,0,0,-0.9396926207859083,0.342020143325669,0.40000000000000036,3.5999999999999996,195
2026-04-14 17:00:00,45.89475669083331,11.1,17.4,287,361.0,64,0.0,0.0,42,17,1,4,104,0,0,0,-0.9563047559630354,0.2923717047227367,-0.5,3.9000000000000004,195
2026-04-14 18:00:00,47.294605181666654,10.8,14.3,284,274.0,65,0.0,0.0,14,18,1,4,104,0,0,0,-0.9702957262759966,0.24192189559966745,-0.5999999999999996,4.199999999999999,195
2026-04-14 19:00:00,46.56968135583332,10.1,11.3,277,191.0,69,0.0,0.0,2,19,1,4,104,0,0,0,-0.992546151641322,0.12186934340514768,-1.3000000000000007,4.9,195
2026-04-14 20:00:00,45.56932869999998,8.5,6.9,287,71.0,76,0.0,0.0,0,20,1,4,104,0,0,0,-0.9563047559630354,0.2923717047227367,-2.5999999999999996,6.5,195
2026-04-14 21:00:00,43.44304464833332,6.5,5.9,281,3.0,86,0.0,0.0,0,21,1,4,104,0,0,0,-0.9816271834476639,0.1908089953765451,-4.300000000000001,8.5,195
2026-04-14 22:00:00,43.04285920833332,5.3,5.6,268,0.0,92,0.0,0.0,0,22,1,4,104,0,0,0,-0.9993908270190958,-0.03489949670250076,-4.8,9.7,195
2026-04-14 23:00:00,42.655875802499985,4.2,4.6,257,0.0,96,0.0,0.0,0,23,1,4,104,0,0,0,-0.9743700647852351,-0.22495105434386525,-4.3,10.8,195
2026-04-15 00:00:00,43.869494237499985,3.4,4.0,252,0.0,100,0.0,0.0,100,0,2,4,105,0,0,0,-0.9510565162951535,-0.30901699437494756,-3.1,11.6,196
2026-04-15 01:00:00,46.703606874999984,2.7,4.1,229,0.0,100,0.0,0.0,100,1,2,4,105,0,0,0,-0.754709580222772,-0.6560590289905073,-2.5999999999999996,12.3,196
2026-04-15 02:00:00,49.248423247499986,2.8,2.7,208,0.0,100,0.0,0.0,100,2,2,4,105,0,0,0,-0.46947156278589086,-0.8829475928589269,-1.4000000000000004,12.2,196
2026-04-15 03:00:00,53.071739419999986,2.4,2.7,188,0.0,100,0.0,0.0,100,3,2,4,105,0,0,0,-0.13917310096006552,-0.9902680687415703,-1.0,12.6,196
2026-04-15 04:00:00,58.64763810416666,1.9,3.6,177,0.0,99,0.0,0.0,100,4,2,4,105,0,0,0,0.05233595624294381,-0.9986295347545738,-0.8000000000000003,13.1,196
2026-04-15 05:00:00,61.40091853333333,1.8,5.2,178,0.0,99,0.0,0.0,100,5,2,4,105,0,0,0,0.03489949670250114,-0.9993908270190958,-0.9999999999999998,13.2,196
2026-04-15 06:00:00,56.31159226916665,2.0,5.6,151,0.0,99,0.0,0.0,100,6,2,4,105,0,0,0,0.48480962024633717,-0.8746197071393957,-0.3999999999999999,13.0,196
2026-04-15 07:00:00,48.29302734249998,2.8,5.3,156,6.0,99,0.0,0.0,100,7,2,4,105,0,0,0,0.40673664307580043,-0.9135454576426008,0.8999999999999999,12.2,196
2026-04-15 08:00:00,45.01537426666665,3.9,7.0,157,50.0,98,0.0,0.0,100,8,2,4,105,0,0,0,0.39073112848927377,-0.9205048534524404,2.0999999999999996,11.1,196
2026-04-15 09:00:00,45.12261278666665,6.2,5.4,146,158.0,96,0.0,0.0,100,9,2,4,105,0,0,0,0.5591929034707469,-0.8290375725550416,4.2,8.8,196
2026-04-15 10:00:00,43.193906044999984,9.0,4.5,157,290.0,85,0.0,0.0,100,10,2,4,105,0,0,0,0.39073112848927377,-0.9205048534524404,6.2,6.0,196
2026-04-15 11:00:00,41.740310247499984,9.9,5.0,154,246.0,77,0.0,0.0,100,11,2,4,105,0,0,0,0.4383711467890773,-0.898794046299167,6.0,5.1,196
2026-04-15 12:00:00,43.043595173333316,10.3,4.5,146,201.0,75,0.0,0.0,100,12,2,4,105,0,0,0,0.5591929034707469,-0.8290375725550416,4.1000000000000005,4.699999999999999,196
2026-04-15 13:00:00,41.17181261749998,10.9,4.8,138,218.0,74,0.0,0.0,100,13,2,4,105,0,0,0,0.6691306063588585,-0.743144825477394,1.9000000000000004,4.1,196
2026-04-15 14:00:00,40.29107228999998,11.4,6.3,103,465.0,78,0.0,0.0,100,14,2,4,105,0,0,0,0.9743700647852352,-0.22495105434386503,1.5,3.5999999999999996,196
2026-04-15 15:00:00,41.64487129249998,12.7,5.8,99,362.0,74,0.0,0.0,100,15,2,4,105,0,0,0,0.9876883405951378,-0.1564344650402308,2.3999999999999986,2.3000000000000007,196
2026-04-15 16:00:00,44.46962088833332,13.4,7.3,83,487.0,71,0.0,0.0,95,16,2,4,105,0,0,0,0.992546151641322,0.12186934340514749,2.5,1.5999999999999996,196
2026-04-15 17:00:00,47.04797871083332,13.1,8.4,79,457.0,71,0.0,0.0,100,17,2,4,105,0,0,0,0.981627183447664,0.19080899537654492,1.6999999999999993,1.9000000000000004,196
2026-04-15 18:00:00,47.769041847499984,12.1,11.5,82,318.0,71,0.0,0.0,100,18,2,4,105,0,0,0,0.9902680687415704,0.13917310096006547,-0.5999999999999996,2.9000000000000004,196
2026-04-15 19:00:00,46.879598464166655,10.1,12.1,92,86.0,76,0.0,0.0,100,19,2,4,105,0,0,0,0.9993908270190958,-0.034899496702500955,-3.3000000000000007,4.9,196
2026-04-15 20:00:00,44.66686704416665,9.6,11.4,87,28.0,76,0.0,0.0,100,20,2,4,105,0,0,0,0.9986295347545738,0.052335956242943966,-3.5,5.4,196
2026-04-15 21:00:00,40.61828018499999,9.0,12.7,97,1.0,79,0.0,0.0,100,21,2,4,105,0,0,0,0.9925461516413221,-0.12186934340514737,-3.0999999999999996,6.0,196
2026-04-15 22:00:00,38.81729251749998,8.8,13.6,105,0.0,78,0.0,0.0,100,22,2,4,105,0,0,0,0.9659258262890683,-0.25881904510252085,-1.299999999999999,6.199999999999999,196
2026-04-15 23:00:00,37.991155858333315,8.6,13.5,104,0.0,77,0.0,0.0,100,23,2,4,105,0,0,0,0.9702957262759965,-0.24192189559966779,-1.0,6.4,196
2026-04-16 00:00:00,38.04106313833332,8.5,13.7,104,0.0,78,0.0,0.0,100,0,3,4,106,0,0,0,0.9702957262759965,-0.24192189559966779,-0.5,6.5,197
2026-04-16 01:00:00,38.176656398333314,8.3,12.6,104,0.0,78,0.0,0.0,100,1,3,4,106,0,0,0,0.9702957262759965,-0.24192189559966779,-0.5,6.699999999999999,197
2026-04-16 02:00:00,38.87213507916665,8.3,12.0,98,0.0,78,0.0,0.0,100,2,3,4,106,0,0,0,0.9902680687415704,-0.13917310096006535,-0.29999999999999893,6.699999999999999,197
2026-04-16 03:00:00,41.992363735833315,8.1,13.7,93,0.0,79,0.0,0.0,100,3,3,4,106,0,0,0,0.9986295347545738,-0.05233595624294384,-0.40000000000000036,6.9,197
2026-04-16 04:00:00,46.14476706166665,7.8,13.1,97,0.0,82,0.0,0.0,100,4,3,4,106,0,0,0,0.9925461516413221,-0.12186934340514737,-0.5000000000000009,7.2,197
2026-04-16 05:00:00,51.044729014166656,7.7,10.9,99,0.0,84,0.0,0.0,100,5,3,4,106,0,0,0,0.9876883405951378,-0.1564344650402308,-0.6000000000000005,7.3,197
2026-04-16 06:00:00,52.119695083333326,7.6,9.4,97,0.0,86,0.0,0.0,100,6,3,4,106,0,0,0,0.9925461516413221,-0.12186934340514737,-0.5,7.4,197
2026-04-16 07:00:00,47.91845906999998,7.6,10.4,98,3.0,87,0.0,0.0,100,7,3,4,106,0,0,0,0.9902680687415704,-0.13917310096006535,-0.20000000000000018,7.4,197
2026-04-16 08:00:00,42.38967279749998,8.2,10.6,99,29.0,88,0.0,0.0,68,8,3,4,106,0,0,0,0.9876883405951378,-0.1564344650402308,0.4999999999999991,6.800000000000001,197
2026-04-16 09:00:00,40.61679788416666,10.1,7.4,119,171.0,83,0.0,0.0,41,9,3,4,106,0,0,0,0.8746197071393959,-0.484809620246337,2.5,4.9,197
2026-04-16 10:00:00,40.614807681666655,12.2,5.2,160,305.0,72,0.0,0.0,41,10,3,4,106,0,0,0,0.3420201433256689,-0.9396926207859083,4.6,2.8000000000000007,197
2026-04-16 11:00:00,38.53703187666666,13.9,7.0,212,428.0,66,0.0,0.0,38,11,3,4,106,0,0,0,-0.5299192642332048,-0.8480480961564261,5.700000000000001,1.0999999999999996,197
2026-04-16 12:00:00,37.59799825999999,15.5,14.9,242,566.0,62,0.0,0.0,100,12,3,4,106,0,0,0,-0.882947592858927,-0.46947156278589075,5.4,0.0,197
2026-04-16 13:00:00,37.14050681833333,15.8,16.4,244,603.0,62,0.0,0.0,100,13,3,4,106,0,0,0,-0.8987940462991668,-0.43837114678907774,3.6000000000000014,0.0,197
2026-04-16 14:00:00,36.16321199833333,15.6,17.1,256,667.0,60,0.0,0.0,95,14,3,4,106,0,0,0,-0.9702957262759965,-0.24192189559966779,1.6999999999999993,0.0,197
2026-04-16 15:00:00,33.84433441583332,15.7,17.5,269,626.0,61,0.0,0.0,98,15,3,4,106,0,0,0,-0.9998476951563913,-0.017452406437283498,0.1999999999999993,0.0,197
2026-04-16 16:00:00,34.866088835833324,15.2,16.6,276,550.0,59,0.0,0.0,88,16,3,4,106,0,0,0,-0.9945218953682734,0.10452846326765299,-0.6000000000000014,0.0,197
2026-04-16 17:00:00,37.29097705249998,14.6,13.9,276,464.0,60,0.0,0.0,2,17,3,4,106,0,0,0,-0.9945218953682734,0.10452846326765299,-1.0,0.40000000000000036,197
2026-04-16 18:00:00,40.26716960333332,14.1,12.2,271,364.0,63,0.0,0.0,23,18,3,4,106,0,0,0,-0.9998476951563913,0.01745240643728313,-1.5999999999999996,0.9000000000000004,197
2026-04-16 19:00:00,41.043169240833315,13.1,8.4,263,210.0,70,0.0,0.0,4,19,3,4,106,0,0,0,-0.9925461516413221,-0.12186934340514717,-2.0999999999999996,1.9000000000000004,197
2026-04-16 20:00:00,39.38882878583332,11.4,5.4,250,79.0,80,0.0,0.0,0,20,3,4,106,0,0,0,-0.9396926207859084,-0.34202014332566855,-3.1999999999999993,3.5999999999999996,197
2026-04-16 21:00:00,38.84156112833332,9.8,7.4,271,4.0,89,0.0,0.0,0,21,3,4,106,0,0,0,-0.9998476951563913,0.01745240643728313,-4.299999999999999,5.199999999999999,197
2026-04-16 22:00:00,38.36490703583331,8.8,7.1,285,0.0,93,0.0,0.0,0,22,3,4,106,0,0,0,-0.9659258262890684,0.2588190451025203,-4.299999999999999,6.199999999999999,197
2026-04-16 23:00:00,37.04200856249998,7.4,5.1,288,0.0,96,0.0,0.0,0,23,3,4,106,0,0,0,-0.9510565162951536,0.30901699437494723,-4.0,7.6,197
2026-04-17 00:00:00,36.91745767499998,6.5,3.2,270,0.0,99,0.0,0.0,0,0,4,4,107,0,0,0,-1.0,-1.8369701987210297e-16,-3.3000000000000007,8.5,198
2026-04-17 01:00:00,36.82648834333332,5.7,4.2,260,0.0,100,0.0,0.0,100,1,4,4,107,0,0,0,-0.984807753012208,-0.17364817766693033,-3.1000000000000005,9.3,198
2026-04-17 02:00:00,37.62005093749998,5.8,4.7,274,0.0,100,0.0,0.0,100,2,4,4,107,0,0,0,-0.9975640502598243,0.06975647374412522,-1.6000000000000005,9.2,198
2026-04-17 03:00:00,39.79152841666666,5.5,3.9,298,0.0,100,0.0,0.0,100,3,4,4,107,0,0,0,-0.8829475928589271,0.4694715627858904,-1.0,9.5,198
2026-04-17 04:00:00,44.41704958666665,5.2,2.8,305,0.0,100,0.0,0.0,100,4,4,4,107,0,0,0,-0.8191520442889918,0.573576436351046,-0.5,9.8,198
2026-04-17 05:00:00,48.29349711749998,4.8,2.5,352,0.0,99,0.0,0.0,100,5,4,4,107,0,0,0,-0.13917310096006588,0.9902680687415703,-1.0,10.2,198
2026-04-17 06:00:00,48.06810389666665,4.9,1.7,49,0.0,99,0.0,0.0,100,6,4,4,107,0,0,0,0.754709580222772,0.6560590289905073,-0.5999999999999996,10.1,198
2026-04-17 07:00:00,46.91724829499998,5.2,3.1,126,9.0,96,0.0,0.0,100,7,4,4,107,0,0,0,0.8090169943749475,-0.587785252292473,0.0,9.8,198
2026-04-17 08:00:00,44.465625694999986,5.6,3.4,122,54.0,95,0.0,0.0,100,8,4,4,107,0,0,0,0.8480480961564261,-0.5299192642332048,0.7999999999999998,9.4,198
2026-04-17 09:00:00,40.96754505916665,7.0,3.5,114,131.0,98,0.0,0.0,100,9,4,4,107,0,0,0,0.9135454576426009,-0.40673664307580026,2.0999999999999996,8.0,198
2026-04-17 10:00:00,38.61785920833332,8.6,4.6,103,235.0,94,0.0,0.0,100,10,4,4,107,0,0,0,0.9743700647852352,-0.22495105434386503,3.3999999999999995,6.4,198
2026-04-17 11:00:00,36.21427538083332,11.1,5.7,108,355.0,82,0.0,0.0,100,11,4,4,107,0,0,0,0.9510565162951536,-0.30901699437494734,5.5,3.9000000000000004,198
2026-04-17 12:00:00,34.762985993333324,12.4,5.8,110,485.0,79,0.0,0.0,100,12,4,4,107,0,0,0,0.9396926207859084,-0.3420201433256687,5.4,2.5999999999999996,198
2026-04-17 13:00:00,34.91361391166665,13.4,6.5,103,551.0,74,0.0,0.0,100,13,4,4,107,0,0,0,0.9743700647852352,-0.22495105434386503,4.800000000000001,1.5999999999999996,198
2026-04-17 14:00:00,34.814274541666656,14.2,9.4,103,567.0,71,0.0,0.0,100,14,4,4,107,0,0,0,0.9743700647852352,-0.22495105434386503,3.0999999999999996,0.8000000000000007,198
2026-04-17 15:00:00,36.37157380333332,14.4,9.6,106,520.0,69,0.0,0.0,100,15,4,4,107,0,0,0,0.9612616959383189,-0.27563735581699905,2.0,0.5999999999999996,198
2026-04-17 16:00:00,38.793674244999984,14.1,10.7,99,439.0,70,0.0,0.0,100,16,4,4,107,0,0,0,0.9876883405951378,-0.1564344650402308,0.6999999999999993,0.9000000000000004,198
2026-04-17 17:00:00,40.49209800499998,12.9,11.7,91,256.0,75,0.0,0.0,100,17,4,4,107,0,0,0,0.9998476951563913,-0.017452406437283477,-1.299999999999999,2.0999999999999996,198
2026-04-17 18:00:00,41.217463469999984,12.5,9.6,107,211.0,78,0.0,0.0,100,18,4,4,107,0,0,0,0.9563047559630355,-0.29237170472273666,-1.9000000000000004,2.5,198
2026-04-17 19:00:00,39.94113435666665,11.9,8.6,89,111.0,78,0.0,0.0,100,19,4,4,107,0,0,0,0.9998476951563913,0.0174524064372836,-2.1999999999999993,3.0999999999999996,198
2026-04-17 20:00:00,38.040544485833315,10.7,12.3,96,50.0,76,0.0,0.0,100,20,4,4,107,0,0,0,0.9945218953682733,-0.10452846326765355,-2.200000000000001,4.300000000000001,198
2026-04-17 21:00:00,35.564654953333324,9.9,12.8,104,4.0,78,0.0,0.0,100,21,4,4,107,0,0,0,0.9702957262759965,-0.24192189559966779,-2.5999999999999996,5.1,198
2026-04-17 22:00:00,33.640605333333326,9.2,12.1,110,0.0,80,0.0,0.0,98,22,4,4,107,0,0,0,0.9396926207859084,-0.3420201433256687,-2.700000000000001,5.800000000000001,198
2026-04-17 23:00:00,32.638785703333326,8.7,11.3,117,0.0,80,0.0,0.0,67,23,4,4,107,0,0,0,0.8910065241883679,-0.45399049973954675,-2.0,6.300000000000001,198
2026-04-18 00:00:00,32.59082264583333,8.6,12.2,118,0.0,78,0.0,0.0,97,0,5,4,108,1,0,0,0.8829475928589269,-0.4694715627858909,-1.3000000000000007,6.4,199
2026-04-18 01:00:00,33.15137244333332,9.4,13.1,122,0.0,76,0.0,0.0,88,1,5,4,108,1,0,0,0.8480480961564261,-0.5299192642332048,0.20000000000000107,5.6,199
2026-04-18 02:00:00,33.495305078333324,8.9,10.4,120,0.0,81,0.0,0.0,100,2,5,4,108,1,0,0,0.8660254037844387,-0.49999999999999983,0.20000000000000107,6.1,199
2026-04-18 03:00:00,35.36548653583332,10.1,11.6,122,0.0,76,0.0,0.0,100,3,5,4,108,1,0,0,0.8480480961564261,-0.5299192642332048,1.5,4.9,199
2026-04-18 04:00:00,38.46558009499998,10.1,11.3,134,0.0,77,0.0,0.0,100,4,5,4,108,1,0,0,0.7193398003386511,-0.6946583704589974,0.6999999999999993,4.9,199
2026-04-18 05:00:00,41.491725066666646,9.5,10.7,132,0.0,80,0.0,0.0,100,5,5,4,108,1,0,0,0.7431448254773942,-0.6691306063588582,0.5999999999999996,5.5,199
2026-04-18 06:00:00,43.04064765583332,9.9,10.8,123,0.0,79,0.0,0.0,100,6,5,4,108,1,0,0,0.838670567945424,-0.5446390350150272,-0.1999999999999993,5.1,199
2026-04-18 07:00:00,42.09282283916665,10.2,9.9,134,5.0,79,0.0,0.0,100,7,5,4,108,1,0,0,0.7193398003386511,-0.6946583704589974,0.09999999999999964,4.800000000000001,199
2026-04-18 08:00:00,38.74077094999998,10.8,10.8,126,30.0,77,0.0,0.0,100,8,5,4,108,1,0,0,0.8090169943749475,-0.587785252292473,1.3000000000000007,4.199999999999999,199
2026-04-18 09:00:00,36.787803070833306,12.1,10.2,124,140.0,77,0.0,0.0,100,9,5,4,108,1,0,0,0.8290375725550417,-0.5591929034707467,2.1999999999999993,2.9000000000000004,199
2026-04-18 10:00:00,35.91423481583332,13.4,10.7,143,299.0,69,0.0,0.0,100,10,5,4,108,1,0,0,0.6018150231520482,-0.7986355100472929,3.200000000000001,1.5999999999999996,199
2026-04-18 11:00:00,34.912588196666654,14.2,8.7,163,364.0,67,0.0,0.0,100,11,5,4,108,1,0,0,0.2923717047227366,-0.9563047559630355,3.3999999999999986,0.8000000000000007,199
2026-04-18 12:00:00,36.78768671166666,14.4,8.0,188,277.0,68,0.0,0.0,100,12,5,4,108,1,0,0,-0.13917310096006552,-0.9902680687415703,2.3000000000000007,0.5999999999999996,199
2026-04-18 13:00:00,39.04443293083333,14.4,7.1,210,244.0,71,0.0,0.0,100,13,5,4,108,1,0,0,-0.5000000000000001,-0.8660254037844386,1.0,0.5999999999999996,199
2026-04-18 14:00:00,39.99150355833332,15.1,6.6,213,161.0,67,0.0,0.0,100,14,5,4,108,1,0,0,-0.5446390350150271,-0.838670567945424,0.9000000000000004,0.0,199
2026-04-18 15:00:00,40.37098888833332,15.2,10.6,231,234.0,68,0.0,0.0,100,15,5,4,108,1,0,0,-0.7771459614569706,-0.6293203910498378,0.7999999999999989,0.0,199
2026-04-18 16:00:00,39.892637319999984,14.4,12.2,246,212.0,72,0.0,0.0,100,16,5,4,108,1,0,0,-0.913545457642601,-0.4067366430758001,0.0,0.5999999999999996,199
2026-04-18 17:00:00,41.99019724499999,13.8,12.7,263,185.0,76,0.0,0.0,100,17,5,4,108,1,0,0,-0.9925461516413221,-0.12186934340514717,-1.299999999999999,1.1999999999999993,199
2026-04-18 18:00:00,43.09073076499998,13.5,11.9,266,231.0,76,0.0,0.0,98,18,5,4,108,1,0,0,-0.9975640502598242,-0.06975647374412558,-1.6999999999999993,1.5,199
2026-04-18 19:00:00,42.32039368166666,12.6,11.4,259,115.0,83,0.0,0.0,55,19,5,4,108,1,0,0,-0.981627183447664,-0.1908089953765446,-1.8000000000000007,2.4000000000000004,199
2026-04-18 20:00:00,40.54044185416665,11.6,8.7,252,68.0,88,0.0,0.0,100,20,5,4,108,1,0,0,-0.9510565162951535,-0.30901699437494756,-2.200000000000001,3.4000000000000004,199
2026-04-18 21:00:00,35.69161366333332,11.0,10.5,264,2.0,93,0.0,0.0,100,21,5,4,108,1,0,0,-0.9945218953682734,-0.10452846326765336,-2.5,4.0,199
2026-04-18 22:00:00,34.09120801333332,10.2,9.9,271,0.0,95,0.0,0.0,100,22,5,4,108,1,0,0,-0.9998476951563913,0.01745240643728313,-2.4000000000000004,4.800000000000001,199
2026-04-18 23:00:00,34.91582844083332,9.4,9.7,281,0.0,96,0.0,0.0,100,23,5,4,108,1,0,0,-0.9816271834476639,0.1908089953765451,-2.1999999999999993,5.6,199
2026-04-19 00:00:00,34.465222863333324,8.4,9.3,286,0.0,99,0.0,0.0,100,0,6,4,109,1,0,0,-0.9612616959383188,0.2756373558169994,-2.5999999999999996,6.6,200
2026-04-19 01:00:00,34.50004249083332,7.5,9.0,290,0.0,99,0.0,0.0,100,1,6,4,109,1,0,0,-0.9396926207859083,0.342020143325669,-2.6999999999999993,7.5,200
2026-04-19 02:00:00,34.97087588583332,6.4,8.7,300,0.0,99,0.0,0.0,100,2,6,4,109,1,0,0,-0.8660254037844386,0.5000000000000001,-3.0,8.6,200
2026-04-19 03:00:00,37.11564589833332,6.3,6.2,287,0.0,100,0.0,0.0,100,3,6,4,109,1,0,0,-0.9563047559630354,0.2923717047227367,-2.1000000000000005,8.7,200
2026-04-19 04:00:00,39.39133054749998,6.8,9.7,301,0.0,100,0.0,0.0,100,4,6,4,109,1,0,0,-0.8571673007021123,0.5150380749100542,-0.7000000000000002,8.2,200
2026-04-19 05:00:00,41.69274414749999,6.8,8.7,304,0.0,100,0.0,0.0,100,5,6,4,109,1,0,0,-0.8290375725550416,0.559192903470747,0.39999999999999947,8.2,200
2026-04-19 06:00:00,44.481414357499986,6.8,9.1,311,0.0,99,0.0,0.0,100,6,6,4,109,1,0,0,-0.7547095802227722,0.656059028990507,0.5,8.2,200
2026-04-19 07:00:00,45.61736129749998,6.8,8.7,312,9.0,98,0.0,0.0,100,7,6,4,109,1,0,0,-0.7431448254773946,0.6691306063588578,0.0,8.2,200
2026-04-19 08:00:00,45.893564599166645,7.2,8.1,315,51.0,95,0.0,0.0,100,8,6,4,109,1,0,0,-0.7071067811865477,0.7071067811865474,0.40000000000000036,7.8,200
2026-04-19 09:00:00,43.04429141249999,8.3,10.4,314,151.0,88,0.0,0.0,100,9,6,4,109,1,0,0,-0.7193398003386512,0.6946583704589973,1.5000000000000009,6.699999999999999,200
2026-04-19 10:00:00,40.64655641833332,9.6,12.7,316,230.0,77,0.0,0.0,100,10,6,4,109,1,0,0,-0.6946583704589976,0.7193398003386509,2.8,5.4,200
2026-04-19 11:00:00,40.34433487499998,10.6,12.7,324,277.0,70,0.0,0.0,100,11,6,4,109,1,0,0,-0.5877852522924734,0.8090169943749473,3.3999999999999995,4.4,200
2026-04-19 12:00:00,41.721484819999986,11.4,12.2,331,303.0,65,0.0,0.0,100,12,6,4,109,1,0,0,-0.4848096202463369,0.8746197071393959,3.0999999999999996,3.5999999999999996,200
2026-04-19 13:00:00,41.275280729999984,11.6,12.1,335,290.0,64,0.0,0.0,100,13,6,4,109,1,0,0,-0.4226182617406992,0.90630778703665,2.0,3.4000000000000004,200
2026-04-19 14:00:00,42.63845874499999,10.4,13.6,325,409.0,72,0.0,0.0,100,14,6,4,109,1,0,0,-0.5735764363510465,0.8191520442889916,-0.1999999999999993,4.6,200
2026-04-19 15:00:00,43.34341346999998,10.1,12.5,324,211.0,74,0.0,0.0,100,15,6,4,109,1,0,0,-0.5877852522924734,0.8090169943749473,-1.3000000000000007,4.9,200
2026-04-19 16:00:00,45.51645475999999,9.8,11.8,327,169.0,76,0.0,0.0,100,16,6,4,109,1,0,0,-0.544639035015027,0.838670567945424,-1.799999999999999,5.199999999999999,200
2026-04-19 17:00:00,47.56854263833332,9.8,9.2,337,134.0,79,0.0,0.0,100,17,6,4,109,1,0,0,-0.3907311284892739,0.9205048534524403,-0.5999999999999996,5.199999999999999,200
2026-04-19 18:00:00,48.34347515666665,9.8,8.4,315,64.0,80,0.0,0.0,100,18,6,4,109,1,0,0,-0.7071067811865477,0.7071067811865474,-0.29999999999999893,5.199999999999999,200
2026-04-19 19:00:00,47.143210264999986,9.0,10.6,330,50.0,85,0.0,0.0,100,19,6,4,109,1,0,0,-0.5000000000000004,0.8660254037844384,-0.8000000000000007,6.0,200
2026-04-19 20:00:00,43.16853272666665,8.4,11.9,330,31.0,91,0.0,0.0,100,20,6,4,109,1,0,0,-0.5000000000000004,0.8660254037844384,-1.4000000000000004,6.6,200
2026-04-19 21:00:00,39.45353462249999,7.7,13.1,330,4.0,92,0.0,0.0,100,21,6,4,109,1,0,0,-0.5000000000000004,0.8660254037844384,-2.1000000000000005,7.3,200
2026-04-19 22:00:00,37.21513304083332,7.3,11.7,342,0.0,93,0.0,0.0,100,22,6,4,109,1,0,0,-0.3090169943749477,0.9510565162951535,-1.7000000000000002,7.7,200
2026-04-19 23:00:00,37.19087274249999,7.1,9.5,2,0.0,96,0.0,0.0,100,23,6,4,109,1,0,0,0.03489949670250097,0.9993908270190958,-1.3000000000000007,7.9,200
2026-04-20 00:00:00,38.36753674666665,6.9,11.2,28,0.0,98,0.0,0.0,100,0,0,4,110,0,0,0,0.4694715627858908,0.882947592858927,-0.7999999999999998,8.1,201
2026-04-20 01:00:00,39.90137579999999,6.8,13.3,50,0.0,98,0.0,0.0,100,1,0,4,110,0,0,0,0.766044443118978,0.6427876096865394,-0.5,8.2,201
2026-04-20 02:00:00,42.69631386749998,5.4,17.0,85,0.0,94,0.0,0.0,100,2,0,4,110,0,0,0,0.9961946980917455,0.08715574274765814,-1.6999999999999993,9.6,201
2026-04-20 03:00:00,45.39166048249999,4.7,15.6,67,0.0,96,0.0,0.0,100,3,0,4,110,0,0,0,0.9205048534524404,0.3907311284892737,-2.2,10.3,201
2026-04-20 04:00:00,53.044149054999984,4.0,14.4,53,0.0,96,0.0,0.0,100,4,0,4,110,0,0,0,0.7986355100472928,0.6018150231520483,-2.8,11.0,201
2026-04-20 05:00:00,56.89397314666666,3.9,10.6,35,0.0,95,0.0,0.0,100,5,0,4,110,0,0,0,0.573576436351046,0.8191520442889918,-1.5000000000000004,11.1,201
2026-04-20 06:00:00,57.24424345333333,4.4,10.7,5,0.0,96,0.0,0.0,100,6,0,4,110,0,0,0,0.08715574274765817,0.9961946980917455,-0.2999999999999998,10.6,201
2026-04-20 07:00:00,54.37106849833332,4.9,15.9,13,5.0,94,0.0,0.0,100,7,0,4,110,0,0,0,0.224951054343865,0.9743700647852352,0.9000000000000004,10.1,201
2026-04-20 08:00:00,50.07040207333332,5.0,17.1,25,29.0,91,0.0,0.0,100,8,0,4,110,0,0,0,0.42261826174069944,0.9063077870366499,1.1,10.0,201
2026-04-20 09:00:00,45.49358610083332,5.2,17.1,30,75.0,87,0.0,0.0,100,9,0,4,110,0,0,0,0.49999999999999994,0.8660254037844387,0.7999999999999998,9.8,201
2026-04-20 10:00:00,40.11526098999999,5.4,17.3,31,104.0,83,0.0,0.0,100,10,0,4,110,0,0,0,0.5150380749100542,0.8571673007021123,0.5,9.6,201
2026-04-20 11:00:00,39.113473232499985,6.7,17.9,26,207.0,76,0.0,0.0,100,11,0,4,110,0,0,0,0.43837114678907746,0.898794046299167,1.7000000000000002,8.3,201
2026-04-20 12:00:00,38.86672132999998,8.6,20.8,47,451.0,66,0.0,0.0,69,12,0,4,110,0,0,0,0.7313537016191705,0.6819983600624985,3.3999999999999995,6.4,201
2026-04-20 13:00:00,37.942024728333315,9.9,25.4,64,692.0,55,0.0,0.0,94,13,0,4,110,0,0,0,0.8987940462991669,0.43837114678907746,4.5,5.1,201
2026-04-20 14:00:00,37.78828527499998,9.7,25.9,71,720.0,57,0.0,0.0,66,14,0,4,110,0,0,0,0.9455185755993167,0.32556815445715676,2.999999999999999,5.300000000000001,201
2026-04-20 15:00:00,38.41541951333332,9.6,28.1,76,712.0,53,0.0,0.0,42,15,0,4,110,0,0,0,0.9702957262759965,0.24192189559966767,1.0,5.4,201
2026-04-20 16:00:00,40.090983686666654,9.4,26.6,74,637.0,54,0.0,0.0,0,16,0,4,110,0,0,0,0.9612616959383189,0.27563735581699916,-0.5,5.6,201
2026-04-20 17:00:00,42.19239644749998,9.2,27.0,74,538.0,52,0.0,0.0,0,17,0,4,110,0,0,0,0.9612616959383189,0.27563735581699916,-0.5,5.800000000000001,201
2026-04-20 18:00:00,44.77029936249999,8.4,24.6,76,397.0,53,0.0,0.0,4,18,0,4,110,0,0,0,0.9702957262759965,0.24192189559966767,-1.1999999999999993,6.6,201
2026-04-20 19:00:00,45.894019886666655,7.8,19.5,78,242.0,58,0.0,0.0,11,19,0,4,110,0,0,0,0.9781476007338056,0.20791169081775945,-1.6000000000000005,7.2,201
2026-04-20 20:00:00,43.819332816666645,6.8,16.9,76,97.0,59,0.0,0.0,0,20,0,4,110,0,0,0,0.9702957262759965,0.24192189559966767,-2.3999999999999995,8.2,201
2026-04-20 21:00:00,41.39184302499998,5.8,15.3,69,8.0,62,0.0,0.0,0,21,0,4,110,0,0,0,0.9335804264972017,0.3583679495453004,-2.6000000000000005,9.2,201
2026-04-20 22:00:00,40.167681621666645,5.2,14.1,68,0.0,64,0.0,0.0,4,22,0,4,110,0,0,0,0.9271838545667874,0.37460659341591196,-2.5999999999999996,9.8,201
2026-04-20 23:00:00,40.518827812499985,4.9,14.8,72,0.0,64,0.0,0.0,0,23,0,4,110,0,0,0,0.9510565162951535,0.30901699437494745,-1.8999999999999995,10.1,201
2026-04-21 00:00:00,41.319662292499984,4.8,14.3,71,0.0,59,0.0,0.0,0,0,1,4,111,0,0,0,0.9455185755993167,0.32556815445715676,-1.0,10.2,202
2026-04-21 01:00:00,43.05399597916665,4.1,12.0,68,0.0,60,0.0,0.0,0,1,1,4,111,0,0,0,0.9271838545667874,0.37460659341591196,-1.1000000000000005,10.9,202
2026-04-21 02:00:00,46.998548679166646,3.2,10.5,57,0.0,69,0.0,0.0,0,2,1,4,111,0,0,0,0.838670567945424,0.5446390350150271,-1.7000000000000002,11.8,202
2026-04-21 03:00:00,51.09466107333332,2.5,9.4,47,0.0,74,0.0,0.0,0,3,1,4,111,0,0,0,0.7313537016191705,0.6819983600624985,-2.3,12.5,202
2026-04-21 04:00:00,56.89637601333333,2.2,10.0,39,0.0,76,0.0,0.0,0,4,1,4,111,0,0,0,0.6293203910498374,0.7771459614569709,-1.8999999999999995,12.8,202
2026-04-21 05:00:00,58.94661818416665,1.9,9.2,33,0.0,78,0.0,0.0,0,5,1,4,111,0,0,0,0.5446390350150271,0.838670567945424,-1.3000000000000003,13.1,202
2026-04-21 06:00:00,52.89804870999999,1.5,7.9,24,0.0,82,0.0,0.0,0,6,1,4,111,0,0,0,0.4067366430758002,0.9135454576426009,-1.0,13.5,202
2026-04-21 07:00:00,44.79605644916665,2.2,9.3,19,25.0,85,0.0,0.0,0,7,1,4,111,0,0,0,0.3255681544571567,0.9455185755993168,0.0,12.8,202
2026-04-21 08:00:00,41.26701565583332,4.7,10.5,17,140.0,83,0.0,0.0,8,8,1,4,111,0,0,0,0.29237170472273677,0.9563047559630354,2.8000000000000003,10.3,202
2026-04-21 09:00:00,39.83947203083332,7.2,9.5,39,292.0,75,0.0,0.0,5,9,1,4,111,0,0,0,0.6293203910498374,0.7771459614569709,5.7,7.8,202
2026-04-21 10:00:00,38.76557308083331,8.6,12.0,53,444.0,62,0.0,0.0,0,10,1,4,111,0,0,0,0.7986355100472928,0.6018150231520483,6.3999999999999995,6.4,202
2026-04-21 11:00:00,37.591544582499985,9.4,12.9,58,578.0,53,0.0,0.0,0,11,1,4,111,0,0,0,0.848048096156426,0.5299192642332049,4.7,5.6,202
2026-04-21 12:00:00,37.14151019249999,10.0,13.7,63,681.0,46,0.0,0.0,0,12,1,4,111,0,0,0,0.8910065241883679,0.45399049973954686,2.8,5.0,202
2026-04-21 13:00:00,34.99040830333332,10.4,14.1,67,742.0,46,0.0,0.0,0,13,1,4,111,0,0,0,0.9205048534524404,0.3907311284892737,1.8000000000000007,4.6,202
2026-04-21 14:00:00,34.81655571333332,11.1,13.2,70,758.0,45,0.0,0.0,0,14,1,4,111,0,0,0,0.9396926207859083,0.3420201433256688,1.6999999999999993,3.9000000000000004,202
2026-04-21 15:00:00,35.28151279333332,11.4,12.9,72,727.0,45,0.0,0.0,0,15,1,4,111,0,0,0,0.9510565162951535,0.30901699437494745,1.4000000000000004,3.5999999999999996,202
2026-04-21 16:00:00,36.242671250833325,11.3,12.4,73,652.0,44,0.0,0.0,0,16,1,4,111,0,0,0,0.9563047559630354,0.29237170472273677,0.9000000000000004,3.6999999999999993,202
2026-04-21 17:00:00,38.093377860833314,11.1,11.1,76,541.0,44,0.0,0.0,0,17,1,4,111,0,0,0,0.9702957262759965,0.24192189559966767,0.0,3.9000000000000004,202
2026-04-21 18:00:00,41.417570297499985,10.7,9.4,77,401.0,45,0.0,0.0,0,18,1,4,111,0,0,0,0.9743700647852352,0.22495105434386492,-0.7000000000000011,4.300000000000001,202
2026-04-21 19:00:00,42.74183722999999,10.0,5.7,79,247.0,51,0.0,0.0,0,19,1,4,111,0,0,0,0.981627183447664,0.19080899537654492,-1.3000000000000007,5.0,202
2026-04-21 20:00:00,41.718303364999976,8.7,2.2,95,101.0,61,0.0,0.0,0,20,1,4,111,0,0,0,0.9961946980917455,-0.08715574274765824,-2.4000000000000004,6.300000000000001,202
2026-04-21 21:00:00,39.46757029749998,7.0,1.1,9,9.0,61,0.0,0.0,0,21,1,4,111,0,0,0,0.15643446504023087,0.9876883405951378,-3.6999999999999993,8.0,202
2026-04-21 22:00:00,38.91746346999998,5.2,3.9,344,0.0,71,0.0,0.0,0,22,1,4,111,0,0,0,-0.27563735581699894,0.9612616959383189,-4.8,9.8,202
2026-04-21 23:00:00,38.59391389833332,4.5,1.7,342,0.0,71,0.0,0.0,0,23,1,4,111,0,0,0,-0.3090169943749477,0.9510565162951535,-4.199999999999999,10.5,202
2026-04-22 00:00:00,39.61924794999998,3.6,2.4,333,0.0,72,0.0,0.0,0,0,2,4,112,0,0,0,-0.45399049973954697,0.8910065241883678,-3.4,11.4,203
2026-04-22 01:00:00,41.00349387249998,2.7,4.7,337,0.0,74,0.0,0.0,0,1,2,4,112,0,0,0,-0.3907311284892739,0.9205048534524403,-2.5,12.3,203
2026-04-22 02:00:00,42.57319434499998,2.2,5.6,335,0.0,75,0.0,0.0,0,2,2,4,112,0,0,0,-0.4226182617406992,0.90630778703665,-2.3,12.8,203
2026-04-22 03:00:00,45.495407789166656,1.6,4.5,337,0.0,71,0.0,0.0,0,3,2,4,112,0,0,0,-0.3907311284892739,0.9205048534524403,-2.0,13.4,203
2026-04-22 04:00:00,52.17079361583332,1.6,4.2,320,0.0,68,0.0,0.0,0,4,2,4,112,0,0,0,-0.6427876096865396,0.7660444431189778,-1.1,13.4,203
2026-04-22 05:00:00,54.99895440833332,1.7,4.8,301,0.0,66,0.0,0.0,0,5,2,4,112,0,0,0,-0.8571673007021123,0.5150380749100542,-0.5000000000000002,13.3,203
2026-04-22 06:00:00,48.12223367333331,1.6,6.9,298,0.0,66,0.0,0.0,0,6,2,4,112,0,0,0,-0.8829475928589271,0.4694715627858904,0.0,13.4,203
2026-04-22 07:00:00,41.29297640666665,3.3,9.4,296,28.0,65,0.0,0.0,0,7,2,4,112,0,0,0,-0.898794046299167,0.4383711467890774,1.6999999999999997,11.7,203
2026-04-22 08:00:00,37.91800202499999,5.8,10.2,291,146.0,63,0.0,0.0,0,8,2,4,112,0,0,0,-0.9335804264972017,0.3583679495453004,4.1,9.2,203
2026-04-22 09:00:00,35.83143997583332,8.6,8.4,286,299.0,66,0.0,0.0,0,9,2,4,112,0,0,0,-0.9612616959383188,0.2756373558169994,7.0,6.4,203
2026-04-22 10:00:00,34.81660992666665,11.1,8.5,288,451.0,63,0.0,0.0,0,10,2,4,112,0,0,0,-0.9510565162951536,0.30901699437494723,7.8,3.9000000000000004,203
2026-04-22 11:00:00,33.52803701249999,12.9,10.4,300,583.0,57,0.0,0.0,0,11,2,4,112,0,0,0,-0.8660254037844386,0.5000000000000001,7.1000000000000005,2.0999999999999996,203
2026-04-22 12:00:00,33.64017276666666,13.8,12.5,306,681.0,45,0.0,0.0,0,12,2,4,112,0,0,0,-0.8090169943749476,0.5877852522924729,5.200000000000001,1.1999999999999993,203
2026-04-22 13:00:00,34.492193163333326,14.3,12.2,306,745.0,40,0.0,0.0,0,13,2,4,112,0,0,0,-0.8090169943749476,0.5877852522924729,3.200000000000001,0.6999999999999993,203
2026-04-22 14:00:00,34.86534455833333,15.4,12.0,307,765.0,39,0.0,0.0,0,14,2,4,112,0,0,0,-0.7986355100472932,0.6018150231520479,2.5,0.0,203
2026-04-22 15:00:00,34.441837989999996,15.4,13.2,307,733.0,41,0.0,0.0,0,15,2,4,112,0,0,0,-0.7986355100472932,0.6018150231520479,1.5999999999999996,0.0,203
2026-04-22 16:00:00,36.26764517333332,15.1,14.4,307,657.0,45,0.0,0.0,0,16,2,4,112,0,0,0,-0.7986355100472932,0.6018150231520479,0.7999999999999989,0.0,203
2026-04-22 17:00:00,38.41795024999998,14.5,16.0,304,544.0,49,0.0,0.0,0,17,2,4,112,0,0,0,-0.8290375725550416,0.559192903470747,-0.9000000000000004,0.5,203
2026-04-22 18:00:00,40.22025048499998,13.1,16.0,296,405.0,56,0.0,0.0,0,18,2,4,112,0,0,0,-0.898794046299167,0.4383711467890774,-2.3000000000000007,1.9000000000000004,203
2026-04-22 19:00:00,42.16954387499998,10.8,15.3,287,254.0,70,0.0,0.0,0,19,2,4,112,0,0,0,-0.9563047559630354,0.2923717047227367,-4.299999999999999,4.199999999999999,203
2026-04-22 20:00:00,41.99718227833332,8.6,16.4,285,108.0,77,0.0,0.0,0,20,2,4,112,0,0,0,-0.9659258262890684,0.2588190451025203,-5.9,6.4,203
2026-04-22 21:00:00,38.91936964499999,6.3,17.1,294,11.0,88,0.0,0.0,0,21,2,4,112,0,0,0,-0.9135454576426011,0.40673664307579976,-6.8,8.7,203
2026-04-22 22:00:00,36.09388903999999,5.4,17.3,300,0.0,95,0.0,0.0,9,22,2,4,112,0,0,0,-0.8660254037844386,0.5000000000000001,-5.4,9.6,203
2026-04-22 23:00:00,35.50539435833332,5.3,17.1,303,0.0,95,0.0,0.0,5,23,2,4,112,0,0,0,-0.8386705679454243,0.5446390350150266,-3.3,9.7,203
2026-04-23 00:00:00,36.343042130833325,5.2,16.3,302,0.0,94,0.0,0.0,1,0,3,4,113,0,0,0,-0.8480480961564262,0.5299192642332047,-1.0999999999999996,9.8,204
2026-04-23 01:00:00,37.07865567333331,5.2,16.6,300,0.0,94,0.0,0.0,20,1,3,4,113,0,0,0,-0.8660254037844386,0.5000000000000001,-0.20000000000000018,9.8,204
2026-04-23 02:00:00,37.37267813083332,4.8,16.3,295,0.0,94,0.0,0.0,61,2,3,4,113,0,0,0,-0.9063077870366498,0.4226182617406996,-0.5,10.2,204
2026-04-23 03:00:00,39.89421066249999,4.9,16.8,291,0.0,93,0.0,0.0,48,3,3,4,113,0,0,0,-0.9335804264972017,0.3583679495453004,-0.2999999999999998,10.1,204
2026-04-23 04:00:00,45.07079605416665,5.0,16.6,292,0.0,94,0.0,0.0,22,4,3,4,113,0,0,0,-0.9271838545667874,0.37460659341591196,-0.20000000000000018,10.0,204
2026-04-23 05:00:00,48.32013961999998,5.1,16.4,295,0.0,94,0.0,0.0,1,5,3,4,113,0,0,0,-0.9063077870366498,0.4226182617406996,0.2999999999999998,9.9,204
2026-04-23 06:00:00,47.22162977416664,5.1,15.9,297,0.0,95,0.0,0.0,21,6,3,4,113,0,0,0,-0.8910065241883679,0.45399049973954664,0.1999999999999993,9.9,204
2026-04-23 07:00:00,43.468975584999974,5.8,16.0,301,28.0,95,0.0,0.0,16,7,3,4,113,0,0,0,-0.8571673007021123,0.5150380749100542,0.7999999999999998,9.2,204
2026-04-23 08:00:00,39.19070720499998,7.3,16.1,309,140.0,89,0.0,0.0,23,8,3,4,113,0,0,0,-0.7771459614569708,0.6293203910498375,2.2,7.7,204
2026-04-23 09:00:00,36.166243622499984,8.9,15.9,315,279.0,81,0.0,0.0,73,9,3,4,113,0,0,0,-0.7071067811865477,0.7071067811865474,3.8000000000000007,6.1,204
2026-04-23 10:00:00,34.01534867499998,10.4,11.3,304,388.0,78,0.0,0.0,12,10,3,4,113,0,0,0,-0.8290375725550416,0.559192903470747,4.6000000000000005,4.6,204
2026-04-23 11:00:00,32.39046915083332,11.9,10.5,294,570.0,74,0.0,0.0,13,11,3,4,113,0,0,0,-0.9135454576426011,0.40673664307579976,4.6000000000000005,3.0999999999999996,204
2026-04-23 12:00:00,32.13807389999999,13.3,11.2,288,669.0,70,0.0,0.0,0,12,3,4,113,0,0,0,-0.9510565162951536,0.30901699437494723,4.4,1.6999999999999993,204
2026-04-23 13:00:00,31.105779166666665,14.4,12.9,286,739.0,68,0.0,0.0,0,13,3,4,113,0,0,0,-0.9612616959383188,0.2756373558169994,4.0,0.5999999999999996,204
2026-04-23 14:00:00,30.285256880833327,14.9,13.3,279,754.0,67,0.0,0.0,0,14,3,4,113,0,0,0,-0.9876883405951378,0.15643446504023067,3.0,0.09999999999999964,204
2026-04-23 15:00:00,30.690413259166665,15.1,16.0,282,724.0,65,0.0,0.0,0,15,3,4,113,0,0,0,-0.9781476007338056,0.20791169081775945,1.799999999999999,0.0,204
2026-04-23 16:00:00,32.440657868333325,14.4,16.9,281,651.0,62,0.0,0.0,0,16,3,4,113,0,0,0,-0.9816271834476639,0.1908089953765451,0.0,0.5999999999999996,204
2026-04-23 17:00:00,34.89260544749999,13.2,18.3,286,544.0,67,0.0,0.0,0,17,3,4,113,0,0,0,-0.9612616959383188,0.2756373558169994,-1.700000000000001,1.8000000000000007,204
2026-04-23 18:00:00,38.54289191999999,12.0,20.1,293,406.0,68,0.0,0.0,0,18,3,4,113,0,0,0,-0.9205048534524405,0.3907311284892735,-3.0999999999999996,3.0,204
2026-04-23 19:00:00,40.71679086999999,10.4,20.2,290,256.0,73,0.0,0.0,0,19,3,4,113,0,0,0,-0.9396926207859083,0.342020143325669,-4.0,4.6,204
2026-04-23 20:00:00,39.11643737499998,9.1,20.4,293,110.0,74,0.0,0.0,36,20,3,4,113,0,0,0,-0.9205048534524405,0.3907311284892735,-4.1,5.9,204
2026-04-23 21:00:00,36.41678713333332,7.4,19.9,294,12.0,79,0.0,0.0,95,21,3,4,113,0,0,0,-0.9135454576426011,0.40673664307579976,-4.6,7.6,204
2026-04-23 22:00:00,34.240141733333324,6.8,19.7,294,0.0,83,0.0,0.0,96,22,3,4,113,0,0,0,-0.9135454576426011,0.40673664307579976,-3.6000000000000005,8.2,204
2026-04-23 23:00:00,33.465199683333324,6.4,19.2,297,0.0,86,0.0,0.0,95,23,3,4,113,0,0,0,-0.8910065241883679,0.45399049973954664,-2.6999999999999993,8.6,204
2026-04-24 00:00:00,33.71561112833333,6.2,17.6,302,0.0,89,0.0,0.0,91,0,4,4,114,0,0,0,-0.8480480961564262,0.5299192642332047,-1.2000000000000002,8.8,205
2026-04-24 01:00:00,34.55164480833332,5.8,15.7,303,0.0,92,0.0,0.0,72,1,4,4,114,0,0,0,-0.8386705679454243,0.5446390350150266,-1.0,9.2,205
2026-04-24 02:00:00,35.29591149499999,5.6,15.2,300,0.0,96,0.0,0.0,83,2,4,4,114,0,0,0,-0.8660254037844386,0.5000000000000001,-0.8000000000000007,9.4,205
2026-04-24 03:00:00,38.667405139999985,5.6,15.2,299,0.0,96,0.0,0.0,2,3,4,4,114,0,0,0,-0.8746197071393956,0.4848096202463373,-0.6000000000000005,9.4,205
2026-04-24 04:00:00,43.494232243333315,5.4,14.4,302,0.0,96,0.0,0.0,0,4,4,4,114,0,0,0,-0.8480480961564262,0.5299192642332047,-0.39999999999999947,9.6,205
2026-04-24 05:00:00,46.12076669916664,5.2,14.8,300,0.0,97,0.0,0.0,2,5,4,4,114,0,0,0,-0.8660254037844386,0.5000000000000001,-0.39999999999999947,9.8,205
2026-04-24 06:00:00,44.29231455749998,5.1,14.6,302,0.0,97,0.0,0.0,5,6,4,4,114,0,0,0,-0.8480480961564262,0.5299192642332047,-0.5,9.9,205
2026-04-24 07:00:00,41.19280171749998,5.6,14.0,301,32.0,96,0.0,0.0,1,7,4,4,114,0,0,0,-0.8571673007021123,0.5150380749100542,0.1999999999999993,9.4,205
2026-04-24 08:00:00,38.41619108749998,7.2,16.2,304,149.0,89,0.0,0.0,22,8,4,4,114,0,0,0,-0.8290375725550416,0.559192903470747,2.0,7.8,205
2026-04-24 09:00:00,35.61561486499998,8.8,16.1,299,281.0,82,0.0,0.0,36,9,4,4,114,0,0,0,-0.8746197071393956,0.4848096202463373,3.700000000000001,6.199999999999999,205
2026-04-24 10:00:00,34.03783532333332,10.1,15.2,289,417.0,78,0.0,0.0,43,10,4,4,114,0,0,0,-0.945518575599317,0.3255681544571563,4.5,4.9,205
2026-04-24 11:00:00,32.86386683333332,11.4,17.0,287,529.0,73,0.0,0.0,16,11,4,4,114,0,0,0,-0.9563047559630354,0.2923717047227367,4.2,3.5999999999999996,205
2026-04-24 12:00:00,32.06256875333332,12.6,16.6,296,659.0,70,0.0,0.0,13,12,4,4,114,0,0,0,-0.898794046299167,0.4383711467890774,3.799999999999999,2.4000000000000004,205
2026-04-24 13:00:00,31.338183023333325,13.4,16.1,298,723.0,68,0.0,0.0,3,13,4,4,114,0,0,0,-0.8829475928589271,0.4694715627858904,3.3000000000000007,1.5999999999999996,205
2026-04-24 14:00:00,30.614063863333328,13.9,16.4,291,747.0,68,0.0,0.0,1,14,4,4,114,0,0,0,-0.9335804264972017,0.3583679495453004,2.5,1.0999999999999996,205
2026-04-24 15:00:00,31.787613434999994,13.5,18.1,287,720.0,68,0.0,0.0,0,15,4,4,114,0,0,0,-0.9563047559630354,0.2923717047227367,0.9000000000000004,1.5,205
2026-04-24 16:00:00,33.72615821333332,12.5,19.9,287,647.0,70,0.0,0.0,1,16,4,4,114,0,0,0,-0.9563047559630354,0.2923717047227367,-0.9000000000000004,2.5,205
2026-04-24 17:00:00,36.44151888499999,11.4,20.2,288,536.0,73,0.0,0.0,10,17,4,4,114,0,0,0,-0.9510565162951536,0.30901699437494723,-2.5,3.5999999999999996,205
2026-04-24 18:00:00,39.16656318666665,10.1,21.1,290,392.0,76,0.0,0.0,12,18,4,4,114,0,0,0,-0.9396926207859083,0.342020143325669,-3.4000000000000004,4.9,205
2026-04-24 19:00:00,40.416654687499985,9.1,21.5,292,243.0,78,0.0,0.0,4,19,4,4,114,0,0,0,-0.9271838545667874,0.37460659341591196,-3.4000000000000004,5.9,205
2026-04-24 20:00:00,38.54001096583332,7.8,19.9,288,108.0,81,0.0,0.0,1,20,4,4,114,0,0,0,-0.9510565162951536,0.30901699437494723,-3.6000000000000005,7.2,205
2026-04-24 21:00:00,36.49059831916666,6.7,19.6,290,13.0,85,0.0,0.0,5,21,4,4,114,0,0,0,-0.9396926207859083,0.342020143325669,-3.3999999999999995,8.3,205
2026-04-24 22:00:00,34.465170708333325,6.3,20.2,290,0.0,87,0.0,0.0,12,22,4,4,114,0,0,0,-0.9396926207859083,0.342020143325669,-2.8,8.7,205
2026-04-24 23:00:00,34.36556187083332,6.2,20.0,287,0.0,87,0.0,0.0,9,23,4,4,114,0,0,0,-0.9563047559630354,0.2923717047227367,-1.5999999999999996,8.8,205
2026-04-25 00:00:00,34.491164550833325,6.1,20.9,289,0.0,87,0.0,0.0,55,0,5,4,115,1,0,0,-0.945518575599317,0.3255681544571563,-0.6000000000000005,8.9,206
2026-04-25 01:00:00,34.72470348333333,5.9,20.5,289,0.0,88,0.0,0.0,31,1,5,4,115,1,0,0,-0.945518575599317,0.3255681544571563,-0.39999999999999947,9.1,206
2026-04-25 02:00:00,35.02229566083332,6.3,21.3,284,0.0,86,0.0,0.0,24,2,5,4,115,1,0,0,-0.9702957262759966,0.24192189559966745,0.09999999999999964,8.7,206
2026-04-25 03:00:00,36.74339562583332,6.2,21.8,287,0.0,85,0.0,0.0,22,3,5,4,115,1,0,0,-0.9563047559630354,0.2923717047227367,0.10000000000000053,8.8,206
2026-04-25 04:00:00,39.44407905583331,6.1,23.2,287,0.0,84,0.0,0.0,46,4,5,4,115,1,0,0,-0.9563047559630354,0.2923717047227367,0.1999999999999993,8.9,206
2026-04-25 05:00:00,42.34383154916666,6.3,23.7,292,0.0,83,0.0,0.0,94,5,5,4,115,1,0,0,-0.9271838545667874,0.37460659341591196,0.0,8.7,206
2026-04-25 06:00:00,46.91848346916665,6.4,23.4,295,0.0,81,0.0,0.0,100,6,5,4,115,1,0,0,-0.9063077870366498,0.4226182617406996,0.20000000000000018,8.6,206
2026-04-25 07:00:00,46.567828634166645,6.7,24.0,298,23.0,80,0.0,0.0,84,7,5,4,115,1,0,0,-0.8829475928589271,0.4694715627858904,0.6000000000000005,8.3,206
2026-04-25 08:00:00,44.665892264999975,7.3,26.2,299,117.0,76,0.0,0.0,85,8,5,4,115,1,0,0,-0.8746197071393956,0.4848096202463373,1.0,7.7,206
2026-04-25 09:00:00,43.012688009999984,7.8,26.7,298,176.0,73,0.0,0.0,100,9,5,4,115,1,0,0,-0.8829475928589271,0.4694715627858904,1.3999999999999995,7.2,206
2026-04-25 10:00:00,41.589016284166654,8.0,28.0,297,225.0,71,0.0,0.0,100,10,5,4,115,1,0,0,-0.8910065241883679,0.45399049973954664,1.2999999999999998,7.0,206
2026-04-25 11:00:00,41.46446333833333,8.4,29.9,295,313.0,69,0.0,0.0,100,11,5,4,115,1,0,0,-0.9063077870366498,0.4226182617406996,1.1000000000000005,6.6,206
2026-04-25 12:00:00,41.03824143249999,8.9,31.6,291,393.0,67,0.0,0.0,96,12,5,4,115,1,0,0,-0.9335804264972017,0.3583679495453004,1.1000000000000005,6.1,206
2026-04-25 13:00:00,42.54175899749998,9.3,33.6,291,467.0,64,0.0,0.0,91,13,5,4,115,1,0,0,-0.9335804264972017,0.3583679495453004,1.3000000000000007,5.699999999999999,206
2026-04-25 14:00:00,44.04377855499998,9.3,34.9,293,425.0,63,0.0,0.0,100,14,5,4,115,1,0,0,-0.9205048534524405,0.3907311284892735,0.9000000000000004,5.699999999999999,206
2026-04-25 15:00:00,44.016740393333315,9.2,34.7,293,364.0,66,0.0,0.0,100,15,5,4,115,1,0,0,-0.9205048534524405,0.3907311284892735,0.29999999999999893,5.800000000000001,206
2026-04-25 16:00:00,43.24059588083332,8.8,34.6,296,287.0,73,0.0,0.0,100,16,5,4,115,1,0,0,-0.898794046299167,0.4383711467890774,-0.5,6.199999999999999,206
2026-04-25 17:00:00,45.21856581833332,8.7,33.0,294,192.0,73,0.0,0.0,70,17,5,4,115,1,0,0,-0.9135454576426011,0.40673664307579976,-0.6000000000000014,6.300000000000001,206
2026-04-25 18:00:00,47.86651934416665,9.0,30.7,297,310.0,67,0.0,0.0,86,18,5,4,115,1,0,0,-0.8910065241883679,0.45399049973954664,-0.1999999999999993,6.0,206
2026-04-25 19:00:00,47.61687573666666,8.1,30.1,305,235.0,67,0.0,0.0,100,19,5,4,115,1,0,0,-0.8191520442889918,0.573576436351046,-0.7000000000000011,6.9,206
2026-04-25 20:00:00,45.96816718249999,7.2,24.3,306,87.0,66,0.0,0.0,80,20,5,4,115,1,0,0,-0.8090169943749476,0.5877852522924729,-1.4999999999999991,7.8,206
2026-04-25 21:00:00,44.06779919999998,6.1,21.8,309,14.0,64,0.0,0.0,45,21,5,4,115,1,0,0,-0.7771459614569708,0.6293203910498375,-2.9000000000000004,8.9,206
2026-04-25 22:00:00,42.09246888499999,5.5,20.6,310,0.0,68,0.0,0.0,20,22,5,4,115,1,0,0,-0.7660444431189781,0.6427876096865393,-2.5999999999999996,9.5,206
2026-04-25 23:00:00,42.19273171833332,4.7,18.1,310,0.0,74,0.0,0.0,0,23,5,4,115,1,0,0,-0.7660444431189781,0.6427876096865393,-2.5,10.3,206
2026-04-26 00:00:00,43.21785341333331,4.1,14.8,310,0.0,80,0.0,0.0,7,0,6,4,116,1,0,0,-0.7660444431189781,0.6427876096865393,-2.0,10.9,207
2026-04-26 01:00:00,45.42770575249998,3.5,13.1,311,0.0,85,0.0,0.0,27,1,6,4,116,1,0,0,-0.7547095802227722,0.656059028990507,-2.0,11.5,207
2026-04-26 02:00:00,46.77142686999998,2.8,11.9,309,0.0,90,0.0,0.0,38,2,6,4,116,1,0,0,-0.7771459614569708,0.6293203910498375,-1.9000000000000004,12.2,207
2026-04-26 03:00:00,48.84377443833331,2.2,10.6,314,0.0,92,0.0,0.0,0,3,6,4,116,1,0,0,-0.7193398003386512,0.6946583704589973,-1.8999999999999995,12.8,207
2026-04-26 04:00:00,52.094954559999984,1.7,9.0,322,0.0,92,0.0,0.0,0,4,6,4,116,1,0,0,-0.6156614753256582,0.7880107536067221,-1.8,13.3,207
2026-04-26 05:00:00,53.49461723083332,1.2,7.3,324,0.0,93,0.0,0.0,0,5,6,4,116,1,0,0,-0.5877852522924734,0.8090169943749473,-1.5999999999999999,13.8,207
2026-04-26 06:00:00,52.64351618083331,0.6,5.9,337,0.0,93,0.0,0.0,0,6,6,4,116,1,0,0,-0.3907311284892739,0.9205048534524403,-1.6,14.4,207
2026-04-26 07:00:00,45.741790489999985,1.7,6.7,358,39.0,90,0.0,0.0,0,7,6,4,116,1,0,0,-0.034899496702500823,0.9993908270190958,0.0,13.3,207
2026-04-26 08:00:00,42.26595349249998,4.3,4.4,12,163.0,81,0.0,0.0,0,8,6,4,116,1,0,0,0.20791169081775934,0.9781476007338057,3.0999999999999996,10.7,207
2026-04-26 09:00:00,40.489926938333326,7.1,3.1,50,318.0,67,0.0,0.0,0,9,6,4,116,1,0,0,0.766044443118978,0.6427876096865394,6.5,7.9,207
2026-04-26 10:00:00,38.72340269083332,8.8,3.3,126,468.0,56,0.0,0.0,0,10,6,4,116,1,0,0,0.8090169943749475,-0.587785252292473,7.1000000000000005,6.199999999999999,207
2026-04-26 11:00:00,37.43994638166666,10.0,5.6,182,598.0,49,0.0,0.0,0,11,6,4,116,1,0,0,-0.0348994967025009,-0.9993908270190958,5.7,5.0,207
2026-04-26 12:00:00,36.992481694166656,10.9,7.9,210,695.0,44,0.0,0.0,0,12,6,4,116,1,0,0,-0.5000000000000001,-0.8660254037844386,3.8000000000000007,4.1,207
2026-04-26 13:00:00,36.640963404166655,11.6,10.2,225,754.0,44,0.0,0.0,96,13,6,4,116,1,0,0,-0.7071067811865475,-0.7071067811865477,2.799999999999999,3.4000000000000004,207
2026-04-26 14:00:00,37.93838790666665,11.9,12.6,246,747.0,43,0.0,0.0,100,14,6,4,116,1,0,0,-0.913545457642601,-0.4067366430758001,1.9000000000000004,3.0999999999999996,207
2026-04-26 15:00:00,38.163927221666654,12.1,13.2,253,680.0,42,0.0,0.0,98,15,6,4,116,1,0,0,-0.9563047559630353,-0.2923717047227371,1.1999999999999993,2.9000000000000004,207
2026-04-26 16:00:00,41.063511279999986,11.6,12.8,261,513.0,47,0.0,0.0,93,16,6,4,116,1,0,0,-0.9876883405951377,-0.15643446504023104,0.0,3.4000000000000004,207
2026-04-26 17:00:00,43.51597956999999,11.1,14.1,280,500.0,54,0.0,0.0,5,17,6,4,116,1,0,0,-0.9848077530122081,0.17364817766692997,-0.8000000000000007,3.9000000000000004,207
2026-04-26 18:00:00,45.74223128999999,10.0,15.9,288,388.0,58,0.0,0.0,5,18,6,4,116,1,0,0,-0.9510565162951536,0.30901699437494723,-2.0999999999999996,5.0,207
2026-04-26 19:00:00,47.19441974166665,8.6,13.5,289,258.0,65,0.0,0.0,19,19,6,4,116,1,0,0,-0.945518575599317,0.3255681544571563,-3.0,6.4,207
2026-04-26 20:00:00,46.04314484166665,7.8,8.7,283,117.0,68,0.0,0.0,9,20,6,4,116,1,0,0,-0.9743700647852352,0.22495105434386492,-3.3,7.2,207
2026-04-26 21:00:00,44.19305707749999,5.8,9.0,290,16.0,78,0.0,0.0,9,21,6,4,116,1,0,0,-0.9396926207859083,0.342020143325669,-4.2,9.2,207
2026-04-26 22:00:00,42.616484114999984,4.7,10.2,294,0.0,81,0.0,0.0,27,22,6,4,116,1,0,0,-0.9135454576426011,0.40673664307579976,-3.8999999999999995,10.3,207
2026-04-26 23:00:00,42.143597231666654,3.8,10.2,302,0.0,83,0.0,0.0,100,23,6,4,116,1,0,0,-0.8480480961564262,0.5299192642332047,-4.0,11.2,207
2026-04-27 00:00:00,40.49241215416665,3.2,10.0,319,0.0,83,0.0,0.0,13,0,0,4,117,0,0,0,-0.6560590289905074,0.7547095802227719,-2.5999999999999996,11.8,208
2026-04-27 01:00:00,39.77652768916665,2.5,9.5,324,0.0,84,0.0,0.0,0,1,0,4,117,0,0,0,-0.5877852522924734,0.8090169943749473,-2.2,12.5,208
2026-04-27 02:00:00,41.02037835499998,1.5,9.1,338,0.0,91,0.0,0.0,16,2,0,4,117,0,0,0,-0.37460659341591235,0.9271838545667873,-2.3,13.5,208
2026-04-27 03:00:00,43.518701161666655,1.2,7.8,341,0.0,91,0.0,0.0,58,3,0,4,117,0,0,0,-0.3255681544571567,0.9455185755993168,-2.0,13.8,208
2026-04-27 04:00:00,49.77052994333332,0.8,6.9,337,0.0,91,0.0,0.0,63,4,0,4,117,0,0,0,-0.3907311284892739,0.9205048534524403,-1.7,14.2,208
2026-04-27 05:00:00,52.645900443333325,0.5,6.3,340,0.0,91,0.0,0.0,50,5,0,4,117,0,0,0,-0.3420201433256686,0.9396926207859084,-1.0,14.5,208
2026-04-27 06:00:00,49.996344140833315,0.2,5.9,337,0.0,91,0.0,0.0,100,6,0,4,117,0,0,0,-0.3907311284892739,0.9205048534524403,-1.0,14.8,208
2026-04-27 07:00:00,47.44243373499998,1.5,8.0,333,39.0,87,0.0,0.0,95,7,0,4,117,0,0,0,-0.45399049973954697,0.8910065241883678,0.7,13.5,208
2026-04-27 08:00:00,41.93938304749998,3.6,7.4,315,156.0,83,0.0,0.0,54,8,0,4,117,0,0,0,-0.7071067811865477,0.7071067811865474,3.1,11.4,208
2026-04-27 09:00:00,38.990576817499985,6.1,8.4,349,312.0,70,0.0,0.0,50,9,0,4,117,0,0,0,-0.19080899537654467,0.981627183447664,5.8999999999999995,8.9,208
2026-04-27 10:00:00,37.84077506666665,7.2,9.0,2,459.0,65,0.0,0.0,13,10,0,4,117,0,0,0,0.03489949670250097,0.9993908270190958,5.7,7.8,208
2026-04-27 11:00:00,36.34976825249999,8.3,7.3,10,592.0,62,0.0,0.0,94,11,0,4,117,0,0,0,0.17364817766693033,0.984807753012208,4.700000000000001,6.699999999999999,208
2026-04-27 12:00:00,35.089034888333316,9.2,6.5,19,680.0,62,0.0,0.0,100,12,0,4,117,0,0,0,0.3255681544571567,0.9455185755993168,3.0999999999999996,5.800000000000001,208
2026-04-27 13:00:00,34.514895445833325,10.0,7.0,29,697.0,60,0.0,0.0,100,13,0,4,117,0,0,0,0.48480962024633706,0.8746197071393957,2.8,5.0,208
2026-04-27 14:00:00,34.311592295833314,10.2,7.8,40,460.0,58,0.0,0.0,100,14,0,4,117,0,0,0,0.6427876096865393,0.766044443118978,1.8999999999999986,4.800000000000001,208
2026-04-27 15:00:00,36.21436398416666,10.4,9.0,47,520.0,52,0.0,0.0,100,15,0,4,117,0,0,0,0.7313537016191705,0.6819983600624985,1.200000000000001,4.6,208
2026-04-27 16:00:00,36.66293963333332,10.8,8.1,53,602.0,44,0.0,0.0,100,16,0,4,117,0,0,0,0.7986355100472928,0.6018150231520483,0.8000000000000007,4.199999999999999,208
2026-04-27 17:00:00,37.96653794833332,10.8,6.9,62,525.0,44,0.0,0.0,100,17,0,4,117,0,0,0,0.8829475928589269,0.46947156278589086,0.6000000000000014,4.199999999999999,208
2026-04-27 18:00:00,39.889409124999986,10.5,6.6,69,362.0,51,0.0,0.0,87,18,0,4,117,0,0,0,0.9335804264972017,0.3583679495453004,0.09999999999999964,4.5,208
2026-04-27 19:00:00,41.717915099999985,10.1,7.3,70,237.0,61,0.0,0.0,25,19,0,4,117,0,0,0,0.9396926207859083,0.3420201433256688,-0.7000000000000011,4.9,208
2026-04-27 20:00:00,40.524292497499985,9.2,7.4,87,114.0,66,0.0,0.0,14,20,0,4,117,0,0,0,0.9986295347545738,0.052335956242943966,-1.6000000000000014,5.800000000000001,208
2026-04-27 21:00:00,37.46801689249998,7.2,6.7,56,17.0,76,0.0,0.0,30,21,0,4,117,0,0,0,0.8290375725550417,0.5591929034707468,-3.3,7.8,208
2026-04-27 22:00:00,36.76863611833332,6.7,13.7,51,0.0,69,0.0,0.0,15,22,0,4,117,0,0,0,0.7771459614569709,0.6293203910498374,-3.3999999999999995,8.3,208
2026-04-27 23:00:00,36.41874622333332,5.7,11.9,56,0.0,63,0.0,0.0,11,23,0,4,117,0,0,0,0.8290375725550417,0.5591929034707468,-3.499999999999999,9.3,208
2026-04-28 00:00:00,36.96732355083332,5.2,12.7,60,0.0,63,0.0,0.0,25,0,1,4,118,0,0,0,0.8660254037844386,0.5000000000000001,-2.0,9.8,209
2026-04-28 01:00:00,38.32656619583332,4.7,11.0,60,0.0,65,0.0,0.0,5,1,1,4,118,0,0,0,0.8660254037844386,0.5000000000000001,-2.0,10.3,209
2026-04-28 02:00:00,38.89769307749999,3.9,11.3,51,0.0,75,0.0,0.0,5,2,1,4,118,0,0,0,0.7771459614569709,0.6293203910498374,-1.8000000000000003,11.1,209
2026-04-28 03:00:00,41.79395034666665,3.5,11.7,41,0.0,82,0.0,0.0,24,3,1,4,118,0,0,0,0.6560590289905073,0.754709580222772,-1.7000000000000002,11.5,209
2026-04-28 04:00:00,48.07062761916666,3.1,11.4,41,0.0,88,0.0,0.0,9,4,1,4,118,0,0,0,0.6560590289905073,0.754709580222772,-1.6,11.9,209
2026-04-28 05:00:00,50.29561854666665,2.9,10.7,42,0.0,90,0.0,0.0,0,5,1,4,118,0,0,0,0.6691306063588582,0.7431448254773942,-1.0,12.1,209
2026-04-28 06:00:00,44.32054359166665,2.8,10.2,41,0.0,91,0.0,0.0,0,6,1,4,118,0,0,0,0.6560590289905073,0.754709580222772,-0.7000000000000002,12.2,209
2026-04-28 07:00:00,40.58940622749999,3.8,10.7,40,45.0,90,0.0,0.0,0,7,1,4,118,0,0,0,0.6427876096865393,0.766044443118978,0.6999999999999997,11.2,209
2026-04-28 08:00:00,37.86883604583332,6.2,9.8,35,171.0,85,0.0,0.0,0,8,1,4,118,0,0,0,0.573576436351046,0.8191520442889918,3.3000000000000003,8.8,209
2026-04-28 09:00:00,36.59155861083333,8.4,10.9,46,322.0,73,0.0,0.0,54,9,1,4,118,0,0,0,0.7193398003386511,0.6946583704589973,5.6000000000000005,6.6,209
2026-04-28 10:00:00,35.066513372738086,9.8,12.9,49,471.0,59,0.0,0.0,84,10,1,4,118,0,0,0,0.754709580222772,0.6560590289905073,6.000000000000001,5.199999999999999,209
2026-04-28 11:00:00,33.75569999999999,10.9,13.1,54,593.0,51,0.0,0.0,27,11,1,4,118,0,0,0,0.8090169943749475,0.5877852522924731,4.7,4.1,209
2026-04-28 12:00:00,33.06372701142856,11.9,13.2,61,697.0,47,0.0,0.0,94,12,1,4,118,0,0,0,0.8746197071393957,0.4848096202463371,3.5,3.0999999999999996,209
2026-04-28 13:00:00,33.61861873333333,12.4,12.9,63,745.0,46,0.0,0.0,100,13,1,4,118,0,0,0,0.8910065241883679,0.45399049973954686,2.5999999999999996,2.5999999999999996,209
2026-04-28 14:00:00,32.21835216333333,12.9,13.3,62,752.0,45,0.0,0.0,100,14,1,4,118,0,0,0,0.8829475928589269,0.46947156278589086,2.0,2.0999999999999996,209
2026-04-28 15:00:00,34.66646589083332,13.1,13.5,57,709.0,46,0.0,0.0,100,15,1,4,118,0,0,0,0.838670567945424,0.5446390350150271,1.1999999999999993,1.9000000000000004,209
2026-04-28 16:00:00,36.11601388083333,13.1,14.4,52,575.0,45,0.0,0.0,91,16,1,4,118,0,0,0,0.788010753606722,0.6156614753256583,0.6999999999999993,1.9000000000000004,209
2026-04-28 17:00:00,38.06617865833332,12.7,15.7,45,499.0,43,0.0,0.0,18,17,1,4,118,0,0,0,0.7071067811865475,0.7071067811865476,-0.20000000000000107,2.3000000000000007,209
2026-04-28 18:00:00,39.89172712499999,12.0,15.1,38,418.0,41,0.0,0.0,0,18,1,4,118,0,0,0,0.6156614753256583,0.7880107536067219,-1.0999999999999996,3.0,209
2026-04-28 19:00:00,39.49093816583332,11.1,12.6,37,270.0,44,0.0,0.0,4,19,1,4,118,0,0,0,0.6018150231520483,0.7986355100472928,-2.0,3.9000000000000004,209
2026-04-28 20:00:00,38.04528067916665,10.1,7.7,37,124.0,54,0.0,0.0,6,20,1,4,118,0,0,0,0.6018150231520483,0.7986355100472928,-2.5999999999999996,4.9,209
2026-04-28 21:00:00,35.73947530833332,8.3,9.2,50,19.0,59,0.0,0.0,2,21,1,4,118,0,0,0,0.766044443118978,0.6427876096865394,-3.6999999999999993,6.699999999999999,209
2026-04-28 22:00:00,34.541804898333325,7.6,11.0,58,0.0,55,0.0,0.0,0,22,1,4,118,0,0,0,0.848048096156426,0.5299192642332049,-3.5,7.4,209
2026-04-28 23:00:00,33.742511888333325,6.8,10.4,54,0.0,56,0.0,0.0,0,23,1,4,118,0,0,0,0.8090169943749475,0.5877852522924731,-3.3,8.2,209
2026-04-29 00:00:00,35.26696220249998,6.0,9.1,49,0.0,60,0.0,0.0,5,0,2,4,119,0,0,0,0.754709580222772,0.6560590289905073,-2.3000000000000007,9.0,210
2026-04-29 01:00:00,36.62594361333332,5.2,7.6,45,0.0,64,0.0,0.0,52,1,2,4,119,0,0,0,0.7071067811865475,0.7071067811865476,-2.3999999999999995,9.8,210
2026-04-29 02:00:00,37.497044417499986,4.4,8.0,40,0.0,71,0.0,0.0,45,2,2,4,119,0,0,0,0.6427876096865393,0.766044443118978,-2.3999999999999995,10.6,210
2026-04-29 03:00:00,40.16756739999999,3.5,6.9,43,0.0,77,0.0,0.0,9,3,2,4,119,0,0,0,0.6819983600624985,0.7313537016191705,-2.5,11.5,210
2026-04-29 04:00:00,45.39465032249999,3.3,7.6,38,0.0,79,0.0,0.0,12,4,2,4,119,0,0,0,0.6156614753256583,0.7880107536067219,-1.9000000000000004,11.7,210
2026-04-29 05:00:00,47.720190935833315,3.2,8.5,38,0.0,80,0.0,0.0,0,5,2,4,119,0,0,0,0.6156614753256583,0.7880107536067219,-1.2000000000000002,11.8,210
2026-04-29 06:00:00,42.768637036666654,3.0,7.4,39,0.0,83,0.0,0.0,0,6,2,4,119,0,0,0,0.6293203910498374,0.7771459614569709,-0.5,12.0,210
2026-04-29 07:00:00,38.26543278166665,4.2,8.3,33,48.0,82,0.0,0.0,0,7,2,4,119,0,0,0,0.5446390350150271,0.838670567945424,0.9000000000000004,10.8,210
2026-04-29 08:00:00,35.53908788249999,6.8,8.5,21,173.0,76,0.0,0.0,67,8,2,4,119,0,0,0,0.35836794954530027,0.9335804264972017,3.5999999999999996,8.2,210
2026-04-29 09:00:00,33.51573861833332,9.3,6.7,34,323.0,64,0.0,0.0,0,9,2,4,119,0,0,0,0.5591929034707469,0.8290375725550417,6.300000000000001,5.699999999999999,210
2026-04-29 10:00:00,31.841312323333327,10.9,7.4,45,472.0,52,0.0,0.0,0,10,2,4,119,0,0,0,0.7071067811865475,0.7071067811865476,6.7,4.1,210
2026-04-29 11:00:00,31.067407578333324,12.1,8.6,54,600.0,47,0.0,0.0,0,11,2,4,119,0,0,0,0.8090169943749475,0.5877852522924731,5.3,2.9000000000000004,210
2026-04-29 12:00:00,30.51431015083332,12.9,9.7,65,699.0,43,0.0,0.0,2,12,2,4,119,0,0,0,0.9063077870366499,0.42261826174069944,3.5999999999999996,2.0999999999999996,210
2026-04-29 13:00:00,30.24127175833333,13.6,10.1,74,757.0,41,0.0,0.0,0,13,2,4,119,0,0,0,0.9612616959383189,0.27563735581699916,2.6999999999999993,1.4000000000000004,210
2026-04-29 14:00:00,29.614199206666665,14.1,11.4,84,772.0,38,0.0,0.0,0,14,2,4,119,0,0,0,0.9945218953682733,0.10452846326765346,2.0,0.9000000000000004,210
2026-04-29 15:00:00,29.78734602583333,14.1,11.4,95,741.0,38,0.0,0.0,0,15,2,4,119,0,0,0,0.9961946980917455,-0.08715574274765824,1.1999999999999993,0.9000000000000004,210
2026-04-29 16:00:00,30.613491377499997,14.1,10.2,98,668.0,37,0.0,0.0,1,16,2,4,119,0,0,0,0.9902680687415704,-0.13917310096006535,0.5,0.9000000000000004,210
2026-04-29 17:00:00,31.53844997333333,13.9,8.6,101,559.0,37,0.0,0.0,0,17,2,4,119,0,0,0,0.981627183447664,-0.1908089953765448,-0.1999999999999993,1.0999999999999996,210
2026-04-29 18:00:00,33.880625699166664,13.5,7.8,103,422.0,38,0.0,0.0,0,18,2,4,119,0,0,0,0.9743700647852352,-0.22495105434386503,-0.5999999999999996,1.5,210
2026-04-29 19:00:00,35.066986601666656,12.9,6.2,112,271.0,41,0.0,0.0,0,19,2,4,119,0,0,0,0.9271838545667874,-0.37460659341591207,-1.1999999999999993,2.0999999999999996,210
2026-04-29 20:00:00,34.76535614833332,11.4,5.2,131,125.0,52,0.0,0.0,0,20,2,4,119,0,0,0,0.7547095802227721,-0.6560590289905072,-2.5,3.5999999999999996,210
2026-04-29 21:00:00,32.93947530833332,9.3,6.4,151,21.0,58,0.0,0.0,0,21,2,4,119,0,0,0,0.48480962024633717,-0.8746197071393957,-4.199999999999999,5.699999999999999,210
2026-04-29 22:00:00,32.366732460833326,8.4,6.6,169,0.0,61,0.0,0.0,0,22,2,4,119,0,0,0,0.19080899537654497,-0.9816271834476639,-4.5,6.6,210
2026-04-29 23:00:00,31.565428585833327,7.1,4.2,211,0.0,65,0.0,0.0,0,23,2,4,119,0,0,0,-0.5150380749100542,-0.8571673007021123,-4.300000000000001,7.9,210
2026-04-30 00:00:00,32.26647748083333,6.3,3.5,282,0.0,68,0.0,0.0,0,0,3,4,120,0,0,0,-0.9781476007338056,0.20791169081775945,-3.000000000000001,8.7,211
2026-04-30 01:00:00,32.60114643833333,6.0,3.1,294,0.0,70,0.0,0.0,0,1,3,4,120,0,0,0,-0.9135454576426011,0.40673664307579976,-2.4000000000000004,9.0,211
2026-04-30 02:00:00,34.09406494833332,5.2,4.0,350,0.0,75,0.0,0.0,0,2,3,4,120,0,0,0,-0.1736481776669304,0.984807753012208,-1.8999999999999995,9.8,211
2026-04-30 03:00:00,36.46525763333331,4.0,4.5,5,0.0,82,0.0,0.0,0,3,3,4,120,0,0,0,0.08715574274765817,0.9961946980917455,-2.3,11.0,211
2026-04-30 04:00:00,40.59294155749998,3.5,3.0,17,0.0,84,0.0,0.0,0,4,3,4,120,0,0,0,0.29237170472273677,0.9563047559630354,-2.5,11.5,211
2026-04-30 05:00:00,44.04402735999998,3.2,1.1,18,0.0,84,0.0,0.0,0,5,3,4,120,0,0,0,0.3090169943749474,0.9510565162951535,-2.0,11.8,211
2026-04-30 06:00:00,39.391727964166655,3.4,0.5,270,0.0,82,0.0,0.0,5,6,3,4,120,0,0,0,-1.0,-1.8369701987210297e-16,-0.6000000000000001,11.6,211
2026-04-30 07:00:00,35.54172628583332,5.1,2.7,262,50.0,80,0.0,0.0,23,7,3,4,120,0,0,0,-0.9902680687415703,-0.13917310096006583,1.5999999999999996,9.9,211
2026-04-30 08:00:00,32.74244814333332,8.1,4.7,298,175.0,74,0.0,0.0,0,8,3,4,120,0,0,0,-0.8829475928589271,0.4694715627858904,4.8999999999999995,6.9,211
2026-04-30 09:00:00,32.03968598666666,11.7,2.7,266,325.0,55,0.0,0.0,55,9,3,4,120,0,0,0,-0.9975640502598242,-0.06975647374412558,8.299999999999999,3.3000000000000007,211
2026-04-30 10:00:00,31.062739246666663,13.2,4.4,243,473.0,47,0.0,0.0,34,10,3,4,120,0,0,0,-0.8910065241883678,-0.45399049973954697,8.1,1.8000000000000007,211
2026-04-30 11:00:00,31.28837669666666,14.4,6.8,243,602.0,44,0.0,0.0,0,11,3,4,120,0,0,0,-0.8910065241883678,-0.45399049973954697,6.300000000000001,0.5999999999999996,211
2026-04-30 12:00:00,30.585085136666667,15.4,8.0,250,700.0,42,0.0,0.0,0,12,3,4,120,0,0,0,-0.9396926207859084,-0.34202014332566855,3.700000000000001,0.0,211
2026-04-30 13:00:00,29.913420159166662,16.1,8.3,259,759.0,42,0.0,0.0,0,13,3,4,120,0,0,0,-0.981627183447664,-0.1908089953765446,2.900000000000002,0.0,211
2026-04-30 14:00:00,29.51178307166666,17.1,6.8,267,773.0,40,0.0,0.0,0,14,3,4,120,0,0,0,-0.9986295347545738,-0.052335956242944306,2.700000000000001,0.0,211
2026-04-30 15:00:00,28.86214236166666,17.5,5.7,283,743.0,40,0.0,0.0,0,15,3,4,120,0,0,0,-0.9743700647852352,0.22495105434386492,2.0999999999999996,0.0,211
2026-04-30 16:00:00,29.21191635666666,17.8,4.9,298,670.0,41,0.0,0.0,0,16,3,4,120,0,0,0,-0.8829475928589271,0.4694715627858904,1.6999999999999993,0.0,211
2026-04-30 17:00:00,30.439072096666663,17.8,5.4,310,560.0,43,0.0,0.0,0,17,3,4,120,0,0,0,-0.7660444431189781,0.6427876096865393,0.6999999999999993,0.0,211
2026-04-30 18:00:00,29.03794207166666,17.4,6.8,323,423.0,44,0.0,0.0,0,18,3,4,120,0,0,0,-0.6018150231520483,0.7986355100472928,-0.10000000000000142,0.0,211
2026-04-30 19:00:00,29.91410976416666,16.5,7.4,331,274.0,46,0.0,0.0,0,19,3,4,120,0,0,0,-0.4848096202463369,0.8746197071393959,-1.3000000000000007,0.0,211
2026-04-30 20:00:00,30.43919379166666,15.1,6.6,343,129.0,55,0.0,0.0,0,20,3,4,120,0,0,0,-0.29237170472273716,0.9563047559630353,-2.700000000000001,0.0,211
2026-04-30 21:00:00,32.46575844166666,12.6,7.3,349,23.0,57,0.0,0.0,0,21,3,4,120,0,0,0,-0.19080899537654467,0.981627183447664,-4.799999999999999,2.4000000000000004,211
2026-04-30 22:00:00,32.16510650416666,10.9,6.4,352,0.0,61,0.0,0.0,0,22,3,4,120,0,0,0,-0.13917310096006588,0.9902680687415703,-5.6,4.1,211
2026-04-30 23:00:00,31.187319109166665,9.4,5.8,5,0.0,66,0.0,0.0,0,23,3,4,120,0,0,0,0.08715574274765817,0.9961946980917455,-5.699999999999999,5.6,211
2026-05-01 00:00:00,31.090065939166664,8.5,5.8,22,0.0,68,0.0,0.0,0,0,4,5,121,0,1,0,0.374606593415912,0.9271838545667874,-4.1,6.5,212
2026-05-01 01:00:00,29.95041458999999,7.9,5.1,42,0.0,70,0.0,0.0,0,1,4,5,121,0,1,0,0.6691306063588582,0.7431448254773942,-3.0,7.1,212
2026-05-01 02:00:00,32.69434226916666,7.1,5.8,54,0.0,75,0.0,0.0,0,2,4,5,121,0,1,0,0.8090169943749475,0.5877852522924731,-2.3000000000000007,7.9,212
2026-05-01 03:00:00,34.214880958333325,6.2,6.2,64,0.0,81,0.0,0.0,0,3,4,5,121,0,1,0,0.8987940462991669,0.43837114678907746,-2.3,8.8,212
2026-05-01 04:00:00,34.13981927166666,5.8,5.9,79,0.0,84,0.0,0.0,0,4,4,5,121,0,1,0,0.981627183447664,0.19080899537654492,-2.1000000000000005,9.2,212
2026-05-01 05:00:00,34.73920332333332,5.3,5.8,99,0.0,86,0.0,0.0,0,5,4,5,121,0,1,0,0.9876883405951378,-0.1564344650402308,-1.7999999999999998,9.7,212
2026-05-01 06:00:00,33.69007798833332,5.2,5.9,117,1.0,87,0.0,0.0,0,6,4,5,121,0,1,0,0.8910065241883679,-0.45399049973954675,-1.0,9.8,212
2026-05-01 07:00:00,32.11182409583333,7.2,7.8,148,55.0,82,0.0,0.0,0,7,4,5,121,0,1,0,0.529919264233205,-0.848048096156426,1.4000000000000004,7.8,212
2026-05-01 08:00:00,30.736800076666658,10.6,7.6,162,183.0,72,0.0,0.0,0,8,4,5,121,0,1,0,0.3090169943749475,-0.9510565162951535,5.3,4.4,212
2026-05-01 09:00:00,29.18611664666666,13.8,5.5,161,334.0,63,0.0,0.0,0,9,4,5,121,0,1,0,0.3255681544571566,-0.9455185755993168,8.600000000000001,1.1999999999999993,212
2026-05-01 10:00:00,28.46178886666666,16.2,7.8,173,483.0,50,0.0,0.0,0,10,4,5,121,0,1,0,0.12186934340514755,-0.992546151641322,9.0,0.0,212
2026-05-01 11:00:00,29.01044152916666,17.7,9.9,189,613.0,43,0.0,0.0,0,11,4,5,121,0,1,0,-0.15643446504023073,-0.9876883405951378,7.1,0.0,212
2026-05-01 12:00:00,28.06157445166666,18.6,9.6,193,711.0,41,0.0,0.0,0,12,4,5,121,0,1,0,-0.22495105434386498,-0.9743700647852352,4.800000000000001,0.0,212
2026-05-01 13:00:00,27.18762624416666,19.4,9.1,190,769.0,40,0.0,0.0,0,13,4,5,121,0,1,0,-0.17364817766693047,-0.984807753012208,3.1999999999999993,0.0,212
2026-05-01 14:00:00,26.011196937499996,20.5,8.6,165,783.0,39,0.0,0.0,0,14,4,5,121,0,1,0,0.258819045102521,-0.9659258262890682,2.8000000000000007,0.0,212
2026-05-01 15:00:00,26.657221947499995,20.8,9.4,154,751.0,39,0.0,0.0,0,15,4,5,121,0,1,0,0.4383711467890773,-0.898794046299167,2.1999999999999993,0.0,212
2026-05-01 16:00:00,27.071769070833327,20.9,10.1,145,678.0,39,0.0,0.0,0,16,4,5,121,0,1,0,0.5735764363510459,-0.8191520442889919,1.5,0.0,212
2026-05-01 17:00:00,27.86107608166666,20.6,11.5,136,568.0,41,0.0,0.0,0,17,4,5,121,0,1,0,0.6946583704589971,-0.7193398003386513,0.10000000000000142,0.0,212
2026-05-01 18:00:00,29.51201487166666,19.5,14.0,123,431.0,45,0.0,0.0,0,18,4,5,121,0,1,0,0.838670567945424,-0.5446390350150272,-1.3000000000000007,0.0,212
2026-05-01 19:00:00,30.11514005499999,17.6,13.1,117,281.0,53,0.0,0.0,0,19,4,5,121,0,1,0,0.8910065241883679,-0.45399049973954675,-3.299999999999997,0.0,212
2026-05-01 20:00:00,27.68689363583333,16.4,11.4,105,135.0,57,0.0,0.0,0,20,4,5,121,0,1,0,0.9659258262890683,-0.25881904510252085,-4.200000000000003,0.0,212
2026-05-01 21:00:00,26.26425136166666,14.6,11.8,116,25.0,56,0.0,0.0,0,21,4,5,121,0,1,0,0.8987940462991669,-0.4383711467890775,-4.9,0.40000000000000036,212
2026-05-01 22:00:00,25.012504549166664,13.9,13.5,131,0.0,56,0.0,0.0,0,22,4,5,121,0,1,0,0.7547095802227721,-0.6560590289905072,-3.700000000000001,1.0999999999999996,212
2026-05-01 23:00:00,24.26481095916666,13.9,14.2,144,0.0,56,0.0,0.0,0,23,4,5,121,0,1,0,0.5877852522924732,-0.8090169943749473,-2.4999999999999982,1.0999999999999996,212
2026-05-02 00:00:00,24.11151398416666,13.6,14.1,155,0.0,56,0.0,0.0,0,0,5,5,122,1,0,0,0.4226182617406995,-0.9063077870366499,-1.0,1.4000000000000004,213
2026-05-02 01:00:00,24.525079239999993,13.3,13.9,166,0.0,56,0.0,0.0,0,1,5,5,122,1,0,0,0.24192189559966773,-0.9702957262759965,-0.5999999999999996,1.6999999999999993,213
2026-05-02 02:00:00,25.06634411666666,12.7,14.7,172,0.0,59,0.0,0.0,0,2,5,5,122,1,0,0,0.13917310096006533,-0.9902680687415704,-1.200000000000001,2.3000000000000007,213
2026-05-02 03:00:00,27.01308694666666,12.5,14.9,178,0.0,58,0.0,0.0,0,3,5,5,122,1,0,0,0.03489949670250114,-0.9993908270190958,-1.0999999999999996,2.5,213
2026-05-02 04:00:00,29.587667648333333,12.2,15.1,181,0.0,59,0.0,0.0,0,4,5,5,122,1,0,0,-0.017452406437283637,-0.9998476951563913,-1.1000000000000014,2.8000000000000007,213
2026-05-02 05:00:00,28.83758941583333,11.9,15.5,185,0.0,59,0.0,0.0,0,5,5,5,122,1,0,0,-0.08715574274765794,-0.9961946980917455,-0.7999999999999989,3.0999999999999996,213
2026-05-02 06:00:00,29.914693000833328,11.2,14.7,188,1.0,63,0.0,0.0,0,6,5,5,122,1,0,0,-0.13917310096006552,-0.9902680687415703,-1.3000000000000007,3.8000000000000007,213
2026-05-02 07:00:00,29.41240977083333,11.6,14.8,189,58.0,64,0.0,0.0,0,7,5,5,122,1,0,0,-0.15643446504023073,-0.9876883405951378,-0.5999999999999996,3.4000000000000004,213
2026-05-02 08:00:00,26.885751561666662,14.1,15.0,190,188.0,61,0.0,0.0,0,8,5,5,122,1,0,0,-0.17364817766693047,-0.984807753012208,2.1999999999999993,0.9000000000000004,213
2026-05-02 09:00:00,27.33674540416666,16.0,12.9,193,340.0,57,0.0,0.0,0,9,5,5,122,1,0,0,-0.22495105434386498,-0.9743700647852352,4.800000000000001,0.0,213
2026-05-02 10:00:00,24.250209432499993,18.0,12.7,196,488.0,54,0.0,0.0,0,10,5,5,122,1,0,0,-0.275637355816999,-0.9612616959383189,6.4,0.0,213
2026-05-02 11:00:00,23.83481315166666,19.8,13.1,198,617.0,50,0.0,0.0,0,11,5,5,122,1,0,0,-0.3090169943749473,-0.9510565162951536,5.700000000000001,0.0,213
2026-05-02 12:00:00,24.94022819916666,21.2,14.0,206,714.0,45,0.0,0.0,0,12,5,5,122,1,0,0,-0.43837114678907746,-0.8987940462991669,5.199999999999999,0.0,213
2026-05-02 13:00:00,24.835766049166665,22.0,14.9,217,771.0,42,0.0,0.0,0,13,5,5,122,1,0,0,-0.6018150231520484,-0.7986355100472928,4.0,0.0,213
2026-05-02 14:00:00,24.714092379166654,23.6,17.1,223,786.0,30,0.0,0.0,0,14,5,5,122,1,0,0,-0.6819983600624984,-0.7313537016191706,3.8000000000000007,0.0,213
2026-05-02 15:00:00,24.61279429916666,23.4,18.9,227,758.0,29,0.0,0.0,9,15,5,5,122,1,0,0,-0.7313537016191703,-0.6819983600624986,2.1999999999999993,0.0,213
2026-05-02 16:00:00,25.86401124916666,23.4,20.5,232,674.0,26,0.0,0.0,43,16,5,5,122,1,0,0,-0.7880107536067221,-0.6156614753256581,1.3999999999999986,0.0,213
2026-05-02 17:00:00,26.189100232499992,21.5,20.2,254,508.0,35,0.0,0.0,44,17,5,5,122,1,0,0,-0.961261695938319,-0.2756373558169989,-2.1000000000000014,0.0,213
2026-05-02 18:00:00,24.964140797499994,20.1,11.9,267,340.0,44,0.0,0.0,46,18,5,5,122,1,0,0,-0.9986295347545738,-0.052335956242944306,-3.299999999999997,0.0,213
2026-05-02 19:00:00,24.915593284166658,19.0,13.9,274,255.0,53,0.0,0.0,100,19,5,5,122,1,0,0,-0.9975640502598243,0.06975647374412522,-4.399999999999999,0.0,213
2026-05-02 20:00:00,24.690276617499993,17.4,12.3,280,100.0,64,0.0,0.0,100,20,5,5,122,1,0,0,-0.9848077530122081,0.17364817766692997,-4.100000000000001,0.0,213
2026-05-02 21:00:00,25.31615166249999,15.6,10.7,262,19.0,71,0.0,0.0,100,21,5,5,122,1,0,0,-0.9902680687415703,-0.13917310096006583,-4.500000000000002,0.0,213
2026-05-02 22:00:00,25.36740627999999,15.4,8.9,257,0.0,74,0.0,0.0,45,22,5,5,122,1,0,0,-0.9743700647852351,-0.22495105434386525,-3.5999999999999996,0.0,213
2026-05-02 23:00:00,23.99191987999999,13.6,10.3,243,0.0,83,0.0,0.0,5,23,5,5,122,1,0,0,-0.8910065241883678,-0.45399049973954697,-3.799999999999999,1.4000000000000004,213
2026-05-03 00:00:00,24.31731393999999,12.2,10.0,250,0.0,88,0.0,0.0,0,0,6,5,123,1,0,0,-0.9396926207859084,-0.34202014332566855,-3.4000000000000004,2.8000000000000007,214
2026-05-03 01:00:00,25.268171599999995,10.9,9.3,248,0.0,94,0.0,0.0,0,1,6,5,123,1,0,0,-0.9271838545667873,-0.3746065934159123,-4.5,4.1,214
2026-05-03 02:00:00,24.839656932499995,10.1,9.0,239,0.0,98,0.0,0.0,95,2,6,5,123,1,0,0,-0.8571673007021121,-0.5150380749100544,-3.5,4.9,214
2026-05-03 03:00:00,25.96183560666666,9.6,8.3,246,0.0,100,0.0,0.0,100,3,6,5,123,1,0,0,-0.913545457642601,-0.4067366430758001,-2.5999999999999996,5.4,214
2026-05-03 04:00:00,25.16272475916666,9.8,7.6,265,0.0,100,0.0,0.0,100,4,6,5,123,1,0,0,-0.9961946980917455,-0.08715574274765825,-1.0999999999999996,5.199999999999999,214
2026-05-03 05:00:00,27.187363410833328,9.6,7.3,306,0.0,99,0.0,0.0,100,5,6,5,123,1,0,0,-0.8090169943749476,0.5877852522924729,-0.5,5.4,214
2026-05-03 06:00:00,28.913400335833327,9.4,4.0,309,1.0,100,0.0,0.0,100,6,6,5,123,1,0,0,-0.7771459614569708,0.6293203910498375,-0.1999999999999993,5.6,214
2026-05-03 07:00:00,30.387339850833325,9.6,0.9,90,26.0,99,0.0,0.0,100,7,6,5,123,1,0,0,1.0,6.123233995736766e-17,-0.20000000000000107,5.4,214
2026-05-03 08:00:00,31.213471095,9.6,0.6,124,80.0,99,0.0,0.0,100,8,6,5,123,1,0,0,0.8290375725550417,-0.5591929034707467,0.0,5.4,214
2026-05-03 09:00:00,29.261503692499996,11.9,0.9,217,230.0,86,0.0,0.0,100,9,6,5,123,1,0,0,-0.6018150231520484,-0.7986355100472928,2.5,3.0999999999999996,214
2026-05-03 10:00:00,27.03586540333333,11.7,3.2,344,102.0,94,0.0,0.0,100,10,6,5,123,1,0,0,-0.27563735581699894,0.9612616959383189,2.0999999999999996,3.3000000000000007,214
2026-05-03 11:00:00,25.910993732499993,12.1,3.3,61,110.0,92,0.0,0.0,99,11,6,5,123,1,0,0,0.8746197071393957,0.4848096202463371,2.5,2.9000000000000004,214
2026-05-03 12:00:00,25.01060958416666,14.2,3.2,87,413.0,80,0.0,0.0,100,12,6,5,123,1,0,0,0.9986295347545738,0.052335956242943966,2.299999999999999,0.8000000000000007,214
2026-05-03 13:00:00,24.670144486783727,16.7,3.9,118,676.0,70,0.0,0.0,98,13,6,5,123,1,0,0,0.8829475928589269,-0.4694715627858909,5.0,0.0,214
2026-05-03 14:00:00,24.617107415429235,15.4,5.9,104,543.0,78,0.0,0.0,100,14,6,5,123,1,0,0,0.9702957262759965,-0.24192189559966779,3.3000000000000007,0.0,214
2026-05-03 15:00:00,24.238919674074747,15.7,5.8,92,281.0,78,0.0,0.0,100,15,6,5,123,1,0,0,0.9993908270190958,-0.034899496702500955,1.5,0.0,214
2026-05-03 16:00:00,26.186033272720255,16.1,6.8,132,353.0,78,0.0,0.0,100,16,6,5,123,1,0,0,0.7431448254773942,-0.6691306063588582,-0.5999999999999979,0.0,214
2026-05-03 17:00:00,28.408158461365765,16.1,6.0,129,248.0,82,0.0,0.0,100,17,6,5,123,1,0,0,0.777145961456971,-0.6293203910498373,0.7000000000000011,0.0,214
2026-05-03 18:00:00,29.233004402511273,15.9,7.5,110,196.0,83,0.0,0.0,100,18,6,5,123,1,0,0,0.9396926207859084,-0.3420201433256687,0.20000000000000107,0.0,214
2026-05-03 19:00:00,27.829500833656788,14.6,8.5,107,56.0,89,0.0,0.0,100,19,6,5,123,1,0,0,0.9563047559630355,-0.29237170472273666,-1.5000000000000018,0.40000000000000036,214
2026-05-03 20:00:00,26.176188499802297,13.6,1.7,302,45.0,95,0.0,0.0,100,20,6,5,123,1,0,0,-0.8480480961564262,0.5299192642332047,-2.5000000000000018,1.4000000000000004,214
2026-05-03 21:00:00,25.347963090947797,13.2,6.1,113,3.0,97,0.0,0.0,100,21,6,5,123,1,0,0,0.9205048534524403,-0.39073112848927377,-2.700000000000001,1.8000000000000007,214
2026-05-03 22:00:00,23.89479852959331,13.1,3.4,164,0.0,96,0.0,0.0,100,22,6,5,123,1,0,0,0.2756373558169992,-0.9612616959383189,-1.5,1.9000000000000004,214
2026-05-03 23:00:00,23.616975873238815,12.9,4.2,192,0.0,97,0.0,0.0,100,23,6,5,123,1,0,0,-0.2079116908177595,-0.9781476007338056,-0.6999999999999993,2.0999999999999996,214
2026-05-04 00:00:00,23.23902572688433,12.9,14.5,238,0.0,96,0.0,0.0,100,0,0,5,124,0,0,0,-0.848048096156426,-0.529919264233205,-0.29999999999999893,2.0999999999999996,215
2026-05-04 01:00:00,23.747848123029833,12.4,16.1,236,0.0,98,0.0,0.0,100,1,0,5,124,0,0,0,-0.8290375725550418,-0.5591929034707466,-0.6999999999999993,2.5999999999999996,215
2026-05-04 02:00:00,24.78960134667535,11.8,20.9,236,0.0,99,0.0,0.0,100,2,0,5,124,0,0,0,-0.8290375725550418,-0.5591929034707466,-1.0999999999999996,3.1999999999999993,215
2026-05-04 03:00:00,25.829514657820855,11.4,21.7,236,0.0,98,0.0,0.0,100,3,0,5,124,0,0,0,-0.8290375725550418,-0.5591929034707466,-1.5,3.5999999999999996,215
2026-05-04 04:00:00,29.25387381896637,11.0,20.2,247,0.0,98,0.0,0.0,100,4,0,5,124,0,0,0,-0.9205048534524403,-0.3907311284892738,-1.4000000000000004,4.0,215
2026-05-04 05:00:00,32.55225904011188,10.6,16.0,295,0.0,96,0.0,0.0,95,5,0,5,124,0,0,0,-0.9063077870366498,0.4226182617406996,-1.200000000000001,4.4,215
2026-05-04 06:00:00,32.89843468792405,9.1,14.3,297,1.0,96,0.0,0.0,73,6,0,5,124,0,0,0,-0.8910065241883679,0.45399049973954664,-2.3000000000000007,5.9,215
2026-05-04 07:00:00,33.70687009378788,8.4,12.2,294,55.0,93,0.0,0.0,13,7,0,5,124,0,0,0,-0.9135454576426011,0.40673664307579976,-2.5999999999999996,6.6,215
2026-05-04 08:00:00,31.911643456341988,9.1,12.1,287,179.0,90,0.0,0.0,9,8,0,5,124,0,0,0,-0.9563047559630354,0.2923717047227367,-1.5,5.9,215
2026-05-04 09:00:00,29.473025556666663,10.1,13.1,283,328.0,81,0.0,0.0,26,9,0,5,124,0,0,0,-0.9743700647852352,0.22495105434386492,1.0,4.9,215
2026-05-04 10:00:00,29.661403499166667,11.4,14.7,276,460.0,73,0.0,0.0,24,10,0,5,124,0,0,0,-0.9945218953682734,0.10452846326765299,3.0,3.5999999999999996,215
2026-05-04 11:00:00,28.637843556666663,12.4,14.8,271,593.0,69,0.0,0.0,23,11,0,5,124,0,0,0,-0.9998476951563913,0.01745240643728313,3.3000000000000007,2.5999999999999996,215
2026-05-04 12:00:00,28.361377421666667,12.7,16.1,281,674.0,66,0.0,0.0,59,12,0,5,124,0,0,0,-0.9816271834476639,0.1908089953765451,2.5999999999999996,2.3000000000000007,215
2026-05-04 13:00:00,27.737159746666663,12.8,14.8,279,669.0,65,0.0,0.0,7,13,0,5,124,0,0,0,-0.9876883405951378,0.15643446504023067,1.4000000000000004,2.1999999999999993,215
2026-05-04 14:00:00,27.08739734166666,13.6,14.9,278,754.0,59,0.0,0.0,3,14,0,5,124,0,0,0,-0.9902680687415704,0.13917310096006547,1.1999999999999993,1.4000000000000004,215
2026-05-04 15:00:00,27.536761110833332,13.4,14.3,280,740.0,61,0.0,0.0,7,15,0,5,124,0,0,0,-0.9848077530122081,0.17364817766692997,0.7000000000000011,1.5999999999999996,215
2026-05-04 16:00:00,28.561710634166666,13.2,13.4,282,668.0,62,0.0,0.0,6,16,0,5,124,0,0,0,-0.9781476007338056,0.20791169081775945,0.3999999999999986,1.8000000000000007,215
2026-05-04 17:00:00,28.53809853666666,12.9,13.1,283,553.0,61,0.0,0.0,3,17,0,5,124,0,0,0,-0.9743700647852352,0.22495105434386492,-0.6999999999999993,2.0999999999999996,215
2026-05-04 18:00:00,28.71486105583333,12.2,13.1,289,427.0,60,0.0,0.0,2,18,0,5,124,0,0,0,-0.945518575599317,0.3255681544571563,-1.200000000000001,2.8000000000000007,215
2026-05-04 19:00:00,30.0669220175,11.1,11.9,295,283.0,62,0.0,0.0,1,19,0,5,124,0,0,0,-0.9063077870366498,0.4226182617406996,-2.0999999999999996,3.9000000000000004,215
2026-05-04 20:00:00,29.062796816666665,10.5,10.9,297,140.0,66,0.0,0.0,0,20,0,5,124,0,0,0,-0.8910065241883679,0.45399049973954664,-2.4000000000000004,4.5,215
2026-05-04 21:00:00,28.013533161666665,8.7,10.1,297,30.0,73,0.0,0.0,2,21,0,5,124,0,0,0,-0.8910065241883679,0.45399049973954664,-3.5,6.300000000000001,215
2026-05-04 22:00:00,26.338599804166662,7.5,9.7,301,0.0,79,0.0,0.0,2,22,0,5,124,0,0,0,-0.8571673007021123,0.5150380749100542,-3.5999999999999996,7.5,215
2026-05-04 23:00:00,26.28817676916666,6.8,9.7,309,0.0,83,0.0,0.0,3,23,0,5,124,0,0,0,-0.7771459614569708,0.6293203910498375,-3.7,8.2,215
2026-05-05 00:00:00,25.588666446666664,6.2,9.1,321,0.0,86,0.0,0.0,38,0,1,5,125,0,0,0,-0.6293203910498378,0.7771459614569706,-2.499999999999999,8.8,216
2026-05-05 01:00:00,26.57387144166666,5.7,7.5,325,0.0,89,0.0,0.0,16,1,1,5,125,0,0,0,-0.5735764363510465,0.8191520442889916,-1.7999999999999998,9.3,216
2026-05-05 02:00:00,27.218708096666663,5.2,8.8,327,0.0,91,0.0,0.0,80,2,1,5,125,0,0,0,-0.544639035015027,0.838670567945424,-1.5999999999999996,9.8,216
2026-05-05 03:00:00,28.84903762333333,4.9,10.3,335,0.0,91,0.0,0.0,99,3,1,5,125,0,0,0,-0.4226182617406992,0.90630778703665,-1.2999999999999998,10.1,216
2026-05-05 04:00:00,33.01515416249999,4.8,8.9,347,0.0,91,0.0,0.0,84,4,1,5,125,0,0,0,-0.22495105434386534,0.9743700647852351,-0.9000000000000004,10.2,216
2026-05-05 05:00:00,36.040294920833325,5.2,8.0,355,0.0,88,0.0,0.0,91,5,1,5,125,0,0,0,-0.08715574274765832,0.9961946980917455,0.0,9.8,216
2026-05-05 06:00:00,33.28994180583332,5.2,10.1,350,2.0,88,0.0,0.0,19,6,1,5,125,0,0,0,-0.1736481776669304,0.984807753012208,0.2999999999999998,9.8,216
2026-05-05 07:00:00,31.21390160333333,5.5,9.7,350,57.0,88,0.0,0.0,13,7,1,5,125,0,0,0,-0.1736481776669304,0.984807753012208,0.7000000000000002,9.5,216
2026-05-05 08:00:00,28.939373895833334,7.2,7.9,4,193.0,83,0.0,0.0,7,8,1,5,125,0,0,0,0.0697564737441253,0.9975640502598242,2.0,7.8,216
2026-05-05 09:00:00,27.785275991666666,9.1,11.4,15,344.0,75,0.0,0.0,45,9,1,5,125,0,0,0,0.25881904510252074,0.9659258262890683,3.8999999999999995,5.9,216
2026-05-05 10:00:00,27.438454929166664,10.4,12.7,18,455.0,69,0.0,0.0,45,10,1,5,125,0,0,0,0.3090169943749474,0.9510565162951535,4.9,4.6,216
2026-05-05 11:00:00,27.139376334166663,11.3,10.8,21,505.0,63,0.0,0.0,99,11,1,5,125,0,0,0,0.35836794954530027,0.9335804264972017,4.1000000000000005,3.6999999999999993,216
2026-05-05 12:00:00,26.063289771666664,12.0,9.1,27,480.0,59,0.0,0.0,100,12,1,5,125,0,0,0,0.4539904997395468,0.8910065241883679,2.9000000000000004,3.0,216
2026-05-05 13:00:00,25.213941709166654,12.4,7.9,33,455.0,58,0.0,0.0,97,13,1,5,125,0,0,0,0.5446390350150271,0.838670567945424,2.0,2.5999999999999996,216
2026-05-05 14:00:00,25.137791401666657,13.4,8.4,34,523.0,55,0.0,0.0,100,14,1,5,125,0,0,0,0.5591929034707469,0.8290375725550417,2.0999999999999996,1.5999999999999996,216
2026-05-05 15:00:00,25.136693249166655,14.1,9.1,32,643.0,52,0.0,0.0,56,15,1,5,125,0,0,0,0.5299192642332049,0.848048096156426,2.0999999999999996,0.9000000000000004,216
2026-05-05 16:00:00,25.836116646666664,14.1,10.9,39,603.0,51,0.0,0.0,41,16,1,5,125,0,0,0,0.6293203910498374,0.7771459614569709,1.6999999999999993,0.9000000000000004,216
2026-05-05 17:00:00,27.11119198166666,13.7,11.3,44,509.0,46,0.0,0.0,42,17,1,5,125,0,0,0,0.6946583704589973,0.7193398003386512,0.29999999999999893,1.3000000000000007,216
2026-05-05 18:00:00,28.01727093666666,13.4,10.2,48,376.0,43,0.0,0.0,44,18,1,5,125,0,0,0,0.7431448254773942,0.6691306063588582,-0.6999999999999993,1.5999999999999996,216
2026-05-05 19:00:00,29.36591452666666,12.9,9.0,68,223.0,48,0.0,0.0,16,19,1,5,125,0,0,0,0.9271838545667874,0.37460659341591196,-1.1999999999999993,2.0999999999999996,216
2026-05-05 20:00:00,28.814741039166663,11.9,8.2,99,135.0,64,0.0,0.0,34,20,1,5,125,0,0,0,0.9876883405951378,-0.1564344650402308,-1.799999999999999,3.0999999999999996,216
2026-05-05 21:00:00,27.21356793166666,9.7,5.1,80,30.0,77,0.0,0.0,32,21,1,5,125,0,0,0,0.984807753012208,0.17364817766693041,-3.700000000000001,5.300000000000001,216
2026-05-05 22:00:00,26.413654856666664,8.7,6.0,53,0.0,80,0.0,0.0,7,22,1,5,125,0,0,0,0.7986355100472928,0.6018150231520483,-4.200000000000001,6.300000000000001,216
2026-05-05 23:00:00,25.939952936666664,8.1,7.7,51,0.0,79,0.0,0.0,12,23,1,5,125,0,0,0,0.7771459614569709,0.6293203910498374,-3.8000000000000007,6.9,216
2026-05-06 00:00:00,26.014222766666663,7.5,8.6,59,0.0,72,0.0,0.0,48,0,2,5,126,0,0,0,0.8571673007021123,0.5150380749100542,-2.1999999999999993,7.5,217
2026-05-06 01:00:00,26.198222401666666,6.8,9.9,45,0.0,68,0.0,0.0,100,1,2,5,126,0,0,0,0.7071067811865475,0.7071067811865476,-1.8999999999999995,8.2,217
2026-05-06 02:00:00,27.242746126666663,6.2,9.3,32,0.0,77,0.0,0.0,100,2,2,5,126,0,0,0,0.5299192642332049,0.848048096156426,-1.8999999999999995,8.8,217
2026-05-06 03:00:00,29.190004711666663,5.8,10.5,35,0.0,81,0.0,0.0,98,3,2,5,126,0,0,0,0.573576436351046,0.8191520442889918,-1.7000000000000002,9.2,217
2026-05-06 04:00:00,33.08964709999999,5.5,12.6,31,0.0,86,0.0,0.0,95,4,2,5,126,0,0,0,0.5150380749100542,0.8571673007021123,-1.2999999999999998,9.5,217
2026-05-06 05:00:00,34.291352508333325,5.4,13.5,31,0.0,90,0.0,0.0,98,5,2,5,126,0,0,0,0.5150380749100542,0.8571673007021123,-0.7999999999999998,9.6,217
2026-05-06 06:00:00,33.01511855333332,5.4,13.2,38,3.0,91,0.0,0.0,95,6,2,5,126,0,0,0,0.6156614753256583,0.7880107536067219,-0.39999999999999947,9.6,217
2026-05-06 07:00:00,30.88950428333333,6.7,13.9,40,58.0,88,0.0,0.0,91,7,2,5,126,0,0,0,0.6427876096865393,0.766044443118978,1.2000000000000002,8.3,217
2026-05-06 08:00:00,29.61222124333333,8.7,12.7,45,182.0,79,0.0,0.0,100,8,2,5,126,0,0,0,0.7071067811865475,0.7071067811865476,3.299999999999999,6.300000000000001,217
2026-05-06 09:00:00,27.948578979166665,10.1,14.7,53,318.0,63,0.0,0.0,95,9,2,5,126,0,0,0,0.7986355100472928,0.6018150231520483,4.699999999999999,4.9,217
2026-05-06 10:00:00,26.762982636666663,11.2,15.0,52,468.0,53,0.0,0.0,100,10,2,5,126,0,0,0,0.788010753606722,0.6156614753256583,4.499999999999999,3.8000000000000007,217
2026-05-06 11:00:00,26.46022833333333,12.1,15.3,50,547.0,50,0.0,0.0,100,11,2,5,126,0,0,0,0.766044443118978,0.6427876096865394,3.4000000000000004,2.9000000000000004,217
2026-05-06 12:00:00,26.11017038333333,12.5,15.3,42,599.0,53,0.0,0.0,100,12,2,5,126,0,0,0,0.6691306063588582,0.7431448254773942,2.4000000000000004,2.5,217
2026-05-06 13:00:00,25.785068131666662,12.8,15.7,38,575.0,54,0.0,0.0,100,13,2,5,126,0,0,0,0.6156614753256583,0.7880107536067219,1.6000000000000014,2.1999999999999993,217
2026-05-06 14:00:00,25.226886493939393,13.5,14.5,37,608.0,48,0.0,0.0,100,14,2,5,126,0,0,0,0.6018150231520483,0.7986355100472928,1.4000000000000004,1.5,217
2026-05-06 15:00:00,25.576456740303023,13.8,15.3,38,603.0,46,0.0,0.0,100,15,2,5,126,0,0,0,0.6156614753256583,0.7880107536067219,1.3000000000000007,1.1999999999999993,217
2026-05-06 16:00:00,27.0143118590909,13.7,16.1,42,531.0,45,0.0,0.0,100,16,2,5,126,0,0,0,0.6691306063588582,0.7431448254773942,0.8999999999999986,1.3000000000000007,217
2026-05-06 17:00:00,28.27680479037878,13.5,14.8,50,451.0,46,0.0,0.0,100,17,2,5,126,0,0,0,0.766044443118978,0.6427876096865394,0.0,1.5,217
2026-05-06 18:00:00,30.96574151583333,13.1,13.6,58,354.0,47,0.0,0.0,100,18,2,5,126,0,0,0,0.848048096156426,0.5299192642332049,-0.7000000000000011,1.9000000000000004,217
2026-05-06 19:00:00,31.24988120045454,12.6,13.4,66,253.0,50,0.0,0.0,100,19,2,5,126,0,0,0,0.9135454576426009,0.4067366430758002,-1.0999999999999996,2.4000000000000004,217
2026-05-06 20:00:00,29.76206055257575,11.6,12.7,72,121.0,60,0.0,0.0,100,20,2,5,126,0,0,0,0.9510565162951535,0.30901699437494745,-1.9000000000000004,3.4000000000000004,217
2026-05-06 21:00:00,28.1995954580303,10.1,11.4,74,28.0,66,0.0,0.0,100,21,2,5,126,0,0,0,0.9612616959383189,0.27563735581699916,-3.0,4.9,217
2026-05-06 22:00:00,27.51193398265151,8.9,10.3,112,0.0,80,0.0,0.0,100,22,2,5,126,0,0,0,0.9271838545667874,-0.37460659341591207,-3.6999999999999993,6.1,217
2026-05-06 23:00:00,26.900556099772725,8.1,10.7,107,0.0,81,0.0,0.0,100,23,2,5,126,0,0,0,0.9563047559630355,-0.29237170472273666,-3.5,6.9,217
2026-05-07 00:00:00,27.3122522185606,7.5,9.9,93,0.0,81,0.0,0.0,96,0,3,5,127,0,0,0,0.9986295347545738,-0.05233595624294384,-2.5999999999999996,7.5,218
2026-05-07 01:00:00,27.742132393181816,6.9,10.6,88,0.0,83,0.0,0.0,34,1,3,5,127,0,0,0,0.9993908270190958,0.03489949670250108,-2.0,8.1,218
2026-05-07 02:00:00,28.867028867803025,5.9,9.3,82,0.0,90,0.0,0.0,1,2,3,5,127,0,0,0,0.9902680687415704,0.13917310096006547,-2.1999999999999993,9.1,218
2026-05-07 03:00:00,30.524522392424235,5.7,9.2,84,0.0,92,0.0,0.0,0,3,3,5,127,0,0,0,0.9945218953682733,0.10452846326765346,-1.7999999999999998,9.3,218
2026-05-07 04:00:00,35.28669286204545,5.3,8.8,81,0.0,92,0.0,0.0,0,4,3,5,127,0,0,0,0.9876883405951378,0.15643446504023092,-1.6000000000000005,9.7,218
2026-05-07 05:00:00,36.84992633416666,4.8,7.3,83,0.0,93,0.0,0.0,3,5,3,5,127,0,0,0,0.992546151641322,0.12186934340514749,-1.1000000000000005,10.2,218
2026-05-07 06:00:00,34.21295736128787,4.2,5.4,70,4.0,95,0.0,0.0,5,6,3,5,127,0,0,0,0.9396926207859083,0.3420201433256688,-1.5,10.8,218
2026-05-07 07:00:00,32.039866470833324,5.9,7.3,40,73.0,92,0.0,0.0,13,7,3,5,127,0,0,0,0.6427876096865393,0.766044443118978,0.6000000000000005,9.1,218
2026-05-07 08:00:00,29.787518656666663,7.9,5.9,76,203.0,84,0.0,0.0,0,8,3,5,127,0,0,0,0.9702957262759965,0.24192189559966767,3.1000000000000005,7.1,218
2026-05-07 09:00:00,28.63616880166666,9.6,7.8,85,357.0,75,0.0,0.0,0,9,3,5,127,0,0,0,0.9961946980917455,0.08715574274765814,5.3999999999999995,5.4,218
2026-05-07 10:00:00,27.213252104166667,10.8,8.8,90,505.0,66,0.0,0.0,0,10,3,5,127,0,0,0,1.0,6.123233995736766e-17,4.9,4.199999999999999,218
2026-05-07 11:00:00,25.538107229166663,11.8,9.7,92,629.0,59,0.0,0.0,0,11,3,5,127,0,0,0,0.9993908270190958,-0.034899496702500955,3.9000000000000004,3.1999999999999993,218
2026-05-07 12:00:00,26.436557066666666,12.6,10.0,96,713.0,52,0.0,0.0,0,12,3,5,127,0,0,0,0.9945218953682733,-0.10452846326765355,3.0,2.4000000000000004,218
2026-05-07 13:00:00,24.97165438999999,13.2,10.8,101,771.0,48,0.0,0.0,0,13,3,5,127,0,0,0,0.981627183447664,-0.1908089953765448,2.3999999999999986,1.8000000000000007,218
2026-05-07 14:00:00,25.43959364666666,13.7,11.7,104,776.0,43,0.0,0.0,9,14,3,5,127,0,0,0,0.9702957262759965,-0.24192189559966779,1.8999999999999986,1.3000000000000007,218
2026-05-07 15:00:00,25.13814611583333,14.0,11.0,111,700.0,44,0.0,0.0,8,15,3,5,127,0,0,0,0.9335804264972017,-0.35836794954530027,1.4000000000000004,1.0,218
2026-05-07 16:00:00,25.58716843916666,14.1,10.6,113,648.0,44,0.0,0.0,10,16,3,5,127,0,0,0,0.9205048534524403,-0.39073112848927377,0.9000000000000004,0.9000000000000004,218
2026-05-07 17:00:00,26.82576369416666,13.9,10.3,115,540.0,44,0.0,0.0,27,17,3,5,127,0,0,0,0.90630778703665,-0.42261826174069933,0.20000000000000107,1.0999999999999996,218
2026-05-07 18:00:00,29.08838416999999,13.5,9.8,120,413.0,46,0.0,0.0,1,18,3,5,127,0,0,0,0.8660254037844387,-0.49999999999999983,-0.5,1.5,218
2026-05-07 19:00:00,29.21731607749999,12.9,8.4,125,283.0,48,0.0,0.0,5,19,3,5,127,0,0,0,0.8191520442889917,-0.5735764363510462,-1.1999999999999993,2.0999999999999996,218
2026-05-07 20:00:00,27.966340839166666,12.1,5.7,114,145.0,57,0.0,0.0,3,20,3,5,127,0,0,0,0.9135454576426009,-0.40673664307580026,-1.8000000000000007,2.9000000000000004,218
2026-05-07 21:00:00,27.39021538999999,9.9,5.6,117,37.0,69,0.0,0.0,1,21,3,5,127,0,0,0,0.8910065241883679,-0.45399049973954675,-3.5999999999999996,5.1,218
2026-05-07 22:00:00,26.340436819166666,8.6,7.1,124,0.0,72,0.0,0.0,1,22,3,5,127,0,0,0,0.8290375725550417,-0.5591929034707467,-4.300000000000001,6.4,218
2026-05-07 23:00:00,26.566077166666663,7.9,8.1,121,0.0,68,0.0,0.0,2,23,3,5,127,0,0,0,0.8571673007021123,-0.5150380749100543,-4.199999999999999,7.1,218
2026-05-08 00:00:00,27.315787416666662,7.3,7.6,115,0.0,64,0.0,0.0,0,0,4,5,128,0,0,0,0.90630778703665,-0.42261826174069933,-2.6000000000000005,7.7,219
2026-05-08 01:00:00,26.87599820666666,6.7,6.6,135,0.0,67,0.0,0.0,3,1,4,5,128,0,0,0,0.7071067811865476,-0.7071067811865475,-1.8999999999999995,8.3,219
2026-05-08 02:00:00,27.34723397416666,6.8,5.0,111,0.0,69,0.0,0.0,53,2,4,5,128,0,0,0,0.9335804264972017,-0.35836794954530027,-1.1000000000000005,8.2,219
2026-05-08 03:00:00,28.491116512499993,5.2,5.6,107,0.0,77,0.0,0.0,7,3,4,5,128,0,0,0,0.9563047559630355,-0.29237170472273666,-2.0999999999999996,9.8,219
2026-05-08 04:00:00,32.541503558333325,5.7,6.6,112,0.0,77,0.0,0.0,16,4,4,5,128,0,0,0,0.9271838545667874,-0.37460659341591207,-1.0,9.3,219
2026-05-08 05:00:00,33.39169936916665,5.8,7.2,104,0.0,80,0.0,0.0,18,5,4,5,128,0,0,0,0.9702957262759965,-0.24192189559966779,-1.0,9.2,219
2026-05-08 06:00:00,32.290793670833324,5.9,7.4,91,4.0,86,0.0,0.0,31,6,4,5,128,0,0,0,0.9998476951563913,-0.017452406437283477,0.7000000000000002,9.1,219
2026-05-08 07:00:00,30.391799103333337,7.6,8.5,95,72.0,87,0.0,0.0,24,7,4,5,128,0,0,0,0.9961946980917455,-0.08715574274765824,1.8999999999999995,7.4,219
2026-05-08 08:00:00,27.923697586666663,10.2,6.5,95,201.0,80,0.0,0.0,20,8,4,5,128,0,0,0,0.9961946980917455,-0.08715574274765824,4.3999999999999995,4.800000000000001,219
2026-05-08 09:00:00,27.538425954166662,12.1,8.4,99,352.0,64,0.0,0.0,0,9,4,5,128,0,0,0,0.9876883405951378,-0.1564344650402308,6.199999999999999,2.9000000000000004,219
2026-05-08 10:00:00,26.212391546666662,13.2,11.1,97,503.0,56,0.0,0.0,2,10,4,5,128,0,0,0,0.9925461516413221,-0.12186934340514737,5.6,1.8000000000000007,219
2026-05-08 11:00:00,25.363567931666665,13.9,13.0,92,609.0,49,0.0,0.0,24,11,4,5,128,0,0,0,0.9993908270190958,-0.034899496702500955,3.700000000000001,1.0999999999999996,219
2026-05-08 12:00:00,24.91616615,14.3,14.1,97,661.0,47,0.0,0.0,2,12,4,5,128,0,0,0,0.9925461516413221,-0.12186934340514737,2.200000000000001,0.6999999999999993,219
2026-05-08 13:00:00,24.637575308333325,14.6,15.0,100,756.0,43,0.0,0.0,0,13,4,5,128,0,0,0,0.984807753012208,-0.1736481776669303,1.4000000000000004,0.40000000000000036,219
2026-05-08 14:00:00,24.42276104499999,14.4,17.7,105,769.0,41,0.0,0.0,0,14,4,5,128,0,0,0,0.9659258262890683,-0.25881904510252085,0.5,0.5999999999999996,219
2026-05-08 15:00:00,24.91295076416666,14.3,17.3,109,774.0,38,0.0,0.0,29,15,4,5,128,0,0,0,0.9455185755993168,-0.32556815445715664,0.0,0.6999999999999993,219
2026-05-08 16:00:00,25.787681296666666,13.9,17.2,108,710.0,38,0.0,0.0,0,16,4,5,128,0,0,0,0.9510565162951536,-0.30901699437494734,-0.6999999999999993,1.0999999999999996,219
2026-05-08 17:00:00,27.040017520833327,13.6,17.1,101,602.0,37,0.0,0.0,0,17,4,5,128,0,0,0,0.981627183447664,-0.1908089953765448,-0.8000000000000007,1.4000000000000004,219
2026-05-08 18:00:00,28.21485198333333,13.1,17.4,96,464.0,36,0.0,0.0,0,18,4,5,128,0,0,0,0.9945218953682733,-0.10452846326765355,-1.200000000000001,1.9000000000000004,219
2026-05-08 19:00:00,29.46666292083333,12.3,15.7,96,314.0,38,0.0,0.0,0,19,4,5,128,0,0,0,0.9945218953682733,-0.10452846326765355,-1.5999999999999996,2.6999999999999993,219
2026-05-08 20:00:00,29.11964650666666,11.2,12.0,104,164.0,47,0.0,0.0,0,20,4,5,128,0,0,0,0.9702957262759965,-0.24192189559966779,-2.4000000000000004,3.8000000000000007,219
2026-05-08 21:00:00,27.589967424166662,9.4,9.5,100,42.0,57,0.0,0.0,0,21,4,5,128,0,0,0,0.984807753012208,-0.1736481776669303,-3.6999999999999993,5.6,219
2026-05-08 22:00:00,26.464037326666663,8.9,12.4,103,0.0,61,0.0,0.0,0,22,4,5,128,0,0,0,0.9743700647852352,-0.22495105434386503,-3.4000000000000004,6.1,219
2026-05-08 23:00:00,25.96350418666666,8.9,13.4,95,0.0,59,0.0,0.0,1,23,4,5,128,0,0,0,0.9961946980917455,-0.08715574274765824,-2.299999999999999,6.1,219
2026-05-09 00:00:00,26.116734899166666,8.4,13.0,95,0.0,60,0.0,0.0,0,0,5,5,129,1,0,0,0.9961946980917455,-0.08715574274765824,-1.0,6.6,220
2026-05-09 01:00:00,26.67651685916666,7.8,12.8,101,0.0,68,0.0,0.0,0,1,5,5,129,1,0,0,0.981627183447664,-0.1908089953765448,-1.1000000000000005,7.2,220
2026-05-09 02:00:00,26.471486799166662,7.2,13.1,103,0.0,81,0.0,0.0,0,2,5,5,129,1,0,0,0.9743700647852352,-0.22495105434386503,-1.7000000000000002,7.8,220
2026-05-09 03:00:00,28.841436456666663,6.7,11.8,103,0.0,89,0.0,0.0,0,3,5,5,129,1,0,0,0.9743700647852352,-0.22495105434386503,-1.7000000000000002,8.3,220
2026-05-09 04:00:00,30.71626260666666,6.3,10.6,104,0.0,91,0.0,0.0,0,4,5,5,129,1,0,0,0.9702957262759965,-0.24192189559966779,-1.5,8.7,220
2026-05-09 05:00:00,31.151757346666663,5.9,9.8,97,0.0,91,0.0,0.0,0,5,5,5,129,1,0,0,0.9925461516413221,-0.12186934340514737,-1.2999999999999998,9.1,220
2026-05-09 06:00:00,31.563646623333327,5.8,10.3,94,5.0,91,0.0,0.0,0,6,5,5,129,1,0,0,0.9975640502598242,-0.06975647374412533,-0.9000000000000004,9.2,220
2026-05-09 07:00:00,31.51606313833333,7.1,11.2,91,81.0,86,0.0,0.0,1,7,5,5,129,1,0,0,0.9998476951563913,-0.017452406437283477,0.7999999999999998,7.9,220
2026-05-09 08:00:00,30.34035820666666,9.2,11.5,89,218.0,75,0.0,0.0,2,8,5,5,129,1,0,0,0.9998476951563913,0.0174524064372836,3.299999999999999,5.800000000000001,220
2026-05-09 09:00:00,28.889170611666664,10.6,12.3,95,372.0,65,0.0,0.0,16,9,5,5,129,1,0,0,0.9961946980917455,-0.08715574274765824,4.8,4.4,220
2026-05-09 10:00:00,28.039098174166664,11.8,12.3,95,520.0,56,0.0,0.0,8,10,5,5,129,1,0,0,0.9961946980917455,-0.08715574274765824,4.700000000000001,3.1999999999999993,220
2026-05-09 11:00:00,27.337043007499993,12.7,12.5,96,646.0,48,0.0,0.0,45,11,5,5,129,1,0,0,0.9945218953682733,-0.10452846326765355,3.5,2.3000000000000007,220
2026-05-09 12:00:00,26.338543912499997,13.4,14.1,97,739.0,44,0.0,0.0,100,12,5,5,129,1,0,0,0.9925461516413221,-0.12186934340514737,2.8000000000000007,1.5999999999999996,220
2026-05-09 13:00:00,25.13826079666666,13.8,15.4,97,789.0,41,0.0,0.0,98,13,5,5,129,1,0,0,0.9925461516413221,-0.12186934340514737,2.0,1.1999999999999993,220
2026-05-09 14:00:00,24.987550909166664,14.2,16.2,98,780.0,42,0.0,0.0,100,14,5,5,129,1,0,0,0.9902680687415704,-0.13917310096006535,1.5,0.8000000000000007,220
2026-05-09 15:00:00,25.06249875416666,14.1,16.2,99,737.0,45,0.0,0.0,100,15,5,5,129,1,0,0,0.9876883405951378,-0.1564344650402308,0.6999999999999993,0.9000000000000004,220
2026-05-09 16:00:00,25.51229882666666,14.3,15.7,96,685.0,43,0.0,0.0,47,16,5,5,129,1,0,0,0.9945218953682733,-0.10452846326765355,0.5,0.6999999999999993,220
2026-05-09 17:00:00,26.664161539166656,14.4,13.7,95,590.0,44,0.0,0.0,13,17,5,5,129,1,0,0,0.9961946980917455,-0.08715574274765824,0.20000000000000107,0.5999999999999996,220
2026-05-09 18:00:00,27.84040494666666,14.1,11.1,98,453.0,48,0.0,0.0,32,18,5,5,129,1,0,0,0.9902680687415704,-0.13917310096006535,0.0,0.9000000000000004,220
2026-05-09 19:00:00,27.893742866666663,13.6,9.2,97,301.0,51,0.0,0.0,4,19,5,5,129,1,0,0,0.9925461516413221,-0.12186934340514737,-0.7000000000000011,1.4000000000000004,220
2026-05-09 20:00:00,27.21437465583333,12.8,10.8,105,160.0,54,0.0,0.0,13,20,5,5,129,1,0,0,0.9659258262890683,-0.25881904510252085,-1.5999999999999996,2.1999999999999993,220
2026-05-09 21:00:00,25.91537017666666,11.1,6.2,111,40.0,63,0.0,0.0,80,21,5,5,129,1,0,0,0.9335804264972017,-0.35836794954530027,-3.0,3.9000000000000004,220
2026-05-09 22:00:00,24.66552084666666,11.3,8.3,96,0.0,66,0.0,0.0,74,22,5,5,129,1,0,0,0.9945218953682733,-0.10452846326765355,-2.299999999999999,3.6999999999999993,220
2026-05-09 23:00:00,24.19049766666666,11.1,7.6,93,0.0,68,0.0,0.0,99,23,5,5,129,1,0,0,0.9986295347545738,-0.05233595624294384,-1.700000000000001,3.9000000000000004,220
2026-05-10 00:00:00,24.165381766666655,11.2,9.1,73,0.0,67,0.0,0.0,41,0,6,5,130,1,0,0,0.9563047559630354,0.29237170472273677,0.09999999999999964,3.8000000000000007,221
2026-05-10 01:00:00,24.17772801416666,9.7,9.1,82,0.0,77,0.0,0.0,83,1,6,5,130,1,0,0,0.9902680687415704,0.13917310096006547,-1.6000000000000014,5.300000000000001,221
2026-05-10 02:00:00,24.346220229166654,9.2,7.0,108,0.0,82,0.0,0.0,100,2,6,5,130,1,0,0,0.9510565162951536,-0.30901699437494734,-1.9000000000000004,5.800000000000001,221
2026-05-10 03:00:00,25.089886294166664,8.8,4.7,106,0.0,84,0.0,0.0,84,3,6,5,130,1,0,0,0.9612616959383189,-0.27563735581699905,-2.3999999999999986,6.199999999999999,221
2026-05-10 04:00:00,26.340946779166664,8.4,2.4,107,0.0,88,0.0,0.0,100,4,6,5,130,1,0,0,0.9563047559630355,-0.29237170472273666,-1.299999999999999,6.6,221
2026-05-10 05:00:00,27.617215504166666,9.1,5.0,154,0.0,83,0.0,0.0,100,5,6,5,130,1,0,0,0.4383711467890773,-0.898794046299167,-0.09999999999999964,5.9,221
2026-05-10 06:00:00,29.19534564333333,9.3,5.7,208,2.0,81,0.0,0.0,100,6,6,5,130,1,0,0,-0.46947156278589086,-0.8829475928589269,0.5,5.699999999999999,221
2026-05-10 07:00:00,30.941022573333328,9.9,6.8,270,28.0,79,0.0,0.0,100,7,6,5,130,1,0,0,-1.0,-1.8369701987210297e-16,1.5,5.1,221
2026-05-10 08:00:00,30.74202137166666,10.4,3.8,335,55.0,79,0.0,0.0,100,8,6,5,130,1,0,0,-0.4226182617406992,0.90630778703665,1.3000000000000007,4.6,221
2026-05-10 09:00:00,30.18856793166666,11.7,3.4,328,128.0,73,0.0,0.0,100,9,6,5,130,1,0,0,-0.529919264233205,0.8480480961564258,2.3999999999999986,3.3000000000000007,221
2026-05-10 10:00:00,29.35040150666666,12.1,5.0,341,132.0,72,0.0,0.0,100,10,6,5,130,1,0,0,-0.3255681544571567,0.9455185755993168,2.1999999999999993,2.9000000000000004,221
2026-05-10 11:00:00,27.54810958416666,13.0,6.7,351,229.0,64,0.0,0.0,100,11,6,5,130,1,0,0,-0.15643446504023112,0.9876883405951377,2.5999999999999996,2.0,221
2026-05-10 12:00:00,26.96273924666666,13.9,7.2,347,375.0,55,0.0,0.0,99,12,6,5,130,1,0,0,-0.22495105434386534,0.9743700647852351,2.200000000000001,1.0999999999999996,221
2026-05-10 13:00:00,28.11326369416666,14.5,6.8,331,359.0,53,0.0,0.0,88,13,6,5,130,1,0,0,-0.4848096202463369,0.8746197071393959,2.4000000000000004,0.5,221
2026-05-10 14:00:00,26.763724396666664,15.6,5.4,326,563.0,47,0.0,0.0,47,14,6,5,130,1,0,0,-0.5591929034707466,0.8290375725550418,2.5999999999999996,0.0,221
2026-05-10 15:00:00,26.389529901666663,16.5,5.8,296,666.0,42,0.0,0.0,73,15,6,5,130,1,0,0,-0.898794046299167,0.4383711467890774,2.5999999999999996,0.0,221
2026-05-10 16:00:00,26.375633306666664,15.1,13.2,331,458.0,48,0.0,0.0,95,16,6,5,130,1,0,0,-0.4848096202463369,0.8746197071393959,0.5999999999999996,0.0,221
2026-05-10 17:00:00,28.364706649166656,13.6,13.7,358,269.0,55,0.0,0.0,34,17,6,5,130,1,0,0,-0.034899496702500823,0.9993908270190958,-2.0,1.4000000000000004,221
2026-05-10 18:00:00,29.315847044999995,14.4,7.4,319,379.0,51,0.0,0.0,23,18,6,5,130,1,0,0,-0.6560590289905074,0.7547095802227719,-2.0999999999999996,0.5999999999999996,221
2026-05-10 19:00:00,28.86611155666666,13.6,12.5,313,294.0,50,0.0,0.0,46,19,6,5,130,1,0,0,-0.7313537016191703,0.6819983600624987,-1.5,1.4000000000000004,221
2026-05-10 20:00:00,29.141324293333327,12.0,16.3,319,135.0,50,0.0,0.0,44,20,6,5,130,1,0,0,-0.6560590289905074,0.7547095802227719,-1.5999999999999996,3.0,221
2026-05-10 21:00:00,29.16642860333333,9.8,15.5,329,37.0,52,0.0,0.0,20,21,6,5,130,1,0,0,-0.5150380749100545,0.8571673007021121,-4.6,5.199999999999999,221
2026-05-10 22:00:00,28.888694012499997,8.2,13.4,331,0.0,55,0.0,0.0,37,22,6,5,130,1,0,0,-0.4848096202463369,0.8746197071393959,-5.4,6.800000000000001,221
2026-05-10 23:00:00,29.440680209166665,6.9,13.8,334,0.0,59,0.0,0.0,42,23,6,5,130,1,0,0,-0.4383711467890778,0.8987940462991668,-5.1,8.1,221
2026-05-11 00:00:00,31.415344099166663,6.2,13.5,337,0.0,63,0.0,0.0,96,0,0,5,131,0,0,0,-0.3907311284892739,0.9205048534524403,-3.6000000000000005,8.8,222
2026-05-11 01:00:00,32.225724622499996,5.6,12.5,342,0.0,65,0.0,0.0,99,1,0,5,131,0,0,0,-0.3090169943749477,0.9510565162951535,-2.5999999999999996,9.4,222
2026-05-11 02:00:00,32.945651939166666,4.2,11.8,343,0.0,73,0.0,0.0,77,2,0,5,131,0,0,0,-0.29237170472273716,0.9563047559630353,-2.7,10.8,222
2026-05-11 03:00:00,35.142028005833325,3.3,10.3,353,0.0,76,0.0,0.0,99,3,0,5,131,0,0,0,-0.12186934340514723,0.9925461516413221,-2.9000000000000004,11.7,222
2026-05-11 04:00:00,39.366607868333325,3.3,10.7,355,0.0,75,0.0,0.0,85,4,0,5,131,0,0,0,-0.08715574274765832,0.9961946980917455,-2.3,11.7,222
2026-05-11 05:00:00,37.70257741833332,3.0,9.6,357,0.0,76,0.0,0.0,36,5,0,5,131,0,0,0,-0.05233595624294437,0.9986295347545738,-1.2000000000000002,12.0,222
2026-05-11 06:00:00,36.54273049916665,2.7,9.4,352,7.0,79,0.0,0.0,100,6,0,5,131,0,0,0,-0.13917310096006588,0.9902680687415703,-0.5999999999999996,12.3,222
2026-05-11 07:00:00,34.79239644749999,4.0,9.2,343,77.0,77,0.0,0.0,100,7,0,5,131,0,0,0,-0.29237170472273716,0.9563047559630353,0.7000000000000002,11.0,222
2026-05-11 08:00:00,34.09318784499999,5.9,9.0,359,167.0,72,0.0,0.0,100,8,0,5,131,0,0,0,-0.01745240643728356,0.9998476951563913,2.9000000000000004,9.1,222
2026-05-11 09:00:00,33.79118773083332,6.9,7.9,11,201.0,67,0.0,0.0,100,9,0,5,131,0,0,0,0.1908089953765448,0.981627183447664,4.2,8.1,222
2026-05-11 10:00:00,32.58986067583332,8.1,6.9,7,329.0,60,0.0,0.0,100,10,0,5,131,0,0,0,0.12186934340514748,0.992546151641322,4.1,6.9,222
2026-05-11 11:00:00,30.814180143333324,8.9,6.5,346,367.0,57,0.0,0.0,100,11,0,5,131,0,0,0,-0.24192189559966787,0.9702957262759965,3.0,6.1,222
2026-05-11 12:00:00,29.665258013333325,9.6,5.1,318,390.0,54,0.0,0.0,100,12,0,5,131,0,0,0,-0.6691306063588581,0.7431448254773944,2.6999999999999993,5.4,222
2026-05-11 13:00:00,28.08889329083333,10.5,5.8,290,485.0,52,0.0,0.0,100,13,0,5,131,0,0,0,-0.9396926207859083,0.342020143325669,2.4000000000000004,4.5,222
2026-05-11 14:00:00,27.43914247583333,10.4,8.2,289,553.0,50,0.0,0.0,100,14,0,5,131,0,0,0,-0.945518575599317,0.3255681544571563,1.5,4.6,222
2026-05-11 15:00:00,28.84256152583333,11.2,9.0,275,444.0,43,0.0,0.0,83,15,0,5,131,0,0,0,-0.9961946980917455,0.08715574274765789,1.5999999999999996,3.8000000000000007,222
2026-05-11 16:00:00,32.165725349999995,12.4,10.7,256,615.0,40,0.0,0.0,98,16,0,5,131,0,0,0,-0.9702957262759965,-0.24192189559966779,1.9000000000000004,2.5999999999999996,222
2026-05-11 17:00:00,33.540412419999996,11.6,14.6,256,456.0,48,0.0,0.0,98,17,0,5,131,0,0,0,-0.9702957262759965,-0.24192189559966779,1.1999999999999993,3.4000000000000004,222
2026-05-11 18:00:00,34.767343453333325,10.6,13.7,240,193.0,54,0.0,0.0,70,18,0,5,131,0,0,0,-0.8660254037844384,-0.5000000000000004,-0.5999999999999996,4.4,222
2026-05-11 19:00:00,33.79116165333332,10.2,8.9,227,184.0,56,0.0,0.0,99,19,0,5,131,0,0,0,-0.7313537016191703,-0.6819983600624986,-2.200000000000001,4.800000000000001,222
2026-05-11 20:00:00,32.267300370833325,9.4,6.7,243,77.0,62,0.0,0.0,99,20,0,5,131,0,0,0,-0.8910065241883678,-0.45399049973954697,-2.1999999999999993,5.6,222
2026-05-11 21:00:00,30.09140420416666,8.6,4.6,288,18.0,65,0.0,0.0,100,21,0,5,131,0,0,0,-0.9510565162951536,0.30901699437494723,-2.0,6.4,222
2026-05-11 22:00:00,28.440884712499997,7.9,6.3,325,0.0,77,0.0,0.0,100,22,0,5,131,0,0,0,-0.5735764363510465,0.8191520442889916,-2.299999999999999,7.1,222
2026-05-11 23:00:00,28.415176883333327,7.7,7.2,354,0.0,82,0.0,0.0,91,23,0,5,131,0,0,0,-0.10452846326765342,0.9945218953682733,-1.7000000000000002,7.3,222
2026-05-12 00:00:00,29.064626358333328,7.3,10.3,358,0.0,84,0.0,0.0,100,0,1,5,132,0,0,0,-0.034899496702500823,0.9993908270190958,-1.2999999999999998,7.7,223
2026-05-12 01:00:00,29.149946414166664,6.8,9.9,356,0.0,89,0.0,0.0,100,1,1,5,132,0,0,0,-0.06975647374412564,0.9975640502598242,-1.1000000000000005,8.2,223
2026-05-12 02:00:00,30.24695291666666,6.3,11.7,297,0.0,96,0.0,0.0,100,2,1,5,132,0,0,0,-0.8910065241883679,0.45399049973954664,-1.4000000000000004,8.7,223
2026-05-12 03:00:00,32.09192949083332,5.8,11.5,305,0.0,96,0.0,0.0,99,3,1,5,132,0,0,0,-0.8191520442889918,0.573576436351046,-1.5,9.2,223
2026-05-12 04:00:00,36.89394866833332,5.5,10.8,302,0.0,95,0.0,0.0,98,4,1,5,132,0,0,0,-0.8480480961564262,0.5299192642332047,-1.2999999999999998,9.5,223
2026-05-12 05:00:00,39.49394950749999,5.0,10.4,324,0.0,93,0.0,0.0,59,5,1,5,132,0,0,0,-0.5877852522924734,0.8090169943749473,-1.2999999999999998,10.0,223
2026-05-12 06:00:00,38.79442759499998,4.3,14.3,327,6.0,94,0.0,0.0,19,6,1,5,132,0,0,0,-0.544639035015027,0.838670567945424,-1.5,10.7,223
2026-05-12 07:00:00,35.44083675333332,4.8,12.1,319,88.0,94,0.0,0.0,29,7,1,5,132,0,0,0,-0.6560590289905074,0.7547095802227719,-0.7000000000000002,10.2,223
2026-05-12 08:00:00,31.639048156666664,6.5,12.4,309,194.0,90,0.0,0.0,7,8,1,5,132,0,0,0,-0.7771459614569708,0.6293203910498375,1.5,8.5,223
2026-05-12 09:00:00,30.41780857113268,8.3,14.6,315,370.0,79,0.0,0.0,2,9,1,5,132,0,0,0,-0.7071067811865477,0.7071067811865474,4.000000000000001,6.699999999999999,223
2026-05-12 10:00:00,30.171309596278313,9.9,15.6,320,521.0,65,0.0,0.0,10,10,1,5,132,0,0,0,-0.6427876096865396,0.7660444431189778,5.1000000000000005,5.1,223
2026-05-12 11:00:00,30.901236191423944,11.2,13.6,317,628.0,58,0.0,0.0,100,11,1,5,132,0,0,0,-0.6819983600624984,0.7313537016191707,4.699999999999999,3.8000000000000007,223
2026-05-12 12:00:00,32.66755052656957,11.1,13.2,299,355.0,59,0.0,0.0,100,12,1,5,132,0,0,0,-0.8746197071393956,0.4848096202463373,2.799999999999999,3.9000000000000004,223
2026-05-12 13:00:00,31.933708016715205,11.1,14.8,297,342.0,61,0.0,0.0,75,13,1,5,132,0,0,0,-0.8910065241883679,0.45399049973954664,1.1999999999999993,3.9000000000000004,223
2026-05-12 14:00:00,31.614948857694163,11.6,16.8,291,410.0,58,0.0,0.0,95,14,1,5,132,0,0,0,-0.9335804264972017,0.3583679495453004,0.40000000000000036,3.4000000000000004,223
2026-05-12 15:00:00,31.84223125450646,10.7,19.3,288,347.0,66,0.0,0.0,45,15,1,5,132,0,0,0,-0.9510565162951536,0.30901699437494723,-0.40000000000000036,4.300000000000001,223
2026-05-12 16:00:00,33.09629111715209,10.8,20.5,291,530.0,67,0.0,0.0,52,16,1,5,132,0,0,0,-0.9335804264972017,0.3583679495453004,-0.29999999999999893,4.199999999999999,223
2026-05-12 17:00:00,35.501213595631064,10.1,24.5,290,467.0,69,0.0,0.0,54,17,1,5,132,0,0,0,-0.9396926207859083,0.342020143325669,-1.5,4.9,223
2026-05-12 18:00:00,37.50555077911002,9.3,23.2,286,362.0,66,0.0,0.0,94,18,1,5,132,0,0,0,-0.9612616959383188,0.2756373558169994,-1.3999999999999986,5.699999999999999,223
2026-05-12 19:00:00,36.70834519425566,8.6,20.9,281,198.0,66,0.0,0.0,100,19,1,5,132,0,0,0,-0.9816271834476639,0.1908089953765451,-2.200000000000001,6.4,223
2026-05-12 20:00:00,34.82135310190128,8.2,18.5,271,98.0,64,0.0,0.0,100,20,1,5,132,0,0,0,-0.9998476951563913,0.01745240643728313,-1.9000000000000004,6.800000000000001,223
2026-05-12 21:00:00,31.990054597046917,7.5,15.0,267,21.0,69,0.0,0.0,99,21,1,5,132,0,0,0,-0.9986295347545738,-0.052335956242944306,-1.8000000000000007,7.5,223
2026-05-12 22:00:00,31.21571355469255,7.1,11.4,258,0.0,71,0.0,0.0,67,22,1,5,132,0,0,0,-0.9781476007338056,-0.2079116908177598,-1.5,7.9,223
2026-05-12 23:00:00,30.596804105671517,6.4,9.3,238,0.0,75,0.0,0.0,100,23,1,5,132,0,0,0,-0.848048096156426,-0.529919264233205,-1.799999999999999,8.6,223
2026-05-13 00:00:00,30.501171483317147,6.9,7.9,200,0.0,81,0.0,0.0,100,0,2,5,133,0,0,0,-0.34202014332566866,-0.9396926207859084,-0.5999999999999996,8.1,224
2026-05-13 01:00:00,31.46448634096278,7.1,9.6,184,0.0,86,0.0,0.0,100,1,2,5,133,0,0,0,-0.06975647374412527,-0.9975640502598242,0.0,7.9,224
2026-05-13 02:00:00,32.113785611108405,6.6,13.5,194,0.0,94,0.0,0.0,100,2,2,5,133,0,0,0,-0.2419218955996675,-0.9702957262759965,0.1999999999999993,8.4,224
2026-05-13 03:00:00,33.4386308304207,6.7,12.9,188,0.0,97,0.0,0.0,100,3,2,5,133,0,0,0,-0.13917310096006552,-0.9902680687415703,-0.20000000000000018,8.3,224
2026-05-13 04:00:00,36.352613137233,6.7,14.4,177,0.0,97,0.0,0.0,100,4,2,5,133,0,0,0,0.05233595624294381,-0.9986295347545738,-0.39999999999999947,8.3,224
2026-05-13 05:00:00,39.0560315440453,6.4,11.8,164,0.0,98,0.0,0.0,100,5,2,5,133,0,0,0,0.2756373558169992,-0.9612616959383189,-0.1999999999999993,8.6,224
2026-05-13 06:00:00,39.81599548252426,6.6,8.0,188,4.0,98,0.0,0.0,70,6,2,5,133,0,0,0,-0.13917310096006552,-0.9902680687415703,-0.10000000000000053,8.4,224
2026-05-13 07:00:00,39.70536399600322,6.8,8.6,239,80.0,97,0.0,0.0,37,7,2,5,133,0,0,0,-0.8571673007021121,-0.5150380749100544,0.09999999999999964,8.2,224
2026-05-13 08:00:00,37.733044189482186,7.6,11.0,312,206.0,95,0.0,0.0,59,8,2,5,133,0,0,0,-0.7431448254773946,0.6691306063588578,1.1999999999999993,7.4,224
2026-05-13 09:00:00,35.837463722127815,7.8,14.1,326,293.0,90,0.0,0.0,40,9,2,5,133,0,0,0,-0.5591929034707466,0.8290375725550418,1.2000000000000002,7.2,224
2026-05-13 10:00:00,33.43787210799351,9.2,14.4,314,489.0,78,0.0,0.0,51,10,2,5,133,0,0,0,-0.7193398003386512,0.6946583704589973,2.3999999999999995,5.800000000000001,224
2026-05-13 11:00:00,32.91846226833332,9.9,14.0,299,522.0,74,0.0,0.0,39,11,2,5,133,0,0,0,-0.8746197071393956,0.4848096202463373,2.3000000000000007,5.1,224
2026-05-13 12:00:00,31.016660023333326,10.9,14.6,297,644.0,68,0.0,0.0,50,12,2,5,133,0,0,0,-0.8910065241883679,0.45399049973954664,3.1000000000000005,4.1,224
2026-05-13 13:00:00,30.86486563166666,11.6,15.7,294,713.0,64,0.0,0.0,85,13,2,5,133,0,0,0,-0.9135454576426011,0.40673664307579976,2.4000000000000004,3.4000000000000004,224
2026-05-13 14:00:00,32.79035568916666,9.6,17.5,271,560.0,79,0.0,0.0,97,14,2,5,133,0,0,0,-0.9998476951563913,0.01745240643728313,-0.3000000000000007,5.4,224
2026-05-13 15:00:00,33.92002645916666,10.8,13.3,286,552.0,71,0.0,0.0,88,15,2,5,133,0,0,0,-0.9612616959383188,0.2756373558169994,-0.09999999999999964,4.199999999999999,224
2026-05-13 16:00:00,33.96652216249999,10.7,15.7,290,592.0,70,0.0,0.0,73,16,2,5,133,0,0,0,-0.9396926207859083,0.342020143325669,-0.9000000000000004,4.300000000000001,224
2026-05-13 17:00:00,34.466381404166654,11.1,13.7,287,548.0,65,0.0,0.0,40,17,2,5,133,0,0,0,-0.9563047559630354,0.2923717047227367,1.5,3.9000000000000004,224
2026-05-13 18:00:00,35.81612352666666,10.9,15.0,290,456.0,59,0.0,0.0,16,18,2,5,133,0,0,0,-0.9396926207859083,0.342020143325669,0.09999999999999964,4.1,224
2026-05-13 19:00:00,37.21721550416666,10.1,14.7,296,313.0,61,0.0,0.0,33,19,2,5,133,0,0,0,-0.898794046299167,0.4383711467890774,-0.5999999999999996,4.9,224
2026-05-13 20:00:00,36.12769678583332,9.4,11.7,291,172.0,65,0.0,0.0,18,20,2,5,133,0,0,0,-0.9335804264972017,0.3583679495453004,-1.6999999999999993,5.6,224
2026-05-13 21:00:00,35.04201557666665,7.8,8.8,289,54.0,73,0.0,0.0,23,21,2,5,133,0,0,0,-0.945518575599317,0.3255681544571563,-3.1000000000000005,7.2,224
2026-05-13 22:00:00,33.41983232666666,6.4,7.8,285,1.0,81,0.0,0.0,11,22,2,5,133,0,0,0,-0.9659258262890684,0.2588190451025203,-3.6999999999999993,8.6,224
2026-05-13 23:00:00,33.59092424833332,5.6,6.7,279,0.0,86,0.0,0.0,2,23,2,5,133,0,0,0,-0.9876883405951378,0.15643446504023067,-3.8000000000000007,9.4,224
2026-05-14 00:00:00,32.34410261583333,4.8,6.0,273,0.0,88,0.0,0.0,2,0,3,5,134,0,1,0,-0.9986295347545738,0.052335956242943946,-3.0,10.2,225
2026-05-14 01:00:00,32.60494384166666,4.4,6.1,284,0.0,90,0.0,0.0,2,1,3,5,134,0,1,0,-0.9702957262759966,0.24192189559966745,-2.0,10.6,225
2026-05-14 02:00:00,35.99771869583332,4.1,5.5,283,0.0,91,0.0,0.0,5,2,3,5,134,0,1,0,-0.9743700647852352,0.22495105434386492,-1.5,10.9,225
2026-05-14 03:00:00,38.21783351083332,3.5,5.4,270,0.0,92,0.0,0.0,5,3,3,5,134,0,1,0,-1.0,-1.8369701987210297e-16,-1.2999999999999998,11.5,225
2026-05-14 04:00:00,41.46775611749999,3.2,5.3,262,0.0,93,0.0,0.0,5,4,3,5,134,0,1,0,-0.9902680687415703,-0.13917310096006583,-1.2000000000000002,11.8,225
2026-05-14 05:00:00,40.867967255,3.1,5.5,257,0.0,93,0.0,0.0,2,5,3,5,134,0,1,0,-0.9743700647852351,-0.22495105434386525,-0.9999999999999996,11.9,225
2026-05-14 06:00:00,39.04485268833333,3.4,7.2,242,11.0,94,0.0,0.0,4,6,3,5,134,0,1,0,-0.882947592858927,-0.46947156278589075,-0.10000000000000009,11.6,225
2026-05-14 07:00:00,35.91764807083332,5.2,8.6,239,97.0,89,0.0,0.0,9,7,3,5,134,0,1,0,-0.8571673007021121,-0.5150380749100544,2.0,9.8,225
2026-05-14 08:00:00,35.34154991833332,7.6,8.2,261,229.0,81,0.0,0.0,3,8,3,5,134,0,1,0,-0.9876883405951377,-0.15643446504023104,4.5,7.4,225
2026-05-14 09:00:00,34.691886408333325,8.9,12.8,266,385.0,67,0.0,0.0,16,9,3,5,134,0,1,0,-0.9975640502598242,-0.06975647374412558,5.5,6.1,225
2026-05-14 10:00:00,33.293360016666654,9.8,14.5,265,487.0,61,0.0,0.0,25,10,3,5,134,0,1,0,-0.9961946980917455,-0.08715574274765825,4.6000000000000005,5.199999999999999,225
2026-05-14 11:00:00,33.59390848333332,10.3,15.5,267,551.0,58,0.0,0.0,30,11,3,5,134,0,1,0,-0.9986295347545738,-0.052335956242944306,2.700000000000001,4.699999999999999,225
2026-05-14 12:00:00,32.71860424583332,10.8,17.1,266,624.0,55,0.0,0.0,41,12,3,5,134,0,1,0,-0.9975640502598242,-0.06975647374412558,1.9000000000000004,4.199999999999999,225
2026-05-14 13:00:00,32.16690341333332,10.7,18.1,264,651.0,60,0.0,0.0,54,13,3,5,134,0,1,0,-0.9945218953682734,-0.10452846326765336,0.8999999999999986,4.300000000000001,225
2026-05-14 14:00:00,31.741931549166654,11.9,18.5,269,648.0,50,0.0,0.0,36,14,3,5,134,0,1,0,-0.9998476951563913,-0.017452406437283498,1.5999999999999996,3.0999999999999996,225
2026-05-14 15:00:00,31.146086944166655,11.4,19.8,267,695.0,52,0.0,0.0,36,15,3,5,134,0,1,0,-0.9986295347545738,-0.052335956242944306,0.5999999999999996,3.5999999999999996,225
2026-05-14 16:00:00,31.393852971666657,11.1,20.3,272,624.0,52,0.0,0.0,38,16,3,5,134,0,1,0,-0.9993908270190958,0.03489949670250128,0.40000000000000036,3.9000000000000004,225
2026-05-14 17:00:00,33.019634916666654,10.8,19.2,276,501.0,56,0.0,0.0,24,17,3,5,134,0,1,0,-0.9945218953682734,0.10452846326765299,-1.0999999999999996,4.199999999999999,225
2026-05-14 18:00:00,33.27045574833332,10.4,17.6,277,426.0,59,0.0,0.0,23,18,3,5,134,0,1,0,-0.992546151641322,0.12186934340514768,-1.0,4.6,225
2026-05-14 19:00:00,35.01941554583332,9.8,15.7,274,298.0,63,0.0,0.0,8,19,3,5,134,0,1,0,-0.9975640502598243,0.06975647374412522,-1.299999999999999,5.199999999999999,225
2026-05-14 20:00:00,34.994483866666656,9.1,13.5,260,176.0,67,0.0,0.0,11,20,3,5,134,0,1,0,-0.984807753012208,-0.17364817766693033,-1.700000000000001,5.9,225
2026-05-14 21:00:00,33.06901485166666,7.9,10.7,253,54.0,72,0.0,0.0,13,21,3,5,134,0,1,0,-0.9563047559630353,-0.2923717047227371,-2.5,7.1,225
2026-05-14 22:00:00,31.642664616666657,6.8,9.3,229,1.0,79,0.0,0.0,15,22,3,5,134,0,1,0,-0.754709580222772,-0.6560590289905073,-3.000000000000001,8.2,225
2026-05-14 23:00:00,31.54231691666666,6.2,10.0,221,0.0,83,0.0,0.0,8,23,3,5,134,0,1,0,-0.656059028990507,-0.7547095802227721,-2.8999999999999995,8.8,225
2026-05-15 00:00:00,31.891610306666657,5.7,9.8,215,0.0,85,0.0,0.0,13,0,4,5,135,0,0,0,-0.5735764363510462,-0.8191520442889918,-2.2,9.3,226
2026-05-15 01:00:00,32.777356754166654,5.4,11.5,212,0.0,86,0.0,0.0,22,1,4,5,135,0,0,0,-0.5299192642332048,-0.8480480961564261,-1.3999999999999995,9.6,226
2026-05-15 02:00:00,33.37289834083332,5.2,13.2,219,0.0,89,0.0,0.0,95,2,4,5,135,0,0,0,-0.6293203910498376,-0.7771459614569708,-1.0,9.8,226
2026-05-15 03:00:00,37.77827628583332,5.2,10.3,221,0.0,90,0.0,0.0,99,3,4,5,135,0,0,0,-0.656059028990507,-0.7547095802227721,-0.5,9.8,226
2026-05-15 04:00:00,40.99389941083332,4.8,11.4,192,0.0,92,0.0,0.0,94,4,4,5,135,0,0,0,-0.2079116908177595,-0.9781476007338056,-0.6000000000000005,10.2,226
2026-05-15 05:00:00,40.694682574999995,4.7,12.5,196,0.0,93,0.0,0.0,99,5,4,5,135,0,0,0,-0.275637355816999,-0.9612616959383189,-0.5,10.3,226
2026-05-15 06:00:00,40.382188369999994,4.9,13.6,195,9.0,93,0.0,0.0,99,6,4,5,135,0,0,0,-0.2588190451025208,-0.9659258262890683,-0.2999999999999998,10.1,226
2026-05-15 07:00:00,38.69387912833333,5.9,12.9,193,71.0,90,0.0,0.0,98,7,4,5,135,0,0,0,-0.22495105434386498,-0.9743700647852352,1.1000000000000005,9.1,226
2026-05-15 08:00:00,36.16540250833332,7.6,15.5,202,180.0,82,0.0,0.0,100,8,4,5,135,0,0,0,-0.374606593415912,-0.9271838545667874,2.8999999999999995,7.4,226
2026-05-15 09:00:00,34.61689883749999,7.9,19.1,214,307.0,79,0.0,0.0,99,9,4,5,135,0,0,0,-0.5591929034707467,-0.8290375725550418,3.0,7.1,226
2026-05-15 10:00:00,34.39231485833333,9.4,19.4,210,386.0,76,0.0,0.0,95,10,4,5,135,0,0,0,-0.5000000000000001,-0.8660254037844386,3.5,5.6,226
2026-05-15 11:00:00,33.89110370333332,10.6,21.3,213,543.0,67,0.0,0.0,100,11,4,5,135,0,0,0,-0.5446390350150271,-0.838670567945424,3.0,4.4,226
2026-05-15 12:00:00,31.991583009999992,9.4,21.6,216,339.0,73,0.0,0.0,93,12,4,5,135,0,0,0,-0.587785252292473,-0.8090169943749475,1.5,5.6,226
2026-05-15 13:00:00,31.742294575833327,9.4,23.9,215,636.0,74,0.0,0.0,80,13,4,5,135,0,0,0,-0.5735764363510462,-0.8191520442889918,0.0,5.6,226
2026-05-15 14:00:00,32.94115585833333,9.8,19.7,205,545.0,82,0.0,0.0,74,14,4,5,135,0,0,0,-0.4226182617406993,-0.90630778703665,-0.7999999999999989,5.199999999999999,226
2026-05-15 15:00:00,32.14679850999999,10.7,22.1,218,713.0,70,0.0,0.0,69,15,4,5,135,0,0,0,-0.6156614753256582,-0.788010753606722,1.299999999999999,4.300000000000001,226
2026-05-15 16:00:00,34.820794755833326,11.2,23.5,225,511.0,61,0.0,0.0,76,16,4,5,135,0,0,0,-0.7071067811865475,-0.7071067811865477,1.799999999999999,3.8000000000000007,226
2026-05-15 17:00:00,36.04515898416665,11.0,23.9,227,434.0,60,0.0,0.0,88,17,4,5,135,0,0,0,-0.7313537016191703,-0.6819983600624986,1.1999999999999993,4.0,226
2026-05-15 18:00:00,38.24312493916665,10.4,21.1,225,280.0,65,0.0,0.0,78,18,4,5,135,0,0,0,-0.7071067811865475,-0.7071067811865477,-0.29999999999999893,4.6,226
2026-05-15 19:00:00,37.56722503583333,10.2,22.2,228,258.0,67,0.0,0.0,73,19,4,5,135,0,0,0,-0.7431448254773944,-0.6691306063588581,-1.0,4.800000000000001,226
2026-05-15 20:00:00,35.641830975833315,8.2,18.7,224,126.0,85,0.0,0.0,100,20,4,5,135,0,0,0,-0.6946583704589974,-0.7193398003386511,-2.8000000000000007,6.800000000000001,226
2026-05-15 21:00:00,33.44235252583332,8.1,17.9,225,24.0,88,0.0,0.0,98,21,4,5,135,0,0,0,-0.7071067811865475,-0.7071067811865477,-2.3000000000000007,6.9,226
2026-05-15 22:00:00,31.466552815833328,7.4,15.3,224,1.0,92,0.0,0.0,89,22,4,5,135,0,0,0,-0.6946583704589974,-0.7193398003386511,-2.799999999999999,7.6,226
2026-05-15 23:00:00,31.367682001666655,7.1,14.8,219,0.0,93,0.0,0.0,96,23,4,5,135,0,0,0,-0.6293203910498376,-0.7771459614569708,-1.0999999999999996,7.9,226
2026-05-16 00:00:00,31.442174099999992,6.8,14.1,219,0.0,93,0.0,0.0,100,0,5,5,136,1,0,0,-0.6293203910498376,-0.7771459614569708,-1.2999999999999998,8.2,227
2026-05-16 01:00:00,31.177114583333328,6.8,15.3,222,0.0,93,0.0,0.0,100,1,5,5,136,1,0,0,-0.6691306063588582,-0.7431448254773942,-0.6000000000000005,8.2,227
2026-05-16 02:00:00,32.24712760583333,6.9,14.5,228,0.0,96,0.0,0.0,100,2,5,5,136,1,0,0,-0.7431448254773944,-0.6691306063588581,-0.1999999999999993,8.1,227
2026-05-16 03:00:00,33.84218157333332,6.6,15.5,223,0.0,97,0.0,0.0,99,3,5,5,136,1,0,0,-0.6819983600624984,-0.7313537016191706,-0.20000000000000018,8.4,227
2026-05-16 04:00:00,35.46834057333332,6.3,14.2,218,0.0,97,0.0,0.0,88,4,5,5,136,1,0,0,-0.6156614753256582,-0.788010753606722,-0.5,8.7,227
2026-05-16 05:00:00,37.643879128333325,6.1,13.6,206,0.0,97,0.0,0.0,100,5,5,5,136,1,0,0,-0.43837114678907746,-0.8987940462991669,-0.8000000000000007,8.9,227
2026-05-16 06:00:00,39.31822513249999,6.6,13.8,216,5.0,96,0.0,0.0,100,6,5,5,136,1,0,0,-0.587785252292473,-0.8090169943749475,0.0,8.4,227
2026-05-16 07:00:00,39.96836131499999,6.9,12.0,231,21.0,95,0.0,0.0,100,7,5,5,136,1,0,0,-0.7771459614569706,-0.6293203910498378,0.6000000000000005,8.1,227
2026-05-16 08:00:00,40.367538424999985,7.3,13.4,235,83.0,95,0.0,0.0,100,8,5,5,136,1,0,0,-0.8191520442889916,-0.5735764363510464,1.2000000000000002,7.7,227
2026-05-16 09:00:00,40.09100892499999,7.3,19.0,235,207.0,88,0.0,0.0,100,9,5,5,136,1,0,0,-0.8191520442889916,-0.5735764363510464,0.7000000000000002,7.7,227
2026-05-16 10:00:00,39.24083713333332,8.0,18.0,230,209.0,90,0.0,0.0,99,10,5,5,136,1,0,0,-0.7660444431189779,-0.6427876096865395,1.0999999999999996,7.0,227
2026-05-16 11:00:00,37.63898273333333,8.8,23.8,240,428.0,82,0.0,0.0,99,11,5,5,136,1,0,0,-0.8660254037844384,-0.5000000000000004,1.5000000000000009,6.199999999999999,227
2026-05-16 12:00:00,38.19245355833332,8.1,24.4,233,280.0,88,0.0,0.0,99,12,5,5,136,1,0,0,-0.7986355100472928,-0.6018150231520483,0.7999999999999998,6.9,227
2026-05-16 13:00:00,38.81770022583332,8.4,23.4,233,224.0,88,0.0,0.0,99,13,5,5,136,1,0,0,-0.7986355100472928,-0.6018150231520483,0.40000000000000036,6.6,227
2026-05-16 14:00:00,40.39174405083331,8.4,23.9,236,290.0,88,0.0,0.0,100,14,5,5,136,1,0,0,-0.8290375725550418,-0.5591929034707466,-0.40000000000000036,6.6,227
2026-05-16 15:00:00,39.697630551666656,8.7,27.5,240,166.0,88,0.0,0.0,98,15,5,5,136,1,0,0,-0.8660254037844384,-0.5000000000000004,0.5999999999999996,6.300000000000001,227
2026-05-16 16:00:00,41.37292114083331,8.4,23.2,240,182.0,87,0.0,0.0,98,16,5,5,136,1,0,0,-0.8660254037844384,-0.5000000000000004,0.0,6.6,227
2026-05-16 17:00:00,42.32153407749998,8.5,21.2,241,182.0,90,0.0,0.0,96,17,5,5,136,1,0,0,-0.874619707139396,-0.48480962024633684,0.09999999999999964,6.5,227
2026-05-16 18:00:00,42.34794515999998,8.9,21.8,240,209.0,91,0.0,0.0,84,18,5,5,136,1,0,0,-0.8660254037844384,-0.5000000000000004,0.20000000000000107,6.1,227
2026-05-16 19:00:00,41.995899524999984,8.3,23.9,244,214.0,91,0.0,0.0,91,19,5,5,136,1,0,0,-0.8987940462991668,-0.43837114678907774,-0.09999999999999964,6.699999999999999,227
2026-05-16 20:00:00,40.44301978999999,8.3,23.9,248,113.0,88,0.0,0.0,35,20,5,5,136,1,0,0,-0.9271838545667873,-0.3746065934159123,-0.1999999999999993,6.699999999999999,227
2026-05-16 21:00:00,37.99381576333331,7.8,19.5,250,51.0,86,0.0,0.0,20,21,5,5,136,1,0,0,-0.9396926207859084,-0.34202014332566855,-1.1000000000000005,7.2,227
2026-05-16 22:00:00,36.81913159083332,7.2,16.1,243,2.0,87,0.0,0.0,36,22,5,5,136,1,0,0,-0.8910065241883678,-0.45399049973954697,-1.1000000000000005,7.8,227
2026-05-16 23:00:00,36.34386791833332,6.9,14.4,240,0.0,86,0.0,0.0,14,23,5,5,136,1,0,0,-0.8660254037844384,-0.5000000000000004,-1.4000000000000004,8.1,227
2026-05-17 00:00:00,36.96598780333332,6.4,13.0,232,0.0,87,0.0,0.0,17,0,6,5,137,1,0,0,-0.7880107536067221,-0.6156614753256581,-1.3999999999999995,8.6,228
2026-05-17 01:00:00,37.37760098333331,5.8,11.6,228,0.0,87,0.0,0.0,9,1,6,5,137,1,0,0,-0.7431448254773944,-0.6691306063588581,-1.4000000000000004,9.2,228
2026-05-17 02:00:00,37.99683495833332,5.9,11.0,229,0.0,84,0.0,0.0,3,2,6,5,137,1,0,0,-0.754709580222772,-0.6560590289905073,-1.0,9.1,228
2026-05-17 03:00:00,38.94377893499998,5.2,9.7,219,0.0,86,0.0,0.0,10,3,6,5,137,1,0,0,-0.6293203910498376,-0.7771459614569708,-1.2000000000000002,9.8,228
2026-05-17 04:00:00,41.444870912499994,4.8,9.8,197,0.0,89,0.0,0.0,18,4,6,5,137,1,0,0,-0.29237170472273677,-0.9563047559630354,-1.0,10.2,228
2026-05-17 05:00:00,40.79435225999999,4.7,11.5,189,0.0,90,0.0,0.0,16,5,6,5,137,1,0,0,-0.15643446504023073,-0.9876883405951378,-1.2000000000000002,10.3,228
2026-05-17 06:00:00,38.817996229999984,5.6,13.4,187,14.0,89,0.0,0.0,21,6,6,5,137,1,0,0,-0.12186934340514731,-0.9925461516413221,0.39999999999999947,9.4,228
2026-05-17 07:00:00,38.94198995833332,6.8,11.4,175,95.0,88,0.0,0.0,11,7,6,5,137,1,0,0,0.0871557427476582,-0.9961946980917455,2.0,8.2,228
2026-05-17 08:00:00,36.890091636666654,8.2,10.5,167,231.0,84,0.0,0.0,27,8,6,5,137,1,0,0,0.2249510543438652,-0.9743700647852351,3.499999999999999,6.800000000000001,228
2026-05-17 09:00:00,35.58828397666666,9.9,12.4,178,373.0,78,0.0,0.0,23,9,6,5,137,1,0,0,0.03489949670250114,-0.9993908270190958,4.300000000000001,5.1,228
2026-05-17 10:00:00,34.15404038666665,11.4,15.5,185,527.0,65,0.0,0.0,37,10,6,5,137,1,0,0,-0.08715574274765794,-0.9961946980917455,4.6000000000000005,3.5999999999999996,228
2026-05-17 11:00:00,33.04133961999999,12.6,16.2,190,639.0,57,0.0,0.0,55,11,6,5,137,1,0,0,-0.17364817766693047,-0.984807753012208,4.4,2.4000000000000004,228
2026-05-17 12:00:00,33.18973318583332,13.8,15.7,189,739.0,54,0.0,0.0,93,12,6,5,137,1,0,0,-0.15643446504023073,-0.9876883405951378,3.9000000000000004,1.1999999999999993,228
2026-05-17 13:00:00,33.78729349083333,14.4,18.9,199,661.0,52,0.0,0.0,100,13,6,5,137,1,0,0,-0.32556815445715676,-0.9455185755993167,3.0,0.5999999999999996,228
2026-05-17 14:00:00,34.96328443583332,12.9,16.9,200,320.0,63,0.0,0.0,100,14,6,5,137,1,0,0,-0.34202014332566866,-0.9396926207859084,0.3000000000000007,2.0999999999999996,228
2026-05-17 15:00:00,35.26843039583333,12.9,16.3,200,279.0,66,0.0,0.0,99,15,6,5,137,1,0,0,-0.34202014332566866,-0.9396926207859084,-0.9000000000000004,2.0999999999999996,228
2026-05-17 16:00:00,36.59082844083332,13.6,17.4,206,310.0,62,0.0,0.0,100,16,6,5,137,1,0,0,-0.43837114678907746,-0.8987940462991669,-0.8000000000000007,1.4000000000000004,228
2026-05-17 17:00:00,38.11180960833332,12.4,11.6,195,138.0,76,0.0,0.0,100,17,6,5,137,1,0,0,-0.2588190451025208,-0.9659258262890683,-0.5,2.5999999999999996,228
2026-05-17 18:00:00,37.73689653333332,12.4,10.3,181,93.0,79,0.0,0.0,95,18,6,5,137,1,0,0,-0.017452406437283637,-0.9998476951563913,-0.5,2.5999999999999996,228
2026-05-17 19:00:00,37.13838005333333,12.6,8.4,173,113.0,78,0.0,0.0,100,19,6,5,137,1,0,0,0.12186934340514755,-0.992546151641322,-1.0,2.4000000000000004,228
2026-05-17 20:00:00,35.213243870833324,11.8,9.6,164,50.0,85,0.0,0.0,100,20,6,5,137,1,0,0,0.2756373558169992,-0.9612616959383189,-0.5999999999999996,3.1999999999999993,228
2026-05-17 21:00:00,32.087466501666654,11.4,9.7,138,22.0,88,0.0,0.0,95,21,6,5,137,1,0,0,0.6691306063588585,-0.743144825477394,-1.0,3.5999999999999996,228
2026-05-17 22:00:00,30.862946647499992,10.9,8.7,137,2.0,89,0.0,0.0,63,22,6,5,137,1,0,0,0.6819983600624986,-0.7313537016191705,-1.6999999999999993,4.1,228
2026-05-17 23:00:00,30.31178596916666,9.9,9.9,138,0.0,90,0.0,0.0,42,23,6,5,137,1,0,0,0.6691306063588585,-0.743144825477394,-1.9000000000000004,5.1,228
2026-05-18 00:00:00,29.98831005416666,9.4,12.1,143,0.0,88,0.0,0.0,13,0,0,5,138,0,0,0,0.6018150231520482,-0.7986355100472929,-2.0,5.6,229
2026-05-18 01:00:00,29.89840662249999,8.9,11.2,150,0.0,88,0.0,0.0,27,1,0,5,138,0,0,0,0.49999999999999994,-0.8660254037844387,-2.0,6.1,229
2026-05-18 02:00:00,30.39319318083333,9.9,12.4,146,0.0,82,0.0,0.0,29,2,0,5,138,0,0,0,0.5591929034707469,-0.8290375725550416,0.0,5.1,229
2026-05-18 03:00:00,32.61427538083332,9.1,9.8,149,0.0,87,0.0,0.0,47,3,0,5,138,0,0,0,0.5150380749100544,-0.8571673007021122,-0.3000000000000007,5.9,229
2026-05-18 04:00:00,36.51481683333333,8.2,5.5,167,0.0,90,0.0,0.0,66,4,0,5,138,0,0,0,0.2249510543438652,-0.9743700647852351,-0.7000000000000011,6.800000000000001,229
2026-05-18 05:00:00,38.88896412916666,8.4,9.0,137,0.0,88,0.0,0.0,71,5,0,5,138,0,0,0,0.6819983600624986,-0.7313537016191705,-1.5,6.6,229
2026-05-18 06:00:00,38.28654097999999,8.6,10.7,145,13.0,86,0.0,0.0,84,6,0,5,138,0,0,0,0.5735764363510459,-0.8191520442889919,-0.5,6.4,229
2026-05-18 07:00:00,35.98787878583332,10.1,11.9,142,83.0,81,0.0,0.0,94,7,0,5,138,0,0,0,0.6156614753256584,-0.7880107536067219,1.9000000000000004,4.9,229
2026-05-18 08:00:00,33.86251659833333,11.9,9.8,140,173.0,80,0.0,0.0,91,8,0,5,138,0,0,0,0.6427876096865395,-0.7660444431189779,3.5,3.0999999999999996,229
2026-05-18 09:00:00,32.588209100833325,12.7,11.3,137,268.0,79,0.0,0.0,41,9,0,5,138,0,0,0,0.6819983600624986,-0.7313537016191705,4.1,2.3000000000000007,229
2026-05-18 10:00:00,32.51754292166666,14.8,13.7,142,493.0,70,0.0,0.0,73,10,0,5,138,0,0,0,0.6156614753256584,-0.7880107536067219,4.700000000000001,0.1999999999999993,229
2026-05-18 11:00:00,32.13640639666666,15.9,18.5,158,553.0,62,0.0,0.0,98,11,0,5,138,0,0,0,0.37460659341591224,-0.9271838545667873,4.0,0.0,229
2026-05-18 12:00:00,30.963551385833327,16.8,18.9,166,655.0,57,0.0,0.0,91,12,0,5,138,0,0,0,0.24192189559966773,-0.9702957262759965,4.100000000000001,0.0,229
2026-05-18 13:00:00,30.963810941666654,17.0,16.2,156,550.0,56,0.0,0.0,48,13,0,5,138,0,0,0,0.40673664307580043,-0.9135454576426008,2.1999999999999993,0.0,229
2026-05-18 14:00:00,30.836655581666665,13.6,12.4,216,702.0,85,0.0,0.0,100,14,0,5,138,0,0,0,-0.587785252292473,-0.8090169943749475,-2.3000000000000007,1.4000000000000004,229
2026-05-18 15:00:00,33.817947732499995,12.9,12.6,131,339.0,92,0.0,0.0,100,15,0,5,138,0,0,0,0.7547095802227721,-0.6560590289905072,-3.9000000000000004,2.0999999999999996,229
2026-05-18 16:00:00,33.91557262166666,12.7,10.5,127,278.0,90,0.0,0.0,91,16,0,5,138,0,0,0,0.7986355100472927,-0.6018150231520484,-4.300000000000001,2.3000000000000007,229
2026-05-18 17:00:00,35.666462993333326,14.4,12.7,120,413.0,81,0.0,0.0,95,17,0,5,138,0,0,0,0.8660254037844387,-0.49999999999999983,0.8000000000000007,0.5999999999999996,229
2026-05-18 18:00:00,36.46756198499999,13.2,7.1,137,240.0,85,0.0,0.0,95,18,0,5,138,0,0,0,0.6819983600624986,-0.7313537016191705,0.29999999999999893,1.8000000000000007,229
2026-05-18 19:00:00,35.39307026666665,12.1,6.8,153,175.0,93,0.0,0.0,99,19,0,5,138,0,0,0,0.45399049973954686,-0.8910065241883678,-0.5999999999999996,2.9000000000000004,229
2026-05-18 20:00:00,33.57217106833332,11.8,7.9,243,43.0,95,0.0,0.0,100,20,0,5,138,0,0,0,-0.8910065241883678,-0.45399049973954697,-2.5999999999999996,3.1999999999999993,229
2026-05-18 21:00:00,31.266011363333323,11.1,4.5,331,11.0,97,0.0,0.0,98,21,0,5,138,0,0,0,-0.4848096202463369,0.8746197071393959,-2.0999999999999996,3.9000000000000004,229
2026-05-18 22:00:00,29.166491509166665,10.5,9.0,23,1.0,98,0.0,0.0,100,22,0,5,138,0,0,0,0.39073112848927377,0.9205048534524404,-1.5999999999999996,4.5,229
2026-05-18 23:00:00,28.715289046666665,10.6,9.8,50,0.0,96,0.0,0.0,98,23,0,5,138,0,0,0,0.766044443118978,0.6427876096865394,-1.200000000000001,4.4,229
2026-05-19 00:00:00,28.25228198416666,10.2,4.0,108,0.0,97,0.0,0.0,91,0,1,5,139,0,0,0,0.9510565162951536,-0.30901699437494734,-0.9000000000000004,4.800000000000001,230
2026-05-19 01:00:00,28.700488246666666,9.9,0.7,166,0.0,96,0.0,0.0,85,1,1,5,139,0,0,0,0.24192189559966773,-0.9702957262759965,-0.5999999999999996,5.1,230
2026-05-19 02:00:00,28.870409768333328,10.1,3.8,191,0.0,97,0.0,0.0,100,2,1,5,139,0,0,0,-0.19080899537654472,-0.981627183447664,-0.5,4.9,230
2026-05-19 03:00:00,30.465996495833327,10.4,0.8,153,0.0,94,0.0,0.0,100,3,1,5,139,0,0,0,0.45399049973954686,-0.8910065241883678,0.20000000000000107,4.6,230
2026-05-19 04:00:00,32.989947600833325,10.2,1.8,114,0.0,94,0.0,0.0,89,4,1,5,139,0,0,0,0.9135454576426009,-0.40673664307580026,0.29999999999999893,4.800000000000001,230
2026-05-19 05:00:00,36.26411312083332,9.5,5.1,153,0.0,96,0.0,0.0,100,5,1,5,139,0,0,0,0.45399049973954686,-0.8910065241883678,-0.5999999999999996,5.5,230
2026-05-19 06:00:00,36.390043218333325,9.6,7.3,203,5.0,96,0.0,0.0,99,6,1,5,139,0,0,0,-0.39073112848927355,-0.9205048534524404,-0.8000000000000007,5.4,230
2026-05-19 07:00:00,34.51267885833332,9.9,5.8,244,32.0,99,0.0,0.0,25,7,1,5,139,0,0,0,-0.8987940462991668,-0.43837114678907774,-0.29999999999999893,5.1,230
2026-05-19 08:00:00,31.439214533333324,11.1,6.5,267,206.0,94,0.0,0.0,39,8,1,5,139,0,0,0,-0.9986295347545738,-0.052335956242944306,1.5999999999999996,3.9000000000000004,230
2026-05-19 09:00:00,30.46542568833333,12.1,5.8,263,296.0,88,0.0,0.0,47,9,1,5,139,0,0,0,-0.9925461516413221,-0.12186934340514717,2.5,2.9000000000000004,230
2026-05-19 10:00:00,28.96215357166666,12.9,4.5,256,380.0,77,0.0,0.0,26,10,1,5,139,0,0,0,-0.9702957262759965,-0.24192189559966779,3.0,2.0999999999999996,230
2026-05-19 11:00:00,27.41312171666666,14.1,4.0,231,576.0,66,0.0,0.0,30,11,1,5,139,0,0,0,-0.7771459614569706,-0.6293203910498378,3.0,0.9000000000000004,230
2026-05-19 12:00:00,27.536212264166664,14.8,6.4,191,646.0,62,0.0,0.0,60,12,1,5,139,0,0,0,-0.19080899537654472,-0.981627183447664,2.700000000000001,0.1999999999999993,230
2026-05-19 13:00:00,26.447611214166663,14.6,9.0,186,549.0,70,0.0,0.0,58,13,1,5,139,0,0,0,-0.1045284632676535,-0.9945218953682733,1.6999999999999993,0.40000000000000036,230
2026-05-19 14:00:00,25.785589301666665,15.6,8.7,187,636.0,61,0.0,0.0,58,14,1,5,139,0,0,0,-0.12186934340514731,-0.9925461516413221,1.5,0.0,230
2026-05-19 15:00:00,26.211762789166663,15.9,7.9,191,602.0,62,0.0,0.0,35,15,1,5,139,0,0,0,-0.19080899537654472,-0.981627183447664,1.0999999999999996,0.0,230
2026-05-19 16:00:00,26.358830519166663,16.0,8.1,185,563.0,61,0.0,0.0,45,16,1,5,139,0,0,0,-0.08715574274765794,-0.9961946980917455,1.4000000000000004,0.0,230
2026-05-19 17:00:00,27.159076806666665,16.6,7.1,170,552.0,56,0.0,0.0,39,17,1,5,139,0,0,0,0.17364817766693028,-0.984807753012208,1.0000000000000018,0.0,230
2026-05-19 18:00:00,29.03578343416666,16.0,8.3,160,424.0,60,0.0,0.0,84,18,1,5,139,0,0,0,0.3420201433256689,-0.9396926207859083,0.09999999999999964,0.0,230
2026-05-19 19:00:00,29.686417986666655,15.1,11.2,132,294.0,70,0.0,0.0,70,19,1,5,139,0,0,0,0.7431448254773942,-0.6691306063588582,-0.9000000000000004,0.0,230
2026-05-19 20:00:00,29.137177131666657,14.1,9.2,125,149.0,84,0.0,0.0,55,20,1,5,139,0,0,0,0.8191520442889917,-0.5735764363510462,-2.5000000000000018,0.9000000000000004,230
2026-05-19 21:00:00,26.76175119916666,13.2,10.2,131,55.0,85,0.0,0.0,55,21,1,5,139,0,0,0,0.7547095802227721,-0.6560590289905072,-2.8000000000000007,1.8000000000000007,230
2026-05-19 22:00:00,25.385728381666663,12.2,12.9,132,3.0,85,0.0,0.0,90,22,1,5,139,0,0,0,0.7431448254773942,-0.6691306063588582,-2.9000000000000004,2.8000000000000007,230
2026-05-19 23:00:00,24.73549078666666,12.2,12.1,138,0.0,86,0.0,0.0,69,23,1,5,139,0,0,0,0.6691306063588585,-0.743144825477394,-1.9000000000000004,2.8000000000000007,230
2026-05-20 00:00:00,24.385340116666654,12.0,12.5,148,0.0,85,0.0,0.0,95,0,2,5,140,0,0,0,0.529919264233205,-0.848048096156426,-1.1999999999999993,3.0,231
2026-05-20 01:00:00,24.571098534166666,11.9,12.7,157,0.0,84,0.0,0.0,98,1,2,5,140,0,0,0,0.39073112848927377,-0.9205048534524404,-0.29999999999999893,3.0999999999999996,231
2026-05-20 02:00:00,25.289790676666662,11.6,11.5,148,0.0,85,0.0,0.0,100,2,2,5,140,0,0,0,0.529919264233205,-0.848048096156426,-0.5999999999999996,3.4000000000000004,231
2026-05-20 03:00:00,26.361377421666663,11.6,11.7,165,0.0,87,0.0,0.0,100,3,2,5,140,0,0,0,0.258819045102521,-0.9659258262890682,-0.40000000000000036,3.4000000000000004,231
2026-05-20 04:00:00,29.586437889166664,11.4,11.0,170,0.0,92,0.0,0.0,100,4,2,5,140,0,0,0,0.17364817766693028,-0.984807753012208,-0.5,3.5999999999999996,231
2026-05-20 05:00:00,32.063981514166656,11.4,10.9,147,0.0,94,0.0,0.0,100,5,2,5,140,0,0,0,0.5446390350150273,-0.8386705679454239,-0.1999999999999993,3.5999999999999996,231
2026-05-20 06:00:00,33.042882388333325,11.4,12.1,143,5.0,94,0.0,0.0,100,6,2,5,140,0,0,0,0.6018150231520482,-0.7986355100472929,-0.1999999999999993,3.5999999999999996,231
2026-05-20 07:00:00,32.78807955249999,11.9,13.2,158,36.0,94,0.0,0.0,100,7,2,5,140,0,0,0,0.37460659341591224,-0.9271838545667873,0.5,3.0999999999999996,231
2026-05-20 08:00:00,30.397551854999993,13.1,13.0,170,105.0,91,0.0,0.0,100,8,2,5,140,0,0,0,0.17364817766693028,-0.984807753012208,1.6999999999999993,1.9000000000000004,231
2026-05-20 09:00:00,29.73647303916666,12.9,15.9,175,122.0,92,0.0,0.0,100,9,2,5,140,0,0,0,0.0871557427476582,-0.9961946980917455,1.5,2.0999999999999996,231
2026-05-20 10:00:00,29.58549658166666,13.9,15.0,196,192.0,87,0.0,0.0,100,10,2,5,140,0,0,0,-0.275637355816999,-0.9612616959383189,2.0,1.0999999999999996,231
2026-05-20 11:00:00,29.68545601666666,15.0,16.0,201,340.0,84,0.0,0.0,91,11,2,5,140,0,0,0,-0.35836794954530043,-0.9335804264972016,1.9000000000000004,0.0,231
2026-05-20 12:00:00,28.71085007666666,14.9,15.9,225,509.0,90,0.0,0.0,71,12,2,5,140,0,0,0,-0.7071067811865475,-0.7071067811865477,2.0,0.09999999999999964,231
2026-05-20 13:00:00,27.28568164166666,15.4,16.9,239,518.0,78,0.0,0.0,100,13,2,5,140,0,0,0,-0.8571673007021121,-0.5150380749100544,1.5,0.0,231
2026-05-20 14:00:00,26.18681578333333,14.1,9.1,207,231.0,91,0.0,0.0,100,14,2,5,140,0,0,0,-0.4539904997395467,-0.8910065241883679,-0.9000000000000004,0.9000000000000004,231
2026-05-20 15:00:00,26.088226026666664,13.6,9.0,213,377.0,88,0.0,0.0,100,15,2,5,140,0,0,0,-0.5446390350150271,-0.838670567945424,-1.3000000000000007,1.4000000000000004,231
2026-05-20 16:00:00,27.584827259166666,14.3,17.7,228,458.0,83,0.0,0.0,88,16,2,5,140,0,0,0,-0.7431448254773944,-0.6691306063588581,-1.0999999999999996,0.6999999999999993,231
2026-05-20 17:00:00,27.43585587166666,14.6,17.5,234,386.0,79,0.0,0.0,78,17,2,5,140,0,0,0,-0.8090169943749473,-0.5877852522924732,0.5,0.40000000000000036,231
2026-05-20 18:00:00,29.663049279166657,14.7,17.4,238,347.0,77,0.0,0.0,41,18,2,5,140,0,0,0,-0.848048096156426,-0.529919264233205,1.0999999999999996,0.3000000000000007,231
2026-05-20 19:00:00,29.689408206666663,14.0,19.0,243,294.0,79,0.0,0.0,19,19,2,5,140,0,0,0,-0.8910065241883678,-0.45399049973954697,-0.3000000000000007,1.0,231
2026-05-20 20:00:00,28.689096954999993,13.1,14.7,241,177.0,81,0.0,0.0,29,20,2,5,140,0,0,0,-0.874619707139396,-0.48480962024633684,-1.5,1.9000000000000004,231
2026-05-20 21:00:00,26.53867803666666,12.2,12.8,242,57.0,87,0.0,0.0,12,21,2,5,140,0,0,0,-0.882947592858927,-0.46947156278589075,-2.5,2.8000000000000007,231
2026-05-20 22:00:00,26.512576986666662,11.4,12.1,233,4.0,91,0.0,0.0,15,22,2,5,140,0,0,0,-0.7986355100472928,-0.6018150231520483,-2.5999999999999996,3.5999999999999996,231
2026-05-20 23:00:00,25.48761175666666,10.9,12.1,229,0.0,93,0.0,0.0,18,23,2,5,140,0,0,0,-0.754709580222772,-0.6560590289905073,-2.1999999999999993,4.1,231
2026-05-21 00:00:00,25.66304638166666,10.6,12.4,228,0.0,95,0.0,0.0,35,0,3,5,141,0,0,0,-0.7431448254773944,-0.6691306063588581,-1.5999999999999996,4.4,232
2026-05-21 01:00:00,25.35014923916666,10.5,12.2,226,0.0,95,0.0,0.0,96,1,3,5,141,0,0,0,-0.7193398003386512,-0.6946583704589973,-0.9000000000000004,4.5,232
2026-05-21 02:00:00,25.567378144166657,10.6,12.6,221,0.0,96,0.0,0.0,20,2,3,5,141,0,0,0,-0.656059028990507,-0.7547095802227721,-0.3000000000000007,4.4,232
2026-05-21 03:00:00,26.91242921416666,10.9,12.1,227,0.0,95,0.0,0.0,84,3,3,5,141,0,0,0,-0.7313537016191703,-0.6819983600624986,0.3000000000000007,4.1,232
2026-05-21 04:00:00,29.31408910166666,11.2,11.5,229,0.0,95,0.0,0.0,91,4,3,5,141,0,0,0,-0.754709580222772,-0.6560590289905073,0.6999999999999993,3.8000000000000007,232
2026-05-21 05:00:00,32.26417686583333,11.3,11.1,228,0.0,96,0.0,0.0,90,5,3,5,141,0,0,0,-0.7431448254773944,-0.6691306063588581,0.7000000000000011,3.6999999999999993,232
2026-05-21 06:00:00,31.56238247416666,11.4,11.2,229,13.0,96,0.0,0.0,73,6,3,5,141,0,0,0,-0.754709580222772,-0.6560590289905073,0.5,3.5999999999999996,232
2026-05-21 07:00:00,29.18698299916666,12.1,9.4,223,98.0,95,0.0,0.0,74,7,3,5,141,0,0,0,-0.6819983600624984,-0.7313537016191706,0.9000000000000004,2.9000000000000004,232
2026-05-21 08:00:00,26.209957646666663,13.7,10.3,227,234.0,89,0.0,0.0,31,8,3,5,141,0,0,0,-0.7313537016191703,-0.6819983600624986,2.3999999999999986,1.3000000000000007,232
2026-05-21 09:00:00,25.11000014333333,14.9,15.0,238,385.0,82,0.0,0.0,68,9,3,5,141,0,0,0,-0.848048096156426,-0.529919264233205,3.5,0.09999999999999964,232
